S_INFO_WINDCODE,TRADE_DT,S_DQ_PRECLOSE,S_DQ_OPEN,S_DQ_HIGH,S_DQ_LOW,S_DQ_CLOSE,S_DQ_CHANGE,S_DQ_PCTCHANGE,S_DQ_VOLUME,S_DQ_AMOUNT,S_DQ_ADJPRECLOSE,S_DQ_ADJOPEN,S_DQ_ADJHIGH,S_DQ_ADJLOW,S_DQ_ADJCLOSE,S_DQ_ADJFACTOR,S_DQ_AVGPRICE,S_DQ_TRADESTATUSCODE,S_DQ_LIMIT,S_DQ_STOPPING,S_DQ_ADJCLOSE_BACKWARD,OPMODE
000014.SZ,20180102,10.78,10.78,11.05,10.75,10.92,0.14,1.2987,32410.71,35415.122,57.97,57.97,59.42,57.81,58.72,5.377429,10.927,-1,11.86,9.7,8.86,1
000014.SZ,20180103,10.92,10.95,11.04,10.84,10.97,0.05,0.4579,35417.93,38758.554,58.72,58.88,59.37,58.29,58.99,5.377429,10.9432,-1,12.01,9.83,8.9,1
000014.SZ,20180104,10.97,10.98,11.12,10.88,11.06,0.09,0.8204,34446,38001.773,58.99,59.04,59.8,58.51,59.47,5.377429,11.0323,-1,12.07,9.87,8.97,1
000014.SZ,20180105,11.06,11.09,12.17,11.06,12.17,1.11,10.0362,78715.15,92546.51,59.47,59.64,65.44,59.47,65.44,5.377429,11.7571,-1,12.17,9.95,9.87,1
000014.SZ,20180108,12.17,12.21,13.39,12.21,13.39,1.22,10.0247,297526.56,387001.626,65.44,65.66,72,65.66,72,5.377429,13.0073,-1,13.39,10.95,10.86,1
000014.SZ,20180109,13.39,13.35,13.5,12.88,12.94,-0.45,-3.3607,212348.4,278335.773,72,71.79,72.6,69.26,69.58,5.377429,13.1075,-1,14.73,12.05,10.5,1
000014.SZ,20180110,12.94,12.89,12.92,12.46,12.73,-0.21,-1.6229,141309.73,178493.993,69.58,69.32,69.48,67,68.45,5.377429,12.6314,-1,14.23,11.65,10.33,1
000014.SZ,20180111,12.73,12.55,12.69,12.3,12.51,-0.22,-1.7282,111990.36,139730.395,68.45,67.49,68.24,66.14,67.27,5.377429,12.477,-1,14,11.46,10.15,1
000014.SZ,20180112,12.51,12.42,13.76,12.33,13.76,1.25,9.992,263412.74,353890.328,67.27,66.79,73.99,66.3,73.99,5.377429,13.4348,-1,13.76,11.26,11.16,1
000014.SZ,20180115,13.76,13.9,14.43,13.4,13.82,0.06,0.436,238255.89,331529.594,73.99,74.75,77.6,72.06,74.32,5.377429,13.9149,-1,15.14,12.38,11.21,1
000014.SZ,20180116,13.82,13.02,14.99,13.02,14.62,0.8,5.7887,218026.55,304262.069,74.32,70.01,80.61,70.01,78.62,5.377429,13.9553,-1,15.2,12.44,11.86,1
000014.SZ,20180117,14.62,14.2,14.39,13.56,13.8,-0.82,-5.6088,145492.19,202811.897,78.62,76.36,77.38,72.92,74.21,5.377429,13.9397,-1,16.08,13.16,11.2,1
000014.SZ,20180118,13.8,13.81,14.01,13.6,13.9,0.1,0.7246,73373.71,101271.832,74.21,74.26,75.34,73.13,74.75,5.377429,13.8022,-1,15.18,12.42,11.28,1
000014.SZ,20180119,13.9,13.99,14.28,13.3,13.32,-0.58,-4.1727,93964.25,129040.449,74.75,75.23,76.79,71.52,71.63,5.377429,13.7329,-1,15.29,12.51,10.81,1
000014.SZ,20180122,13.32,13.02,13.2,12.77,13,-0.32,-2.4024,57361.4,74212.281,71.63,70.01,70.98,68.67,69.91,5.377429,12.9377,-1,14.65,11.99,10.55,1
000014.SZ,20180123,13,13,13.83,13,13.49,0.49,3.7692,91335.96,123012.077,69.91,69.91,74.37,69.91,72.54,5.377429,13.4681,-1,14.3,11.7,10.95,1
000014.SZ,20180124,13.49,13.17,13.45,13.16,13.26,-0.23,-1.705,56280.95,74607.115,72.54,70.82,72.33,70.77,71.3,5.377429,13.2562,-1,14.84,12.14,10.76,1
000014.SZ,20180125,13.26,13.02,13.02,12.5,12.61,-0.65,-4.902,93595.45,118887.353,71.3,70.01,70.01,67.22,67.81,5.377429,12.7023,-1,14.59,11.93,10.23,1
000014.SZ,20180126,12.61,12.66,13.44,12.5,12.85,0.24,1.9033,78353.21,101930.066,67.81,68.08,72.27,67.22,69.1,5.377429,13.009,-1,13.87,11.35,10.43,1
000014.SZ,20180129,12.85,12.6,13.15,12.51,12.61,-0.24,-1.8677,54546.12,69344.207,69.1,67.76,70.71,67.27,67.81,5.377429,12.7129,-1,14.14,11.57,10.23,1
000014.SZ,20180130,12.61,12.68,13.16,12.56,12.76,0.15,1.1895,48986.31,62878.4,67.81,68.19,70.77,67.54,68.62,5.377429,12.8359,-1,13.87,11.35,10.35,1
000014.SZ,20180131,12.76,12.61,12.88,11.6,12.15,-0.61,-4.7806,64206.55,78320.679,68.62,67.81,69.26,62.38,65.34,5.377429,12.1982,-1,14.04,11.48,9.86,1
000014.SZ,20180201,12.15,12,12.16,11.07,11.14,-1.01,-8.3128,62834.23,72526.094,65.34,64.53,65.39,59.53,59.9,5.377429,11.5424,-1,13.37,10.94,9.04,1
000014.SZ,20180202,11.14,10.99,11.3,10.3,10.81,-0.33,-2.9623,44710.25,48252.906,59.9,59.1,60.76,55.39,58.13,5.377429,10.7924,-1,12.25,10.03,8.77,1
000014.SZ,20180205,10.81,10.5,10.81,10.18,10.66,-0.15,-1.3876,28861.68,30620.262,58.13,56.46,58.13,54.74,57.32,5.377429,10.6093,-1,11.89,9.73,8.65,1
000014.SZ,20180206,10.66,10.37,10.64,9.59,9.61,-1.05,-9.8499,60948.94,61571.931,57.32,55.76,57.22,51.57,51.68,5.377429,10.1022,-1,11.73,9.59,7.8,1
000014.SZ,20180207,9.61,9.82,9.98,9.2,9.61,0,0,44092.88,42690.346,51.68,52.81,53.67,49.47,51.68,5.377429,9.6819,-1,10.57,8.65,7.8,1
000014.SZ,20180208,9.61,9.59,9.91,9.55,9.84,0.23,2.3933,23288.78,22792.665,51.68,51.57,53.29,51.35,52.91,5.377429,9.787,-1,10.57,8.65,7.98,1
000014.SZ,20180209,9.84,9.6,9.61,8.87,9.17,-0.67,-6.8089,34712.81,32093.7,52.91,51.62,51.68,47.7,49.31,5.377429,9.2455,-1,10.82,8.86,7.44,1
000014.SZ,20180212,9.17,9.23,10.09,9.23,10.09,0.92,10.0327,24037.9,23423.171,49.31,49.63,54.26,49.63,54.26,5.377429,9.7443,-1,10.09,8.25,8.19,1
000014.SZ,20180213,10.09,10.64,10.64,10.01,10.03,-0.06,-0.5946,49269.66,50508.115,54.26,57.22,57.22,53.83,53.94,5.377429,10.2514,-1,11.1,9.08,8.14,1
000014.SZ,20180214,10.03,9.86,10.58,9.82,10.34,0.31,3.0907,38207.5,39236.62,53.94,53.02,56.89,52.81,55.6,5.377429,10.2694,-1,11.03,9.03,8.39,1
000014.SZ,20180222,10.34,10.42,10.98,10.26,10.72,0.38,3.675,39107.56,41283.123,55.6,56.03,59.04,55.17,57.65,5.377429,10.5563,-1,11.37,9.31,8.7,1
000014.SZ,20180223,10.72,10.61,10.97,10.58,10.64,-0.08,-0.7463,38111.61,40920.074,57.65,57.05,58.99,56.89,57.22,5.377429,10.7369,-1,11.79,9.65,8.63,1
000014.SZ,20180226,10.64,10.58,10.86,10.41,10.79,0.15,1.4098,41439.66,44074.243,57.22,56.89,58.4,55.98,58.02,5.377429,10.6358,-1,11.7,9.58,8.75,1
000014.SZ,20180227,10.79,10.79,10.79,10.42,10.48,-0.31,-2.873,37262.02,39200.406,58.02,58.02,58.02,56.03,56.36,5.377429,10.5202,-1,11.87,9.71,8.5,1
000014.SZ,20180228,10.48,10.39,10.67,10.27,10.61,0.13,1.2405,35729.04,37512.135,56.36,55.87,57.38,55.23,57.05,5.377429,10.4991,-1,11.53,9.43,8.61,1
000014.SZ,20180301,10.61,10.6,10.6,10.4,10.5,-0.11,-1.0368,29176.02,30601.17,57.05,57,57,55.93,56.46,5.377429,10.4885,-1,11.67,9.55,8.52,1
000014.SZ,20180302,10.5,10.59,11.23,10.43,10.99,0.49,4.6667,77217.75,84033.366,56.46,56.95,60.39,56.09,59.1,5.377429,10.8826,-1,11.55,9.45,8.92,1
000014.SZ,20180305,10.99,10.58,10.95,10.58,10.71,-0.28,-2.5478,42457.83,45504.751,59.1,56.89,58.88,56.89,57.59,5.377429,10.7176,-1,12.09,9.89,8.69,1
000014.SZ,20180306,10.71,10.63,11.49,10.57,11.16,0.45,4.2017,76454.38,84147.131,57.59,57.16,61.79,56.84,60.01,5.377429,11.0062,-1,11.78,9.64,9.05,1
000014.SZ,20180307,11.16,11,12.08,10.91,11.5,0.34,3.0466,112179.16,129425.905,60.01,59.15,64.96,58.67,61.84,5.377429,11.5374,-1,12.28,10.04,9.33,1
000014.SZ,20180308,11.5,11.5,11.58,11.21,11.42,-0.08,-0.6957,72290.49,82396.003,61.84,61.84,62.27,60.28,61.41,5.377429,11.3979,-1,12.65,10.35,9.27,1
000014.SZ,20180309,11.42,11.42,11.44,11.21,11.38,-0.04,-0.3503,50497.9,57097.591,61.41,61.41,61.52,60.28,61.2,5.377429,11.3069,-1,12.56,10.28,9.23,1
000014.SZ,20180312,11.38,11.4,11.5,11.23,11.42,0.04,0.3515,46122.39,52448.782,61.2,61.3,61.84,60.39,61.41,5.377429,11.3717,-1,12.52,10.24,9.27,1
000014.SZ,20180313,11.42,11.44,11.53,11.23,11.26,-0.16,-1.4011,35317.89,40169.176,61.41,61.52,62,60.39,60.55,5.377429,11.3736,-1,12.56,10.28,9.14,1
000014.SZ,20180314,11.26,11.18,11.3,10.81,11.07,-0.19,-1.6874,49121.52,54230.686,60.55,60.12,60.76,58.13,59.53,5.377429,11.0401,-1,12.39,10.13,8.98,1
000014.SZ,20180315,11.07,10.82,11.3,10.71,10.95,-0.12,-1.084,36088.77,39841.326,59.53,58.18,60.76,57.59,58.88,5.377429,11.0398,-1,12.18,9.96,8.88,1
000014.SZ,20180316,10.95,10.88,11.06,10.79,10.8,-0.15,-1.3699,33554.88,36656.461,58.88,58.51,59.47,58.02,58.08,5.377429,10.9243,-1,12.05,9.86,8.76,1
000014.SZ,20180319,10.8,10.75,10.79,10.5,10.62,-0.18,-1.6667,31869,33916.483,58.08,57.81,58.02,56.46,57.11,5.377429,10.6425,-1,11.88,9.72,8.62,1
000014.SZ,20180320,10.62,10.58,10.82,10.41,10.67,0.05,0.4708,41971.56,44668.995,57.11,56.89,58.18,55.98,57.38,5.377429,10.6427,-1,11.68,9.56,8.66,1
000014.SZ,20180321,10.67,10.64,11.07,10.59,10.67,0,0,62458.9,67998.243,57.38,57.22,59.53,56.95,57.38,5.377429,10.8869,-1,11.74,9.6,8.66,1
000014.SZ,20180322,10.67,10.65,11.35,10.6,11.05,0.38,3.5614,65835.7,72517.205,57.38,57.27,61.03,57,59.42,5.377429,11.0149,-1,11.74,9.6,8.97,1
000014.SZ,20180323,11.05,10.8,11.61,10.4,10.74,-0.31,-2.8054,107991.68,119325.607,59.42,58.08,62.43,55.93,57.75,5.377429,11.0495,-1,12.16,9.95,8.71,1
000014.SZ,20180326,10.74,10.35,10.7,9.85,10.67,-0.07,-0.6518,57954.29,59679.587,57.75,55.66,57.54,52.97,57.38,5.377429,10.2977,-1,11.81,9.67,8.66,1
000014.SZ,20180327,10.67,10.8,11.23,10.71,10.95,0.28,2.6242,57690.55,63070.872,57.38,58.08,60.39,57.59,58.88,5.377429,10.9326,-1,11.74,9.6,8.88,1
000014.SZ,20180328,10.95,10.72,10.97,10.61,10.76,-0.19,-1.7352,37551.03,40576.407,58.88,57.65,58.99,57.05,57.86,5.377429,10.8057,-1,12.05,9.86,8.73,1
000014.SZ,20180329,10.76,10.78,11.84,10.78,11.84,1.08,10.0372,89532.59,102752.166,57.86,57.97,63.67,57.97,63.67,5.377429,11.4765,-1,11.84,9.68,9.61,1
000014.SZ,20180330,11.84,12.55,13.02,12.25,12.3,0.46,3.8851,266551.36,337603.465,63.67,67.49,70.01,65.87,66.14,5.377429,12.6656,-1,13.02,10.66,9.98,1
000014.SZ,20180402,12.3,11.92,13.36,11.92,12.66,0.36,2.9268,219202.35,275131.425,66.14,64.1,71.84,64.1,68.08,5.377429,12.5515,-1,13.53,11.07,10.27,1
000014.SZ,20180403,12.66,12.1,12.49,12.03,12.2,-0.46,-3.6335,139918.76,170417.194,68.08,65.07,67.16,64.69,65.6,5.377429,12.1797,-1,13.93,11.39,9.9,1
000014.SZ,20180404,12.2,12.13,12.27,11.7,11.8,-0.4,-3.2787,96776.43,115424.041,65.6,65.23,65.98,62.92,63.45,5.377429,11.9269,-1,13.42,10.98,9.57,1
000014.SZ,20180409,11.8,11.6,12.37,11.51,12.02,0.22,1.8644,91838.42,109317.434,63.45,62.38,66.52,61.89,64.64,5.377429,11.9032,-1,12.98,10.62,9.75,1
000014.SZ,20180410,12.02,11.94,12.33,11.9,12,-0.02,-0.1664,85011.5,102868.609,64.64,64.21,66.3,63.99,64.53,5.377429,12.1006,-1,13.22,10.82,9.74,1
000014.SZ,20180411,12,11.99,12.35,11.82,12.05,0.05,0.4167,83219.25,100462.313,64.53,64.48,66.41,63.56,64.8,5.377429,12.072,-1,13.2,10.8,9.78,1
000014.SZ,20180412,12.05,11.98,12.05,11.51,11.55,-0.5,-4.1494,66867.22,78505.02,64.8,64.42,64.8,61.89,62.11,5.377429,11.7404,-1,13.26,10.85,9.37,1
000014.SZ,20180413,11.55,11.76,11.8,11.4,11.49,-0.06,-0.5195,41912.85,48529.25,62.11,63.24,63.45,61.3,61.79,5.377429,11.5786,-1,12.71,10.4,9.32,1
000014.SZ,20180416,11.49,11.51,11.71,11.02,11.26,-0.23,-2.0017,48640.14,55564.661,61.79,61.89,62.97,59.26,60.55,5.377429,11.4236,-1,12.64,10.34,9.14,1
000014.SZ,20180417,11.26,11.38,11.44,10.82,10.82,-0.44,-3.9076,42147,46963.327,60.55,61.2,61.52,58.18,58.18,5.377429,11.1427,-1,12.39,10.13,8.78,1
000014.SZ,20180418,10.82,10.99,11.03,10.43,10.73,-0.09,-0.8318,57171,61186.795,58.18,59.1,59.31,56.09,57.7,5.377429,10.7024,-1,11.9,9.74,8.71,1
000014.SZ,20180419,10.73,10.68,10.8,10.58,10.65,-0.08,-0.7456,37954.4,40596.677,57.7,57.43,58.08,56.89,57.27,5.377429,10.6962,-1,11.8,9.66,8.64,1
000014.SZ,20180420,10.65,10.67,10.89,10.5,10.55,-0.1,-0.939,49219.4,52713.457,57.27,57.38,58.56,56.46,56.73,5.377429,10.7099,-1,11.72,9.59,8.56,1
000014.SZ,20180423,10.55,10.2,10.53,10.13,10.3,-0.25,-2.3697,36870.68,37935.528,56.73,54.85,56.62,54.47,55.39,5.377429,10.2888,-1,11.61,9.5,8.36,1
000014.SZ,20180424,10.3,10.37,10.88,10.26,10.86,0.56,5.4369,61257,65487.969,55.39,55.76,58.51,55.17,58.4,5.377429,10.6907,-1,11.33,9.27,8.81,1
000014.SZ,20180425,10.86,10.7,10.77,10.59,10.7,-0.16,-1.4733,35273,37628.4,58.4,57.54,57.91,56.95,57.54,5.377429,10.6678,-1,11.95,9.77,8.68,1
000014.SZ,20180426,10.7,10.7,10.77,10.29,10.3,-0.4,-3.7383,31852,33279.955,57.54,57.54,57.91,55.33,55.39,5.377429,10.4483,-1,11.77,9.63,8.36,1
000014.SZ,20180427,10.3,10.3,10.46,10.23,10.41,0.11,1.068,19280,19950.267,55.39,55.39,56.25,55.01,55.98,5.377429,10.3476,-1,11.33,9.27,8.45,1
000014.SZ,20180502,10.41,10.41,11.03,10.39,10.69,0.28,2.6897,42824.67,45944.047,55.98,55.98,59.31,55.87,57.48,5.377429,10.7284,-1,11.45,9.37,8.67,1
000014.SZ,20180503,10.69,11,11.76,10.8,11.76,1.07,10.0094,177663.27,204467.157,57.48,59.15,63.24,58.08,63.24,5.377429,11.5087,-1,11.76,9.62,9.54,1
000014.SZ,20180504,11.76,12.35,12.94,12.13,12.94,1.18,10.034,175376.37,221977.666,63.24,66.41,69.58,65.23,69.58,5.377429,12.6572,-1,12.94,10.58,10.5,1
000014.SZ,20180507,12.94,13.7,14.23,13.61,14.23,1.29,9.9691,479527.98,677151.328,69.58,73.67,76.52,73.19,76.52,5.377429,14.1212,-1,14.23,11.65,11.55,1
000014.SZ,20180508,14.23,13.9,15.65,13.65,15.65,1.42,9.9789,419471.08,609652.007,76.52,74.75,84.16,73.4,84.16,5.377429,14.5338,-1,15.65,12.81,12.7,1
000014.SZ,20180509,15.65,16.7,16.82,14.09,15.55,-0.1,-0.639,599802.42,921399.203,84.16,89.8,90.45,75.77,83.62,5.377429,15.3617,-1,17.22,14.09,12.62,1
000014.SZ,20180510,15.55,15,17.11,14.77,17.11,1.56,10.0322,682662.35,1119303.302,83.62,80.66,92.01,79.42,92.01,5.377429,16.3961,-1,17.11,14,13.88,1
000014.SZ,20180511,17.11,16.19,16.6,15.4,15.4,-1.71,-9.9942,522584.18,828436.973,92.01,87.06,89.27,82.81,82.81,5.377429,15.8527,-1,18.82,15.4,12.49,1
000014.SZ,20180514,15.4,14.54,14.87,13.91,14.25,-1.15,-7.4675,338783.06,486497.489,82.81,78.19,79.96,74.8,76.63,5.377429,14.3601,-1,16.94,13.86,11.56,1
000014.SZ,20180515,14.25,14.35,14.67,14.01,14.41,0.16,1.1228,283473,406751.662,76.63,77.17,78.89,75.34,77.49,5.377429,14.3489,-1,15.68,12.83,11.69,1
000014.SZ,20180516,14.41,14.01,14.79,13.88,14.1,-0.31,-2.1513,279969.67,399007.286,77.49,75.34,79.53,74.64,75.82,5.377429,14.2518,-1,15.85,12.97,11.44,1
000014.SZ,20180517,14.1,14.12,14.88,13.88,14.37,0.27,1.9149,339331.74,491774.727,75.82,75.93,80.02,74.64,77.27,5.377429,14.4924,-1,15.51,12.69,11.66,1
000014.SZ,20180518,14.37,14.19,14.38,13.9,14.21,-0.16,-1.1134,195119.07,275388.722,77.27,76.31,77.33,74.75,76.41,5.377429,14.1139,-1,15.81,12.93,11.53,1
000014.SZ,20180521,14.21,14.26,14.55,14.08,14.47,0.26,1.8297,222498.48,319019.846,76.41,76.68,78.24,75.71,77.81,5.377429,14.3381,-1,15.63,12.79,11.74,1
000014.SZ,20180522,14.47,14.35,14.43,14.03,14.3,-0.17,-1.1748,198922.87,282080.41,77.81,77.17,77.6,75.45,76.9,5.377429,14.1804,-1,15.92,13.02,11.6,1
000014.SZ,20180523,14.3,14,14.6,13.95,14.22,-0.08,-0.5594,194373.51,277377.324,76.9,75.28,78.51,75.02,76.47,5.377429,14.2703,-1,15.73,12.87,11.54,1
000014.SZ,20180524,14.22,14.04,14.36,14.04,14.31,0.09,0.6329,143897.54,204518.846,76.47,75.5,77.22,75.5,76.95,5.377429,14.2128,-1,15.64,12.8,11.61,1
000014.SZ,20180525,14.31,14.52,15.74,14.4,15.74,1.43,9.993,489918.29,748515.249,76.95,78.08,84.64,77.43,84.64,5.377429,15.2784,-1,15.74,12.88,12.77,1
000014.SZ,20180528,15.74,15.2,15.8,14.6,14.63,-1.11,-7.0521,328239.27,496600.306,84.64,81.74,84.96,78.51,78.67,5.377429,15.1292,-1,17.31,14.17,11.87,1
000014.SZ,20180529,14.63,13.98,14.13,13.17,13.19,-1.44,-9.8428,315580.35,427545.243,78.67,75.18,75.98,70.82,70.93,5.377429,13.5479,-1,16.09,13.17,10.7,1
000014.SZ,20180530,13.19,12.62,13.45,12.62,12.98,-0.21,-1.5921,181593.16,236500.855,70.93,67.86,72.33,67.86,69.8,5.377429,13.0237,-1,14.51,11.87,10.53,1
000014.SZ,20180531,12.98,13.29,13.58,12.81,13.23,0.25,1.926,160495.59,212313.466,69.8,71.47,73.03,68.88,71.14,5.377429,13.2286,-1,14.28,11.68,10.73,1
000014.SZ,20180601,13.23,12.98,13.37,12.43,12.73,-0.5,-3.7793,147824.84,190779.016,71.14,69.8,71.9,66.84,68.45,5.377429,12.9057,-1,14.55,11.91,10.33,1
000014.SZ,20180604,12.73,12.81,12.96,12.26,12.68,-0.05,-0.3928,118505.23,149502.782,68.45,68.88,69.69,65.93,68.19,5.377429,12.6157,-1,14,11.46,10.29,1
000014.SZ,20180605,12.68,12.68,13.73,12.6,13.44,0.76,5.9937,194837.98,258329.668,68.19,68.19,73.83,67.76,72.27,5.377429,13.2587,-1,13.95,11.41,10.9,1
000014.SZ,20180606,13.44,13.37,13.6,13.05,13.13,-0.31,-2.3065,130152.01,172634.996,72.27,71.9,73.13,70.18,70.61,5.377429,13.2641,-1,14.78,12.1,10.65,1
000014.SZ,20180607,13.13,13.03,13.38,13.02,13.26,0.13,0.9901,120343.91,159256.466,70.61,70.07,71.95,70.01,71.3,5.377429,13.2334,-1,14.44,11.82,10.76,1
000014.SZ,20180608,13.26,13.12,13.45,12.8,13.33,0.07,0.5279,140303.3,185228.096,71.3,70.55,72.33,68.83,71.68,5.377429,13.202,-1,14.59,11.93,10.82,1
000014.SZ,20180611,13.33,13.43,14.5,13.35,13.82,0.49,3.6759,226291.83,316178.273,71.68,72.22,77.97,71.79,74.32,5.377429,13.9721,-1,14.66,12,11.21,1
000014.SZ,20180612,13.82,13.68,13.94,13.13,13.62,-0.2,-1.4472,148584.02,201804.844,74.32,73.56,74.96,70.61,73.24,5.377429,13.5819,-1,15.2,12.44,11.05,1
000014.SZ,20180613,13.62,13.46,14.29,13.3,13.57,-0.05,-0.3671,181272.99,250255.218,73.24,72.38,76.84,71.52,72.97,5.377429,13.8054,-1,14.98,12.26,11.01,1
000014.SZ,20180614,13.57,13.45,14.8,13.43,14.16,0.59,4.3478,283206.73,401422.351,72.97,72.33,79.59,72.22,76.14,5.377429,14.1742,-1,14.93,12.21,11.49,1
000014.SZ,20180615,14.16,13.88,15.5,13.6,15.08,0.92,6.4972,345783.62,499400.941,76.14,74.64,83.35,73.13,81.09,5.377429,14.4426,-1,15.58,12.74,12.24,1
000014.SZ,20180619,15.08,14.4,15,13.57,13.57,-1.51,-10.0133,254711.33,363288.325,81.09,77.43,80.66,72.97,72.97,5.377429,14.2627,-1,16.59,13.57,11.01,1
000014.SZ,20180620,13.57,13.4,14.65,13.4,14.48,0.91,6.706,276730.78,393060.584,72.97,72.06,78.78,72.06,77.87,5.377429,14.2037,-1,14.93,12.21,11.75,1
000014.SZ,20180621,14.48,14.19,15.3,14.05,14.73,0.25,1.7265,320321.04,468779.685,77.87,76.31,82.27,75.55,79.21,5.377429,14.6347,-1,15.93,13.03,11.95,1
000014.SZ,20180622,14.72,14.41,15.35,14.06,15.2,0.48,3.2609,311841.75,467360.517,79.21,77.54,82.6,75.66,81.79,5.381082,14.9871,2,16.19,13.25,12.34,1
000014.SZ,20180625,15.2,15.52,15.68,14.52,14.6,-0.6,-3.9474,278058.72,419939.001,81.79,83.51,84.38,78.13,78.56,5.381082,15.1025,-1,16.72,13.68,11.85,1
000014.SZ,20180626,14.6,13.45,14.3,13.4,14.17,-0.43,-2.9452,241004.34,333549.81,78.56,72.38,76.95,72.11,76.25,5.381082,13.84,-1,16.06,13.14,11.5,1
000014.SZ,20180627,14.17,14.39,15.55,14.22,15.1,0.93,6.5632,308360.95,461766.99,76.25,77.43,83.68,76.52,81.25,5.381082,14.9749,-1,15.59,12.75,12.26,1
000014.SZ,20180628,15.1,14.9,15.49,14.53,15.11,0.01,0.0662,254383.26,381337.251,81.25,80.18,83.35,78.19,81.31,5.381082,14.9907,-1,16.61,13.59,12.27,1
000014.SZ,20180629,15.11,14.8,15.45,14.71,15.33,0.22,1.456,234709.45,355051.616,81.31,79.64,83.14,79.16,82.49,5.381082,15.1273,-1,16.62,13.6,12.45,1
000014.SZ,20180702,15.33,14.85,14.96,14.21,14.5,-0.83,-5.4142,201625.24,294260.768,82.49,79.91,80.5,76.47,78.03,5.381082,14.5944,-1,16.86,13.8,11.77,1
000014.SZ,20180703,14.5,14.52,14.59,13.48,14.07,-0.43,-2.9655,201176.18,280200.543,78.03,78.13,78.51,72.54,75.71,5.381082,13.9281,-1,15.95,13.05,11.42,1
000014.SZ,20180704,14.07,13.85,14.7,13.71,14.53,0.46,3.2694,216459.87,310110.7,75.71,74.53,79.1,73.77,78.19,5.381082,14.3265,-1,15.48,12.66,11.8,1
000014.SZ,20180705,14.53,14.2,14.39,13.08,13.08,-1.45,-9.9794,198985.04,271799.701,78.19,76.41,77.43,70.38,70.38,5.381082,13.6593,-1,15.98,13.08,10.62,1
000014.SZ,20180706,13.08,12.81,13.24,12,12.83,-0.25,-1.9113,152747.48,195131.14,70.38,68.93,71.25,64.57,69.04,5.381082,12.7748,-1,14.39,11.77,10.42,1
000014.SZ,20180709,12.83,12.65,13.2,12.65,13.05,0.22,1.7147,93820.03,122053.326,69.04,68.07,71.03,68.07,70.22,5.381082,13.0093,-1,14.11,11.55,10.6,1
000014.SZ,20180710,13.05,13.15,13.27,12.93,13.2,0.15,1.1494,105246.49,138095.382,70.22,70.76,71.41,69.58,71.03,5.381082,13.1211,-1,14.36,11.75,10.72,1
000014.SZ,20180711,13.2,12.76,12.77,12,12.4,-0.8,-6.0606,139491.03,172976.02,71.03,68.66,68.72,64.57,66.73,5.381082,12.4005,-1,14.52,11.88,10.07,1
000014.SZ,20180712,12.4,12.31,12.76,12.3,12.6,0.2,1.6129,102256.01,128908.976,66.73,66.24,68.66,66.19,67.8,5.381082,12.6065,-1,13.64,11.16,10.23,1
000014.SZ,20180713,12.6,12.67,13.15,12.67,12.76,0.16,1.2698,112943.17,145660.613,67.8,68.18,70.76,68.18,68.66,5.381082,12.8968,-1,13.86,11.34,10.36,1
000014.SZ,20180716,12.76,12.76,13.2,12.33,13.02,0.26,2.0376,121995.48,155780.45,68.66,68.66,71.03,66.35,70.06,5.381082,12.7694,-1,14.04,11.48,10.57,1
000014.SZ,20180717,13.02,12.88,13.01,12.63,12.81,-0.21,-1.6129,79151.31,101465.458,70.06,69.31,70.01,67.96,68.93,5.381082,12.8192,-1,14.32,11.72,10.4,1
000014.SZ,20180718,12.81,12.63,12.96,12.63,12.76,-0.05,-0.3903,66631.32,85304.125,68.93,67.96,69.74,67.96,68.66,5.381082,12.8024,-1,14.09,11.53,10.36,1
000014.SZ,20180719,12.76,12.64,12.89,12.42,12.53,-0.23,-1.8025,60386.51,76142.385,68.66,68.02,69.36,66.83,67.42,5.381082,12.6092,-1,14.04,11.48,10.17,1
000014.SZ,20180720,12.53,12.5,12.7,12.19,12.66,0.13,1.0375,70949.53,88203.441,67.42,67.26,68.34,65.6,68.12,5.381082,12.4319,-1,13.78,11.28,10.28,1
000014.SZ,20180723,12.66,12.59,12.76,12.41,12.73,0.07,0.5529,74072.5,93305.111,68.12,67.75,68.66,66.78,68.5,5.381082,12.5965,-1,13.93,11.39,10.34,1
000014.SZ,20180724,12.73,12.76,13.13,12.65,13.05,0.32,2.5137,133598.03,173463.757,68.5,68.66,70.65,68.07,70.22,5.381082,12.984,-1,14,11.46,10.6,1
000014.SZ,20180725,13.05,13.05,13.35,12.68,12.94,-0.11,-0.8429,110235.92,143123.876,70.22,70.22,71.84,68.23,69.63,5.381082,12.9834,-1,14.36,11.75,10.51,1
000014.SZ,20180726,12.94,12.9,13.11,12.78,12.89,-0.05,-0.3864,83130.9,107677.755,69.63,69.42,70.55,68.77,69.36,5.381082,12.9528,-1,14.23,11.65,10.47,1
000014.SZ,20180727,12.89,12.8,13.78,12.79,13.44,0.55,4.2669,194900.53,259687.018,69.36,68.88,74.15,68.82,72.32,5.381082,13.3241,-1,14.18,11.6,10.91,1
000014.SZ,20180730,13.44,13.27,14,13.1,13.44,0,0,193566.58,261671.674,72.32,71.41,75.34,70.49,72.32,5.381082,13.5184,-1,14.78,12.1,10.91,1
000014.SZ,20180731,13.44,13.2,13.41,12.99,13.1,-0.34,-2.5298,96768.19,127617.786,72.32,71.03,72.16,69.9,70.49,5.381082,13.188,-1,14.78,12.1,10.64,1
000014.SZ,20180801,13.1,12.85,12.9,12.05,12.22,-0.88,-6.7176,151116.07,187271.938,70.49,69.15,69.42,64.84,65.76,5.381082,12.3926,-1,14.41,11.79,9.92,1
000014.SZ,20180802,12.22,12.06,12.13,11,11.02,-1.2,-9.82,135957.95,153181.157,65.76,64.9,65.27,59.19,59.3,5.381082,11.2668,-1,13.44,11,8.95,1
000014.SZ,20180803,11.02,11.05,11.33,10.8,11,-0.02,-0.1815,66701.06,74222.77,59.3,59.46,60.97,58.12,59.19,5.381082,11.1277,-1,12.12,9.92,8.93,1
000014.SZ,20180806,11,11.01,11.01,10.14,10.32,-0.68,-6.1818,76009.1,79783.438,59.19,59.25,59.25,54.56,55.53,5.381082,10.4966,-1,12.1,9.9,8.38,1
000014.SZ,20180807,10.32,10.35,10.59,10.1,10.58,0.26,2.5194,61297.35,63922.604,55.53,55.69,56.99,54.35,56.93,5.381082,10.4283,-1,11.35,9.29,8.59,1
000014.SZ,20180808,10.58,10.51,10.6,10.11,10.14,-0.44,-4.1588,57497.3,59580.328,56.93,56.56,57.04,54.4,54.56,5.381082,10.3623,-1,11.64,9.52,8.23,1
000014.SZ,20180809,10.14,10.08,10.54,10.08,10.46,0.32,3.1558,64428.24,67213.731,54.56,54.24,56.72,54.24,56.29,5.381082,10.4323,-1,11.15,9.13,8.49,1
000014.SZ,20180810,10.46,10.44,11.51,10.41,11.24,0.78,7.457,173339.17,195020.423,56.29,56.18,61.94,56.02,60.48,5.381082,11.2508,-1,11.51,9.41,9.13,1
000014.SZ,20180813,11.24,10.7,11.08,10.56,11.01,-0.23,-2.0463,128351.47,138360.415,60.48,57.58,59.62,56.82,59.25,5.381082,10.7798,-1,12.36,10.12,8.94,1
000014.SZ,20180814,11.01,10.9,11.66,10.9,11.36,0.35,3.1789,136441.44,154020.478,59.25,58.65,62.74,58.65,61.13,5.381082,11.2884,-1,12.11,9.91,9.22,1
000014.SZ,20180815,11.36,11.43,11.63,11.06,11.12,-0.24,-2.1127,93808.2,106052.949,61.13,61.51,62.58,59.51,59.84,5.381082,11.3053,-1,12.5,10.22,9.03,1
000014.SZ,20180816,11.12,10.95,11.18,10.54,10.82,-0.3,-2.6978,61576.02,66806.539,59.84,58.92,60.16,56.72,58.22,5.381082,10.8494,-1,12.23,10.01,8.78,1
000014.SZ,20180817,10.82,11.03,11.15,10.6,10.61,-0.21,-1.9409,58556.2,63859.493,58.22,59.35,60,57.04,57.09,5.381082,10.9057,-1,11.9,9.74,8.61,1
000014.SZ,20180820,10.61,10.55,10.9,10.52,10.78,0.17,1.6023,54978.14,58966.258,57.09,56.77,58.65,56.61,58.01,5.381082,10.7254,-1,11.67,9.55,8.75,1
000014.SZ,20180821,10.78,10.7,11.25,10.7,10.98,0.2,1.8553,75036.98,82675.874,58.01,57.58,60.54,57.58,59.08,5.381082,11.018,-1,11.86,9.7,8.91,1
000014.SZ,20180822,10.98,10.94,11.1,10.72,10.8,-0.18,-1.6393,55288,60279.084,59.08,58.87,59.73,57.69,58.12,5.381082,10.9027,-1,12.08,9.88,8.77,1
000014.SZ,20180823,10.8,10.85,10.98,10.63,10.85,0.05,0.463,50614.38,54686.722,58.12,58.38,59.08,57.2,58.38,5.381082,10.8046,-1,11.88,9.72,8.81,1
000014.SZ,20180824,10.85,10.77,11.16,10.62,10.86,0.01,0.0922,69130,75178.107,58.38,57.95,60.05,57.15,58.44,5.381082,10.8749,-1,11.94,9.77,8.82,1
000014.SZ,20180827,10.86,10.87,11.12,10.8,11.1,0.24,2.2099,89229.01,98080.342,58.44,58.49,59.84,58.12,59.73,5.381082,10.992,-1,11.95,9.77,9.01,1
000014.SZ,20180828,11.1,11.49,11.59,10.95,10.96,-0.14,-1.2613,127490.23,143293.429,59.73,61.83,62.37,58.92,58.98,5.381082,11.2396,-1,12.21,9.99,8.9,1
000014.SZ,20180829,10.96,10.7,10.75,10.52,10.55,-0.41,-3.7409,91253.78,97019.619,58.98,57.58,57.85,56.61,56.77,5.381082,10.6318,-1,12.06,9.86,8.57,1
000014.SZ,20180830,10.55,10.49,10.78,10.49,10.57,0.02,0.1896,49180.89,52190.691,56.77,56.45,58.01,56.45,56.88,5.381082,10.612,-1,11.61,9.5,8.58,1
000014.SZ,20180831,10.57,10.52,10.65,10.35,10.39,-0.18,-1.7029,40854,42842.463,56.88,56.61,57.31,55.69,55.91,5.381082,10.4867,-1,11.63,9.51,8.44,1
000014.SZ,20180903,10.39,10.3,10.41,10.22,10.38,-0.01,-0.0962,29543.47,30523.664,55.91,55.43,56.02,54.99,55.86,5.381082,10.3318,-1,11.43,9.35,8.43,1
000014.SZ,20180904,10.38,10.44,10.63,10.33,10.51,0.13,1.2524,38449,40240.112,55.86,56.18,57.2,55.59,56.56,5.381082,10.4658,-1,11.42,9.34,8.53,1
000014.SZ,20180905,10.51,10.42,10.54,10.24,10.25,-0.26,-2.4738,40483.7,41979.259,56.56,56.07,56.72,55.1,55.16,5.381082,10.3694,-1,11.56,9.46,8.32,1
000014.SZ,20180906,10.25,10.33,10.33,10.07,10.09,-0.16,-1.561,33487,34127.826,55.16,55.59,55.59,54.19,54.3,5.381082,10.1914,-1,11.28,9.23,8.19,1
000014.SZ,20180907,10.09,10.09,10.29,10,10.16,0.07,0.6938,41393,42092.347,54.3,54.3,55.37,53.81,54.67,5.381082,10.169,-1,11.1,9.08,8.25,1
000014.SZ,20180910,10.16,10.21,10.23,9.88,9.9,-0.26,-2.5591,37004,37176.82,54.67,54.94,55.05,53.17,53.27,5.381082,10.0467,-1,11.18,9.14,8.04,1
000014.SZ,20180911,9.9,9.8,10.06,9.8,9.96,0.06,0.6061,29336,29064.581,53.27,52.73,54.13,52.73,53.6,5.381082,9.9075,-1,10.89,8.91,8.09,1
000014.SZ,20180912,9.96,10.01,10.02,9.84,9.94,-0.02,-0.2008,24192,24047.002,53.6,53.86,53.92,52.95,53.49,5.381082,9.9401,-1,10.96,8.96,8.07,1
000014.SZ,20180913,9.94,10.05,10.11,9.94,10.07,0.13,1.3078,33261,33370.48,53.49,54.08,54.4,53.49,54.19,5.381082,10.0329,-1,10.93,8.95,8.18,1
000014.SZ,20180914,10.07,10.07,10.85,9.98,10.33,0.26,2.5819,97747.7,101654.899,54.19,54.19,58.38,53.7,55.59,5.381082,10.3997,-1,11.08,9.06,8.39,1
000014.SZ,20180917,10.33,10.26,10.8,10.13,10.6,0.27,2.6137,106555,112532.725,55.59,55.21,58.12,54.51,57.04,5.381082,10.561,-1,11.36,9.3,8.61,1
000014.SZ,20180918,10.6,10.5,10.88,10.4,10.85,0.25,2.3585,91031.56,97302.2,57.04,56.5,58.55,55.96,58.38,5.381082,10.6888,-1,11.66,9.54,8.81,1
000014.SZ,20180919,10.85,10.95,11.76,10.73,11.35,0.5,4.6083,178072.11,201987.052,58.38,58.92,63.28,57.74,61.08,5.381082,11.343,-1,11.94,9.77,9.22,1
000014.SZ,20180920,11.35,11.17,11.6,10.92,11.12,-0.23,-2.0264,174061.7,195258.228,61.08,60.11,62.42,58.76,59.84,5.381082,11.2178,-1,12.49,10.22,9.03,1
000014.SZ,20180921,11.12,11,11.24,10.68,11.09,-0.03,-0.2698,108473.31,118842.235,59.84,59.19,60.48,57.47,59.68,5.381082,10.9559,-1,12.23,10.01,9,1
000014.SZ,20180925,11.09,10.7,10.83,10.58,10.67,-0.42,-3.7872,77014,82140.592,59.68,57.58,58.28,56.93,57.42,5.381082,10.6657,-1,12.2,9.98,8.66,1
000014.SZ,20180926,10.67,10.69,10.75,10.52,10.57,-0.1,-0.9372,57862,61677.973,57.42,57.52,57.85,56.61,56.88,5.381082,10.6595,-1,11.74,9.6,8.58,1
000014.SZ,20180927,10.57,10.54,10.54,10.21,10.25,-0.32,-3.0274,53801,55729.211,56.88,56.72,56.72,54.94,55.16,5.381082,10.3584,-1,11.63,9.51,8.32,1
000014.SZ,20180928,10.25,10.33,10.77,10.28,10.6,0.35,3.4146,70966.77,75092.297,55.16,55.59,57.95,55.32,57.04,5.381082,10.5813,-1,11.28,9.23,8.61,1
000014.SZ,20181008,10.6,10.2,10.36,10.08,10.12,-0.48,-4.5283,49949.77,51007.382,57.04,54.89,55.75,54.24,54.46,5.381082,10.2117,-1,11.66,9.54,8.22,1
000014.SZ,20181009,10.12,10.2,10.26,10.04,10.24,0.12,1.1858,38242.01,38811.989,54.46,54.89,55.21,54.03,55.1,5.381082,10.149,-1,11.13,9.11,8.31,1
000014.SZ,20181010,10.24,10.18,10.28,10.05,10.26,0.02,0.1953,34715.02,35333.823,55.1,54.78,55.32,54.08,55.21,5.381082,10.1783,-1,11.26,9.22,8.33,1
000014.SZ,20181011,10.26,10.02,10.02,9.23,9.23,-1.03,-10.039,78842,75078.367,55.21,53.92,53.92,49.67,49.67,5.381082,9.5226,-1,11.29,9.23,7.49,1
000014.SZ,20181012,9.23,9,9.17,8.32,8.93,-0.3,-3.2503,68593.21,60258.644,49.67,48.43,49.34,44.77,48.05,5.381082,8.7849,-1,10.15,8.31,7.25,1
000014.SZ,20181015,8.93,9.13,9.3,8.9,8.93,0,0,36098.92,32780.534,48.05,49.13,50.04,47.89,48.05,5.381082,9.0808,-1,9.82,8.04,7.25,1
000014.SZ,20181016,8.93,8.73,9.06,8.62,8.72,-0.21,-2.3516,31600,28011.314,48.05,46.98,48.75,46.38,46.92,5.381082,8.8643,-1,9.82,8.04,7.08,1
000014.SZ,20181017,8.72,8.96,9.03,8.68,8.87,0.15,1.7202,28168,24879.323,46.92,48.21,48.59,46.71,47.73,5.381082,8.8325,-1,9.59,7.85,7.2,1
000014.SZ,20181018,8.87,8.91,9.34,8.76,8.99,0.12,1.3529,86678.93,78601.262,47.73,47.95,50.26,47.14,48.38,5.381082,9.0681,-1,9.76,7.98,7.3,1
000014.SZ,20181019,8.99,8.65,9.28,8.47,9.26,0.27,3.0033,72877.92,65461.312,48.38,46.55,49.94,45.58,49.83,5.381082,8.9823,-1,9.89,8.09,7.52,1
000014.SZ,20181022,9.26,9.48,9.93,9.21,9.74,0.48,5.1836,94453.77,90520.384,49.83,51.01,53.43,49.56,52.41,5.381082,9.5836,-1,10.19,8.33,7.91,1
000014.SZ,20181023,9.74,9.77,9.94,9.45,9.59,-0.15,-1.54,88920.9,86333.604,52.41,52.57,53.49,50.85,51.6,5.381082,9.709,-1,10.71,8.77,7.79,1
000014.SZ,20181024,9.59,9.45,9.66,9.26,9.49,-0.1,-1.0428,56785.52,53690.376,51.6,50.85,51.98,49.83,51.07,5.381082,9.4549,-1,10.55,8.63,7.7,1
000014.SZ,20181025,9.49,9.2,9.23,8.83,9.16,-0.33,-3.4773,76563,69046.605,51.07,49.51,49.67,47.51,49.29,5.381082,9.0183,-1,10.44,8.54,7.44,1
000014.SZ,20181026,9.16,9.15,9.68,9.11,9.28,0.12,1.31,79113.11,74175.77,49.29,49.24,52.09,49.02,49.94,5.381082,9.3759,-1,10.08,8.24,7.53,1
000014.SZ,20181029,9.28,9.2,9.2,8.93,8.96,-0.32,-3.4483,47138.51,42472.517,49.94,49.51,49.51,48.05,48.21,5.381082,9.0102,-1,10.21,8.35,7.27,1
000014.SZ,20181030,8.96,8.96,9.08,8.81,8.96,0,0,35605,31933.456,48.21,48.21,48.86,47.41,48.21,5.381082,8.9688,-1,9.86,8.06,7.27,1
000014.SZ,20181031,8.96,8.98,9.08,8.94,9.01,0.05,0.558,45517.02,41035.002,48.21,48.32,48.86,48.11,48.48,5.381082,9.0153,-1,9.86,8.06,7.32,1
000014.SZ,20181101,9.01,9.03,9.18,9.01,9.01,0,0,56228.04,50985.591,48.48,48.59,49.4,48.48,48.48,5.381082,9.0676,-1,9.91,8.11,7.32,1
000014.SZ,20181102,9.01,9.08,9.23,9.06,9.22,0.21,2.3307,67649.78,61811.931,48.48,48.86,49.67,48.75,49.61,5.381082,9.137,-1,9.91,8.11,7.49,1
000014.SZ,20181105,9.22,9.22,9.37,9.13,9.34,0.12,1.3015,75170.82,69489.157,49.61,49.61,50.42,49.13,50.26,5.381082,9.2442,-1,10.14,8.3,7.58,1
000014.SZ,20181106,9.34,9.29,9.42,9.13,9.4,0.06,0.6424,61522.03,56931.425,50.26,49.99,50.69,49.13,50.58,5.381082,9.2538,-1,10.27,8.41,7.63,1
000014.SZ,20181107,9.4,9.44,9.62,9.28,9.29,-0.11,-1.1702,72862.02,68582.663,50.58,50.8,51.77,49.94,49.99,5.381082,9.4127,-1,10.34,8.46,7.54,1
000014.SZ,20181108,9.29,9.35,9.45,9.24,9.3,0.01,0.1076,48395.79,45264.487,49.99,50.31,50.85,49.72,50.04,5.381082,9.353,-1,10.22,8.36,7.55,1
000014.SZ,20181109,9.3,9.23,9.32,9.14,9.25,-0.05,-0.5376,40477,37378.65,50.04,49.67,50.15,49.18,49.78,5.381082,9.2345,-1,10.23,8.37,7.51,1
000014.SZ,20181112,9.25,9.24,9.52,9.24,9.5,0.25,2.7027,58119.69,54572.544,49.78,49.72,51.23,49.72,51.12,5.381082,9.3897,-1,10.18,8.33,7.71,1
000014.SZ,20181113,9.5,9.41,9.94,9.36,9.73,0.23,2.4211,112890.6,109103.478,51.12,50.64,53.49,50.37,52.36,5.381082,9.6645,-1,10.45,8.55,7.9,1
000014.SZ,20181114,9.73,9.68,9.84,9.55,9.62,-0.11,-1.1305,93359.39,90542.224,52.36,52.09,52.95,51.39,51.77,5.381082,9.6982,-1,10.7,8.76,7.81,1
000014.SZ,20181115,9.62,9.64,10.18,9.55,9.95,0.33,3.4304,111117.54,108835.164,51.77,51.87,54.78,51.39,53.54,5.381082,9.7946,-1,10.58,8.66,8.08,1
000014.SZ,20181116,9.95,9.91,10.29,9.8,10.1,0.15,1.5075,131562.71,132351.785,53.54,53.33,55.37,52.73,54.35,5.381082,10.06,-1,10.95,8.96,8.2,1
000014.SZ,20181119,10.1,10.1,10.7,10.09,10.52,0.42,4.1584,150764.72,157387.29,54.35,54.35,57.58,54.3,56.61,5.381082,10.4393,-1,11.11,9.09,8.54,1
000014.SZ,20181120,10.52,10.33,10.45,9.87,9.88,-0.64,-6.0837,98687.01,100237.073,56.61,55.59,56.23,53.11,53.17,5.381082,10.1571,-1,11.57,9.47,8.02,1
000014.SZ,20181121,9.88,9.73,10.24,9.73,10.15,0.27,2.7328,80932.43,80980.656,53.17,52.36,55.1,52.36,54.62,5.381082,10.006,-1,10.87,8.89,8.24,1
000014.SZ,20181122,10.15,10.1,10.15,9.9,9.94,-0.21,-2.069,54425.87,54378.952,54.62,54.35,54.62,53.27,53.49,5.381082,9.9914,-1,11.17,9.14,8.07,1
000014.SZ,20181123,9.94,9.91,9.95,9.29,9.38,-0.56,-5.6338,67590.01,64629.352,53.49,53.33,53.54,49.99,50.47,5.381082,9.562,-1,10.93,8.95,7.62,1
000014.SZ,20181126,9.38,9.27,9.51,9.23,9.31,-0.07,-0.7463,39279,36828.707,50.47,49.88,51.17,49.67,50.1,5.381082,9.3762,-1,10.32,8.44,7.56,1
000014.SZ,20181127,9.31,9.39,9.46,9.15,9.28,-0.03,-0.3222,42842.89,39842.906,50.1,50.53,50.91,49.24,49.94,5.381082,9.2998,-1,10.24,8.38,7.53,1
000014.SZ,20181128,9.28,9.25,9.38,9.05,9.36,0.08,0.8621,40462.01,37342.792,49.94,49.78,50.47,48.7,50.37,5.381082,9.2291,-1,10.21,8.35,7.6,1
000014.SZ,20181129,9.36,9.41,9.51,9.07,9.11,-0.25,-2.6709,41812,38924.078,50.37,50.64,51.17,48.81,49.02,5.381082,9.3093,-1,10.3,8.42,7.4,1
000014.SZ,20181130,9.11,9.1,9.19,8.98,9.16,0.05,0.5488,36632.01,33303.006,49.02,48.97,49.45,48.32,49.29,5.381082,9.0912,-1,10.02,8.2,7.44,1
000014.SZ,20181203,9.16,9.38,9.8,9.27,9.63,0.47,5.131,90970.52,86855.667,49.29,50.47,52.73,49.88,51.82,5.381082,9.5477,-1,10.08,8.24,7.82,1
000014.SZ,20181204,9.63,9.63,9.77,9.5,9.7,0.07,0.7269,57592.88,55533.963,51.82,51.82,52.57,51.12,52.2,5.381082,9.6425,-1,10.59,8.67,7.88,1
000014.SZ,20181205,9.7,9.51,9.95,9.46,9.74,0.04,0.4124,71730.33,69999.22,52.2,51.17,53.54,50.91,52.41,5.381082,9.7587,-1,10.67,8.73,7.91,1
000014.SZ,20181206,9.74,9.5,10.13,9.5,9.9,0.16,1.6427,89889.51,88740.691,52.41,51.12,54.51,51.12,53.27,5.381082,9.8722,-1,10.71,8.77,8.04,1
000014.SZ,20181207,9.9,10,10.89,9.92,10.47,0.57,5.7576,269093.45,285208.777,53.27,53.81,58.6,53.38,56.34,5.381082,10.5989,-1,10.89,8.91,8.5,1
000014.SZ,20181210,10.47,10.23,10.47,9.99,10.1,-0.37,-3.5339,170332.02,173528.309,56.34,55.05,56.34,53.76,54.35,5.381082,10.1877,-1,11.52,9.42,8.2,1
000014.SZ,20181211,10.1,10.08,10.49,9.98,10.39,0.29,2.8713,171031.67,175486.302,54.35,54.24,56.45,53.7,55.91,5.381082,10.2605,-1,11.11,9.09,8.44,1
000014.SZ,20181212,10.39,10.27,10.58,10.12,10.32,-0.07,-0.6737,136844.67,141581.318,55.91,55.26,56.93,54.46,55.53,5.381082,10.3461,-1,11.43,9.35,8.38,1
000014.SZ,20181213,10.32,10.28,10.61,10.14,10.38,0.06,0.5814,123620.05,128583.739,55.53,55.32,57.09,54.56,55.86,5.381082,10.4015,-1,11.35,9.29,8.43,1
000014.SZ,20181214,10.38,10.3,10.48,10.1,10.2,-0.18,-1.7341,83222.57,85528.587,55.86,55.43,56.39,54.35,54.89,5.381082,10.2771,-1,11.42,9.34,8.28,1
000014.SZ,20181217,10.2,10.28,10.55,10.24,10.44,0.24,2.3529,106959.28,111200.261,54.89,55.32,56.77,55.1,56.18,5.381082,10.3965,-1,11.22,9.18,8.48,1
000014.SZ,20181218,10.44,10.24,10.34,9.6,9.98,-0.46,-4.4061,121830.56,121418.164,56.18,55.1,55.64,51.66,53.7,5.381082,9.9662,-1,11.48,9.4,8.1,1
000014.SZ,20181219,9.98,9.91,10.03,9.71,9.84,-0.14,-1.4028,64779,63957.499,53.7,53.33,53.97,52.25,52.95,5.381082,9.8732,-1,10.98,8.98,7.99,1
000014.SZ,20181220,9.84,9.91,9.98,9.67,9.88,0.04,0.4065,40926.97,40233.843,52.95,53.33,53.7,52.04,53.17,5.381082,9.8306,-1,10.82,8.86,8.02,1
000014.SZ,20181221,9.88,9.73,9.92,9.66,9.91,0.03,0.3036,42903.98,42075.76,53.17,52.36,53.38,51.98,53.33,5.381082,9.807,-1,10.87,8.89,8.05,1
000014.SZ,20181224,9.91,9.8,9.88,9.7,9.79,-0.12,-1.2109,42484.97,41533.293,53.33,52.73,53.17,52.2,52.68,5.381082,9.776,-1,10.9,8.92,7.95,1
000014.SZ,20181225,9.79,9.61,9.61,9.28,9.52,-0.27,-2.7579,46891,44363.05,52.68,51.71,51.71,49.94,51.23,5.381082,9.4609,-1,10.77,8.81,7.73,1
000014.SZ,20181226,9.52,9.5,9.58,9.45,9.52,0,0,24288.46,23111.768,51.23,51.12,51.55,50.85,51.23,5.381082,9.5155,-1,10.47,8.57,7.73,1
000014.SZ,20181227,9.52,9.69,9.71,9.13,9.15,-0.37,-3.8866,35634.45,33730.489,51.23,52.14,52.25,49.13,49.24,5.381082,9.4657,-1,10.47,8.57,7.43,1
000014.SZ,20181228,9.15,9.17,9.36,9.16,9.29,0.14,1.5301,28988.46,26918.318,49.24,49.34,50.37,49.29,49.99,5.381082,9.2859,-1,10.07,8.24,7.54,1
000014.SZ,20190102,9.29,9.29,9.52,9.28,9.45,0.16,1.7223,24989.91,23560.6,49.99,49.99,51.23,49.94,50.85,5.381082,9.428,-1,10.22,8.36,7.67,1
000014.SZ,20190103,9.45,9.52,9.55,9.34,9.49,0.04,0.4233,25508.47,24064.053,50.85,51.23,51.39,50.26,51.07,5.381082,9.4338,-1,10.4,8.51,7.7,1
000014.SZ,20190104,9.49,9.31,9.7,9.22,9.69,0.2,2.1075,47564.02,45418.859,51.07,50.1,52.2,49.61,52.14,5.381082,9.549,-1,10.44,8.54,7.87,1
000014.SZ,20190107,9.69,9.78,10.16,9.65,9.97,0.28,2.8896,72153.01,71494.583,52.14,52.63,54.67,51.93,53.65,5.381082,9.9087,-1,10.66,8.72,8.09,1
000014.SZ,20190108,9.97,9.9,9.9,9.64,9.71,-0.26,-2.6078,57527.86,56109.274,53.65,53.27,53.27,51.87,52.25,5.381082,9.7534,-1,10.97,8.97,7.88,1
000014.SZ,20190109,9.71,9.75,9.87,9.66,9.69,-0.02,-0.206,49371.85,48253.08,52.25,52.47,53.11,51.98,52.14,5.381082,9.7734,-1,10.68,8.74,7.87,1
000014.SZ,20190110,9.69,9.69,9.75,9.5,9.64,-0.05,-0.516,28578.86,27580.3,52.14,52.14,52.47,51.12,51.87,5.381082,9.6506,-1,10.66,8.72,7.83,1
000014.SZ,20190111,9.64,9.69,9.78,9.62,9.77,0.13,1.3485,28548.15,27710.206,51.87,52.14,52.63,51.77,52.57,5.381082,9.7065,-1,10.6,8.68,7.93,1
000014.SZ,20190114,9.77,9.78,9.88,9.65,9.84,0.07,0.7165,37075.02,36192.026,52.57,52.63,53.17,51.93,52.95,5.381082,9.7618,-1,10.75,8.79,7.99,1
000014.SZ,20190115,9.84,9.79,10.08,9.79,10.05,0.21,2.1341,71952.64,71804.153,52.95,52.68,54.24,52.68,54.08,5.381082,9.9794,-1,10.82,8.86,8.16,1
000014.SZ,20190116,10.05,10,10,9.71,9.87,-0.18,-1.791,73761.87,72598.622,54.08,53.81,53.81,52.25,53.11,5.381082,9.8423,-1,11.06,9.05,8.01,1
000014.SZ,20190117,9.87,9.79,9.83,9.66,9.72,-0.15,-1.5198,46271,45091.303,53.11,52.68,52.9,51.98,52.3,5.381082,9.745,-1,10.86,8.88,7.89,1
000014.SZ,20190118,9.72,9.72,9.78,9.6,9.69,-0.03,-0.3086,40837,39454.472,52.3,52.3,52.63,51.66,52.14,5.381082,9.6615,-1,10.69,8.75,7.87,1
000014.SZ,20190121,9.69,9.64,9.73,9.64,9.72,0.03,0.3096,29122.77,28251.939,52.14,51.87,52.36,51.87,52.3,5.381082,9.701,-1,10.66,8.72,7.89,1
000014.SZ,20190122,9.72,9.72,9.74,9.42,9.44,-0.28,-2.8807,37773,36242.279,52.3,52.3,52.41,50.69,50.8,5.381082,9.5948,-1,10.69,8.75,7.66,1
000014.SZ,20190123,9.44,9.72,10.38,9.62,10.03,0.59,6.25,214800.26,217118.18,50.8,52.3,55.86,51.77,53.97,5.381082,10.1079,-1,10.38,8.5,8.14,1
000014.SZ,20190124,10.03,9.72,9.85,9.52,9.69,-0.34,-3.3898,124171,120169.211,53.97,52.3,53,51.23,52.14,5.381082,9.6777,-1,11.03,9.03,7.87,1
000014.SZ,20190125,9.69,9.71,9.71,9.52,9.52,-0.17,-1.7544,55077.13,52890.009,52.14,52.25,52.25,51.23,51.23,5.381082,9.6029,-1,10.66,8.72,7.73,1
000014.SZ,20190128,9.52,9.52,9.67,9.44,9.51,-0.01,-0.105,38390,36593.017,51.23,51.23,52.04,50.8,51.17,5.381082,9.5319,-1,10.47,8.57,7.72,1
000014.SZ,20190129,9.51,9.5,9.61,9.21,9.47,-0.04,-0.4206,35561.33,33550.381,51.17,51.12,51.71,49.56,50.96,5.381082,9.4345,-1,10.46,8.56,7.69,1
000014.SZ,20190130,9.47,9.41,9.59,9.32,9.41,-0.06,-0.6336,35511.88,33681.092,50.96,50.64,51.6,50.15,50.64,5.381082,9.4845,-1,10.42,8.52,7.64,1
000014.SZ,20190131,9.41,9.35,9.54,9.27,9.32,-0.09,-0.9564,39421.17,37054.446,50.64,50.31,51.34,49.88,50.15,5.381082,9.3996,-1,10.35,8.47,7.57,1
000014.SZ,20190201,9.32,9.35,9.64,9.35,9.63,0.31,3.3262,35718.19,34014.066,50.15,50.31,51.87,50.31,51.82,5.381082,9.5229,-1,10.25,8.39,7.82,1
000014.SZ,20190211,9.63,9.66,9.83,9.55,9.83,0.2,2.0768,48253.16,46878.259,51.82,51.98,52.9,51.39,52.9,5.381082,9.7151,-1,10.59,8.67,7.98,1
000014.SZ,20190212,9.83,9.82,10.35,9.73,10.08,0.25,2.5432,111909.28,112907.959,52.9,52.84,55.69,52.36,54.24,5.381082,10.0892,-1,10.81,8.85,8.18,1
000014.SZ,20190213,10.08,10.1,10.47,9.98,10.34,0.26,2.5794,123981.29,126450.33,54.24,54.35,56.34,53.7,55.64,5.381082,10.1991,-1,11.09,9.07,8.4,1
000014.SZ,20190214,10.34,10.25,11.18,10.16,10.52,0.18,1.7408,157563.87,166803.192,55.64,55.16,60.16,54.67,56.61,5.381082,10.5864,-1,11.37,9.31,8.54,1
000014.SZ,20190215,10.52,10.58,10.9,10.41,10.75,0.23,2.1863,126292.3,134023.295,56.61,56.93,58.65,56.02,57.85,5.381082,10.6122,-1,11.57,9.47,8.73,1
000014.SZ,20190218,10.75,11.05,11.48,10.8,11.4,0.65,6.0465,168360.61,186334.559,57.85,59.46,61.77,58.12,61.34,5.381082,11.0676,-1,11.83,9.68,9.26,1
000014.SZ,20190219,11.4,12,12.3,11.26,11.35,-0.05,-0.4386,305987.71,360593.132,61.34,64.57,66.19,60.59,61.08,5.381082,11.7846,-1,12.54,10.26,9.22,1
000014.SZ,20190220,11.35,11.15,11.15,10.76,10.82,-0.53,-4.6696,168804.64,183797.593,61.08,60,60,57.9,58.22,5.381082,10.8882,-1,12.49,10.22,8.78,1
000014.SZ,20190221,10.82,10.82,10.87,10.54,10.7,-0.12,-1.1091,118116.84,126595.32,58.22,58.22,58.49,56.72,57.58,5.381082,10.7178,-1,11.9,9.74,8.69,1
000014.SZ,20190222,10.7,10.7,10.77,10.55,10.76,0.06,0.5607,95067.17,101754.634,57.58,57.58,57.95,56.77,57.9,5.381082,10.7034,-1,11.77,9.63,8.74,1
000014.SZ,20190225,10.76,10.88,11.22,10.7,11.13,0.37,3.4387,174833.18,191951.006,57.9,58.55,60.38,57.58,59.89,5.381082,10.9791,-1,11.84,9.68,9.04,1
000014.SZ,20190226,11.13,11.13,11.25,10.86,10.97,-0.16,-1.4376,147423.03,162348.581,59.89,59.89,60.54,58.44,59.03,5.381082,11.0124,-1,12.24,10.02,8.91,1
000014.SZ,20190227,10.97,10.96,11.21,10.87,11.06,0.09,0.8204,106985.14,118302.027,59.03,58.98,60.32,58.49,59.51,5.381082,11.0578,-1,12.07,9.87,8.98,1
000014.SZ,20190228,11.06,11.19,11.48,11.1,11.18,0.12,1.085,132694.65,149727.381,59.51,60.21,61.77,59.73,60.16,5.381082,11.2836,-1,12.17,9.95,9.08,1
000014.SZ,20190301,11.18,11.16,11.16,10.84,11.08,-0.1,-0.8945,90310.46,99326.464,60.16,60.05,60.05,58.33,59.62,5.381082,10.9983,-1,12.3,10.06,9,1
000014.SZ,20190304,11.08,10.96,11.4,10.96,11.2,0.12,1.083,133881.69,150157.939,59.62,58.98,61.34,58.98,60.27,5.381082,11.2157,-1,12.19,9.97,9.09,1
000014.SZ,20190305,11.2,11.31,11.38,11.17,11.36,0.16,1.4286,107127.8,120787.002,60.27,60.86,61.24,60.11,61.13,5.381082,11.275,-1,12.32,10.08,9.22,1
000014.SZ,20190306,11.36,11.41,11.52,11.13,11.49,0.13,1.1444,153025.53,173609.296,61.13,61.4,61.99,59.89,61.83,5.381082,11.3451,-1,12.5,10.22,9.33,1
000014.SZ,20190307,11.49,11.41,11.75,11.35,11.6,0.11,0.9574,147105.87,169787.012,61.83,61.4,63.23,61.08,62.42,5.381082,11.5418,-1,12.64,10.34,9.42,1
000014.SZ,20190308,11.6,11.4,11.4,10.75,10.78,-0.82,-7.069,124929.03,138950.693,62.42,61.34,61.34,57.85,58.01,5.381082,11.1224,-1,12.76,10.44,8.75,1
000014.SZ,20190311,10.78,10.71,11.09,10.71,11.04,0.26,2.4119,76741.54,83853.417,58.01,57.63,59.68,57.63,59.41,5.381082,10.9267,-1,11.86,9.7,8.96,1
000014.SZ,20190312,11.04,11.12,11.28,11.01,11.21,0.17,1.5399,96223.57,107412.069,59.41,59.84,60.7,59.25,60.32,5.381082,11.1628,-1,12.14,9.94,9.1,1
000014.SZ,20190313,11.21,11.24,11.46,11.06,11.11,-0.1,-0.8921,112365.36,126664.046,60.32,60.48,61.67,59.51,59.78,5.381082,11.2725,-1,12.33,10.09,9.02,1
000014.SZ,20190314,11.11,10.98,11.16,10.7,10.83,-0.28,-2.5203,72696.4,79280.144,59.78,59.08,60.05,57.58,58.28,5.381082,10.9056,-1,12.22,10,8.79,1
000014.SZ,20190315,10.83,10.83,11.52,10.83,11.36,0.53,4.8938,154179.41,174130.73,58.28,58.28,61.99,58.28,61.13,5.381082,11.294,-1,11.91,9.75,9.22,1
000014.SZ,20190318,11.36,11.33,11.72,11.1,11.56,0.2,1.7606,133229.47,152270.419,61.13,60.97,63.07,59.73,62.21,5.381082,11.4292,-1,12.5,10.22,9.39,1
000014.SZ,20190319,11.56,11.58,11.77,11.32,11.65,0.09,0.7785,136509.59,157454.101,62.21,62.31,63.34,60.91,62.69,5.381082,11.5343,-1,12.72,10.4,9.46,1
000014.SZ,20190320,11.65,11.51,11.67,11.2,11.56,-0.09,-0.7725,109251.86,125385.707,62.69,61.94,62.8,60.27,62.21,5.381082,11.4768,-1,12.82,10.49,9.39,1
000014.SZ,20190321,11.56,11.74,12.05,11.55,11.55,-0.01,-0.0865,172738.08,203391.209,62.21,63.17,64.84,62.15,62.15,5.381082,11.7745,-1,12.72,10.4,9.38,1
000014.SZ,20190322,11.55,11.55,12.08,11.32,12.07,0.52,4.5022,167819.22,196744.078,62.15,62.15,65,60.91,64.95,5.381082,11.7236,-1,12.71,10.4,9.8,1
000014.SZ,20190325,12.07,11.86,12.42,11.7,12.08,0.01,0.0829,205494.44,249294.976,64.95,63.82,66.83,62.96,65,5.381082,12.1315,-1,13.28,10.86,9.81,1
000014.SZ,20190326,12.08,12.06,12.41,11.57,11.66,-0.42,-3.4768,126630.75,151249.338,65,64.9,66.78,62.26,62.74,5.381082,11.9441,-1,13.29,10.87,9.47,1
000014.SZ,20190327,11.66,11.78,11.78,11.35,11.54,-0.12,-1.0292,70890.79,81743.92,62.74,63.39,63.39,61.08,62.1,5.381082,11.531,-1,12.83,10.49,9.37,1
000014.SZ,20190328,11.54,11.5,12.38,11.41,12.02,0.48,4.1594,156327.62,187079.218,62.1,61.88,66.62,61.4,64.68,5.381082,11.9671,-1,12.69,10.39,9.76,1
000014.SZ,20190329,12.02,11.98,12.34,11.74,12.33,0.31,2.579,159195.3,192539.41,64.68,64.47,66.4,63.17,66.35,5.381082,12.0945,-1,13.22,10.82,10.01,1
000014.SZ,20190401,12.33,12.33,13.16,12.19,12.7,0.37,3.0008,244782.46,309941.58,66.35,66.35,70.82,65.6,68.34,5.381082,12.6619,-1,13.56,11.1,10.31,1
000014.SZ,20190402,12.7,12.76,12.93,12.42,12.78,0.08,0.6299,172415.16,217975.693,68.34,68.66,69.58,66.83,68.77,5.381082,12.6425,-1,13.97,11.43,10.38,1
000014.SZ,20190403,12.78,12.7,13.08,12.52,13.02,0.24,1.8779,162021.2,208459.272,68.77,68.34,70.38,67.37,70.06,5.381082,12.8662,-1,14.06,11.5,10.57,1
000014.SZ,20190404,13.02,13.04,13.29,12.65,12.75,-0.27,-2.0737,128520.66,165750.085,70.06,70.17,71.51,68.07,68.61,5.381082,12.8968,-1,14.32,11.72,10.35,1
000014.SZ,20190408,12.75,12.67,12.76,12.33,12.55,-0.2,-1.5686,91008.85,114169.65,68.61,68.18,68.66,66.35,67.53,5.381082,12.5449,-1,14.03,11.48,10.19,1
000014.SZ,20190409,12.55,12.56,12.76,12.41,12.64,0.09,0.7171,74286.08,93430.052,67.53,67.59,68.66,66.78,68.02,5.381082,12.5771,-1,13.81,11.3,10.26,1
000014.SZ,20190410,12.64,12.52,12.62,12.29,12.4,-0.24,-1.8987,62761.28,77853.324,68.02,67.37,67.91,66.13,66.73,5.381082,12.4047,-1,13.9,11.38,10.07,1
000014.SZ,20190411,12.4,12.39,12.57,12.21,12.25,-0.15,-1.2097,69222.15,85514.112,66.73,66.67,67.64,65.7,65.92,5.381082,12.3536,-1,13.64,11.16,9.95,1
000014.SZ,20190412,12.25,12.09,12.23,11.86,12.02,-0.23,-1.8776,74467.11,89618.573,65.92,65.06,65.81,63.82,64.68,5.381082,12.0347,-1,13.48,11.03,9.76,1
000014.SZ,20190415,12.02,12.16,12.43,12.05,12.08,0.06,0.4992,70837.51,86948.925,64.68,65.43,66.89,64.84,65,5.381082,12.2744,-1,13.22,10.82,9.81,1
000014.SZ,20190416,12.08,12.02,12.34,11.78,12.29,0.21,1.7384,61305.53,74106.425,65,64.68,66.4,63.39,66.13,5.381082,12.088,-1,13.29,10.87,9.98,1
000014.SZ,20190417,12.29,12.28,12.29,12.1,12.17,-0.12,-0.9764,57276.63,69688.056,66.13,66.08,66.13,65.11,65.49,5.381082,12.1669,-1,13.52,11.06,9.88,1
000014.SZ,20190418,12.17,12.14,12.14,11.85,11.87,-0.3,-2.4651,57449.19,68699.892,65.49,65.33,65.33,63.77,63.87,5.381082,11.9584,-1,13.39,10.95,9.64,1
000014.SZ,20190419,11.87,11.87,12.02,11.72,11.98,0.11,0.9267,43568.4,51731.902,63.87,63.87,64.68,63.07,64.47,5.381082,11.8737,-1,13.06,10.68,9.73,1
000014.SZ,20190422,11.98,12.03,12.03,11.51,11.54,-0.44,-3.6728,63601.03,74471.824,64.47,64.73,64.73,61.94,62.1,5.381082,11.7092,-1,13.18,10.78,9.37,1
000014.SZ,20190423,11.54,11.44,11.66,11.4,11.45,-0.09,-0.7799,37650.69,43346.534,62.1,61.56,62.74,61.34,61.61,5.381082,11.5128,-1,12.69,10.39,9.3,1
000014.SZ,20190424,11.45,11.55,11.56,11.3,11.49,0.04,0.3493,29375.04,33672.908,61.61,62.15,62.21,60.81,61.83,5.381082,11.4631,-1,12.6,10.31,9.33,1
000014.SZ,20190425,11.49,11.44,11.47,10.95,10.95,-0.54,-4.6997,45159.05,50635.531,61.83,61.56,61.72,58.92,58.92,5.381082,11.2127,-1,12.64,10.34,8.89,1
000014.SZ,20190426,10.95,10.92,10.92,10.7,10.72,-0.23,-2.1005,43126.69,46443.811,58.92,58.76,58.76,57.58,57.69,5.381082,10.7692,-1,12.05,9.86,8.7,1
000014.SZ,20190429,10.72,10.71,10.71,10.32,10.38,-0.34,-3.1716,41718,43774.012,57.69,57.63,57.63,55.53,55.86,5.381082,10.4928,-1,11.79,9.65,8.43,1
000014.SZ,20190430,10.38,10.36,10.59,10.36,10.49,0.11,1.0597,24351,25536.829,55.86,55.75,56.99,55.75,56.45,5.381082,10.487,-1,11.42,9.34,8.52,1
000014.SZ,20190506,10.49,10.2,10.2,9.44,9.51,-0.98,-9.3422,59720.72,58419.585,56.45,54.89,54.89,50.8,51.17,5.381082,9.7821,-1,11.54,9.44,7.72,1
000014.SZ,20190507,9.51,9.53,9.99,9.53,9.73,0.22,2.3134,35183.01,34106.791,51.17,51.28,53.76,51.28,52.36,5.381082,9.6941,-1,10.46,8.56,7.9,1
000014.SZ,20190508,9.73,9.51,9.87,9.48,9.69,-0.04,-0.4111,32097,31151.105,52.36,51.17,53.11,51.01,52.14,5.381082,9.7053,-1,10.7,8.76,7.87,1
000014.SZ,20190509,9.69,9.69,9.86,9.64,9.68,-0.01,-0.1032,25337.01,24633.572,52.14,52.14,53.06,51.87,52.09,5.381082,9.7224,-1,10.66,8.72,7.86,1
000014.SZ,20190510,9.68,9.76,9.95,9.63,9.94,0.26,2.686,43098,42400.76,52.09,52.52,53.54,51.82,53.49,5.381082,9.8382,-1,10.65,8.71,8.07,1
000014.SZ,20190513,9.94,9.85,10.06,9.73,9.97,0.03,0.3018,33196,32904.459,53.49,53,54.13,52.36,53.65,5.381082,9.9122,-1,10.93,8.95,8.09,1
000014.SZ,20190514,9.97,9.82,9.93,9.79,9.82,-0.15,-1.5045,24064.01,23710.292,53.65,52.84,53.43,52.68,52.84,5.381082,9.853,-1,10.97,8.97,7.97,1
000014.SZ,20190515,9.82,9.86,10.04,9.86,9.97,0.15,1.5275,24799.05,24651.05,52.84,53.06,54.03,53.06,53.65,5.381082,9.9403,-1,10.8,8.84,8.09,1
000014.SZ,20190516,9.97,9.97,10.13,9.93,10.04,0.07,0.7021,33811,33938.5,53.65,53.65,54.51,53.43,54.03,5.381082,10.0377,-1,10.97,8.97,8.15,1
000014.SZ,20190517,10.04,10.03,10.09,9.45,9.55,-0.49,-4.8805,49475.94,48243.358,54.03,53.97,54.3,50.85,51.39,5.381082,9.7509,-1,11.04,9.04,7.75,1
000014.SZ,20190520,9.55,9.59,9.96,9.26,9.89,0.34,3.5602,51365.94,49464.714,51.39,51.6,53.6,49.83,53.22,5.381082,9.6299,-1,10.51,8.6,8.03,1
000014.SZ,20190521,9.89,10.02,10.03,9.7,9.99,0.1,1.0111,52851.96,52254.084,53.22,53.92,53.97,52.2,53.76,5.381082,9.8869,-1,10.88,8.9,8.11,1
000014.SZ,20190522,9.99,9.91,10.8,9.77,10.38,0.39,3.9039,86097.14,88584.308,53.76,53.33,58.12,52.57,55.86,5.381082,10.2889,-1,10.99,8.99,8.43,1
000014.SZ,20190523,10.38,11.42,11.42,10.51,10.51,0.13,1.2524,220925.19,248338.089,55.86,61.45,61.45,56.56,56.56,5.381082,11.2408,-1,11.42,9.34,8.53,1
000014.SZ,20190524,10.51,9.98,10.14,9.67,9.73,-0.78,-7.4215,117182.13,115724.055,56.56,53.7,54.56,52.04,52.36,5.381082,9.8756,-1,11.56,9.46,7.9,1
000014.SZ,20190527,9.73,9.64,10.25,9.5,10.1,0.37,3.8027,77540.13,77193.552,52.36,51.87,55.16,51.12,54.35,5.381082,9.9553,-1,10.7,8.76,8.2,1
000014.SZ,20190528,10.1,10.05,10.13,9.94,9.98,-0.12,-1.1881,51301.12,51476.116,54.35,54.08,54.51,53.49,53.7,5.381082,10.0341,-1,11.11,9.09,8.1,1
000014.SZ,20190529,9.98,10.01,10.04,9.81,9.89,-0.09,-0.9018,32413.43,32261.577,53.7,53.86,54.03,52.79,53.22,5.381082,9.9532,-1,10.98,8.98,8.03,1
000014.SZ,20190530,9.89,9.87,9.87,9.55,9.75,-0.14,-1.4156,37855.13,36684.849,53.22,53.11,53.11,51.39,52.47,5.381082,9.6909,-1,10.88,8.9,7.92,1
000014.SZ,20190531,9.75,9.8,9.89,9.66,9.71,-0.04,-0.4103,27142.49,26539.066,52.47,52.73,53.22,51.98,52.25,5.381082,9.7777,-1,10.73,8.78,7.88,1
000014.SZ,20190603,9.71,9.71,9.91,9.51,9.57,-0.14,-1.4418,28909.39,27816.834,52.25,52.25,53.33,51.17,51.5,5.381082,9.6221,-1,10.68,8.74,7.77,1
000014.SZ,20190604,9.57,9.58,9.62,9.5,9.54,-0.03,-0.3135,25067.88,23919.567,51.5,51.55,51.77,51.12,51.34,5.381082,9.5419,-1,10.53,8.61,7.75,1
000014.SZ,20190605,9.54,9.64,9.69,9.55,9.6,0.06,0.6289,17928,17232.614,51.34,51.87,52.14,51.39,51.66,5.381082,9.6121,-1,10.49,8.59,7.79,1
000014.SZ,20190606,9.6,9.55,9.58,9.36,9.43,-0.17,-1.7708,20769,19657.39,51.66,51.39,51.55,50.37,50.74,5.381082,9.4648,-1,10.56,8.64,7.66,1
000014.SZ,20190610,9.43,9.47,9.55,9.39,9.53,0.1,1.0604,14393.03,13657.103,50.74,50.96,51.39,50.53,51.28,5.381082,9.4887,-1,10.37,8.49,7.74,1
000014.SZ,20190611,9.53,9.53,9.85,9.51,9.81,0.28,2.9381,35015.54,34059.877,51.28,51.28,53,51.17,52.79,5.381082,9.7271,-1,10.48,8.58,7.96,1
000014.SZ,20190612,9.81,9.8,9.85,9.64,9.74,-0.07,-0.7136,25952.39,25257.672,52.79,52.73,53,51.87,52.41,5.381082,9.7323,-1,10.79,8.83,7.91,1
000014.SZ,20190613,9.74,9.74,9.75,9.58,9.7,-0.04,-0.4107,20709,20035.707,52.41,52.41,52.47,51.55,52.2,5.381082,9.6749,-1,10.71,8.77,7.88,1
000014.SZ,20190614,9.7,9.66,9.73,9.52,9.53,-0.17,-1.7526,19398.01,18700.432,52.2,51.98,52.36,51.23,51.28,5.381082,9.6404,-1,10.67,8.73,7.74,1
000014.SZ,20190617,9.53,9.49,9.59,9.44,9.51,-0.02,-0.2099,12736.5,12089.804,51.28,51.07,51.6,50.8,51.17,5.381082,9.4922,-1,10.48,8.58,7.72,1
000014.SZ,20190618,9.51,9.53,9.55,9.44,9.52,0.01,0.1052,11645.8,11074.776,51.17,51.28,51.39,50.8,51.23,5.381082,9.5097,-1,10.46,8.56,7.73,1
000014.SZ,20190619,9.45,9.57,9.66,9.52,9.54,0.09,0.9524,19490,18705.087,51.23,51.88,52.37,51.61,51.72,5.420942,9.5973,2,10.4,8.51,7.8,1
000014.SZ,20190620,9.54,9.55,9.7,9.46,9.65,0.11,1.153,25751.02,24737.83,51.72,51.77,52.58,51.28,52.31,5.420942,9.6065,-1,10.49,8.59,7.89,1
000014.SZ,20190621,9.65,9.88,9.99,9.71,9.78,0.13,1.3472,39780.13,39092.027,52.31,53.56,54.16,52.64,53.02,5.420942,9.827,-1,10.62,8.69,8,1
000014.SZ,20190624,9.78,9.8,10.15,9.76,9.98,0.2,2.045,43434.94,43284.187,53.02,53.13,55.02,52.91,54.1,5.420942,9.9653,-1,10.76,8.8,8.16,1
000014.SZ,20190625,9.98,9.96,9.96,9.56,9.79,-0.19,-1.9038,24780.03,24238.977,54.1,53.99,53.99,51.82,53.07,5.420942,9.7817,-1,10.98,8.98,8.01,1
000014.SZ,20190626,9.79,9.8,9.92,9.73,9.78,-0.01,-0.1021,11688,11467.64,53.07,53.13,53.78,52.75,53.02,5.420942,9.8115,-1,10.77,8.81,8,1
000014.SZ,20190627,9.78,9.84,9.84,9.74,9.75,-0.03,-0.3067,18093.12,17702.826,53.02,53.34,53.34,52.8,52.85,5.420942,9.7843,-1,10.76,8.8,7.97,1
000014.SZ,20190628,9.75,9.73,9.78,9.59,9.63,-0.12,-1.2308,18310.05,17660.714,52.85,52.75,53.02,51.99,52.2,5.420942,9.6454,-1,10.73,8.78,7.88,1
000014.SZ,20190701,9.63,9.75,9.86,9.67,9.81,0.18,1.8692,37693.22,36846.156,52.2,52.85,53.45,52.42,53.18,5.420942,9.7753,-1,10.59,8.67,8.02,1
000014.SZ,20190702,9.81,9.76,9.84,9.73,9.8,-0.01,-0.1019,19982.13,19569.517,53.18,52.91,53.34,52.75,53.13,5.420942,9.7935,-1,10.79,8.83,8.02,1
000014.SZ,20190703,9.8,9.8,10.05,9.68,9.85,0.05,0.5102,40957.03,40429.42,53.13,53.13,54.48,52.47,53.4,5.420942,9.8712,-1,10.78,8.82,8.06,1
000014.SZ,20190704,9.85,9.76,10.26,9.76,10.16,0.31,3.1472,85127.22,86073.711,53.4,52.91,55.62,52.91,55.08,5.420942,10.1112,-1,10.84,8.87,8.31,1
000014.SZ,20190705,10.16,10.05,10.13,9.92,9.97,-0.19,-1.8701,36313.01,36295.791,55.08,54.48,54.91,53.78,54.05,5.420942,9.9953,-1,11.18,9.14,8.15,1
000014.SZ,20190708,9.97,9.99,9.99,9.5,9.68,-0.29,-2.9087,40960.02,39606.721,54.05,54.16,54.16,51.5,52.47,5.420942,9.6696,-1,10.97,8.97,7.92,1
000014.SZ,20190709,9.68,9.63,9.73,9.6,9.67,-0.01,-0.1033,15390.02,14884.573,52.47,52.2,52.75,52.04,52.42,5.420942,9.6716,-1,10.65,8.71,7.91,1
000014.SZ,20190710,9.67,9.68,9.69,9.55,9.56,-0.11,-1.1375,14146,13584.986,52.42,52.47,52.53,51.77,51.82,5.420942,9.6034,-1,10.64,8.7,7.82,1
000014.SZ,20190711,9.56,9.58,9.65,9.49,9.53,-0.03,-0.3138,14358,13718.303,51.82,51.93,52.31,51.44,51.66,5.420942,9.5545,-1,10.52,8.6,7.79,1
000014.SZ,20190712,9.53,9.58,9.63,9.46,9.61,0.08,0.8395,15138.01,14446.7,51.66,51.93,52.2,51.28,52.1,5.420942,9.5433,-1,10.48,8.58,7.86,1
000014.SZ,20190715,9.61,9.62,9.64,9.46,9.57,-0.04,-0.4162,20585.12,19652.35,52.1,52.15,52.26,51.28,51.88,5.420942,9.5469,-1,10.57,8.65,7.83,1
000014.SZ,20190716,9.57,9.57,9.62,9.52,9.61,0.04,0.418,13380.01,12815.192,51.88,51.88,52.15,51.61,52.1,5.420942,9.5779,-1,10.53,8.61,7.86,1
000014.SZ,20190717,9.61,9.56,9.77,9.55,9.65,0.04,0.4162,16757.11,16167.744,52.1,51.82,52.96,51.77,52.31,5.420942,9.6483,-1,10.57,8.65,7.89,1
000014.SZ,20190718,9.65,9.6,9.6,9.48,9.48,-0.17,-1.7617,13842,13171.939,52.31,52.04,52.04,51.39,51.39,5.420942,9.5159,-1,10.62,8.69,7.75,1
000014.SZ,20190719,9.48,9.5,9.97,9.49,9.78,0.3,3.1646,50213.13,49173.821,51.39,51.5,54.05,51.44,53.02,5.420942,9.793,-1,10.43,8.53,8,1
000014.SZ,20190722,9.78,9.73,9.73,9.45,9.54,-0.24,-2.454,28734,27416.933,53.02,52.75,52.75,51.23,51.72,5.420942,9.5416,-1,10.76,8.8,7.8,1
000014.SZ,20190723,9.54,9.52,9.61,9.48,9.57,0.03,0.3145,19319.15,18479.133,51.72,51.61,52.1,51.39,51.88,5.420942,9.5652,-1,10.49,8.59,7.83,1
000014.SZ,20190724,9.57,9.56,9.97,9.55,9.84,0.27,2.8213,59641.89,58535.802,51.88,51.82,54.05,51.77,53.34,5.420942,9.8145,-1,10.53,8.61,8.05,1
000014.SZ,20190725,9.84,9.9,9.9,9.65,9.72,-0.12,-1.2195,47842.28,46503.563,53.34,53.67,53.67,52.31,52.69,5.420942,9.7202,-1,10.82,8.86,7.95,1
000014.SZ,20190726,9.72,9.67,9.77,9.64,9.73,0.01,0.1029,20215.16,19633.571,52.69,52.42,52.96,52.26,52.75,5.420942,9.7123,-1,10.69,8.75,7.96,1
000014.SZ,20190729,9.73,9.73,9.73,9.6,9.66,-0.07,-0.7194,15234,14695.479,52.75,52.75,52.75,52.04,52.37,5.420942,9.6465,-1,10.7,8.76,7.9,1
000014.SZ,20190730,9.66,9.65,9.72,9.6,9.61,-0.05,-0.5176,14081,13606.134,52.37,52.31,52.69,52.04,52.1,5.420942,9.6628,-1,10.63,8.69,7.86,1
000014.SZ,20190731,9.61,9.59,9.59,9.32,9.34,-0.27,-2.8096,40303.01,38055.904,52.1,51.99,51.99,50.52,50.63,5.420942,9.4424,-1,10.57,8.65,7.64,1
000014.SZ,20190801,9.34,9.35,9.35,9.13,9.19,-0.15,-1.606,26321,24273.643,50.63,50.69,50.69,49.49,49.82,5.420942,9.2222,-1,10.27,8.41,7.52,1
000014.SZ,20190802,9.19,8.98,9.07,8.95,9.02,-0.17,-1.8498,21901.66,19722.779,49.82,48.68,49.17,48.52,48.9,5.420942,9.0052,-1,10.11,8.27,7.38,1
000014.SZ,20190805,9.02,9.01,9.01,8.89,8.9,-0.12,-1.3304,15302.5,13672.335,48.9,48.84,48.84,48.19,48.25,5.420942,8.9347,-1,9.92,8.12,7.28,1
000014.SZ,20190806,8.9,8.69,8.85,8.24,8.53,-0.37,-4.1573,30213.13,25686.762,48.25,47.11,47.98,44.67,46.24,5.420942,8.5019,-1,9.79,8.01,6.98,1
000014.SZ,20190807,8.53,8.56,8.63,8.5,8.53,0,0,11705.04,10008.551,46.24,46.4,46.78,46.08,46.24,5.420942,8.5506,-1,9.38,7.68,6.98,1
000014.SZ,20190808,8.53,8.54,8.63,8.53,8.59,0.06,0.7034,8601.5,7368.99,46.24,46.29,46.78,46.24,46.57,5.420942,8.5671,-1,9.38,7.68,7.03,1
000014.SZ,20190809,8.59,8.6,8.65,8.44,8.44,-0.15,-1.7462,11650,9942.018,46.57,46.62,46.89,45.75,45.75,5.420942,8.5339,-1,9.45,7.73,6.9,1
000014.SZ,20190812,8.44,8.45,8.59,8.42,8.57,0.13,1.5403,9550.04,8144.539,45.75,45.81,46.57,45.64,46.46,5.420942,8.5283,-1,9.28,7.6,7.01,1
000014.SZ,20190813,8.57,8.57,8.77,8.5,8.59,0.02,0.2334,13465.63,11582.241,46.46,46.46,47.54,46.08,46.57,5.420942,8.6013,-1,9.43,7.71,7.03,1
000014.SZ,20190814,8.59,8.67,8.75,8.58,8.6,0.01,0.1164,13330,11555.795,46.57,47,47.43,46.51,46.62,5.420942,8.669,-1,9.45,7.73,7.03,1
000014.SZ,20190815,8.6,8.45,8.58,8.31,8.54,-0.06,-0.6977,11351.3,9591.123,46.62,45.81,46.51,45.05,46.29,5.420942,8.4494,-1,9.46,7.74,6.98,1
000014.SZ,20190816,8.54,8.54,8.83,8.44,8.74,0.2,2.3419,19324.03,16851.472,46.29,46.29,47.87,45.75,47.38,5.420942,8.7205,-1,9.39,7.69,7.15,1
000014.SZ,20190819,8.74,9.61,9.61,9.41,9.61,0.87,9.9542,98932.22,94945.214,47.38,52.1,52.1,51.01,52.1,5.420942,9.597,-1,9.61,7.87,7.86,1
000014.SZ,20190820,9.61,9.63,10.28,9.55,9.55,-0.06,-0.6243,183507.4,182069.176,52.1,52.2,55.73,51.77,51.77,5.420942,9.9216,-1,10.57,8.65,7.81,1
000014.SZ,20190821,9.55,9.5,10.18,9.34,9.79,0.24,2.5131,134768.61,131469.435,51.77,51.5,55.19,50.63,53.07,5.420942,9.7552,-1,10.51,8.6,8.01,1
000014.SZ,20190822,9.79,10.77,10.77,10.51,10.77,0.98,10.0102,283639.7,304834.404,53.07,58.38,58.38,56.97,58.38,5.420942,10.7472,-1,10.77,8.81,8.81,1
000014.SZ,20190823,10.77,10.43,10.6,9.9,10.08,-0.69,-6.4067,243195.38,248086.421,58.38,56.54,57.46,53.67,54.64,5.420942,10.2011,-1,11.85,9.69,8.24,1
000014.SZ,20190826,10.08,9.75,10.43,9.68,10.19,0.11,1.0913,135511.56,135750.793,54.64,52.85,56.54,52.47,55.24,5.420942,10.0177,-1,11.09,9.07,8.33,1
000014.SZ,20190827,10.19,10.15,10.3,9.95,10.06,-0.13,-1.2758,94713.31,95633.092,55.24,55.02,55.84,53.94,54.53,5.420942,10.0971,-1,11.21,9.17,8.23,1
000014.SZ,20190828,10.06,9.86,10.17,9.77,10.06,0,0,80534.93,79766.651,54.53,53.45,55.13,52.96,54.53,5.420942,9.9046,-1,11.07,9.05,8.23,1
000014.SZ,20190829,10.06,9.85,10.5,9.85,10.24,0.18,1.7893,120927.13,123650.465,54.53,53.4,56.92,53.4,55.51,5.420942,10.2252,-1,11.07,9.05,8.38,1
000014.SZ,20190830,10.24,10.14,10.18,9.68,9.72,-0.52,-5.0781,89764.23,89411.77,55.51,54.97,55.19,52.47,52.69,5.420942,9.9607,-1,11.26,9.22,7.95,1
000014.SZ,20190902,9.72,9.72,9.98,9.63,9.85,0.13,1.3374,53466.86,52394.728,52.69,52.69,54.1,52.2,53.4,5.420942,9.7995,-1,10.69,8.75,8.06,1
000014.SZ,20190903,9.85,9.87,10.33,9.81,10.17,0.32,3.2487,91232.17,92588.32,53.4,53.5,56,53.18,55.13,5.420942,10.1486,-1,10.84,8.87,8.32,1
000014.SZ,20190904,10.17,10.03,11.19,10.03,11.19,1.02,10.0295,216555.44,233137.812,55.13,54.37,60.66,54.37,60.66,5.420942,10.7657,-1,11.19,9.15,9.15,1
000014.SZ,20190905,11.19,11.1,11.48,10.8,10.86,-0.33,-2.9491,242942.05,268746.872,60.66,60.17,62.23,58.55,58.87,5.420942,11.0622,-1,12.31,10.07,8.88,1
000014.SZ,20190906,10.86,10.88,10.96,10.44,10.65,-0.21,-1.9337,113220.97,121045.307,58.87,58.98,59.41,56.59,57.73,5.420942,10.6911,-1,11.95,9.77,8.71,1
000014.SZ,20190909,10.65,10.76,10.79,10.56,10.71,0.06,0.5634,79242.96,84526.075,57.73,58.33,58.49,57.25,58.06,5.420942,10.6667,-1,11.72,9.59,8.76,1
000014.SZ,20190910,10.71,10.66,10.85,10.48,10.68,-0.03,-0.2801,70927.17,75682.586,58.06,57.79,58.82,56.81,57.9,5.420942,10.6705,-1,11.78,9.64,8.74,1
000014.SZ,20190911,10.68,10.68,10.79,10.54,10.58,-0.1,-0.9363,45432.76,48396.765,57.9,57.9,58.49,57.14,57.35,5.420942,10.6524,-1,11.75,9.61,8.65,1
000014.SZ,20190912,10.58,10.6,10.78,10.56,10.68,0.1,0.9452,47218.37,50461.728,57.35,57.46,58.44,57.25,57.9,5.420942,10.6869,-1,11.64,9.52,8.74,1
000014.SZ,20190916,10.68,10.66,10.67,10.37,10.39,-0.29,-2.7154,69902.43,73289.154,57.9,57.79,57.84,56.22,56.32,5.420942,10.4845,-1,11.75,9.61,8.5,1
000014.SZ,20190917,10.39,10.4,10.44,10.03,10.09,-0.3,-2.8874,45595.32,46616.626,56.32,56.38,56.59,54.37,54.7,5.420942,10.224,-1,11.43,9.35,8.25,1
000014.SZ,20190918,10.09,10.14,10.27,10.06,10.09,0,0,31317,31778.821,54.7,54.97,55.67,54.53,54.7,5.420942,10.1475,-1,11.1,9.08,8.25,1
000014.SZ,20190919,10.09,10.17,10.19,9.93,10.16,0.07,0.6938,33268,33467.888,54.7,55.13,55.24,53.83,55.08,5.420942,10.0601,-1,11.1,9.08,8.31,1
000014.SZ,20190920,10.16,10.14,10.22,10,10.08,-0.08,-0.7874,32595.6,32906.585,55.08,54.97,55.4,54.21,54.64,5.420942,10.0954,-1,11.18,9.14,8.24,1
000014.SZ,20190923,10.08,10.08,10.41,10.03,10.37,0.29,2.877,68048.5,69683.329,54.64,54.64,56.43,54.37,56.22,5.420942,10.2402,-1,11.09,9.07,8.48,1
000014.SZ,20190924,10.37,10.2,10.38,10.15,10.17,-0.2,-1.9286,48320.03,49472.289,56.22,55.29,56.27,55.02,55.13,5.420942,10.2385,-1,11.41,9.33,8.32,1
000014.SZ,20190925,10.17,10.23,10.46,10.18,10.19,0.02,0.1967,53334,54848.065,55.13,55.46,56.7,55.19,55.24,5.420942,10.2839,-1,11.19,9.15,8.33,1
000014.SZ,20190926,10.19,10.06,10.14,9.58,9.65,-0.54,-5.2993,57676.07,56608.657,55.24,54.53,54.97,51.93,52.31,5.420942,9.8149,-1,11.21,9.17,7.89,1
000014.SZ,20190927,9.65,9.64,9.72,9.48,9.54,-0.11,-1.1399,28877.06,27780.067,52.31,52.26,52.69,51.39,51.72,5.420942,9.6201,-1,10.62,8.69,7.8,1
000014.SZ,20190930,9.54,9.56,9.58,9.4,9.4,-0.14,-1.4675,19446.99,18427.291,51.72,51.82,51.93,50.96,50.96,5.420942,9.4757,-1,10.49,8.59,7.69,1
000014.SZ,20191008,9.4,9.4,9.61,9.39,9.4,0,0,18489.53,17532.076,50.96,50.96,52.1,50.9,50.96,5.420942,9.4822,-1,10.34,8.46,7.69,1
000014.SZ,20191009,9.4,9.37,9.7,9.32,9.61,0.21,2.234,25478.99,24434.286,50.96,50.79,52.58,50.52,52.1,5.420942,9.59,-1,10.34,8.46,7.86,1
000014.SZ,20191010,9.61,9.69,9.69,9.57,9.64,0.03,0.3122,17792,17142.73,52.1,52.53,52.53,51.88,52.26,5.420942,9.6351,-1,10.57,8.65,7.88,1
000014.SZ,20191011,9.64,9.72,9.82,9.63,9.72,0.08,0.8299,22856.05,22245.557,52.26,52.69,53.23,52.2,52.69,5.420942,9.7329,-1,10.6,8.68,7.95,1
000014.SZ,20191014,9.72,9.73,9.86,9.66,9.8,0.08,0.823,31442.96,30747.077,52.69,52.75,53.45,52.37,53.13,5.420942,9.7787,-1,10.69,8.75,8.02,1
000014.SZ,20191015,9.8,9.8,10.15,9.59,9.9,0.1,1.0204,50007.68,49030.51,53.13,53.13,55.02,51.99,53.67,5.420942,9.8046,-1,10.78,8.82,8.1,1
000014.SZ,20191016,9.9,9.77,9.84,9.64,9.65,-0.25,-2.5253,29737.53,28959.285,53.67,52.96,53.34,52.26,52.31,5.420942,9.7383,-1,10.89,8.91,7.89,1
000014.SZ,20191017,9.65,9.58,9.7,9.52,9.54,-0.11,-1.1399,16072.6,15444.542,52.31,51.93,52.58,51.61,51.72,5.420942,9.6092,-1,10.62,8.69,7.8,1
000014.SZ,20191018,9.54,9.56,9.61,9.38,9.39,-0.15,-1.5723,20686.12,19576.605,51.72,51.82,52.1,50.85,50.9,5.420942,9.4636,-1,10.49,8.59,7.68,1
000014.SZ,20191021,9.39,9.41,9.49,9.22,9.42,0.03,0.3195,15731.03,14692.826,50.9,51.01,51.44,49.98,51.07,5.420942,9.34,-1,10.33,8.45,7.7,1
000014.SZ,20191022,9.42,9.47,9.49,9.37,9.44,0.02,0.2123,10115.33,9536.715,51.07,51.34,51.44,50.79,51.17,5.420942,9.428,-1,10.36,8.48,7.72,1
000014.SZ,20191023,9.44,9.44,9.47,9.33,9.36,-0.08,-0.8475,13014.62,12233.76,51.17,51.17,51.34,50.58,50.74,5.420942,9.4,-1,10.38,8.5,7.66,1
000014.SZ,20191024,9.36,9.36,9.45,9.34,9.34,-0.02,-0.2137,10095.15,9471.089,50.74,50.74,51.23,50.63,50.63,5.420942,9.3818,-1,10.3,8.42,7.64,1
000014.SZ,20191025,9.34,9.35,9.48,9.35,9.44,0.1,1.0707,12767,12034.606,50.63,50.69,51.39,50.69,51.17,5.420942,9.4263,-1,10.27,8.41,7.72,1
000014.SZ,20191028,9.44,9.42,9.53,9.34,9.51,0.07,0.7415,20123,19025.556,51.17,51.07,51.66,50.63,51.55,5.420942,9.4546,-1,10.38,8.5,7.78,1
000014.SZ,20191029,9.51,9.54,9.55,9.31,9.32,-0.19,-1.9979,20679.03,19399.986,51.55,51.72,51.77,50.47,50.52,5.420942,9.3815,-1,10.46,8.56,7.62,1
000014.SZ,20191030,9.32,9.33,9.36,8.99,9.05,-0.27,-2.897,25919.02,23649.312,50.52,50.58,50.74,48.73,49.06,5.420942,9.1243,-1,10.25,8.39,7.4,1
000014.SZ,20191031,9.05,9.06,9.1,8.84,8.9,-0.15,-1.6575,22047.86,19790.76,49.06,49.11,49.33,47.92,48.25,5.420942,8.9763,-1,9.96,8.15,7.28,1
000014.SZ,20191101,8.9,8.91,9.13,8.85,9.1,0.2,2.2472,15683.73,14149.458,48.25,48.3,49.49,47.98,49.33,5.420942,9.0217,-1,9.79,8.01,7.44,1
000014.SZ,20191104,9.1,9.11,9.27,9.11,9.15,0.05,0.5495,13717.01,12596.52,49.33,49.38,50.25,49.38,49.6,5.420942,9.1831,-1,10.01,8.19,7.48,1
000014.SZ,20191105,9.15,9.22,9.22,9.03,9.13,-0.02,-0.2186,9931,9056.65,49.6,49.98,49.98,48.95,49.49,5.420942,9.1196,-1,10.07,8.24,7.47,1
000014.SZ,20191106,9.13,9.13,9.14,8.96,9.01,-0.12,-1.3143,13518.01,12235.609,49.49,49.49,49.55,48.57,48.84,5.420942,9.0513,-1,10.04,8.22,7.37,1
000014.SZ,20191107,9.01,9.08,9.17,9,9.12,0.11,1.2209,12363.01,11254.083,48.84,49.22,49.71,48.79,49.44,5.420942,9.103,-1,9.91,8.11,7.46,1
000014.SZ,20191108,9.12,9.15,9.32,9.14,9.23,0.11,1.2061,17842,16491.287,49.44,49.6,50.52,49.55,50.04,5.420942,9.243,-1,10.03,8.21,7.55,1
000014.SZ,20191111,9.23,9.15,9.17,8.97,8.99,-0.24,-2.6002,12680.71,11454.359,50.04,49.6,49.71,48.63,48.73,5.420942,9.0329,-1,10.15,8.31,7.35,1
000014.SZ,20191112,8.99,8.99,9.08,8.88,9.04,0.05,0.5562,13381,11995.266,48.73,48.73,49.22,48.14,49.01,5.420942,8.9644,-1,9.89,8.09,7.39,1
000014.SZ,20191113,9.04,9.07,9.07,8.86,9,-0.04,-0.4425,13125.03,11705.706,49.01,49.17,49.17,48.03,48.79,5.420942,8.9186,-1,9.94,8.14,7.36,1
000014.SZ,20191114,9,9.05,9.09,8.91,9.07,0.07,0.7778,11701.36,10562.728,48.79,49.06,49.28,48.3,49.17,5.420942,9.0269,-1,9.9,8.1,7.42,1
000014.SZ,20191115,9.07,9.08,9.08,8.8,8.89,-0.18,-1.9846,11721.01,10516.736,49.17,49.22,49.22,47.7,48.19,5.420942,8.9726,-1,9.98,8.16,7.27,1
000014.SZ,20191118,8.89,8.89,9.12,8.81,8.97,0.08,0.8999,11735.02,10559.548,48.19,48.19,49.44,47.76,48.63,5.420942,8.9983,-1,9.78,8,7.34,1
000014.SZ,20191119,8.97,8.95,9.1,8.93,9.05,0.08,0.8919,11377.26,10272.415,48.63,48.52,49.33,48.41,49.06,5.420942,9.0289,-1,9.87,8.07,7.4,1
000014.SZ,20191120,9.05,9.08,9.08,8.88,8.92,-0.13,-1.4365,14227.01,12743.669,49.06,49.22,49.22,48.14,48.35,5.420942,8.9574,-1,9.96,8.15,7.3,1
000014.SZ,20191121,8.92,8.92,9.02,8.86,8.94,0.02,0.2242,9728.73,8680.544,48.35,48.35,48.9,48.03,48.46,5.420942,8.9226,-1,9.81,8.03,7.31,1
000014.SZ,20191122,8.94,9.01,9.03,8.87,8.9,-0.04,-0.4474,14023.01,12531.821,48.46,48.84,48.95,48.08,48.25,5.420942,8.9366,-1,9.83,8.05,7.28,1
000014.SZ,20191125,8.9,8.92,9.07,8.86,8.96,0.06,0.6742,14496.06,13012.825,48.25,48.35,49.17,48.03,48.57,5.420942,8.9768,-1,9.79,8.01,7.33,1
000014.SZ,20191126,8.96,8.98,9.04,8.79,8.84,-0.12,-1.3393,16601.75,14760.809,48.57,48.68,49.01,47.65,47.92,5.420942,8.8911,-1,9.86,8.06,7.23,1
000014.SZ,20191127,8.84,8.84,8.94,8.78,8.8,-0.04,-0.4525,14508.02,12842.558,47.92,47.92,48.46,47.6,47.7,5.420942,8.852,-1,9.72,7.96,7.2,1
000014.SZ,20191128,8.8,8.78,8.86,8.69,8.71,-0.09,-1.0227,11397.11,9988.92,47.7,47.6,48.03,47.11,47.22,5.420942,8.7644,-1,9.68,7.92,7.12,1
000014.SZ,20191129,8.71,8.71,8.74,8.6,8.74,0.03,0.3444,8292.01,7219.439,47.22,47.22,47.38,46.62,47.38,5.420942,8.7065,-1,9.58,7.84,7.15,1
000014.SZ,20191202,8.74,8.74,8.84,8.74,8.8,0.06,0.6865,7368,6473.774,47.38,47.38,47.92,47.38,47.7,5.420942,8.7863,-1,9.61,7.87,7.2,1
000014.SZ,20191203,8.8,8.8,8.82,8.69,8.8,0,0,8118.21,7106.341,47.7,47.7,47.81,47.11,47.7,5.420942,8.7536,-1,9.68,7.92,7.2,1
000014.SZ,20191204,8.8,8.74,8.83,8.7,8.8,0,0,9046.83,7939.378,47.7,47.38,47.87,47.16,47.7,5.420942,8.7759,-1,9.68,7.92,7.2,1
000014.SZ,20191205,8.8,8.8,8.84,8.76,8.81,0.01,0.1136,13826.01,12172.325,47.7,47.7,47.92,47.49,47.76,5.420942,8.8039,-1,9.68,7.92,7.21,1
000014.SZ,20191206,8.81,8.83,8.95,8.81,8.94,0.13,1.4756,19998.11,17772.982,47.76,47.87,48.52,47.76,48.46,5.420942,8.8873,-1,9.69,7.93,7.31,1
000014.SZ,20191209,8.94,8.85,9.08,8.85,9.02,0.08,0.8949,18086.01,16253.384,48.46,47.98,49.22,47.98,48.9,5.420942,8.9867,-1,9.83,8.05,7.38,1
000014.SZ,20191210,9.02,8.96,9.19,8.94,9.17,0.15,1.663,29455.74,26734.868,48.9,48.57,49.82,48.46,49.71,5.420942,9.0763,-1,9.92,8.12,7.5,1
000014.SZ,20191211,9.17,9.17,9.41,9.1,9.38,0.21,2.2901,36016.72,33291.19,49.71,49.71,51.01,49.33,50.85,5.420942,9.2433,-1,10.09,8.25,7.67,1
000014.SZ,20191212,9.38,9.38,9.48,9.2,9.21,-0.17,-1.8124,30991.02,28947.082,50.85,50.85,51.39,49.87,49.93,5.420942,9.3405,-1,10.32,8.44,7.53,1
000014.SZ,20191213,9.21,9.22,9.34,9.17,9.21,0,0,18968,17513.429,49.93,49.98,50.63,49.71,49.93,5.420942,9.2331,-1,10.13,8.29,7.53,1
000014.SZ,20191216,9.21,9.17,9.27,9.17,9.25,0.04,0.4343,19656.38,18127.565,49.93,49.71,50.25,49.71,50.14,5.420942,9.2222,-1,10.13,8.29,7.57,1
000014.SZ,20191217,9.25,9.25,9.46,9.24,9.38,0.13,1.4054,32108.01,30159.41,50.14,50.14,51.28,50.09,50.85,5.420942,9.3931,-1,10.18,8.33,7.67,1
000014.SZ,20191218,9.38,9.37,9.8,9.36,9.58,0.2,2.1322,43031.87,41408.997,50.85,50.79,53.13,50.74,51.93,5.420942,9.6229,-1,10.32,8.44,7.84,1
000014.SZ,20191219,9.58,9.58,9.63,9.51,9.54,-0.04,-0.4175,18628.99,17797.414,51.93,51.93,52.2,51.55,51.72,5.420942,9.5536,-1,10.54,8.62,7.8,1
000014.SZ,20191220,9.54,9.55,9.65,9.46,9.52,-0.02,-0.2096,15390,14648.475,51.72,51.77,52.31,51.28,51.61,5.420942,9.5182,-1,10.49,8.59,7.79,1
000014.SZ,20191223,9.52,9.58,9.61,9.27,9.28,-0.24,-2.521,18361,17308.962,51.61,51.93,52.1,50.25,50.31,5.420942,9.427,-1,10.47,8.57,7.59,1
000014.SZ,20191224,9.28,9.32,9.41,9.3,9.35,0.07,0.7543,7849,7339.356,50.31,50.52,51.01,50.41,50.69,5.420942,9.3507,-1,10.21,8.35,7.65,1
000014.SZ,20191225,9.35,9.35,9.35,9.19,9.26,-0.09,-0.9626,15923.52,14737.148,50.69,50.69,50.69,49.82,50.2,5.420942,9.255,-1,10.29,8.42,7.57,1
000014.SZ,20191226,9.26,9.31,9.39,9.24,9.39,0.13,1.4039,15024.11,14038.592,50.2,50.47,50.9,50.09,50.9,5.420942,9.344,-1,10.19,8.33,7.68,1
000014.SZ,20191227,9.39,9.39,9.43,9.29,9.29,-0.1,-1.065,12692,11880.39,50.9,50.9,51.12,50.36,50.36,5.420942,9.3605,-1,10.33,8.45,7.6,1
000014.SZ,20191230,9.29,9.22,9.3,9.11,9.27,-0.02,-0.2153,15983.3,14710.824,50.36,49.98,50.41,49.38,50.25,5.420942,9.2039,-1,10.22,8.36,7.58,1
000014.SZ,20191231,9.27,9.27,9.32,9.22,9.31,0.04,0.4315,11795.81,10955.962,50.25,50.25,50.52,49.98,50.47,5.420942,9.288,-1,10.2,8.34,7.61,1
000014.SZ,20200102,9.31,9.38,9.48,9.37,9.42,0.11,1.1815,23834.12,22421.411,50.47,50.85,51.39,50.79,51.07,5.420942,9.4073,-1,10.24,8.38,7.7,1
000014.SZ,20200103,9.42,9.41,9.45,9.35,9.42,0,0,14183.58,13330.049,51.07,51.01,51.23,50.69,51.07,5.420942,9.3982,-1,10.36,8.48,7.7,1
000014.SZ,20200106,9.42,9.36,9.45,9.2,9.34,-0.08,-0.8493,22953.37,21438.619,51.07,50.74,51.23,49.87,50.63,5.420942,9.3401,-1,10.36,8.48,7.64,1
000014.SZ,20200107,9.34,9.34,10.09,9.33,9.99,0.65,6.9593,94994.9,93167.457,50.63,50.63,54.7,50.58,54.16,5.420942,9.8076,-1,10.27,8.41,8.17,1
000014.SZ,20200108,9.99,9.82,9.93,9.62,9.74,-0.25,-2.5025,45416.85,44303.446,54.16,53.23,53.83,52.15,52.8,5.420942,9.7548,-1,10.99,8.99,7.97,1
000014.SZ,20200109,9.74,9.74,9.82,9.66,9.69,-0.05,-0.5133,21882.28,21251.107,52.8,52.8,53.23,52.37,52.53,5.420942,9.7116,-1,10.71,8.77,7.93,1
000014.SZ,20200110,9.69,9.69,9.96,9.65,9.71,0.02,0.2064,24831.11,24364.627,52.53,52.53,53.99,52.31,52.64,5.420942,9.8121,-1,10.66,8.72,7.94,1
000014.SZ,20200113,9.71,9.71,9.76,9.61,9.74,0.03,0.309,14524.74,14071.55,52.64,52.64,52.91,52.1,52.8,5.420942,9.688,-1,10.68,8.74,7.97,1
000014.SZ,20200114,9.74,9.78,9.87,9.71,9.71,-0.03,-0.308,17396.41,17017.671,52.8,53.02,53.5,52.64,52.64,5.420942,9.7823,-1,10.71,8.77,7.94,1
000014.SZ,20200115,9.71,9.73,9.78,9.58,9.62,-0.09,-0.9269,12490,12033.005,52.64,52.75,53.02,51.93,52.15,5.420942,9.6341,-1,10.68,8.74,7.87,1
000014.SZ,20200116,9.62,9.62,9.63,9.46,9.47,-0.15,-1.5593,14018,13350.271,52.15,52.15,52.2,51.28,51.34,5.420942,9.5237,-1,10.58,8.66,7.75,1
000014.SZ,20200117,9.47,9.47,9.6,9.41,9.42,-0.05,-0.528,11787.49,11150.142,51.34,51.34,52.04,51.01,51.07,5.420942,9.4593,-1,10.42,8.52,7.7,1
000014.SZ,20200120,9.42,9.42,9.48,9.37,9.44,0.02,0.2123,10280,9683.439,51.07,51.07,51.39,50.79,51.17,5.420942,9.4197,-1,10.36,8.48,7.72,1
000014.SZ,20200121,9.44,9.42,9.43,9.32,9.33,-0.11,-1.1653,10953.01,10255.693,51.17,51.07,51.12,50.52,50.58,5.420942,9.3634,-1,10.38,8.5,7.63,1
000014.SZ,20200122,9.33,9.35,9.43,9.21,9.37,0.04,0.4287,10827.02,10098.699,50.58,50.69,51.12,49.93,50.79,5.420942,9.3273,-1,10.26,8.4,7.66,1
000014.SZ,20200123,9.37,9.36,9.46,9.06,9.12,-0.25,-2.6681,22776,20973.937,50.79,50.74,51.28,49.11,49.44,5.420942,9.2088,-1,10.31,8.43,7.46,1
000014.SZ,20200203,9.12,8.21,8.21,8.21,8.21,-0.91,-9.9781,8928,7329.888,49.44,44.51,44.51,44.51,44.51,5.420942,8.21,-1,10.03,8.21,6.72,1
000014.SZ,20200204,8.21,7.39,8,7.39,7.9,-0.31,-3.7759,29994.37,23450.34,44.51,40.06,43.37,40.06,42.83,5.420942,7.8182,-1,9.03,7.39,6.46,1
000014.SZ,20200205,7.9,7.88,8.23,7.85,8.06,0.16,2.0253,20407.31,16464.916,42.83,42.72,44.61,42.55,43.69,5.420942,8.0681,-1,8.69,7.11,6.59,1
000014.SZ,20200206,8.06,8.06,8.14,7.99,8.08,0.02,0.2481,24460.34,19712.894,43.69,43.69,44.13,43.31,43.8,5.420942,8.0591,-1,8.87,7.25,6.61,1
000014.SZ,20200207,8.08,8.03,8.1,7.95,8.09,0.01,0.1238,21265.02,17080.328,43.8,43.53,43.91,43.1,43.86,5.420942,8.0321,-1,8.89,7.27,6.62,1
000014.SZ,20200210,8.09,8.06,8.25,7.93,8.23,0.14,1.7305,18829.6,15321.869,43.86,43.69,44.72,42.99,44.61,5.420942,8.1371,-1,8.9,7.28,6.73,1
000014.SZ,20200211,8.23,8.25,8.48,8.25,8.41,0.18,2.1871,24861.59,20864.856,44.61,44.72,45.97,44.72,45.59,5.420942,8.3924,-1,9.05,7.41,6.88,1
000014.SZ,20200212,8.41,8.41,8.42,8.31,8.41,0,0,19850.79,16629.185,45.59,45.59,45.64,45.05,45.59,5.420942,8.3771,-1,9.25,7.57,6.88,1
000014.SZ,20200213,8.41,8.39,8.58,8.31,8.35,-0.06,-0.7134,21149.01,17768.081,45.59,45.48,46.51,45.05,45.26,5.420942,8.4014,-1,9.25,7.57,6.83,1
000014.SZ,20200214,8.35,8.36,8.44,8.31,8.39,0.04,0.479,16472.01,13780.744,45.26,45.32,45.75,45.05,45.48,5.420942,8.3662,-1,9.19,7.52,6.86,1
000014.SZ,20200217,8.39,8.39,8.57,8.31,8.56,0.17,2.0262,25029.03,21254.059,45.48,45.48,46.46,45.05,46.4,5.420942,8.4918,-1,9.23,7.55,7,1
000014.SZ,20200218,8.56,8.58,8.58,8.45,8.58,0.02,0.2336,19639.88,16752.703,46.4,46.51,46.51,45.81,46.51,5.420942,8.5299,-1,9.42,7.7,7.02,1
000014.SZ,20200219,8.58,8.51,8.7,8.5,8.54,-0.04,-0.4662,17086.3,14698.873,46.51,46.13,47.16,46.08,46.29,5.420942,8.6027,-1,9.44,7.72,6.98,1
000014.SZ,20200220,8.54,8.54,8.62,8.5,8.61,0.07,0.8197,30084.2,25755.785,46.29,46.29,46.73,46.08,46.67,5.420942,8.5612,-1,9.39,7.69,7.04,1
000014.SZ,20200221,8.61,8.62,8.67,8.56,8.64,0.03,0.3484,25056.13,21569.676,46.67,46.73,47,46.4,46.84,5.420942,8.6085,-1,9.47,7.75,7.07,1
000014.SZ,20200224,8.64,8.61,8.63,8.41,8.56,-0.08,-0.9259,28022.01,23851.83,46.84,46.67,46.78,45.59,46.4,5.420942,8.5118,-1,9.5,7.78,7,1
000014.SZ,20200225,8.56,8.43,8.44,8.16,8.39,-0.17,-1.986,27545.07,22925.386,46.4,45.7,45.75,44.23,45.48,5.420942,8.3229,-1,9.42,7.7,6.86,1
000014.SZ,20200226,8.39,8.26,8.62,8.24,8.47,0.08,0.9535,35786.32,30533.224,45.48,44.78,46.73,44.67,45.92,5.420942,8.5321,-1,9.23,7.55,6.93,1
000014.SZ,20200227,8.47,8.48,8.58,8.4,8.52,0.05,0.5903,28962.54,24612.438,45.92,45.97,46.51,45.54,46.19,5.420942,8.498,-1,9.32,7.62,6.97,1
000014.SZ,20200228,8.52,8.4,8.45,8.13,8.16,-0.36,-4.2254,27916.99,23092.447,46.19,45.54,45.81,44.07,44.23,5.420942,8.2718,-1,9.37,7.67,6.67,1
000014.SZ,20200302,8.16,8.11,8.46,8.11,8.43,0.27,3.3088,23483.43,19673.696,44.23,43.96,45.86,43.96,45.7,5.420942,8.3777,-1,8.98,7.34,6.89,1
000014.SZ,20200303,8.43,8.48,8.87,8.43,8.79,0.36,4.2705,49694.98,42827.688,45.7,45.97,48.08,45.7,47.65,5.420942,8.6181,-1,9.27,7.59,7.19,1
000014.SZ,20200304,8.79,8.66,8.99,8.56,8.86,0.07,0.7964,59399.96,52011.325,47.65,46.95,48.73,46.4,48.03,5.420942,8.7561,-1,9.67,7.91,7.25,1
000014.SZ,20200305,8.86,8.84,8.93,8.7,8.85,-0.01,-0.1129,42385.1,37400.927,48.03,47.92,48.41,47.16,47.98,5.420942,8.8241,-1,9.75,7.97,7.24,1
000014.SZ,20200306,8.85,8.75,8.84,8.62,8.78,-0.07,-0.791,32312.06,28221.202,47.98,47.43,47.92,46.73,47.6,5.420942,8.734,-1,9.74,7.97,7.18,1
000014.SZ,20200309,8.78,8.65,8.7,8.35,8.37,-0.41,-4.6697,35708,30384.504,47.6,46.89,47.16,45.26,45.37,5.420942,8.5092,-1,9.66,7.9,6.85,1
000014.SZ,20200310,8.37,8.25,8.5,8.17,8.47,0.1,1.1947,30177.02,25189.114,45.37,44.72,46.08,44.29,45.92,5.420942,8.3471,-1,9.21,7.53,6.93,1
000014.SZ,20200311,8.47,8.47,8.66,8.42,8.58,0.11,1.2987,30512.74,26134.496,45.92,45.92,46.95,45.64,46.51,5.420942,8.5651,-1,9.32,7.62,7.02,1
000014.SZ,20200312,8.58,8.4,8.47,8.28,8.35,-0.23,-2.6807,25638.71,21433.904,46.51,45.54,45.92,44.89,45.26,5.420942,8.36,-1,9.44,7.72,6.83,1
000014.SZ,20200313,8.35,7.96,8.36,7.86,8.2,-0.15,-1.7964,30113.05,24361.522,45.26,43.15,45.32,42.61,44.45,5.420942,8.09,-1,9.19,7.52,6.71,1
000014.SZ,20200316,8.2,8.2,8.48,8.06,8.15,-0.05,-0.6098,26551.15,21889.596,44.45,44.45,45.97,43.69,44.18,5.420942,8.2443,-1,9.02,7.38,6.67,1
000014.SZ,20200317,8.15,8.18,8.2,7.77,8,-0.15,-1.8405,23704.38,18884.335,44.18,44.34,44.45,42.12,43.37,5.420942,7.9666,-1,8.97,7.34,6.54,1
000014.SZ,20200318,8,8.11,8.15,7.88,7.89,-0.11,-1.375,17827,14331.939,43.37,43.96,44.18,42.72,42.77,5.420942,8.0395,-1,8.8,7.2,6.45,1
000014.SZ,20200319,7.89,7.89,7.93,7.75,7.92,0.03,0.3802,16495.03,12919.626,42.77,42.77,42.99,42.01,42.93,5.420942,7.8324,-1,8.68,7.1,6.48,1
000014.SZ,20200320,7.92,7.98,8.05,7.89,8.04,0.12,1.5152,10956.02,8733.486,42.93,43.26,43.64,42.77,43.58,5.420942,7.9714,-1,8.71,7.13,6.58,1
000014.SZ,20200323,8.04,7.95,7.96,7.78,7.9,-0.14,-1.7413,17254.01,13627.009,43.58,43.1,43.15,42.17,42.83,5.420942,7.8979,-1,8.84,7.24,6.46,1
000014.SZ,20200324,7.9,7.98,8.03,7.87,8.02,0.12,1.519,10943,8721.815,42.83,43.26,43.53,42.66,43.48,5.420942,7.9702,-1,8.69,7.11,6.56,1
000014.SZ,20200325,8.02,8.12,8.3,8.04,8.18,0.16,1.995,26032.4,21245.695,43.48,44.02,44.99,43.58,44.34,5.420942,8.1613,-1,8.82,7.22,6.69,1
000014.SZ,20200326,8.18,8.11,8.17,7.99,8.01,-0.17,-2.0782,18823.01,15179.806,44.34,43.96,44.29,43.31,43.42,5.420942,8.0645,-1,9,7.36,6.55,1
000014.SZ,20200327,8.01,8.1,8.14,8.02,8.04,0.03,0.3745,15777.39,12762.574,43.42,43.91,44.13,43.48,43.58,5.420942,8.0892,-1,8.81,7.21,6.58,1
000014.SZ,20200330,8.04,8,8,7.72,7.83,-0.21,-2.6119,18078.3,14089.774,43.58,43.37,43.37,41.85,42.45,5.420942,7.7937,-1,8.84,7.24,6.4,1
000014.SZ,20200331,7.83,7.9,7.93,7.81,7.82,-0.01,-0.1277,11424.02,8997.49,42.45,42.83,42.99,42.34,42.39,5.420942,7.8759,-1,8.61,7.05,6.4,1
000014.SZ,20200401,7.82,7.85,7.89,7.78,7.79,-0.03,-0.3836,10047,7872.879,42.39,42.55,42.77,42.17,42.23,5.420942,7.836,-1,8.6,7.04,6.37,1
000014.SZ,20200402,7.79,7.78,7.87,7.7,7.87,0.08,1.027,10147.05,7908.788,42.23,42.17,42.66,41.74,42.66,5.420942,7.7942,-1,8.57,7.01,6.44,1
000014.SZ,20200403,7.87,7.85,8.66,7.81,8.41,0.54,6.8615,63112.57,52150.106,42.66,42.55,46.95,42.34,45.59,5.420942,8.263,-1,8.66,7.08,6.88,1
000014.SZ,20200407,8.41,8.26,8.42,8.2,8.32,-0.09,-1.0702,47523.17,39464.132,45.59,44.78,45.64,44.45,45.1,5.420942,8.3042,-1,9.25,7.57,6.81,1
000014.SZ,20200408,8.32,8.28,8.33,8.15,8.26,-0.06,-0.7212,26048.07,21436.529,45.1,44.89,45.16,44.18,44.78,5.420942,8.2296,-1,9.15,7.49,6.76,1
000014.SZ,20200409,8.26,8.28,8.41,8.25,8.32,0.06,0.7264,29477.11,24534.965,44.78,44.89,45.59,44.72,45.1,5.420942,8.3234,-1,9.09,7.43,6.81,1
000014.SZ,20200410,8.32,8.32,8.35,8.14,8.18,-0.14,-1.6827,27780.46,22841.816,45.1,45.1,45.26,44.13,44.34,5.420942,8.2223,-1,9.15,7.49,6.69,1
000014.SZ,20200413,8.18,8.2,8.26,8.14,8.14,-0.04,-0.489,16425.95,13467.297,44.34,44.45,44.78,44.13,44.13,5.420942,8.1988,-1,9,7.36,6.66,1
000014.SZ,20200414,8.14,8.15,8.24,8.14,8.19,0.05,0.6143,18429,15085.854,44.13,44.18,44.67,44.13,44.4,5.420942,8.1859,-1,8.95,7.33,6.7,1
000014.SZ,20200415,8.19,8.19,8.25,8.1,8.12,-0.07,-0.8547,14537,11884.226,44.4,44.4,44.72,43.91,44.02,5.420942,8.1752,-1,9.01,7.37,6.64,1
000014.SZ,20200416,8.12,8.12,8.29,8.06,8.22,0.1,1.2315,19665.1,16088.222,44.02,44.02,44.94,43.69,44.56,5.420942,8.1811,-1,8.93,7.31,6.72,1
000014.SZ,20200417,8.22,8.25,8.34,8.2,8.22,0,0,21905,18077.319,44.56,44.72,45.21,44.45,44.56,5.420942,8.2526,-1,9.04,7.4,6.72,1
000014.SZ,20200420,8.22,8.23,8.34,8.14,8.3,0.08,0.9732,22633.66,18668.616,44.56,44.61,45.21,44.13,44.99,5.420942,8.2482,-1,9.04,7.4,6.79,1
000014.SZ,20200421,8.3,8.27,8.52,8.2,8.46,0.16,1.9277,35505.07,29688.756,44.99,44.83,46.19,44.45,45.86,5.420942,8.3618,-1,9.13,7.47,6.92,1
000014.SZ,20200422,8.46,8.37,8.75,8.35,8.61,0.15,1.773,56175.85,48238.714,45.86,45.37,47.43,45.26,46.67,5.420942,8.5871,-1,9.31,7.61,7.04,1
000014.SZ,20200423,8.61,8.62,8.65,8.44,8.5,-0.11,-1.2776,32847,27991.069,46.67,46.73,46.89,45.75,46.08,5.420942,8.5217,-1,9.47,7.75,6.95,1
000014.SZ,20200424,8.5,8.5,8.54,8.31,8.36,-0.14,-1.6471,21431.37,17986.354,46.08,46.08,46.29,45.05,45.32,5.420942,8.3925,-1,9.35,7.65,6.84,1
000014.SZ,20200427,8.36,8.35,8.68,8.3,8.56,0.2,2.3923,40392.35,34386.585,45.32,45.26,47.05,44.99,46.4,5.420942,8.5131,-1,9.2,7.52,7,1
000014.SZ,20200428,8.56,8.51,8.51,7.93,8.14,-0.42,-4.9065,38736.32,31791.674,46.4,46.13,46.13,42.99,44.13,5.420942,8.2072,-1,9.42,7.7,6.66,1
000014.SZ,20200429,8.14,8.14,8.23,8.05,8.07,-0.07,-0.86,18778.44,15256.35,44.13,44.13,44.61,43.64,43.75,5.420942,8.1244,-1,8.95,7.33,6.6,1
000014.SZ,20200430,8.07,8.11,8.47,8.07,8.29,0.22,2.7261,32350.35,26773.807,43.75,43.96,45.92,43.75,44.94,5.420942,8.2762,-1,8.88,7.26,6.78,1
000014.SZ,20200506,8.29,8.21,8.33,8.13,8.3,0.01,0.1206,25314.06,20821.58,44.94,44.51,45.16,44.07,44.99,5.420942,8.2253,-1,9.12,7.46,6.79,1
000014.SZ,20200507,8.3,8.25,8.29,8.2,8.26,-0.04,-0.4819,15166.42,12515.921,44.99,44.72,44.94,44.45,44.78,5.420942,8.2524,-1,9.13,7.47,6.76,1
000014.SZ,20200508,8.26,8.28,8.48,8.25,8.44,0.18,2.1792,26619,22290.999,44.78,44.89,45.97,44.72,45.75,5.420942,8.3741,-1,9.09,7.43,6.9,1
000014.SZ,20200511,8.44,8.44,8.49,8.35,8.45,0.01,0.1185,17726,14913.966,45.75,45.75,46.02,45.26,45.81,5.420942,8.4136,-1,9.28,7.6,6.91,1
000014.SZ,20200512,8.45,8.48,8.48,8.23,8.33,-0.12,-1.4201,18857.42,15688.442,45.81,45.97,45.97,44.61,45.16,5.420942,8.3195,-1,9.3,7.61,6.81,1
000014.SZ,20200513,8.33,8.32,8.43,8.24,8.43,0.1,1.2005,12040.33,10047.47,45.16,45.1,45.7,44.67,45.7,5.420942,8.3448,-1,9.16,7.5,6.89,1
000014.SZ,20200514,8.43,8.4,8.51,8.31,8.5,0.07,0.8304,22274.35,18747.383,45.7,45.54,46.13,45.05,46.08,5.420942,8.4166,-1,9.27,7.59,6.95,1
000014.SZ,20200515,8.5,8.95,8.95,8.5,8.52,0.02,0.2353,71872.45,62989.84,46.08,48.52,48.52,46.08,46.19,5.420942,8.7641,-1,9.35,7.65,6.97,1
000014.SZ,20200518,8.52,8.42,8.52,8.26,8.3,-0.22,-2.5822,35513.91,29602.185,46.19,45.64,46.19,44.78,44.99,5.420942,8.3354,-1,9.37,7.67,6.79,1
000014.SZ,20200519,8.3,8.34,8.39,8.26,8.34,0.04,0.4819,22313,18567.384,44.99,45.21,45.48,44.78,45.21,5.420942,8.3213,-1,9.13,7.47,6.82,1
000014.SZ,20200520,8.34,8.32,8.34,8.19,8.21,-0.13,-1.5588,17958.11,14827.787,45.21,45.1,45.21,44.4,44.51,5.420942,8.2569,-1,9.17,7.51,6.72,1
000014.SZ,20200521,8.21,8.19,8.49,8.19,8.37,0.16,1.9488,27944.41,23305.541,44.51,44.4,46.02,44.4,45.37,5.420942,8.34,-1,9.03,7.39,6.85,1
000014.SZ,20200522,8.37,8.32,8.37,8.16,8.2,-0.17,-2.0311,19715,16253.645,45.37,45.1,45.37,44.23,44.45,5.420942,8.2443,-1,9.21,7.53,6.71,1
000014.SZ,20200525,8.2,8.15,8.28,8.11,8.21,0.01,0.122,10081.27,8272.234,44.45,44.18,44.89,43.96,44.51,5.420942,8.2055,-1,9.02,7.38,6.72,1
000014.SZ,20200526,8.21,8.25,8.64,8.2,8.59,0.38,4.6285,55742.33,47376.595,44.51,44.72,46.84,44.45,46.57,5.420942,8.4992,-1,9.03,7.39,7.03,1
000014.SZ,20200527,8.59,8.59,8.64,8.48,8.59,0,0,35168.92,30105.188,46.57,46.57,46.84,45.97,46.57,5.420942,8.5602,-1,9.45,7.73,7.03,1
000014.SZ,20200528,8.59,8.58,8.69,8.48,8.61,0.02,0.2328,31708,27263.422,46.57,46.51,47.11,45.97,46.67,5.420942,8.5983,-1,9.45,7.73,7.04,1
000014.SZ,20200529,8.61,8.58,8.85,8.52,8.66,0.05,0.5807,47088.15,41052.255,46.67,46.51,47.98,46.19,46.95,5.420942,8.7182,-1,9.47,7.75,7.08,1
000014.SZ,20200601,8.66,8.71,8.85,8.67,8.81,0.15,1.7321,43633.9,38360.705,46.95,47.22,47.98,47,47.76,5.420942,8.7915,-1,9.53,7.79,7.21,1
000014.SZ,20200602,8.81,8.9,9.5,8.82,9.23,0.42,4.7673,100874.56,93119.427,47.76,48.25,51.5,47.81,50.04,5.420942,9.2312,-1,9.69,7.93,7.55,1
000014.SZ,20200603,9.23,9.17,9.49,9.09,9.24,0.01,0.1083,81861.39,75983.112,50.04,49.71,51.44,49.28,50.09,5.420942,9.2819,-1,10.15,8.31,7.56,1
000014.SZ,20200604,9.24,9.25,9.5,9.18,9.37,0.13,1.4069,54610.21,51127.73,50.09,50.14,51.5,49.76,50.79,5.420942,9.3623,-1,10.16,8.32,7.66,1
000014.SZ,20200605,9.37,9.37,9.37,9.12,9.18,-0.19,-2.0277,38485,35499.937,50.79,50.79,50.79,49.44,49.76,5.420942,9.2244,-1,10.31,8.43,7.51,1
000014.SZ,20200608,9.18,9.21,9.34,9.05,9.06,-0.12,-1.3072,42731,39029.297,49.76,49.93,50.63,49.06,49.11,5.420942,9.1337,-1,10.1,8.26,7.41,1
000014.SZ,20200609,9.06,9.12,9.19,8.99,9.04,-0.02,-0.2208,25502,23115.878,49.11,49.44,49.82,48.73,49.01,5.420942,9.0643,-1,9.97,8.15,7.39,1
000014.SZ,20200610,9.04,9.05,9.41,8.92,9.37,0.33,3.6504,43717.03,40037.928,49.01,49.06,51.01,48.35,50.79,5.420942,9.1584,-1,9.94,8.14,7.66,1
000014.SZ,20200611,9.36,9.1,9.4,9.1,9.2,-0.16,-1.7094,40865.93,37859.506,50.79,49.38,51.01,49.38,49.93,5.426734,9.2643,2,10.3,8.42,7.53,1
000014.SZ,20200612,9.2,8.96,9.78,8.92,9.59,0.39,4.2391,72599.26,68558.506,49.93,48.62,53.07,48.41,52.04,5.426734,9.4434,-1,10.12,8.28,7.85,1
000014.SZ,20200615,9.59,9.61,10.28,9.61,10.11,0.52,5.4223,117209.66,117480.448,52.04,52.15,55.79,52.15,54.86,5.426734,10.0231,-1,10.55,8.63,8.28,1
000014.SZ,20200616,10.11,10.07,10.63,9.98,10.47,0.36,3.5608,110403.76,113416.319,54.86,54.65,57.69,54.16,56.82,5.426734,10.2729,-1,11.12,9.1,8.57,1
000014.SZ,20200617,10.47,10.36,11.28,10.14,10.74,0.27,2.5788,121482,128590.116,56.82,56.22,61.21,55.03,58.28,5.426734,10.5851,-1,11.52,9.42,8.79,1
000014.SZ,20200618,10.74,10.71,11.17,10.39,10.41,-0.33,-3.0726,89396.12,95461.282,58.28,58.12,60.62,56.38,56.49,5.426734,10.6785,-1,11.81,9.67,8.52,1
000014.SZ,20200619,10.41,10.29,10.5,10.23,10.29,-0.12,-1.1527,52602.06,54419.627,56.49,55.84,56.98,55.52,55.84,5.426734,10.3455,-1,11.45,9.37,8.43,1
000014.SZ,20200622,10.29,10.49,10.51,10.08,10.26,-0.03,-0.2915,43647.94,44822.914,55.84,56.93,57.03,54.7,55.68,5.426734,10.2692,-1,11.32,9.26,8.4,1
000014.SZ,20200623,10.26,10.21,10.4,10.13,10.2,-0.06,-0.5848,45347,46341.196,55.68,55.41,56.44,54.97,55.35,5.426734,10.2192,-1,11.29,9.23,8.35,1
000014.SZ,20200624,10.2,10.21,10.28,10.03,10.16,-0.04,-0.3922,38733.21,39279.509,55.35,55.41,55.79,54.43,55.14,5.426734,10.141,-1,11.22,9.18,8.32,1
000014.SZ,20200629,10.16,10.03,10.8,9.14,10.69,0.53,5.2165,104589.58,109229.965,55.14,54.43,58.61,49.6,58.01,5.426734,10.4437,-1,11.18,9.14,8.75,1
000014.SZ,20200630,10.69,10.8,11.22,10.69,10.82,0.13,1.2161,82865.91,89981.098,58.01,58.61,60.89,58.01,58.72,5.426734,10.8586,-1,11.76,9.62,8.86,1
000014.SZ,20200701,10.82,10.82,11.69,10.7,11.62,0.8,7.3937,138337.62,156748.214,58.72,58.72,63.44,58.07,63.06,5.426734,11.3308,-1,11.9,9.74,9.51,1
000014.SZ,20200702,11.62,11.52,11.79,11.18,11.19,-0.43,-3.7005,108038.64,123642.387,63.06,62.52,63.98,60.67,60.73,5.426734,11.4443,-1,12.78,10.46,9.16,1
000014.SZ,20200703,11.19,11.3,11.3,10.91,10.93,-0.26,-2.3235,66558.18,73549.91,60.73,61.32,61.32,59.21,59.31,5.426734,11.0505,-1,12.31,10.07,8.95,1
000014.SZ,20200706,10.93,10.99,11.53,10.8,11.48,0.55,5.032,101224.98,113801.788,59.31,59.64,62.57,58.61,62.3,5.426734,11.2425,-1,12.02,9.84,9.4,1
000014.SZ,20200707,11.48,11.55,11.98,11.1,11.31,-0.17,-1.4808,114611.25,131302.388,62.3,62.68,65.01,60.24,61.38,5.426734,11.4563,-1,12.63,10.33,9.26,1
000014.SZ,20200708,11.31,11.19,11.25,11,11.25,-0.06,-0.5305,82783.17,92157.358,61.38,60.73,61.05,59.69,61.05,5.426734,11.1324,-1,12.44,10.18,9.21,1
000014.SZ,20200709,11.25,11.24,11.53,11.09,11.26,0.01,0.0889,97063.83,109951.595,61.05,61,62.57,60.18,61.11,5.426734,11.3278,-1,12.38,10.13,9.22,1
000014.SZ,20200710,11.26,11.26,12.39,11.1,12.39,1.13,10.0355,155060.03,187059.801,61.11,61.11,67.24,60.24,67.24,5.426734,12.0637,-1,12.39,10.13,10.14,1
000014.SZ,20200713,12.39,12.52,13.63,12.39,13.63,1.24,10.0081,158190.9,205943.134,67.24,67.94,73.97,67.24,73.97,5.426734,13.0186,-1,13.63,11.15,11.16,1
000014.SZ,20200714,13.63,13.98,14.85,13.23,14.39,0.76,5.5759,310119,434931.801,73.97,75.87,80.59,71.8,78.09,5.426734,14.0247,-1,14.99,12.27,11.78,1
000014.SZ,20200715,14.39,13.99,13.99,12.95,12.95,-1.44,-10.0069,180659.38,240776.444,78.09,75.92,75.92,70.28,70.28,5.426734,13.3276,-1,15.83,12.95,10.6,1
000014.SZ,20200716,12.95,12.34,12.65,11.66,11.67,-1.28,-9.8842,151789.19,184317.474,70.28,66.97,68.65,63.28,63.33,5.426734,12.143,-1,14.25,11.66,9.56,1
000014.SZ,20200717,11.67,11.63,12,11.35,11.84,0.17,1.4567,78221.04,91693.673,63.33,63.11,65.12,61.59,64.25,5.426734,11.7224,-1,12.84,10.5,9.69,1
000014.SZ,20200720,11.84,11.85,12.49,11.68,12.45,0.61,5.152,91038.89,110858.775,64.25,64.31,67.78,63.38,67.56,5.426734,12.1771,-1,13.02,10.66,10.19,1
000014.SZ,20200721,12.45,12.35,13.69,12.28,13.47,1.02,8.1928,142330.73,184733.231,67.56,67.02,74.29,66.64,73.1,5.426734,12.9792,-1,13.7,11.21,11.03,1
000014.SZ,20200722,13.47,13.25,14.01,12.79,13.38,-0.09,-0.6682,160768.58,216106.943,73.1,71.9,76.03,69.41,72.61,5.426734,13.4421,-1,14.82,12.12,10.96,1
000014.SZ,20200723,13.38,13.04,13.5,12.82,13.12,-0.26,-1.9432,101233.48,133495.066,72.61,70.76,73.26,69.57,71.2,5.426734,13.1868,-1,14.72,12.04,10.74,1
000014.SZ,20200724,13.12,13.17,13.86,12.68,12.85,-0.27,-2.0579,139325.88,185459.148,71.2,71.47,75.21,68.81,69.73,5.426734,13.3112,-1,14.43,11.81,10.52,1
000014.SZ,20200727,12.85,12.87,13.18,12.22,12.52,-0.33,-2.5681,85069.91,107999.05,69.73,69.84,71.52,66.31,67.94,5.426734,12.6953,-1,14.14,11.57,10.25,1
000014.SZ,20200728,12.52,12.63,12.85,12.28,12.55,0.03,0.2396,70539.91,88412.242,67.94,68.54,69.73,66.64,68.11,5.426734,12.5336,-1,13.77,11.27,10.28,1
000014.SZ,20200729,12.55,12.45,13.26,12.33,13.18,0.63,5.0199,112525.73,146082.619,68.11,67.56,71.96,66.91,71.52,5.426734,12.9822,-1,13.81,11.3,10.79,1
000014.SZ,20200730,13.18,13.16,13.5,12.95,13.34,0.16,1.214,126083.02,166725.225,71.52,71.42,73.26,70.28,72.39,5.426734,13.2234,-1,14.5,11.86,10.92,1
000014.SZ,20200731,13.34,13.34,13.66,12.95,13.4,0.06,0.4498,130851.05,174157.896,72.39,72.39,74.13,70.28,72.72,5.426734,13.3096,-1,14.67,12.01,10.97,1
000014.SZ,20200803,13.4,13.48,14.59,13.48,14.25,0.85,6.3433,184435.97,259250.128,72.72,73.15,79.18,73.15,77.33,5.426734,14.0564,-1,14.74,12.06,11.67,1
000014.SZ,20200804,14.25,14.2,14.81,13.73,13.86,-0.39,-2.7368,196135.62,279234.513,77.33,77.06,80.37,74.51,75.21,5.426734,14.2368,-1,15.68,12.83,11.35,1
000014.SZ,20200805,13.86,13.71,13.8,13.01,13.7,-0.16,-1.1544,117698.57,158522.427,75.21,74.4,74.89,70.6,74.35,5.426734,13.4685,-1,15.25,12.47,11.22,1
000014.SZ,20200806,13.7,13.57,13.75,13.18,13.38,-0.32,-2.3358,79288.34,106290.355,74.35,73.64,74.62,71.52,72.61,5.426734,13.4055,-1,15.07,12.33,10.96,1
000014.SZ,20200807,13.38,13.3,13.44,12.78,13,-0.38,-2.8401,70990.26,93032.791,72.61,72.18,72.94,69.35,70.55,5.426734,13.105,-1,14.72,12.04,10.64,1
000014.SZ,20200810,13,12.87,13.8,12.6,13.45,0.45,3.4615,80586.27,107495.474,70.55,69.84,74.89,68.38,72.99,5.426734,13.3392,-1,14.3,11.7,11.01,1
000014.SZ,20200811,13.45,13.47,13.67,12.67,12.71,-0.74,-5.5019,77498.3,102013.223,72.99,73.1,74.18,68.76,68.97,5.426734,13.1633,-1,14.8,12.11,10.41,1
000014.SZ,20200812,12.71,12.74,13.17,12.56,12.99,0.28,2.203,69701.79,90065.088,68.97,69.14,71.47,68.16,70.49,5.426734,12.9215,-1,13.98,11.44,10.64,1
000014.SZ,20200813,12.99,12.92,12.94,12.66,12.75,-0.24,-1.8476,38816.37,49631.762,70.49,70.11,70.22,68.7,69.19,5.426734,12.7863,-1,14.29,11.69,10.44,1
000014.SZ,20200814,12.75,12.68,12.7,12.2,12.42,-0.33,-2.5882,58063.76,71779.967,69.19,68.81,68.92,66.21,67.4,5.426734,12.3623,-1,14.03,11.48,10.17,1
000014.SZ,20200817,12.42,12.3,12.78,12.27,12.68,0.26,2.0934,48722.2,61280.19,67.4,66.75,69.35,66.59,68.81,5.426734,12.5775,-1,13.66,11.18,10.38,1
000014.SZ,20200818,12.68,12.76,12.94,12.5,12.89,0.21,1.6562,58549.55,74534.266,68.81,69.25,70.22,67.83,69.95,5.426734,12.7301,-1,13.95,11.41,10.55,1
000014.SZ,20200819,12.89,12.86,12.93,12.38,12.45,-0.44,-3.4135,43638.08,55339.477,69.95,69.79,70.17,67.18,67.56,5.426734,12.6815,-1,14.18,11.6,10.19,1
000014.SZ,20200820,12.45,12.29,12.5,11.79,11.87,-0.58,-4.6586,64503.58,77967.767,67.56,66.69,67.83,63.98,64.42,5.426734,12.0874,-1,13.7,11.21,9.72,1
000014.SZ,20200821,11.87,11.95,12.63,11.93,12.29,0.42,3.5383,81183.09,100249.63,64.42,64.85,68.54,64.74,66.69,5.426734,12.3486,-1,13.06,10.68,10.06,1
000014.SZ,20200824,12.29,12.49,12.49,11.88,12.17,-0.12,-0.9764,44458.76,53536.787,66.69,67.78,67.78,64.47,66.04,5.426734,12.0419,-1,13.52,11.06,9.96,1
000014.SZ,20200825,12.17,12.12,12.36,11.95,11.96,-0.21,-1.7256,36737.01,44297.948,66.04,65.77,67.07,64.85,64.9,5.426734,12.0581,-1,13.39,10.95,9.79,1
000014.SZ,20200826,11.96,11.97,12.09,11,11.19,-0.77,-6.4381,81310.06,93020.202,64.9,64.96,65.61,59.69,60.73,5.426734,11.4402,-1,13.16,10.76,9.16,1
000014.SZ,20200827,11.19,11.12,11.39,11.01,11.17,-0.02,-0.1787,47085,52528.046,60.73,60.35,61.81,59.75,60.62,5.426734,11.156,-1,12.31,10.07,9.15,1
000014.SZ,20200828,11.17,11.21,11.32,10.9,11.25,0.08,0.7162,36942,41130.077,60.62,60.83,61.43,59.15,61.05,5.426734,11.1337,-1,12.29,10.05,9.21,1
000014.SZ,20200831,11.25,11.19,11.41,11.06,11.08,-0.17,-1.5111,42058.77,47043.399,61.05,60.73,61.92,60.02,60.13,5.426734,11.1852,-1,12.38,10.13,9.07,1
000014.SZ,20200901,11.08,11.05,11.17,10.93,11.02,-0.06,-0.5415,30280.5,33346.199,60.13,59.97,60.62,59.31,59.8,5.426734,11.0124,-1,12.19,9.97,9.02,1
000014.SZ,20200902,11.02,11.07,11.09,10.69,11.09,0.07,0.6352,41199,44958.796,59.8,60.07,60.18,58.01,60.18,5.426734,10.9126,-1,12.12,9.92,9.08,1
000014.SZ,20200903,11.09,10.99,11.05,10.74,10.78,-0.31,-2.7953,31254,33917.036,60.18,59.64,59.97,58.28,58.5,5.426734,10.8521,-1,12.2,9.98,8.83,1
000014.SZ,20200904,10.78,10.72,10.88,10.49,10.73,-0.05,-0.4638,25149.02,26839.552,58.5,58.17,59.04,56.93,58.23,5.426734,10.6722,-1,11.86,9.7,8.79,1
000014.SZ,20200907,10.73,10.78,10.99,10.52,10.58,-0.15,-1.3979,34223.89,36902.339,58.23,58.5,59.64,57.09,57.41,5.426734,10.7826,-1,11.8,9.66,8.66,1
000014.SZ,20200908,10.58,10.68,10.75,10.34,10.56,-0.02,-0.189,34770.68,36655.696,57.41,57.96,58.34,56.11,57.31,5.426734,10.5421,-1,11.64,9.52,8.65,1
000014.SZ,20200909,10.56,10.47,10.54,10.2,10.3,-0.26,-2.4621,40606.01,42089.227,57.31,56.82,57.2,55.35,55.9,5.426734,10.3653,-1,11.62,9.5,8.43,1
000014.SZ,20200910,10.3,10.35,10.48,10.06,10.07,-0.23,-2.233,35388,36221.645,55.9,56.17,56.87,54.59,54.65,5.426734,10.2356,-1,11.33,9.27,8.25,1
000014.SZ,20200911,10.07,10.18,10.42,10.07,10.38,0.31,3.0785,32847.86,33853.626,54.65,55.24,56.55,54.65,56.33,5.426734,10.3062,-1,11.08,9.06,8.5,1
000014.SZ,20200914,10.38,10.46,10.46,10.13,10.26,-0.12,-1.1561,27092.01,27777.853,56.33,56.76,56.76,54.97,55.68,5.426734,10.2532,-1,11.42,9.34,8.4,1
000014.SZ,20200915,10.26,10.28,10.44,10.14,10.32,0.06,0.5848,27999.01,28739.397,55.68,55.79,56.66,55.03,56,5.426734,10.2644,-1,11.29,9.23,8.45,1
000014.SZ,20200916,10.32,10.32,10.33,10.11,10.18,-0.14,-1.3566,21989.01,22369.507,56,56,56.06,54.86,55.24,5.426734,10.173,-1,11.35,9.29,8.34,1
000014.SZ,20200917,10.18,10.18,10.29,10.02,10.18,0,0,24689.58,25050.084,55.24,55.24,55.84,54.38,55.24,5.426734,10.146,-1,11.2,9.16,8.34,1
000014.SZ,20200918,10.18,10.18,11.2,10.13,11.2,1.02,10.0196,75869.15,82032.295,55.24,55.24,60.78,54.97,60.78,5.426734,10.8123,-1,11.2,9.16,9.17,1
000014.SZ,20200921,11.2,11.31,11.63,10.82,11.05,-0.15,-1.3393,107908.97,120658.303,60.78,61.38,63.11,58.72,59.97,5.426734,11.1815,-1,12.32,10.08,9.05,1
000014.SZ,20200922,11.05,10.98,11.03,10.7,10.71,-0.34,-3.0769,58138.67,63081.242,59.97,59.59,59.86,58.07,58.12,5.426734,10.8501,-1,12.16,9.95,8.77,1
000014.SZ,20200923,10.71,10.76,11.29,10.73,10.91,0.2,1.8674,82088.37,90032.292,58.12,58.39,61.27,58.23,59.21,5.426734,10.9677,-1,11.78,9.64,8.93,1
000014.SZ,20200924,10.91,10.79,11.05,10.73,10.74,-0.17,-1.5582,50253.66,54658.32,59.21,58.55,59.97,58.23,58.28,5.426734,10.8765,-1,12,9.82,8.79,1
000014.SZ,20200925,10.74,10.82,10.9,10.52,10.61,-0.13,-1.2104,32757.12,34954.749,58.28,58.72,59.15,57.09,57.58,5.426734,10.6709,-1,11.81,9.67,8.69,1
000014.SZ,20200928,10.61,10.73,10.9,10.13,10.17,-0.44,-4.147,43280.01,45341.776,57.58,58.23,59.15,54.97,55.19,5.426734,10.4764,-1,11.67,9.55,8.33,1
000014.SZ,20200929,10.17,10.16,10.5,10.05,10.37,0.2,1.9666,37231.94,38490.675,55.19,55.14,56.98,54.54,56.28,5.426734,10.3381,-1,11.19,9.15,8.49,1
000014.SZ,20200930,10.37,10.49,10.65,10.27,10.49,0.12,1.1572,35124,36835.557,56.28,56.93,57.79,55.73,56.93,5.426734,10.4873,-1,11.41,9.33,8.59,1
000014.SZ,20201009,10.49,10.62,11.35,10.61,11.02,0.53,5.0524,88334.13,97348.363,56.93,57.63,61.59,57.58,59.8,5.426734,11.0205,-1,11.54,9.44,9.02,1
000014.SZ,20201012,11.02,11.8,11.81,11.29,11.57,0.55,4.9909,140928.4,162734.801,59.8,64.04,64.09,61.27,62.79,5.426734,11.5473,-1,12.12,9.92,9.47,1
000014.SZ,20201013,11.57,11.6,11.6,11.13,11.41,-0.16,-1.3829,80808.13,91659.942,62.79,62.95,62.95,60.4,61.92,5.426734,11.3429,-1,12.73,10.41,9.34,1
000014.SZ,20201014,11.41,11.41,11.49,10.8,10.81,-0.6,-5.2585,89461,98438.85,61.92,61.92,62.35,58.61,58.66,5.426734,11.0035,-1,12.55,10.27,8.85,1
000014.SZ,20201015,10.81,10.86,10.86,10.4,10.42,-0.39,-3.6078,53421.06,56340.267,58.66,58.93,58.93,56.44,56.55,5.426734,10.5465,-1,11.89,9.73,8.53,1
000014.SZ,20201016,10.42,10.39,10.46,10.3,10.4,-0.02,-0.1919,35128.56,36483.02,56.55,56.38,56.76,55.9,56.44,5.426734,10.3856,-1,11.46,9.38,8.52,1
000014.SZ,20201019,10.4,10.51,10.69,10.33,10.4,0,0,41455.96,43550.209,56.44,57.03,58.01,56.06,56.44,5.426734,10.5052,-1,11.44,9.36,8.52,1
000014.SZ,20201020,10.4,10.35,10.44,10.2,10.42,0.02,0.1923,24872.02,25663.875,56.44,56.17,56.66,55.35,56.55,5.426734,10.3184,-1,11.44,9.36,8.53,1
000014.SZ,20201021,10.42,10.42,10.44,10.16,10.18,-0.24,-2.3033,26886.39,27498.656,56.55,56.55,56.66,55.14,55.24,5.426734,10.2277,-1,11.46,9.38,8.34,1
000014.SZ,20201022,10.18,10.19,10.27,10.06,10.25,0.07,0.6876,17539.42,17869.856,55.24,55.3,55.73,54.59,55.62,5.426734,10.1884,-1,11.2,9.16,8.39,1
000014.SZ,20201023,10.25,10.2,10.3,10.1,10.12,-0.13,-1.2683,19407,19757.942,55.62,55.35,55.9,54.81,54.92,5.426734,10.1808,-1,11.28,9.23,8.29,1
000014.SZ,20201026,10.12,10.13,10.15,9.86,9.92,-0.2,-1.9763,28285,28152.748,54.92,54.97,55.08,53.51,53.83,5.426734,9.9532,-1,11.13,9.11,8.12,1
000014.SZ,20201027,9.92,9.92,9.92,9.77,9.82,-0.1,-1.0081,19434,19097.998,53.83,53.83,53.83,53.02,53.29,5.426734,9.8271,-1,10.91,8.93,8.04,1
000014.SZ,20201028,9.82,9.9,9.9,9.5,9.69,-0.13,-1.3238,30241,29068.347,53.29,53.72,53.72,51.55,52.59,5.426734,9.6122,-1,10.8,8.84,7.93,1
000014.SZ,20201029,9.69,9.57,9.7,9.5,9.6,-0.09,-0.9288,21574.47,20728.917,52.59,51.93,52.64,51.55,52.1,5.426734,9.6081,-1,10.66,8.72,7.86,1
000014.SZ,20201030,9.6,9.64,9.64,9.22,9.27,-0.33,-3.4375,29505.04,27668.732,52.1,52.31,52.31,50.03,50.31,5.426734,9.3776,-1,10.56,8.64,7.59,1
000014.SZ,20201102,9.27,9.26,9.38,9.19,9.23,-0.04,-0.4315,17920.75,16592.017,50.31,50.25,50.9,49.87,50.09,5.426734,9.2586,-1,10.2,8.34,7.56,1
000014.SZ,20201103,9.23,9.31,9.56,9.08,9.44,0.21,2.2752,22434,21134.285,50.09,50.52,51.88,49.27,51.23,5.426734,9.4206,-1,10.15,8.31,7.73,1
000014.SZ,20201104,9.44,9.44,9.49,9.27,9.35,-0.09,-0.9534,14235.67,13335.211,51.23,51.23,51.5,50.31,50.74,5.426734,9.3675,-1,10.38,8.5,7.66,1
000014.SZ,20201105,9.35,9.39,9.63,9.39,9.59,0.24,2.5668,23744.73,22647.473,50.74,50.96,52.26,50.96,52.04,5.426734,9.5379,-1,10.29,8.42,7.85,1
000014.SZ,20201106,9.59,9.59,9.65,9.4,9.46,-0.13,-1.3556,25153.02,23805.825,52.04,52.04,52.37,51.01,51.34,5.426734,9.4644,-1,10.55,8.63,7.75,1
000014.SZ,20201109,9.46,9.46,9.83,9.46,9.77,0.31,3.277,36740.82,35646.323,51.34,51.34,53.34,51.34,53.02,5.426734,9.7021,-1,10.41,8.51,8,1
000014.SZ,20201110,9.77,9.77,9.78,9.4,9.5,-0.27,-2.7636,39315,37595.628,53.02,53.02,53.07,51.01,51.55,5.426734,9.5627,-1,10.75,8.79,7.78,1
000014.SZ,20201111,9.5,9.53,9.53,9.33,9.42,-0.08,-0.8421,23676,22263.686,51.55,51.72,51.72,50.63,51.12,5.426734,9.4035,-1,10.45,8.55,7.71,1
000014.SZ,20201112,9.42,9.4,9.44,9.26,9.28,-0.14,-1.4862,18773.01,17507.043,51.12,51.01,51.23,50.25,50.36,5.426734,9.3256,-1,10.36,8.48,7.6,1
000014.SZ,20201113,9.28,9.3,9.43,9.18,9.36,0.08,0.8621,31337.03,29147.146,50.36,50.47,51.17,49.82,50.79,5.426734,9.3012,-1,10.21,8.35,7.66,1
000014.SZ,20201116,9.36,9.64,9.64,9.22,9.41,0.05,0.5342,36799,34394.983,50.79,52.31,52.31,50.03,51.07,5.426734,9.3467,-1,10.3,8.42,7.7,1
000014.SZ,20201117,9.41,9.41,9.5,9.29,9.38,-0.03,-0.3188,24352.02,22851.959,51.07,51.07,51.55,50.41,50.9,5.426734,9.384,-1,10.35,8.47,7.68,1
000014.SZ,20201118,9.38,9.37,9.55,9.34,9.43,0.05,0.533,26582,25167.257,50.9,50.85,51.83,50.69,51.17,5.426734,9.4678,-1,10.32,8.44,7.72,1
000014.SZ,20201119,9.43,9.39,9.5,9.37,9.4,-0.03,-0.3181,18936,17853.882,51.17,50.96,51.55,50.85,51.01,5.426734,9.4285,-1,10.37,8.49,7.7,1
000014.SZ,20201120,9.4,9.39,9.39,9.26,9.34,-0.06,-0.6383,18791.57,17487.16,51.01,50.96,50.96,50.25,50.69,5.426734,9.3059,-1,10.34,8.46,7.65,1
000014.SZ,20201123,9.34,9.33,9.38,9.26,9.33,-0.01,-0.1071,20805,19368.583,50.69,50.63,50.9,50.25,50.63,5.426734,9.3096,-1,10.27,8.41,7.64,1
000014.SZ,20201124,9.33,9.3,9.37,9.28,9.28,-0.05,-0.5359,15874,14794.28,50.63,50.47,50.85,50.36,50.36,5.426734,9.3198,-1,10.26,8.4,7.6,1
000014.SZ,20201125,9.28,9.31,9.35,9.16,9.17,-0.11,-1.1853,20805.02,19245.094,50.36,50.52,50.74,49.71,49.76,5.426734,9.2502,-1,10.21,8.35,7.51,1
000014.SZ,20201126,9.17,9.18,9.21,9.07,9.12,-0.05,-0.5453,14946,13632.857,49.76,49.82,49.98,49.22,49.49,5.426734,9.1214,-1,10.09,8.25,7.47,1
000014.SZ,20201127,9.12,9.11,9.18,9.08,9.18,0.06,0.6579,12465,11364.367,49.49,49.44,49.82,49.27,49.82,5.426734,9.117,-1,10.03,8.21,7.52,1
000014.SZ,20201130,9.18,9.19,9.37,9.19,9.27,0.09,0.9804,25554,23777.678,49.82,49.87,50.85,49.87,50.31,5.426734,9.3049,-1,10.1,8.26,7.59,1
000014.SZ,20201201,9.27,9.24,9.43,9.18,9.4,0.13,1.4024,27174.84,25371.773,50.31,50.14,51.17,49.82,51.01,5.426734,9.3365,-1,10.2,8.34,7.7,1
000014.SZ,20201202,9.4,9.44,9.44,9.32,9.36,-0.04,-0.4255,18348.01,17212.06,51.01,51.23,51.23,50.58,50.79,5.426734,9.3809,-1,10.34,8.46,7.66,1
000014.SZ,20201203,9.36,9.34,9.36,9.2,9.3,-0.06,-0.641,19342.25,17966.67,50.79,50.69,50.79,49.93,50.47,5.426734,9.2888,-1,10.3,8.42,7.61,1
000014.SZ,20201204,9.3,9.3,9.32,9.17,9.21,-0.09,-0.9677,23502.05,21662.684,50.47,50.47,50.58,49.76,49.98,5.426734,9.2174,-1,10.23,8.37,7.54,1
000014.SZ,20201207,9.21,9.19,9.23,9.11,9.12,-0.09,-0.9772,18478.26,16910.169,49.98,49.87,50.09,49.44,49.49,5.426734,9.1514,-1,10.13,8.29,7.47,1
000014.SZ,20201208,9.12,9.12,9.16,9.1,9.13,0.01,0.1096,12190.19,11124.528,49.49,49.49,49.71,49.38,49.55,5.426734,9.1258,-1,10.03,8.21,7.48,1
000014.SZ,20201209,9.13,9.13,9.14,8.84,8.87,-0.26,-2.8478,21383.8,19218.396,49.55,49.55,49.6,47.97,48.14,5.426734,8.9874,-1,10.04,8.22,7.26,1
000014.SZ,20201210,8.87,8.87,8.93,8.75,8.82,-0.05,-0.5637,20701.4,18279.935,48.14,48.14,48.46,47.48,47.86,5.426734,8.8303,-1,9.76,7.98,7.22,1
000014.SZ,20201211,8.82,8.81,8.87,8.46,8.57,-0.25,-2.8345,26918,23185.041,47.86,47.81,48.14,45.91,46.51,5.426734,8.6132,-1,9.7,7.94,7.02,1
000014.SZ,20201214,8.57,8.56,8.7,8.46,8.6,0.03,0.3501,14972,12827.542,46.51,46.45,47.21,45.91,46.67,5.426734,8.5677,-1,9.43,7.71,7.04,1
000014.SZ,20201215,8.6,8.5,8.54,8.43,8.48,-0.12,-1.3953,16199.17,13754.907,46.67,46.13,46.34,45.75,46.02,5.426734,8.4911,-1,9.46,7.74,6.94,1
000014.SZ,20201216,8.48,8.53,8.53,8.27,8.3,-0.18,-2.1226,16421,13713.387,46.02,46.29,46.29,44.88,45.04,5.426734,8.3511,-1,9.33,7.63,6.8,1
000014.SZ,20201217,8.3,8.24,8.4,8.13,8.38,0.08,0.9639,17384,14370.757,45.04,44.72,45.58,44.12,45.48,5.426734,8.2667,-1,9.13,7.47,6.86,1
000014.SZ,20201218,8.38,8.4,8.48,8.28,8.34,-0.04,-0.4773,15027.01,12556.226,45.48,45.58,46.02,44.93,45.26,5.426734,8.3558,-1,9.22,7.54,6.83,1
000014.SZ,20201221,8.34,8.38,8.44,8.2,8.39,0.05,0.5995,14696.01,12260.651,45.26,45.48,45.8,44.5,45.53,5.426734,8.3428,-1,9.17,7.51,6.87,1
000014.SZ,20201222,8.39,8.38,8.38,8.15,8.19,-0.2,-2.3838,15732,12981.621,45.53,45.48,45.48,44.23,44.44,5.426734,8.2517,-1,9.23,7.55,6.71,1
000014.SZ,20201223,8.19,8.14,8.26,8.11,8.21,0.02,0.2442,18805,15389.429,44.44,44.17,44.82,44.01,44.55,5.426734,8.1837,-1,9.01,7.37,6.72,1
000014.SZ,20201224,8.21,8.2,8.26,8.02,8.03,-0.18,-2.1924,19384,15724.381,44.55,44.5,44.82,43.52,43.58,5.426734,8.112,-1,9.03,7.39,6.57,1
000014.SZ,20201225,8.03,8.03,8.26,7.98,8.14,0.11,1.3699,16446.9,13379.87,43.58,43.58,44.82,43.31,44.17,5.426734,8.1352,-1,8.83,7.23,6.66,1
000014.SZ,20201228,8.14,8.14,8.2,8,8.08,-0.06,-0.7371,14161,11438.773,44.17,44.17,44.5,43.41,43.85,5.426734,8.0777,-1,8.95,7.33,6.62,1
000014.SZ,20201229,8.08,8.07,8.27,8.05,8.19,0.11,1.3614,16538.19,13557.554,43.85,43.79,44.88,43.69,44.44,5.426734,8.1977,-1,8.89,7.27,6.71,1
000014.SZ,20201230,8.19,8.19,8.28,8.11,8.21,0.02,0.2442,12992.22,10658.559,44.44,44.44,44.93,44.01,44.55,5.426734,8.2038,-1,9.01,7.37,6.72,1
000014.SZ,20201231,8.21,8.26,8.32,8.19,8.28,0.07,0.8526,13038.39,10771.712,44.55,44.82,45.15,44.44,44.93,5.426734,8.2615,-1,9.03,7.39,6.78,1
000014.SZ,20210104,8.28,8.27,8.27,8.13,8.25,-0.03,-0.3623,16433.77,13467.874,44.93,44.88,44.88,44.12,44.77,5.426734,8.1952,-1,9.11,7.45,6.75,1
000014.SZ,20210105,8.25,8.23,8.23,8.06,8.21,-0.04,-0.4848,23588.39,19185.642,44.77,44.66,44.66,43.74,44.55,5.426734,8.1335,-1,9.08,7.43,6.72,1
000014.SZ,20210106,8.21,8.13,8.17,8.05,8.1,-0.11,-1.3398,21947,17755.798,44.55,44.12,44.34,43.69,43.96,5.426734,8.0903,-1,9.03,7.39,6.63,1
000014.SZ,20210107,8.1,8.09,8.1,7.76,7.8,-0.3,-3.7037,36624.98,28944.579,43.96,43.9,43.96,42.11,42.33,5.426734,7.903,-1,8.91,7.29,6.39,1
000014.SZ,20210108,7.8,7.76,7.94,7.54,7.85,0.05,0.641,17679.08,13746.582,42.33,42.11,43.09,40.92,42.6,5.426734,7.7756,-1,8.58,7.02,6.43,1
000014.SZ,20210111,7.85,7.86,7.87,7.59,7.6,-0.25,-3.1847,17163.01,13192.274,42.6,42.65,42.71,41.19,41.24,5.426734,7.6865,-1,8.64,7.07,6.22,1
000014.SZ,20210112,7.6,7.6,7.75,7.51,7.67,0.07,0.9211,11845.43,9067.922,41.24,41.24,42.06,40.75,41.62,5.426734,7.6552,-1,8.36,6.84,6.28,1
000014.SZ,20210113,7.67,7.7,7.72,7.45,7.5,-0.17,-2.2164,19098.88,14362.888,41.62,41.79,41.89,40.43,40.7,5.426734,7.5203,-1,8.44,6.9,6.14,1
000014.SZ,20210114,7.5,7.5,8.1,7.42,7.86,0.36,4.8,38331.73,29573.89,40.7,40.7,43.96,40.27,42.65,5.426734,7.7153,-1,8.25,6.75,6.44,1
000014.SZ,20210115,7.86,7.74,7.95,7.7,7.78,-0.08,-1.0178,30433.01,23732.292,42.65,42,43.14,41.79,42.22,5.426734,7.7982,-1,8.65,7.07,6.37,1
000014.SZ,20210118,7.78,7.78,8.08,7.68,7.92,0.14,1.7995,31235.88,24643.351,42.22,42.22,43.85,41.68,42.98,5.426734,7.8894,-1,8.56,7,6.48,1
000014.SZ,20210119,7.92,7.9,8.71,7.85,8.71,0.79,9.9747,125017.11,106647.033,42.98,42.87,47.27,42.6,47.27,5.426734,8.5306,-1,8.71,7.13,7.13,1
000014.SZ,20210120,8.71,8.64,8.64,8.23,8.43,-0.28,-3.2147,102520.05,85865.042,47.27,46.89,46.89,44.66,45.75,5.426734,8.3754,-1,9.58,7.84,6.9,1
000014.SZ,20210121,8.43,8.3,8.43,8.25,8.29,-0.14,-1.6607,57068.06,47433.156,45.75,45.04,45.75,44.77,44.99,5.426734,8.3117,-1,9.27,7.59,6.79,1
000014.SZ,20210122,8.29,8.3,8.3,7.99,8.05,-0.24,-2.8951,46462.89,37429.946,44.99,45.04,45.04,43.36,43.69,5.426734,8.0559,-1,9.12,7.46,6.59,1
000014.SZ,20210125,8.05,7.86,7.89,7.58,7.61,-0.44,-5.4658,45202.03,34741.352,43.69,42.65,42.82,41.13,41.3,5.426734,7.6858,-1,8.86,7.25,6.23,1
000014.SZ,20210126,7.61,7.59,7.78,7.56,7.64,0.03,0.3942,22404,17195.31,41.3,41.19,42.22,41.03,41.46,5.426734,7.6751,-1,8.37,6.85,6.26,1
000014.SZ,20210127,7.64,7.61,7.86,7.56,7.75,0.11,1.4398,25027.33,19328.445,41.46,41.3,42.65,41.03,42.06,5.426734,7.7229,-1,8.4,6.88,6.35,1
000014.SZ,20210128,7.75,7.67,7.76,7.59,7.61,-0.14,-1.8065,17370.03,13292.24,42.06,41.62,42.11,41.19,41.3,5.426734,7.6524,-1,8.53,6.98,6.23,1
000014.SZ,20210129,7.61,7.66,7.69,7.46,7.53,-0.08,-1.0512,19676.03,14860.75,41.3,41.57,41.73,40.48,40.86,5.426734,7.5527,-1,8.37,6.85,6.17,1
000014.SZ,20210201,7.53,7.39,7.65,7.39,7.53,0,0,13987.44,10472.13,40.86,40.1,41.51,40.1,40.86,5.426734,7.4868,-1,8.28,6.78,6.17,1
000014.SZ,20210202,7.53,7.55,7.67,7.46,7.65,0.12,1.5936,16989.01,12843.704,40.86,40.97,41.62,40.48,41.51,5.426734,7.56,-1,8.28,6.78,6.26,1
000014.SZ,20210203,7.65,7.65,7.67,7.52,7.61,-0.04,-0.5229,12450.01,9441.158,41.51,41.51,41.62,40.81,41.3,5.426734,7.5833,-1,8.42,6.89,6.23,1
000014.SZ,20210204,7.61,7.57,7.58,7.2,7.34,-0.27,-3.548,21857.01,16099.111,41.3,41.08,41.13,39.07,39.83,5.426734,7.3657,-1,8.37,6.85,6.01,1
000014.SZ,20210205,7.34,7.32,7.75,7.32,7.55,0.21,2.861,24692.01,18602.891,39.83,39.72,42.06,39.72,40.97,5.426734,7.534,-1,8.07,6.61,6.18,1
000014.SZ,20210208,7.55,7.55,7.63,7.44,7.47,-0.08,-1.0596,12027,9048.247,40.97,40.97,41.41,40.37,40.54,5.426734,7.5233,-1,8.31,6.8,6.12,1
000014.SZ,20210209,7.47,7.48,7.57,7.42,7.51,0.04,0.5355,10481.94,7860.39,40.54,40.59,41.08,40.27,40.75,5.426734,7.499,-1,8.22,6.72,6.15,1
000014.SZ,20210210,7.51,7.51,7.75,7.45,7.6,0.09,1.1984,15053.01,11414.672,40.75,40.75,42.06,40.43,41.24,5.426734,7.583,-1,8.26,6.76,6.22,1
000014.SZ,20210218,7.6,7.6,7.81,7.6,7.74,0.14,1.8421,20457.66,15816.072,41.24,41.24,42.38,41.24,42,5.426734,7.7311,-1,8.36,6.84,6.34,1
000014.SZ,20210219,7.74,7.7,8.06,7.66,7.99,0.25,3.23,31614.1,25066.642,42,41.79,43.74,41.57,43.36,5.426734,7.9289,-1,8.51,6.97,6.54,1
000014.SZ,20210222,7.99,7.99,8.22,7.95,7.95,-0.04,-0.5006,39648.02,32034.005,43.36,43.36,44.61,43.14,43.14,5.426734,8.0796,-1,8.79,7.19,6.51,1
000014.SZ,20210223,7.95,7.92,8.02,7.85,7.9,-0.05,-0.6289,25916,20472.972,43.14,42.98,43.52,42.6,42.87,5.426734,7.8997,-1,8.75,7.16,6.47,1
000014.SZ,20210224,7.9,7.9,8.18,7.88,8.09,0.19,2.4051,42188.18,33876.178,42.87,42.87,44.39,42.76,43.9,5.426734,8.0298,-1,8.69,7.11,6.62,1
000014.SZ,20210225,8.09,8.04,8.57,8.01,8.33,0.24,2.9666,86728.6,72691.941,43.9,43.63,46.51,43.47,45.2,5.426734,8.3815,-1,8.9,7.28,6.82,1
000014.SZ,20210226,8.33,8.2,8.2,7.94,8,-0.33,-3.9616,51435.42,41421.089,45.2,44.5,44.5,43.09,43.41,5.426734,8.053,-1,9.16,7.5,6.55,1
000014.SZ,20210301,8,7.93,8.12,7.93,8.06,0.06,0.75,22895,18410.443,43.41,43.03,44.07,43.03,43.74,5.426734,8.0413,-1,8.8,7.2,6.6,1
000014.SZ,20210302,8.06,8.08,8.11,7.86,7.92,-0.14,-1.737,26216,20865.919,43.74,43.85,44.01,42.65,42.98,5.426734,7.9592,-1,8.87,7.25,6.48,1
000014.SZ,20210303,7.92,7.88,7.99,7.8,7.99,0.07,0.8838,20781.03,16445.567,42.98,42.76,43.36,42.33,43.36,5.426734,7.9137,-1,8.71,7.13,6.54,1
000014.SZ,20210304,7.99,7.94,8.02,7.9,7.93,-0.06,-0.7509,19079,15182.192,43.36,43.09,43.52,42.87,43.03,5.426734,7.9575,-1,8.79,7.19,6.49,1
000014.SZ,20210305,7.93,7.92,8.05,7.85,8.02,0.09,1.1349,18646.85,14892.397,43.03,42.98,43.69,42.6,43.52,5.426734,7.9865,-1,8.72,7.14,6.57,1
000014.SZ,20210308,8.02,8.08,8.23,8,8.01,-0.01,-0.1247,31288.83,25360.871,43.52,43.85,44.66,43.41,43.47,5.426734,8.1054,-1,8.82,7.22,6.56,1
000014.SZ,20210309,8.01,8.01,8.09,7.71,7.9,-0.11,-1.3733,26577,21025.676,43.47,43.47,43.9,41.84,42.87,5.426734,7.9112,-1,8.81,7.21,6.47,1
000014.SZ,20210310,7.9,7.96,7.96,7.71,7.73,-0.17,-2.1519,19077,14841.622,42.87,43.2,43.2,41.84,41.95,5.426734,7.7799,-1,8.69,7.11,6.33,1
000014.SZ,20210311,7.73,7.71,7.85,7.63,7.84,0.11,1.423,10468.01,8144.717,41.95,41.84,42.6,41.41,42.55,5.426734,7.7806,-1,8.5,6.96,6.42,1
000014.SZ,20210312,7.84,7.86,8.05,7.71,7.86,0.02,0.2551,17256,13605.768,42.55,42.65,43.69,41.84,42.65,5.426734,7.8847,-1,8.62,7.06,6.44,1
000014.SZ,20210315,7.86,7.82,8.14,7.8,8.08,0.22,2.799,36212.38,29089.775,42.65,42.44,44.17,42.33,43.85,5.426734,8.0331,-1,8.65,7.07,6.62,1
000014.SZ,20210316,8.08,8.08,8.31,8,8.28,0.2,2.4752,45887.2,37662.728,43.85,43.85,45.1,43.41,44.93,5.426734,8.2077,-1,8.89,7.27,6.78,1
000014.SZ,20210317,8.28,8.2,8.62,8.15,8.35,0.07,0.8454,71089.37,59946.419,44.93,44.5,46.78,44.23,45.31,5.426734,8.4325,-1,9.11,7.45,6.84,1
000014.SZ,20210318,8.35,8.2,8.33,8.13,8.14,-0.21,-2.515,36421,29837.435,45.31,44.5,45.2,44.12,44.17,5.426734,8.1924,-1,9.19,7.52,6.66,1
000014.SZ,20210319,8.14,8.06,8.22,8.05,8.11,-0.03,-0.3686,20645.01,16768.605,44.17,43.74,44.61,43.69,44.01,5.426734,8.1224,-1,8.95,7.33,6.64,1
000014.SZ,20210322,8.11,8.09,8.25,8.07,8.23,0.12,1.4797,25472.01,20774.073,44.01,43.9,44.77,43.79,44.66,5.426734,8.1556,-1,8.92,7.3,6.74,1
000014.SZ,20210323,8.23,8.22,8.33,8.1,8.33,0.1,1.2151,27612,22668.813,44.66,44.61,45.2,43.96,45.2,5.426734,8.2098,-1,9.05,7.41,6.82,1
000014.SZ,20210324,8.33,8.3,8.3,8.14,8.17,-0.16,-1.9208,18112,14839.406,45.2,45.04,45.04,44.17,44.34,5.426734,8.1931,-1,9.16,7.5,6.69,1
000014.SZ,20210325,8.17,8.18,8.23,8.11,8.16,-0.01,-0.1224,13264,10852.027,44.34,44.39,44.66,44.01,44.28,5.426734,8.1816,-1,8.99,7.35,6.68,1
000014.SZ,20210326,8.16,8.15,8.2,8.1,8.16,0,0,12021,9805.756,44.28,44.23,44.5,43.96,44.28,5.426734,8.1572,-1,8.98,7.34,6.68,1
000014.SZ,20210329,8.16,8.16,8.18,8.07,8.17,0.01,0.1225,15407.73,12505.182,44.28,44.28,44.39,43.79,44.34,5.426734,8.1162,-1,8.98,7.34,6.69,1
000014.SZ,20210330,8.17,8.14,8.16,8.02,8.07,-0.1,-1.224,15875.8,12806.023,44.34,44.17,44.28,43.52,43.79,5.426734,8.0664,-1,8.99,7.35,6.61,1
000014.SZ,20210331,8.07,8.07,8.1,7.98,8.07,0,0,8780,7056.272,43.79,43.79,43.96,43.31,43.79,5.426734,8.0368,-1,8.88,7.26,6.61,1
000014.SZ,20210401,8.07,8.03,8.09,7.91,7.97,-0.1,-1.2392,13526,10790.133,43.79,43.58,43.9,42.93,43.25,5.426734,7.9773,-1,8.88,7.26,6.53,1
000014.SZ,20210402,7.97,7.97,8.06,7.9,8.03,0.06,0.7528,8290,6625.448,43.25,43.25,43.74,42.87,43.58,5.426734,7.9921,-1,8.77,7.17,6.57,1
000014.SZ,20210406,8.03,8.04,8.09,8,8.05,0.02,0.2491,8210,6607.922,43.58,43.63,43.9,43.41,43.69,5.426734,8.0486,-1,8.83,7.23,6.59,1
000014.SZ,20210407,8.05,8.07,8.27,8.01,8.16,0.11,1.3665,24588.01,20029.802,43.69,43.79,44.88,43.47,44.28,5.426734,8.1462,-1,8.86,7.25,6.68,1
000014.SZ,20210408,8.16,8.12,8.19,8.01,8.01,-0.15,-1.8382,14442,11669.89,44.28,44.07,44.44,43.47,43.47,5.426734,8.0805,-1,8.98,7.34,6.56,1
000014.SZ,20210409,8.01,8.01,8.06,7.97,7.98,-0.03,-0.3745,14164.01,11328.356,43.47,43.47,43.74,43.25,43.31,5.426734,7.998,-1,8.81,7.21,6.53,1
000014.SZ,20210412,7.98,8.04,8.04,7.9,7.92,-0.06,-0.7519,11072,8799.536,43.31,43.63,43.63,42.87,42.98,5.426734,7.9476,-1,8.78,7.18,6.48,1
000014.SZ,20210413,7.92,7.9,7.9,7.81,7.84,-0.08,-1.0101,12120,9504.563,42.98,42.87,42.87,42.38,42.55,5.426734,7.842,-1,8.71,7.13,6.42,1
000014.SZ,20210414,7.84,7.8,7.87,7.75,7.86,0.02,0.2551,7466.03,5836.592,42.55,42.33,42.71,42.06,42.65,5.426734,7.8175,-1,8.62,7.06,6.44,1
000014.SZ,20210415,7.86,7.85,7.92,7.81,7.86,0,0,11049.02,8683.188,42.65,42.6,42.98,42.38,42.65,5.426734,7.8588,-1,8.65,7.07,6.44,1
000014.SZ,20210416,7.86,7.86,7.98,7.82,7.98,0.12,1.5267,14118,11192.29,42.65,42.65,43.31,42.44,43.31,5.426734,7.9277,-1,8.65,7.07,6.53,1
000014.SZ,20210419,7.98,7.96,8.05,7.91,8,0.02,0.2506,18502.01,14775.382,43.31,43.2,43.69,42.93,43.41,5.426734,7.9858,-1,8.78,7.18,6.55,1
000014.SZ,20210420,8,8.01,8.15,7.97,8.12,0.12,1.5,26706,21511.898,43.41,43.47,44.23,43.25,44.07,5.426734,8.0551,-1,8.8,7.2,6.65,1
000014.SZ,20210421,8.12,8.11,8.3,8.08,8.26,0.14,1.7241,52916.74,43583.059,44.07,44.01,45.04,43.85,44.82,5.426734,8.2362,-1,8.93,7.31,6.76,1
000014.SZ,20210422,8.26,8.26,8.32,8.17,8.25,-0.01,-0.1211,26600,21961.8,44.82,44.82,45.15,44.34,44.77,5.426734,8.2563,-1,9.09,7.43,6.75,1
000014.SZ,20210423,8.25,8.27,8.47,8.22,8.45,0.2,2.4242,53338.04,44624.186,44.77,44.88,45.96,44.61,45.86,5.426734,8.3663,-1,9.08,7.43,6.92,1
000014.SZ,20210426,8.45,8.41,8.74,8.34,8.44,-0.01,-0.1183,60485.02,51416.76,45.86,45.64,47.43,45.26,45.8,5.426734,8.5007,-1,9.3,7.61,6.91,1
000014.SZ,20210427,8.44,8.41,8.44,7.91,7.93,-0.51,-6.0427,77792.18,63177.258,45.8,45.64,45.8,42.93,43.03,5.426734,8.1213,-1,9.28,7.6,6.49,1
000014.SZ,20210428,7.93,7.86,7.96,7.6,7.77,-0.16,-2.0177,57409.76,44433.385,43.03,42.65,43.2,41.24,42.17,5.426734,7.7397,-1,8.72,7.14,6.36,1
000014.SZ,20210429,7.77,7.74,7.87,7.69,7.78,0.01,0.1287,13779.76,10710.6,42.17,42,42.71,41.73,42.22,5.426734,7.7727,-1,8.55,6.99,6.37,1
000014.SZ,20210430,7.78,7.78,7.83,7.61,7.65,-0.13,-1.671,20777,15945.336,42.22,42.22,42.49,41.3,41.51,5.426734,7.6745,-1,8.56,7,6.26,1
000014.SZ,20210506,7.65,7.78,7.85,7.63,7.65,0,0,20202.01,15581.275,41.51,42.22,42.6,41.41,41.51,5.426734,7.7127,-1,8.42,6.89,6.26,1
000014.SZ,20210507,7.65,7.65,7.73,7.54,7.72,0.07,0.915,16533.01,12615.092,41.51,41.51,41.95,40.92,41.89,5.426734,7.6302,-1,8.42,6.89,6.32,1
000014.SZ,20210510,7.72,7.72,7.73,7.64,7.67,-0.05,-0.6477,9496.01,7286.079,41.89,41.89,41.95,41.46,41.62,5.426734,7.6728,-1,8.49,6.95,6.28,1
000014.SZ,20210511,7.67,7.71,7.76,7.65,7.75,0.08,1.043,16371.01,12634.663,41.62,41.84,42.11,41.51,42.06,5.426734,7.7177,-1,8.44,6.9,6.35,1
000014.SZ,20210512,7.75,7.81,7.85,7.72,7.81,0.06,0.7742,13229,10302.814,42.06,42.38,42.6,41.89,42.38,5.426734,7.7881,-1,8.53,6.98,6.39,1
000014.SZ,20210513,7.81,7.8,8,7.75,7.9,0.09,1.1524,20586.01,16202.676,42.38,42.33,43.41,42.06,42.87,5.426734,7.8707,-1,8.59,7.03,6.47,1
000014.SZ,20210514,7.9,7.9,7.97,7.84,7.95,0.05,0.6329,23059.02,18195.398,42.87,42.87,43.25,42.55,43.14,5.426734,7.8908,-1,8.69,7.11,6.51,1
000014.SZ,20210517,7.95,7.85,7.9,7.74,7.77,-0.18,-2.2642,14190,11049.624,43.14,42.6,42.87,42,42.17,5.426734,7.7869,-1,8.75,7.16,6.36,1
000014.SZ,20210518,7.77,7.76,7.84,7.63,7.75,-0.02,-0.2574,17714.07,13658.945,42.17,42.11,42.55,41.41,42.06,5.426734,7.7108,-1,8.55,6.99,6.35,1
000014.SZ,20210519,7.75,7.71,7.76,7.65,7.75,0,0,12705.45,9786.59,42.06,41.84,42.11,41.51,42.06,5.426734,7.7027,-1,8.53,6.98,6.35,1
000014.SZ,20210520,7.75,7.74,7.74,7.63,7.67,-0.08,-1.0323,11710.84,8984.774,42.06,42,42,41.41,41.62,5.426734,7.6722,-1,8.53,6.98,6.28,1
000014.SZ,20210521,7.67,7.7,7.73,7.64,7.72,0.05,0.6519,6503,5007.893,41.62,41.79,41.95,41.46,41.89,5.426734,7.7009,-1,8.44,6.9,6.32,1
000014.SZ,20210524,7.72,7.75,7.83,7.69,7.78,0.06,0.7772,8178.01,6346.061,41.89,42.06,42.49,41.73,42.22,5.426734,7.7599,-1,8.49,6.95,6.37,1
000014.SZ,20210525,7.78,7.74,7.83,7.74,7.82,0.04,0.5141,14499,11287.181,42.22,42,42.49,42,42.44,5.426734,7.7848,-1,8.56,7,6.4,1
000014.SZ,20210526,7.82,7.84,7.88,7.77,7.84,0.02,0.2558,12159.1,9529.622,42.44,42.55,42.76,42.17,42.55,5.426734,7.8374,-1,8.6,7.04,6.42,1
000014.SZ,20210527,7.84,7.86,7.92,7.79,7.9,0.06,0.7653,15045.67,11833.78,42.55,42.65,42.98,42.27,42.87,5.426734,7.8652,-1,8.62,7.06,6.47,1
000014.SZ,20210528,7.9,7.84,8.05,7.84,7.97,0.07,0.8861,20754,16522.057,42.87,42.55,43.69,42.55,43.25,5.426734,7.9609,-1,8.69,7.11,6.53,1
000014.SZ,20210531,7.97,7.95,8.08,7.87,7.98,0.01,0.1255,15561.15,12355.413,43.25,43.14,43.85,42.71,43.31,5.426734,7.9399,-1,8.77,7.17,6.53,1
000014.SZ,20210601,7.98,7.97,8,7.9,7.99,0.01,0.1253,11320.01,9008.769,43.31,43.25,43.41,42.87,43.36,5.426734,7.9583,-1,8.78,7.18,6.54,1
000014.SZ,20210602,7.99,7.94,8.09,7.94,7.94,-0.05,-0.6258,23183.28,18581.826,43.36,43.09,43.9,43.09,43.09,5.426734,8.0152,-1,8.79,7.19,6.5,1
000014.SZ,20210603,7.94,7.9,8.15,7.9,8.05,0.11,1.3854,26649.18,21430.931,43.09,42.87,44.23,42.87,43.69,5.426734,8.0419,-1,8.73,7.15,6.59,1
000014.SZ,20210604,8.05,7.99,8.1,7.9,7.93,-0.12,-1.4907,16382.44,13035.463,43.69,43.36,43.96,42.87,43.03,5.426734,7.957,-1,8.86,7.25,6.49,1
000014.SZ,20210607,7.93,7.9,7.97,7.87,7.92,-0.01,-0.1261,12426.01,9849.872,43.03,42.87,43.25,42.71,42.98,5.426734,7.9268,-1,8.72,7.14,6.48,1
000014.SZ,20210608,7.92,7.92,8.1,7.85,7.98,0.06,0.7576,17031,13631.278,42.98,42.98,43.96,42.6,43.31,5.426734,8.0038,-1,8.71,7.13,6.53,1
000014.SZ,20210609,7.98,7.93,8.02,7.91,8,0.02,0.2506,10956,8734.487,43.31,43.03,43.52,42.93,43.41,5.426734,7.9723,-1,8.78,7.18,6.55,1
000014.SZ,20210610,8,8,8.02,7.91,7.92,-0.08,-1,11970.01,9512.179,43.41,43.41,43.52,42.93,42.98,5.426734,7.9467,-1,8.8,7.2,6.48,1
000014.SZ,20210611,7.91,7.94,7.99,7.88,7.88,-0.03,-0.3793,14461,11447.317,42.98,43.14,43.41,42.82,42.82,5.433595,7.916,2,8.7,7.12,6.46,1
000014.SZ,20210615,7.88,7.87,7.87,7.65,7.7,-0.18,-2.2843,16481,12722.429,42.82,42.76,42.76,41.57,41.84,5.433595,7.7195,-1,8.67,7.09,6.31,1
000014.SZ,20210616,7.7,7.72,7.79,7.63,7.7,0,0,9549,7358.603,41.84,41.95,42.33,41.46,41.84,5.433595,7.7062,-1,8.47,6.93,6.31,1
000014.SZ,20210617,7.7,7.71,7.72,7.66,7.67,-0.03,-0.3896,7478.01,5746.401,41.84,41.89,41.95,41.62,41.68,5.433595,7.6844,-1,8.47,6.93,6.29,1
000014.SZ,20210618,7.67,7.71,7.84,7.64,7.8,0.13,1.6949,14414,11140.554,41.68,41.89,42.6,41.51,42.38,5.433595,7.729,-1,8.44,6.9,6.39,1
000014.SZ,20210621,7.8,7.8,7.85,7.74,7.76,-0.04,-0.5128,8517,6618.533,42.38,42.38,42.65,42.06,42.16,5.433595,7.771,-1,8.58,7.02,6.36,1
000014.SZ,20210622,7.76,7.8,7.8,7.71,7.76,0,0,8951.01,6939.419,42.16,42.38,42.38,41.89,42.16,5.433595,7.7527,-1,8.54,6.98,6.36,1
000014.SZ,20210623,7.76,7.7,7.96,7.7,7.85,0.09,1.1598,18095.01,14163.982,42.16,41.84,43.25,41.84,42.65,5.433595,7.8276,-1,8.54,6.98,6.44,1
000014.SZ,20210624,7.85,7.89,7.89,7.75,7.75,-0.1,-1.2739,8910.01,6945.105,42.65,42.87,42.87,42.11,42.11,5.433595,7.7947,-1,8.64,7.07,6.35,1
000014.SZ,20210625,7.75,7.87,7.92,7.74,7.85,0.1,1.2903,14198.26,11112.987,42.11,42.76,43.03,42.06,42.65,5.433595,7.827,-1,8.53,6.98,6.44,1
000014.SZ,20210628,7.85,7.91,7.91,7.75,7.81,-0.04,-0.5096,10361,8096.373,42.65,42.98,42.98,42.11,42.44,5.433595,7.8143,-1,8.64,7.07,6.4,1
000014.SZ,20210629,7.81,7.81,7.85,7.78,7.78,-0.03,-0.3841,10361.77,8089.221,42.44,42.44,42.65,42.27,42.27,5.433595,7.8068,-1,8.59,7.03,6.38,1
000014.SZ,20210630,7.78,7.81,7.82,7.7,7.75,-0.03,-0.3856,8391,6517.446,42.27,42.44,42.49,41.84,42.11,5.433595,7.7672,-1,8.56,7,6.35,1
000014.SZ,20210701,7.75,7.82,7.87,7.71,7.75,0,0,14801.26,11532.911,42.11,42.49,42.76,41.89,42.11,5.433595,7.7918,-1,8.53,6.98,6.35,1
000014.SZ,20210702,7.75,7.79,7.8,7.67,7.68,-0.07,-0.9032,9366,7225.485,42.11,42.33,42.38,41.68,41.73,5.433595,7.7146,-1,8.53,6.98,6.3,1
000014.SZ,20210705,7.68,7.68,7.76,7.63,7.7,0.02,0.2604,11219.01,8638.087,41.73,41.73,42.16,41.46,41.84,5.433595,7.6995,-1,8.45,6.91,6.31,1
000014.SZ,20210706,7.7,7.71,7.8,7.7,7.75,0.05,0.6494,10182,7881.359,41.84,41.89,42.38,41.84,42.11,5.433595,7.7405,-1,8.47,6.93,6.35,1
000014.SZ,20210707,7.75,7.67,7.77,7.6,7.69,-0.06,-0.7742,12998.86,10004.018,42.11,41.68,42.22,41.3,41.78,5.433595,7.6961,-1,8.53,6.98,6.3,1
000014.SZ,20210708,7.69,7.67,7.73,7.62,7.63,-0.06,-0.7802,10229,7830.363,41.78,41.68,42,41.4,41.46,5.433595,7.6551,-1,8.46,6.92,6.26,1
000014.SZ,20210709,7.63,7.57,7.63,7.55,7.59,-0.04,-0.5242,15567,11807.306,41.46,41.13,41.46,41.02,41.24,5.433595,7.5848,-1,8.39,6.87,6.22,1
000014.SZ,20210712,7.59,7.6,7.67,7.6,7.65,0.06,0.7905,11904,9101.692,41.24,41.3,41.68,41.3,41.57,5.433595,7.6459,-1,8.35,6.83,6.27,1
000014.SZ,20210713,7.65,7.65,7.72,7.63,7.68,0.03,0.3922,9749.01,7484.133,41.57,41.57,41.95,41.46,41.73,5.433595,7.6768,-1,8.42,6.89,6.3,1
000014.SZ,20210714,7.68,7.69,7.96,7.6,7.82,0.14,1.8229,33727,26201.512,41.73,41.78,43.25,41.3,42.49,5.433595,7.7687,-1,8.45,6.91,6.41,1
000014.SZ,20210715,7.82,7.77,8,7.6,7.68,-0.14,-1.7903,23577,18255.623,42.49,42.22,43.47,41.3,41.73,5.433595,7.743,-1,8.6,7.04,6.3,1
000014.SZ,20210716,7.68,7.68,7.68,7.61,7.61,-0.07,-0.9115,10363,7906.197,41.73,41.73,41.73,41.35,41.35,5.433595,7.6293,-1,8.45,6.91,6.24,1
000014.SZ,20210719,7.61,7.57,7.64,7.38,7.42,-0.19,-2.4967,24704,18392.575,41.35,41.13,41.51,40.1,40.32,5.433595,7.4452,-1,8.37,6.85,6.08,1
000014.SZ,20210720,7.42,7.39,7.59,7.35,7.51,0.09,1.2129,9512,7142.728,40.32,40.15,41.24,39.94,40.81,5.433595,7.5092,-1,8.16,6.68,6.16,1
000014.SZ,20210721,7.51,7.53,7.57,7.49,7.51,0,0,5411,4072.885,40.81,40.91,41.13,40.7,40.81,5.433595,7.527,-1,8.26,6.76,6.16,1
000014.SZ,20210722,7.51,7.45,7.59,7.44,7.5,-0.01,-0.1332,12843.28,9622.409,40.81,40.48,41.24,40.43,40.75,5.433595,7.4922,-1,8.26,6.76,6.15,1
000014.SZ,20210723,7.5,7.47,7.47,7.3,7.36,-0.14,-1.8667,17016.02,12548.262,40.75,40.59,40.59,39.67,39.99,5.433595,7.3744,-1,8.25,6.75,6.03,1
000014.SZ,20210726,7.36,7.37,7.41,7.01,7.11,-0.25,-3.3967,19792.38,14169.036,39.99,40.05,40.26,38.09,38.63,5.433595,7.1588,-1,8.1,6.62,5.83,1
000014.SZ,20210727,7.11,7.13,7.17,7.01,7.03,-0.08,-1.1252,13552.02,9563.98,38.63,38.74,38.96,38.09,38.2,5.433595,7.0572,-1,7.82,6.4,5.76,1
000014.SZ,20210728,7.03,7.01,7.01,6.73,6.84,-0.19,-2.7027,10250.02,7014.608,38.2,38.09,38.09,36.57,37.17,5.433595,6.8435,-1,7.73,6.33,5.61,1
000014.SZ,20210729,6.84,6.84,6.94,6.71,6.83,-0.01,-0.1462,10627.28,7269.708,37.17,37.17,37.71,36.46,37.11,5.433595,6.8406,-1,7.52,6.16,5.6,1
000014.SZ,20210730,6.83,6.83,6.83,6.63,6.74,-0.09,-1.3177,12271.25,8229.561,37.11,37.11,37.11,36.02,36.62,5.433595,6.7064,-1,7.51,6.15,5.53,1
000014.SZ,20210802,6.74,6.74,6.94,6.66,6.86,0.12,1.7804,11193.37,7633.13,36.62,36.62,37.71,36.19,37.27,5.433595,6.8193,-1,7.41,6.07,5.62,1
000014.SZ,20210803,6.86,6.83,7.04,6.76,6.94,0.08,1.1662,11997.1,8304.297,37.27,37.11,38.25,36.73,37.71,5.433595,6.9219,-1,7.55,6.17,5.69,1
000014.SZ,20210804,6.94,6.97,6.97,6.87,6.91,-0.03,-0.4323,8668.91,5988.572,37.71,37.87,37.87,37.33,37.55,5.433595,6.9081,-1,7.63,6.25,5.66,1
000014.SZ,20210805,6.91,7.22,7.24,6.93,6.93,0.02,0.2894,12354,8730.032,37.55,39.23,39.34,37.65,37.65,5.433595,7.0666,-1,7.6,6.22,5.68,1
000014.SZ,20210806,6.93,6.9,6.9,6.8,6.84,-0.09,-1.2987,6884.15,4702.599,37.65,37.49,37.49,36.95,37.17,5.433595,6.8311,-1,7.62,6.24,5.61,1
000014.SZ,20210809,6.84,6.77,7.07,6.77,6.99,0.15,2.193,15231,10646.492,37.17,36.79,38.42,36.79,37.98,5.433595,6.99,-1,7.52,6.16,5.73,1
000014.SZ,20210810,6.99,6.98,7.05,6.96,6.99,0,0,11101.2,7777.136,37.98,37.93,38.31,37.82,37.98,5.433595,7.0057,-1,7.69,6.29,5.73,1
000014.SZ,20210811,6.99,7.07,7.21,7,7.09,0.1,1.4306,18070.34,12890.584,37.98,38.42,39.18,38.04,38.52,5.433595,7.1336,-1,7.69,6.29,5.81,1
000014.SZ,20210812,7.09,7.1,7.12,7.02,7.12,0.03,0.4231,12129.74,8561.245,38.52,38.58,38.69,38.14,38.69,5.433595,7.0581,-1,7.8,6.38,5.84,1
000014.SZ,20210813,7.12,7.1,7.15,7.02,7.15,0.03,0.4213,14714.05,10438.638,38.69,38.58,38.85,38.14,38.85,5.433595,7.0943,-1,7.83,6.41,5.86,1
000014.SZ,20210816,7.15,7.15,7.18,7.09,7.12,-0.03,-0.4196,13955.28,9949.832,38.85,38.85,39.01,38.52,38.69,5.433595,7.1298,-1,7.87,6.44,5.84,1
000014.SZ,20210817,7.12,7.08,7.12,6.94,6.95,-0.17,-2.3876,11984.28,8426.974,38.69,38.47,38.69,37.71,37.76,5.433595,7.0317,-1,7.83,6.41,5.7,1
000014.SZ,20210818,6.95,7.05,7.06,6.94,6.99,0.04,0.5755,10655,7435.584,37.76,38.31,38.36,37.71,37.98,5.433595,6.9785,-1,7.65,6.26,5.73,1
000014.SZ,20210819,6.99,6.9,7.01,6.9,6.95,-0.04,-0.5722,4889,3399.931,37.98,37.49,38.09,37.49,37.76,5.433595,6.9542,-1,7.69,6.29,5.7,1
000014.SZ,20210820,6.95,6.91,6.94,6.8,6.86,-0.09,-1.295,10355,7098.013,37.76,37.55,37.71,36.95,37.27,5.433595,6.8547,-1,7.65,6.26,5.62,1
000014.SZ,20210823,6.86,6.91,7,6.88,6.98,0.12,1.7493,12253.02,8518.199,37.27,37.55,38.04,37.38,37.93,5.433595,6.9519,-1,7.55,6.17,5.72,1
000014.SZ,20210824,6.98,6.95,7.1,6.93,7.1,0.12,1.7192,14496.53,10158.659,37.93,37.76,38.58,37.65,38.58,5.433595,7.0076,-1,7.68,6.28,5.82,1
000014.SZ,20210825,7.1,7.06,7.15,7.01,7.01,-0.09,-1.2676,27955,19793.313,38.58,38.36,38.85,38.09,38.09,5.433595,7.0804,-1,7.81,6.39,5.75,1
000014.SZ,20210826,7.01,7.01,7.12,7.01,7.03,0.02,0.2853,14495.22,10222.944,38.09,38.09,38.69,38.09,38.2,5.433595,7.0526,-1,7.71,6.31,5.76,1
000014.SZ,20210827,7.03,7.05,7.05,6.91,6.93,-0.1,-1.4225,12907.03,8971.805,38.2,38.31,38.31,37.55,37.65,5.433595,6.9511,-1,7.73,6.33,5.68,1
000014.SZ,20210830,6.93,6.93,7.04,6.82,6.98,0.05,0.7215,15454.02,10678.829,37.65,37.65,38.25,37.06,37.93,5.433595,6.9101,-1,7.62,6.24,5.72,1
000014.SZ,20210831,6.98,6.96,7.12,6.91,7.07,0.09,1.2894,21332.05,15045.006,37.93,37.82,38.69,37.55,38.42,5.433595,7.0528,-1,7.68,6.28,5.8,1
000014.SZ,20210901,7.07,7.07,7.4,6.99,7.28,0.21,2.9703,39689.59,28622.308,38.42,38.42,40.21,37.98,39.56,5.433595,7.2115,-1,7.78,6.36,5.97,1
000014.SZ,20210902,7.28,7.22,7.29,7.14,7.18,-0.1,-1.3736,14173.44,10206.41,39.56,39.23,39.61,38.8,39.01,5.433595,7.2011,-1,8.01,6.55,5.89,1
000014.SZ,20210903,7.18,7.18,7.33,7.18,7.3,0.12,1.6713,18078.79,13133.446,39.01,39.01,39.83,39.01,39.67,5.433595,7.2646,-1,7.9,6.46,5.98,1
000014.SZ,20210906,7.3,7.35,7.6,7.23,7.48,0.18,2.4658,28879.03,21375.166,39.67,39.94,41.3,39.28,40.64,5.433595,7.4016,-1,8.03,6.57,6.13,1
000014.SZ,20210907,7.48,7.6,7.96,7.6,7.7,0.22,2.9412,57848.6,44861.986,40.64,41.3,43.25,41.3,41.84,5.433595,7.7551,-1,8.23,6.73,6.31,1
000014.SZ,20210908,7.7,7.6,7.63,7.45,7.47,-0.23,-2.987,36690.19,27545.662,41.84,41.3,41.46,40.48,40.59,5.433595,7.5076,-1,8.47,6.93,6.12,1
000014.SZ,20210909,7.47,7.46,7.58,7.38,7.42,-0.05,-0.6693,20224.28,15037.782,40.59,40.53,41.19,40.1,40.32,5.433595,7.4355,-1,8.22,6.72,6.08,1
000014.SZ,20210910,7.42,7.42,7.45,7.32,7.38,-0.04,-0.5391,16082,11870.032,40.32,40.32,40.48,39.77,40.1,5.433595,7.3809,-1,8.16,6.68,6.05,1
000014.SZ,20210913,7.38,7.38,7.48,7.32,7.44,0.06,0.813,13350,9891.975,40.1,40.1,40.64,39.77,40.43,5.433595,7.4097,-1,8.12,6.64,6.1,1
000014.SZ,20210914,7.44,7.44,7.47,7.32,7.44,0,0,15350.5,11332.969,40.43,40.43,40.59,39.77,40.43,5.433595,7.3828,-1,8.18,6.7,6.1,1
000014.SZ,20210915,7.44,7.43,7.5,7.3,7.5,0.06,0.8065,12449.55,9243.566,40.43,40.37,40.75,39.67,40.75,5.433595,7.4248,-1,8.18,6.7,6.15,1
000014.SZ,20210916,7.5,7.49,7.64,7.46,7.58,0.08,1.0667,38248.68,28896.716,40.75,40.7,41.51,40.53,41.19,5.433595,7.555,-1,8.25,6.75,6.21,1
000014.SZ,20210917,7.58,7.61,7.8,7.32,7.4,-0.18,-2.3747,24274.02,18155.529,41.19,41.35,42.38,39.77,40.21,5.433595,7.4794,-1,8.34,6.82,6.07,1
000014.SZ,20210922,7.4,7.24,7.52,7.13,7.52,0.12,1.6216,18850.03,13835.73,40.21,39.34,40.86,38.74,40.86,5.433595,7.3399,-1,8.14,6.66,6.17,1
000014.SZ,20210923,7.52,7.47,7.7,7.42,7.56,0.04,0.5319,36981.01,27918.638,40.86,40.59,41.84,40.32,41.08,5.433595,7.5495,-1,8.27,6.77,6.2,1
000014.SZ,20210924,7.56,7.55,7.64,7.5,7.52,-0.04,-0.5291,19580.69,14828.972,41.08,41.02,41.51,40.75,40.86,5.433595,7.5733,-1,8.32,6.8,6.17,1
000014.SZ,20210927,7.52,7.52,7.52,7.27,7.37,-0.15,-1.9947,13726,10140.934,40.86,40.86,40.86,39.5,40.05,5.433595,7.3881,-1,8.27,6.77,6.04,1
000014.SZ,20210928,7.37,7.39,7.47,7.18,7.18,-0.19,-2.578,14605.34,10684.638,40.05,40.15,40.59,39.01,39.01,5.433595,7.3156,-1,8.11,6.63,5.89,1
000014.SZ,20210929,7.18,7.18,7.19,6.99,7.01,-0.17,-2.3677,15279,10800.21,39.01,39.01,39.07,37.98,38.09,5.433595,7.0687,-1,7.9,6.46,5.75,1
000014.SZ,20210930,7.01,7,7.22,6.98,7.16,0.15,2.1398,16271.02,11615.759,38.09,38.04,39.23,37.93,38.9,5.433595,7.1389,-1,7.71,6.31,5.87,1
000014.SZ,20211008,7.16,7.32,7.45,7.24,7.42,0.26,3.6313,17710.01,12999.326,38.9,39.77,40.48,39.34,40.32,5.433595,7.3401,-1,7.88,6.44,6.08,1
000014.SZ,20211011,7.42,7.42,7.5,7.35,7.41,-0.01,-0.1348,7558,5611.754,40.32,40.32,40.75,39.94,40.26,5.433595,7.4249,-1,8.16,6.68,6.07,1
000014.SZ,20211012,7.41,7.34,7.41,7.13,7.19,-0.22,-2.969,15554.33,11251.342,40.26,39.88,40.26,38.74,39.07,5.433595,7.2336,-1,8.15,6.67,5.89,1
000014.SZ,20211013,7.19,7.2,7.25,7.04,7.11,-0.08,-1.1127,15150.5,10780.838,39.07,39.12,39.39,38.25,38.63,5.433595,7.1158,-1,7.91,6.47,5.83,1
000014.SZ,20211014,7.11,7.11,7.17,7.01,7.09,-0.02,-0.2813,13055,9246.353,38.63,38.63,38.96,38.09,38.52,5.433595,7.0826,-1,7.82,6.4,5.81,1
000014.SZ,20211015,7.09,7.09,7.18,7.02,7.07,-0.02,-0.2821,18839,13345.228,38.52,38.52,39.01,38.14,38.42,5.433595,7.0838,-1,7.8,6.38,5.8,1
000014.SZ,20211018,7.07,7.03,7.28,7.01,7.06,-0.01,-0.1414,11768,8306.972,38.42,38.2,39.56,38.09,38.36,5.433595,7.0589,-1,7.78,6.36,5.79,1
000014.SZ,20211019,7.06,7.15,7.15,7.01,7.07,0.01,0.1416,8166,5766.781,38.36,38.85,38.85,38.09,38.42,5.433595,7.0619,-1,7.77,6.35,5.8,1
000014.SZ,20211020,7.07,7.06,7.08,6.94,6.98,-0.09,-1.273,14293.23,9996.826,38.42,38.36,38.47,37.71,37.93,5.433595,6.9941,-1,7.78,6.36,5.72,1
000014.SZ,20211021,6.98,7,7.18,6.94,6.96,-0.02,-0.2865,17990,12646.569,37.93,38.04,39.01,37.71,37.82,5.433595,7.0298,-1,7.68,6.28,5.71,1
000014.SZ,20211022,6.96,7,7.15,6.97,7.03,0.07,1.0057,9843.01,6945.132,37.82,38.04,38.85,37.87,38.2,5.433595,7.0559,-1,7.66,6.26,5.76,1
000014.SZ,20211025,7.03,6.96,7,6.84,6.92,-0.11,-1.5647,12659.01,8747.749,38.2,37.82,38.04,37.17,37.6,5.433595,6.9103,-1,7.73,6.33,5.67,1
000014.SZ,20211026,6.92,6.97,6.97,6.85,6.91,-0.01,-0.1445,7982,5502,37.6,37.87,37.87,37.22,37.55,5.433595,6.893,-1,7.61,6.23,5.66,1
000014.SZ,20211027,6.91,6.88,6.88,6.75,6.76,-0.15,-2.1708,9012,6123.247,37.55,37.38,37.38,36.68,36.73,5.433595,6.7945,-1,7.6,6.22,5.54,1
000014.SZ,20211028,6.76,6.76,6.88,6.76,6.78,0.02,0.2959,6057.79,4130.711,36.73,36.73,37.38,36.73,36.84,5.433595,6.8188,-1,7.44,6.08,5.56,1
000014.SZ,20211029,6.78,6.8,7.05,6.79,7.01,0.23,3.3923,11879.51,8255.522,36.84,36.95,38.31,36.89,38.09,5.433595,6.9494,-1,7.46,6.1,5.75,1
000014.SZ,20211101,7.01,7.01,7.01,6.85,6.94,-0.07,-0.9986,10913,7538.245,38.09,38.09,38.09,37.22,37.71,5.433595,6.9076,-1,7.71,6.31,5.69,1
000014.SZ,20211102,6.94,6.87,6.93,6.77,6.82,-0.12,-1.7291,7883,5393.41,37.71,37.33,37.65,36.79,37.06,5.433595,6.8418,-1,7.63,6.25,5.59,1
000014.SZ,20211103,6.82,6.8,6.94,6.8,6.89,0.07,1.0264,9426.01,6494.186,37.06,36.95,37.71,36.95,37.44,5.433595,6.8896,-1,7.5,6.14,5.65,1
000014.SZ,20211104,6.89,6.93,6.95,6.82,6.92,0.03,0.4354,6671.51,4586.637,37.44,37.65,37.76,37.06,37.6,5.433595,6.875,-1,7.58,6.2,5.67,1
000014.SZ,20211105,6.92,6.93,6.94,6.82,6.9,-0.02,-0.289,7355,5074.884,37.6,37.65,37.71,37.06,37.49,5.433595,6.8999,-1,7.61,6.23,5.66,1
000014.SZ,20211108,6.9,6.89,6.99,6.89,6.98,0.08,1.1594,7168.7,4990.491,37.49,37.44,37.98,37.44,37.93,5.433595,6.9615,-1,7.59,6.21,5.72,1
000014.SZ,20211109,6.98,6.93,7.03,6.91,7.01,0.03,0.4298,8929.92,6243.387,37.93,37.65,38.2,37.55,38.09,5.433595,6.9915,-1,7.68,6.28,5.75,1
000014.SZ,20211110,7.01,6.96,7.06,6.95,7.04,0.03,0.428,11356.01,7954.592,38.09,37.82,38.36,37.76,38.25,5.433595,7.0047,-1,7.71,6.31,5.77,1
000014.SZ,20211111,7.04,7.06,7.27,7.06,7.17,0.13,1.8466,19719.25,14156.74,38.25,38.36,39.5,38.36,38.96,5.433595,7.1791,-1,7.74,6.34,5.88,1
000014.SZ,20211112,7.17,7.15,7.24,7.04,7.16,-0.01,-0.1395,16202,11563.576,38.96,38.85,39.34,38.25,38.9,5.433595,7.1371,-1,7.89,6.45,5.87,1
000014.SZ,20211115,7.16,7.17,7.25,7.12,7.23,0.07,0.9777,15562.8,11198.993,38.9,38.96,39.39,38.69,39.28,5.433595,7.196,-1,7.88,6.44,5.93,1
000014.SZ,20211116,7.23,7.23,7.31,7.13,7.17,-0.06,-0.8299,10218.79,7392.472,39.28,39.28,39.72,38.74,38.96,5.433595,7.2342,-1,7.95,6.51,5.88,1
000014.SZ,20211117,7.17,7.17,7.27,7.15,7.25,0.08,1.1158,9046.24,6535.623,38.96,38.96,39.5,38.85,39.39,5.433595,7.2247,-1,7.89,6.45,5.94,1
000014.SZ,20211118,7.25,7.26,7.31,7.15,7.16,-0.09,-1.2414,8145.02,5872.531,39.39,39.45,39.72,38.85,38.9,5.433595,7.21,-1,7.98,6.53,5.87,1
000014.SZ,20211119,7.16,7.12,7.25,7.1,7.22,0.06,0.838,8833.24,6346.745,38.9,38.69,39.39,38.58,39.23,5.433595,7.1851,-1,7.88,6.44,5.92,1
000014.SZ,20211122,7.22,7.27,7.27,7.09,7.15,-0.07,-0.9695,10736,7663.234,39.23,39.5,39.5,38.52,38.85,5.433595,7.1379,-1,7.94,6.5,5.86,1
000014.SZ,20211123,7.15,7.14,7.2,7.12,7.15,0,0,8505,6089.505,38.85,38.8,39.12,38.69,38.85,5.433595,7.1599,-1,7.87,6.44,5.86,1
000014.SZ,20211124,7.15,7.18,7.21,7.13,7.14,-0.01,-0.1399,8833.02,6325.206,38.85,39.01,39.18,38.74,38.8,5.433595,7.1609,-1,7.87,6.44,5.85,1
000014.SZ,20211125,7.14,7.14,7.35,7.11,7.35,0.21,2.9412,21210.01,15368.177,38.8,38.8,39.94,38.63,39.94,5.433595,7.2457,-1,7.85,6.43,6.03,1
000014.SZ,20211126,7.35,7.36,7.42,7.22,7.42,0.07,0.9524,20818,15217.321,39.94,39.99,40.32,39.23,40.32,5.433595,7.3097,-1,8.09,6.62,6.08,1
000014.SZ,20211129,7.42,7.42,7.42,7.18,7.18,-0.24,-3.2345,35614,25951.449,40.32,40.32,40.32,39.01,39.01,5.433595,7.2869,-1,8.16,6.68,5.89,1
000014.SZ,20211130,7.18,7.16,7.28,7.15,7.18,0,0,13945.01,10024.737,39.01,38.9,39.56,38.85,39.01,5.433595,7.1888,-1,7.9,6.46,5.89,1
000014.SZ,20211201,7.18,7.16,7.24,7.16,7.2,0.02,0.2786,13121.01,9444.981,39.01,38.9,39.34,38.9,39.12,5.433595,7.1984,-1,7.9,6.46,5.9,1
000014.SZ,20211202,7.2,7.2,7.25,7.18,7.21,0.01,0.1389,9166.01,6611.207,39.12,39.12,39.39,39.01,39.18,5.433595,7.2127,-1,7.92,6.48,5.91,1
000014.SZ,20211203,7.21,7.22,7.37,7.18,7.37,0.16,2.2191,19764.48,14406.572,39.18,39.23,40.05,39.01,40.05,5.433595,7.2891,-1,7.93,6.49,6.04,1
000014.SZ,20211206,7.37,7.37,7.48,7.26,7.26,-0.11,-1.4925,29228,21476.26,40.05,40.05,40.64,39.45,39.45,5.433595,7.3478,-1,8.11,6.63,5.95,1
000014.SZ,20211207,7.26,7.26,7.38,7.13,7.16,-0.1,-1.3774,25902.01,18743.806,39.45,39.45,40.1,38.74,38.9,5.433595,7.2364,-1,7.99,6.53,5.87,1
000014.SZ,20211208,7.16,7.17,7.23,7.1,7.19,0.03,0.419,8107,5814.774,38.9,38.96,39.28,38.58,39.07,5.433595,7.1725,-1,7.88,6.44,5.89,1
000014.SZ,20211209,7.19,7.19,7.28,7.16,7.25,0.06,0.8345,9406,6794.926,39.07,39.07,39.56,38.9,39.39,5.433595,7.224,-1,7.91,6.47,5.94,1
000014.SZ,20211210,7.25,7.22,7.35,7.21,7.33,0.08,1.1034,10293.6,7519.417,39.39,39.23,39.94,39.18,39.83,5.433595,7.3049,-1,7.98,6.53,6.01,1
000014.SZ,20211213,7.33,7.33,7.55,7.29,7.44,0.11,1.5007,27729.1,20542.201,39.83,39.83,41.02,39.61,40.43,5.433595,7.4082,-1,8.06,6.6,6.1,1
000014.SZ,20211214,7.44,7.54,7.54,7.35,7.41,-0.03,-0.4032,23059.28,17022.371,40.43,40.97,40.97,39.94,40.26,5.433595,7.382,-1,8.18,6.7,6.07,1
000014.SZ,20211215,7.41,7.5,7.62,7.42,7.57,0.16,2.1592,41949,31677.112,40.26,40.75,41.4,40.32,41.13,5.433595,7.5513,-1,8.15,6.67,6.21,1
000014.SZ,20211216,7.57,7.53,7.72,7.51,7.62,0.05,0.6605,24636,18729.829,41.13,40.91,41.95,40.81,41.4,5.433595,7.6026,-1,8.33,6.81,6.25,1
000014.SZ,20211217,7.62,7.62,7.69,7.56,7.66,0.04,0.5249,13880.02,10607.873,41.4,41.4,41.78,41.08,41.62,5.433595,7.6425,-1,8.38,6.86,6.28,1
000014.SZ,20211220,7.66,7.68,8.18,7.61,7.86,0.2,2.611,79355.21,62792.512,41.62,41.73,44.45,41.35,42.71,5.433595,7.9128,-1,8.43,6.89,6.44,1
000014.SZ,20211221,7.86,8,8.65,7.91,8.65,0.79,10.0509,208734.85,174347.963,42.71,43.47,47,42.98,47,5.433595,8.3526,-1,8.65,7.07,7.09,1
000014.SZ,20211222,8.65,8.66,8.7,7.92,8.05,-0.6,-6.9364,177262.67,144988.364,47,47.05,47.27,43.03,43.74,5.433595,8.1793,-1,9.52,7.79,6.6,1
000014.SZ,20211223,8.05,7.68,7.97,7.66,7.78,-0.27,-3.354,85387.36,66530.062,43.74,41.73,43.31,41.62,42.27,5.433595,7.7916,-1,8.86,7.25,6.38,1
000014.SZ,20211224,7.78,7.8,7.83,7.58,7.63,-0.15,-1.928,43709.57,33507.035,42.27,42.38,42.55,41.19,41.46,5.433595,7.6658,-1,8.56,7,6.26,1
000014.SZ,20211227,7.63,7.63,7.76,7.6,7.63,0,0,33383,25572.743,41.46,41.46,42.16,41.3,41.46,5.433595,7.6604,-1,8.39,6.87,6.26,1
000014.SZ,20211228,7.63,7.63,7.67,7.54,7.58,-0.05,-0.6553,17868.22,13557.567,41.46,41.46,41.68,40.97,41.19,5.433595,7.5875,-1,8.39,6.87,6.21,1
000014.SZ,20211229,7.58,7.57,7.65,7.45,7.57,-0.01,-0.1319,24295.22,18424.344,41.19,41.13,41.57,40.48,41.13,5.433595,7.5835,-1,8.34,6.82,6.21,1
000014.SZ,20211230,7.57,7.52,7.62,7.52,7.57,0,0,21820.01,16507.584,41.13,40.86,41.4,40.86,41.13,5.433595,7.5653,-1,8.33,6.81,6.21,1
000014.SZ,20211231,7.57,7.57,8.1,7.55,7.92,0.35,4.6235,79409,62436.95,41.13,41.13,44.01,41.02,43.03,5.433595,7.8627,-1,8.33,6.81,6.49,1
000014.SZ,20220104,7.92,7.78,8.3,7.77,8.18,0.26,3.2828,92614.91,74688.13,43.03,42.27,45.1,42.22,44.45,5.433595,8.0644,-1,8.71,7.13,6.71,1
000014.SZ,20220105,8.18,8.17,8.27,8.03,8.19,0.01,0.1222,60592.01,49357.39,44.45,44.39,44.94,43.63,44.5,5.433595,8.1459,-1,9,7.36,6.71,1
000014.SZ,20220106,8.19,8.13,8.45,8.13,8.34,0.15,1.8315,64770.1,53922.357,44.5,44.18,45.91,44.18,45.32,5.433595,8.3252,-1,9.01,7.37,6.84,1
000014.SZ,20220107,8.34,8.35,8.5,8.18,8.24,-0.1,-1.199,47175.47,39418.827,45.32,45.37,46.19,44.45,44.77,5.433595,8.3558,-1,9.17,7.51,6.76,1
000014.SZ,20220110,8.24,8.12,8.55,8.08,8.49,0.25,3.034,59828.61,49494.124,44.77,44.12,46.46,43.9,46.13,5.433595,8.2727,-1,9.06,7.42,6.96,1
000014.SZ,20220111,8.49,8.38,9.16,8.36,8.81,0.32,3.7691,156222.56,136622.185,46.13,45.53,49.77,45.42,47.87,5.433595,8.7454,-1,9.34,7.64,7.22,1
000014.SZ,20220112,8.81,8.66,9.37,8.41,8.68,-0.13,-1.4756,89439.01,77951.958,47.87,47.05,50.91,45.7,47.16,5.433595,8.7157,-1,9.69,7.93,7.12,1
000014.SZ,20220113,8.68,8.69,9.1,8.64,8.8,0.12,1.3825,73714,65283.328,47.16,47.22,49.45,46.95,47.82,5.433595,8.8563,-1,9.55,7.81,7.21,1
000014.SZ,20220114,8.8,8.73,8.95,8.55,8.73,-0.07,-0.7955,75462.09,65971.43,47.82,47.44,48.63,46.46,47.44,5.433595,8.7423,-1,9.68,7.92,7.16,1
000014.SZ,20220117,8.73,8.77,8.77,8.39,8.5,-0.23,-2.6346,60165,51545.207,47.44,47.65,47.65,45.59,46.19,5.433595,8.5673,-1,9.6,7.86,6.97,1
000014.SZ,20220118,8.5,8.48,8.63,8.18,8.26,-0.24,-2.8235,62148.47,52126.114,46.19,46.08,46.89,44.45,44.88,5.433595,8.3874,-1,9.35,7.65,6.77,1
000014.SZ,20220119,8.26,8.31,8.9,8.2,8.4,0.14,1.6949,69692.47,59457.621,44.88,45.15,48.36,44.56,45.64,5.433595,8.5314,-1,9.09,7.43,6.89,1
000014.SZ,20220120,8.4,8.42,8.54,7.94,7.99,-0.41,-4.881,67662,55152.099,45.64,45.75,46.4,43.14,43.41,5.433595,8.1511,-1,9.24,7.56,6.55,1
000014.SZ,20220121,7.99,8.03,8.31,7.96,8.22,0.23,2.8786,41598,33853.95,43.41,43.63,45.15,43.25,44.66,5.433595,8.1384,-1,8.79,7.19,6.74,1
000014.SZ,20220124,8.22,8.22,8.31,8.05,8.07,-0.15,-1.8248,25746,20920.567,44.66,44.66,45.15,43.74,43.85,5.433595,8.1258,-1,9.04,7.4,6.62,1
000014.SZ,20220125,8.07,8.07,8.15,7.74,7.74,-0.33,-4.0892,27671.01,21940.269,43.85,43.85,44.28,42.06,42.06,5.433595,7.929,-1,8.88,7.26,6.35,1
000014.SZ,20220126,7.74,7.74,8.1,7.71,7.87,0.13,1.6796,28950,22736.792,42.06,42.06,44.01,41.89,42.76,5.433595,7.8538,-1,8.51,6.97,6.45,1
000014.SZ,20220127,7.87,8,8.35,7.68,7.75,-0.12,-1.5248,66411.84,52533.35,42.76,43.47,45.37,41.73,42.11,5.433595,7.9102,-1,8.66,7.08,6.35,1
000014.SZ,20220128,7.75,7.68,8.24,7.68,8.13,0.38,4.9032,61921.51,49852.094,42.11,41.73,44.77,41.73,44.18,5.433595,8.0509,-1,8.53,6.98,6.67,1
000014.SZ,20220207,8.13,8.15,8.31,7.95,8.19,0.06,0.738,36363,29701.251,44.18,44.28,45.15,43.2,44.5,5.433595,8.168,-1,8.94,7.32,6.71,1
000014.SZ,20220208,8.19,8.26,8.53,8.09,8.48,0.29,3.5409,47165.79,39749.684,44.5,44.88,46.35,43.96,46.08,5.433595,8.4277,-1,9.01,7.37,6.95,1
000014.SZ,20220209,8.48,8.46,8.58,8.38,8.45,-0.03,-0.3538,33949,28699.5,46.08,45.97,46.62,45.53,45.91,5.433595,8.4537,-1,9.33,7.63,6.93,1
000014.SZ,20220210,8.45,8.38,8.7,8.32,8.41,-0.04,-0.4734,21354,17966.725,45.91,45.53,47.27,45.21,45.7,5.433595,8.4138,-1,9.3,7.61,6.89,1
000014.SZ,20220211,8.41,8.43,8.54,8.27,8.31,-0.1,-1.1891,41198,34521.185,45.7,45.81,46.4,44.94,45.15,5.433595,8.3793,-1,9.25,7.57,6.81,1
000014.SZ,20220214,8.31,8.2,8.46,8.16,8.4,0.09,1.083,44594,37226.95,45.15,44.56,45.97,44.34,45.64,5.433595,8.348,-1,9.14,7.48,6.89,1
000014.SZ,20220215,8.4,8.46,9.24,8.31,9.24,0.84,10,192145.3,172738.007,45.64,45.97,50.21,45.15,50.21,5.433595,8.99,-1,9.24,7.56,7.58,1
000014.SZ,20220216,9.24,9.36,9.63,8.88,9.2,-0.04,-0.4329,254223.33,234151.657,50.21,50.86,52.33,48.25,49.99,5.433595,9.2105,-1,10.16,8.32,7.54,1
000014.SZ,20220217,9.2,9.25,9.27,8.6,8.65,-0.55,-5.9783,137235.03,122082.649,49.99,50.26,50.37,46.73,47,5.433595,8.8959,-1,10.12,8.28,7.09,1
000014.SZ,20220218,8.65,8.63,9.03,8.42,8.83,0.18,2.0809,101564.5,89646.274,47,46.89,49.07,45.75,47.98,5.433595,8.8265,-1,9.52,7.79,7.24,1
000014.SZ,20220221,8.83,8.89,9,8.69,8.9,0.07,0.7928,80990.02,71650.532,47.98,48.3,48.9,47.22,48.36,5.433595,8.8468,-1,9.71,7.95,7.3,1
000014.SZ,20220222,8.9,8.88,9.2,8.74,9.05,0.15,1.6854,98224.95,88680.236,48.36,48.25,49.99,47.49,49.17,5.433595,9.0283,-1,9.79,8.01,7.42,1
000014.SZ,20220223,9.05,9.03,9.11,8.85,8.9,-0.15,-1.6575,68952.31,61756.087,49.17,49.07,49.5,48.09,48.36,5.433595,8.9563,-1,9.96,8.15,7.3,1
000014.SZ,20220224,8.9,8.9,9.15,8.62,8.73,-0.17,-1.9101,73039.42,65012.985,48.36,48.36,49.72,46.84,47.44,5.433595,8.9011,-1,9.79,8.01,7.16,1
000014.SZ,20220225,8.73,8.95,9.06,8.76,8.91,0.18,2.0619,46970.32,41822.389,47.44,48.63,49.23,47.6,48.41,5.433595,8.904,-1,9.6,7.86,7.3,1
000014.SZ,20220228,8.91,8.91,8.91,8.61,8.66,-0.25,-2.8058,40033.38,34899.657,48.41,48.41,48.41,46.78,47.05,5.433595,8.7176,-1,9.8,8.02,7.1,1
000014.SZ,20220301,8.66,8.7,8.82,8.5,8.77,0.11,1.2702,33649,29301.638,47.05,47.27,47.92,46.19,47.65,5.433595,8.708,-1,9.53,7.79,7.19,1
000014.SZ,20220302,8.77,8.77,8.99,8.7,8.92,0.15,1.7104,40983.84,36449.391,47.65,47.65,48.85,47.27,48.47,5.433595,8.8936,-1,9.65,7.89,7.31,1
000014.SZ,20220303,8.92,8.91,9.1,8.86,8.88,-0.04,-0.4484,38077,34125.433,48.47,48.41,49.45,48.14,48.25,5.433595,8.9622,-1,9.81,8.03,7.28,1
000014.SZ,20220304,8.88,8.83,8.88,8.65,8.8,-0.08,-0.9009,41805.65,36677.347,48.25,47.98,48.25,47,47.82,5.433595,8.7733,-1,9.77,7.99,7.21,1
000014.SZ,20220307,8.8,8.78,9,8.7,8.9,0.1,1.1364,50421.01,44739.337,47.82,47.71,48.9,47.27,48.36,5.433595,8.8732,-1,9.68,7.92,7.3,1
000014.SZ,20220308,8.9,8.89,8.9,8.45,8.57,-0.33,-3.7079,52306.54,45044.271,48.36,48.3,48.36,45.91,46.57,5.433595,8.6116,-1,9.79,8.01,7.03,1
000014.SZ,20220309,8.57,8.56,8.64,7.99,8.39,-0.18,-2.1004,48251.16,40268.496,46.57,46.51,46.95,43.41,45.59,5.433595,8.3456,-1,9.43,7.71,6.88,1
000014.SZ,20220310,8.39,8.46,8.81,8.39,8.58,0.19,2.2646,40292.54,34638.569,45.59,45.97,47.87,45.59,46.62,5.433595,8.5968,-1,9.23,7.55,7.03,1
000014.SZ,20220311,8.58,8.41,9.1,8.41,8.98,0.4,4.662,92317.69,81944.392,46.62,45.7,49.45,45.7,48.79,5.433595,8.8763,-1,9.44,7.72,7.36,1
000014.SZ,20220314,8.98,8.89,9.19,8.82,8.85,-0.13,-1.4477,69280.76,62388.016,48.79,48.3,49.93,47.92,48.09,5.433595,9.0051,-1,9.88,8.08,7.26,1
000014.SZ,20220315,8.85,8.84,8.95,8.18,8.18,-0.67,-7.5706,72672,62629.7,48.09,48.03,48.63,44.45,44.45,5.433595,8.6181,-1,9.74,7.97,6.71,1
000014.SZ,20220316,8.18,8.36,8.56,8.1,8.51,0.33,4.0342,57749.81,48433.699,44.45,45.42,46.51,44.01,46.24,5.433595,8.3868,-1,9,7.36,6.98,1
000014.SZ,20220317,8.51,8.88,9.1,8.75,8.88,0.37,4.3478,94470.45,84121.066,46.24,48.25,49.45,47.54,48.25,5.433595,8.9045,-1,9.36,7.66,7.28,1
000014.SZ,20220318,8.88,8.9,9.26,8.63,9.15,0.27,3.0405,95570.93,85977.175,48.25,48.36,50.32,46.89,49.72,5.433595,8.9962,-1,9.77,7.99,7.5,1
000014.SZ,20220321,9.15,9.2,9.65,9.15,9.55,0.4,4.3716,127461.76,120830.482,49.72,49.99,52.43,49.72,51.89,5.433595,9.4797,-1,10.07,8.24,7.83,1
000014.SZ,20220322,9.55,9.4,9.76,9.3,9.67,0.12,1.2565,94876.46,90891.079,51.89,51.08,53.03,50.53,52.54,5.433595,9.5799,-1,10.51,8.6,7.93,1
000014.SZ,20220323,9.67,9.59,10.05,9.4,9.75,0.08,0.8273,112104.13,108644.205,52.54,52.11,54.61,51.08,52.98,5.433595,9.6914,-1,10.64,8.7,7.99,1
000014.SZ,20220324,9.75,9.55,10.09,9.51,9.72,-0.03,-0.3077,95912.14,94694.686,52.98,51.89,54.82,51.67,52.81,5.433595,9.8731,-1,10.73,8.78,7.97,1
000014.SZ,20220325,9.72,9.73,9.88,9.45,9.65,-0.07,-0.7202,87090.66,83907.244,52.81,52.87,53.68,51.35,52.43,5.433595,9.6345,-1,10.69,8.75,7.91,1
000014.SZ,20220328,9.65,9.63,9.99,9.45,9.85,0.2,2.0725,86282.44,84456.667,52.43,52.33,54.28,51.35,53.52,5.433595,9.7884,-1,10.62,8.69,8.08,1
000014.SZ,20220329,9.85,9.86,10.55,9.61,10.1,0.25,2.5381,168023.11,169241.279,53.52,53.58,57.32,52.22,54.88,5.433595,10.0725,-1,10.84,8.87,8.28,1
000014.SZ,20220330,10.1,10.15,11.11,10.14,11.11,1.01,10,319096.57,345292.603,54.88,55.15,60.37,55.1,60.37,5.433595,10.8209,-1,11.11,9.09,9.11,1
000014.SZ,20220331,11.11,12.22,12.22,11.74,12.22,1.11,9.991,142554.16,173648.666,60.37,66.4,66.4,63.79,66.4,5.433595,12.1812,-1,12.22,10,10.02,1
000014.SZ,20220401,12.22,13,13.44,12.51,13.44,1.22,9.9836,338415.23,450438.747,66.4,70.64,73.03,67.97,73.03,5.433595,13.3102,-1,13.44,11,11.02,1
000014.SZ,20220406,13.44,14.5,14.78,14.28,14.78,1.34,9.9702,109174.7,159762.403,73.03,78.79,80.31,77.59,80.31,5.433595,14.6336,-1,14.78,12.1,12.12,1
000014.SZ,20220407,14.78,13.38,14.6,13.3,13.3,-1.48,-10.0135,581488.72,793772.806,80.31,72.7,79.33,72.27,72.27,5.433595,13.6507,-1,16.26,13.3,10.9,1
000014.SZ,20220408,13.3,12.07,13.38,11.97,12.13,-1.17,-8.797,510972.72,630688.414,72.27,65.58,72.7,65.04,65.91,5.433595,12.3429,-1,14.63,11.97,9.94,1
000014.SZ,20220411,12.13,11.51,11.66,10.92,10.92,-1.21,-9.9753,276459.82,305408.712,65.91,62.54,63.36,59.33,59.33,5.433595,11.0471,-1,13.34,10.92,8.95,1
000014.SZ,20220412,10.92,10.52,11.33,10.42,10.8,-0.12,-1.0989,296191,323734.03,59.33,57.16,61.56,56.62,58.68,5.433595,10.9299,-1,12.01,9.83,8.85,1
000014.SZ,20220413,10.8,10.94,11.3,10.8,11.09,0.29,2.6852,261144.83,289090.328,58.68,59.44,61.4,58.68,60.26,5.433595,11.0701,-1,11.88,9.72,9.09,1
000014.SZ,20220414,11.09,10.75,11.6,10.75,11.33,0.24,2.1641,285871.21,319935.965,60.26,58.41,63.03,58.41,61.56,5.433595,11.1916,-1,12.2,9.98,9.29,1
000014.SZ,20220415,11.33,11.05,11.44,10.57,10.91,-0.42,-3.707,236711.01,261628.202,61.56,60.04,62.16,57.43,59.28,5.433595,11.0526,-1,12.46,10.2,8.94,1
000014.SZ,20220418,10.91,10.48,11.15,10.21,10.67,-0.24,-2.1998,187535.25,201857.791,59.28,56.94,60.58,55.48,57.98,5.433595,10.7637,-1,12,9.82,8.75,1
000014.SZ,20220419,10.67,10.69,11.05,10.28,11.05,0.38,3.5614,180900.79,194511.646,57.98,58.09,60.04,55.86,60.04,5.433595,10.7524,-1,11.74,9.6,9.06,1
000014.SZ,20220420,11.05,11.1,11.29,10.41,10.82,-0.23,-2.0814,203695.16,220563.31,60.04,60.31,61.35,56.56,58.79,5.433595,10.8281,-1,12.16,9.95,8.87,1
000014.SZ,20220421,10.82,10.81,10.81,9.74,9.74,-1.08,-9.9815,164615.67,164535.485,58.79,58.74,58.74,52.92,52.92,5.433595,9.9951,-1,11.9,9.74,7.99,1
000014.SZ,20220422,9.74,9.36,10.04,9.2,9.83,0.09,0.924,142677,139046.096,52.92,50.86,54.55,49.99,53.41,5.433595,9.7455,-1,10.71,8.77,8.06,1
000014.SZ,20220425,9.83,9.7,10.43,9.27,9.34,-0.49,-4.9847,189668.47,186252.955,53.41,52.71,56.67,50.37,50.75,5.433595,9.8199,-1,10.81,8.85,7.66,1
000014.SZ,20220426,9.34,9.35,9.75,9.1,9.21,-0.13,-1.3919,158048,149445.619,50.75,50.8,52.98,49.45,50.04,5.433595,9.4557,-1,10.27,8.41,7.55,1
000014.SZ,20220427,9.21,8.9,10.13,8.75,9.74,0.53,5.7546,244126.15,236209.989,50.04,48.36,55.04,47.54,52.92,5.433595,9.6757,-1,10.13,8.29,7.99,1
000014.SZ,20220428,9.74,9.25,10.71,9.25,10.71,0.97,9.9589,323536.5,320709.083,52.92,50.26,58.19,50.26,58.19,5.433595,9.9126,-1,10.71,8.77,8.78,1
000014.SZ,20220429,10.71,11,11.78,10.6,11.78,1.07,9.9907,483728.32,535720.643,58.19,59.77,64.01,57.6,64.01,5.433595,11.0748,-1,11.78,9.64,9.66,1
000014.SZ,20220505,11.78,11.4,11.78,10.6,11.02,-0.76,-6.4516,442311.92,487177.021,64.01,61.94,64.01,57.6,59.88,5.433595,11.0143,-1,12.96,10.6,9.03,1
000014.SZ,20220506,11.02,10.42,11.28,10.3,10.6,-0.42,-3.8113,304260.51,325630.014,59.88,56.62,61.29,55.97,57.6,5.433595,10.7023,-1,12.12,9.92,8.69,1
000014.SZ,20220509,10.6,10.6,10.95,10.4,10.55,-0.05,-0.4717,235019.37,250244.949,57.6,57.6,59.5,56.51,57.32,5.433595,10.6478,-1,11.66,9.54,8.65,1
000014.SZ,20220510,10.55,10.3,11.17,10.24,11.11,0.56,5.3081,320429.06,347480.806,57.32,55.97,60.69,55.64,60.37,5.433595,10.8442,-1,11.61,9.5,9.11,1
000014.SZ,20220511,11.11,10.9,11.49,10.67,11.31,0.2,1.8002,370908.93,411569.949,60.37,59.23,62.43,57.98,61.45,5.433595,11.0963,-1,12.22,10,9.27,1
000014.SZ,20220512,11.31,11.18,11.23,10.55,10.77,-0.54,-4.7745,248005.81,269917.459,61.45,60.75,61.02,57.32,58.52,5.433595,10.8835,-1,12.44,10.18,8.83,1
000014.SZ,20220513,10.77,10.55,11.85,10.32,11.85,1.08,10.0279,371563.76,416242.441,58.52,57.32,64.39,56.07,64.39,5.433595,11.2024,-1,11.85,9.69,9.71,1
000014.SZ,20220516,11.85,12.3,13.01,11.67,11.7,-0.15,-1.2658,575722.22,711023.951,64.39,66.83,70.69,63.41,63.57,5.433595,12.3501,-1,13.04,10.67,9.59,1
000014.SZ,20220517,11.7,11.11,11.55,10.89,11.01,-0.69,-5.8974,320785.52,355605.549,63.57,60.37,62.76,59.17,59.82,5.433595,11.0855,-1,12.87,10.53,9.03,1
000014.SZ,20220518,11.01,10.71,11.48,10.71,11.19,0.18,1.6349,264491.28,294591.167,59.82,58.19,62.38,58.19,60.8,5.433595,11.138,-1,12.11,9.91,9.17,1
000014.SZ,20220519,11.19,10.89,11.95,10.85,11.74,0.55,4.9151,310014,360854.314,60.8,59.17,64.93,58.95,63.79,5.433595,11.6399,-1,12.31,10.07,9.62,1
000014.SZ,20220520,11.74,11.65,11.99,11.37,11.44,-0.3,-2.5554,202589.36,233912.479,63.79,63.3,65.15,61.78,62.16,5.433595,11.5461,-1,12.91,10.57,9.38,1
000014.SZ,20220523,11.44,11.56,11.66,11.14,11.22,-0.22,-1.9231,132897.28,150728.021,62.16,62.81,63.36,60.53,60.96,5.433595,11.3417,-1,12.58,10.3,9.2,1
000014.SZ,20220524,11.22,11.2,11.32,10.7,11.04,-0.18,-1.6043,179413,197706.991,60.96,60.86,61.51,58.14,59.99,5.433595,11.0197,-1,12.34,10.1,9.05,1
000014.SZ,20220525,11.04,10.96,11.19,10.75,11.04,0,0,119704,132059.259,59.99,59.55,60.8,58.41,59.99,5.433595,11.0322,-1,12.14,9.94,9.05,1
000014.SZ,20220526,11.04,11.14,11.35,10.72,10.75,-0.29,-2.6268,150824,165806.824,59.99,60.53,61.67,58.25,58.41,5.433595,10.9934,-1,12.14,9.94,8.81,1
000014.SZ,20220527,8.92,8.8,9.3,8.59,9.1,0.18,2.0179,208969.37,186638.985,58.41,57.63,60.9,56.25,59.59,6.548335,8.9314,4,9.81,8.03,8.99,1
000014.SZ,20220530,9.1,8.91,9.09,8.74,8.82,-0.28,-3.0769,135730,120692.713,59.59,58.35,59.52,57.23,57.76,6.548335,8.8921,-1,10.01,8.19,8.71,1
000014.SZ,20220531,8.82,8.85,9.7,8.7,9.7,0.88,9.9773,220095.81,205182.112,57.76,57.95,63.52,56.97,63.52,6.548335,9.3224,-1,9.7,7.94,9.58,1
000014.SZ,20220601,9.7,9.52,10.36,9.33,9.74,0.04,0.4124,397571.39,386602.958,63.52,62.34,67.84,61.1,63.78,6.548335,9.7241,-1,10.67,8.73,9.62,1
000014.SZ,20220602,9.74,9.75,9.89,9.41,9.41,-0.33,-3.3881,222195.93,212644.716,63.78,63.85,64.76,61.62,61.62,6.548335,9.5701,-1,10.71,8.77,9.3,1
000014.SZ,20220606,9.41,9.38,9.53,9.12,9.21,-0.2,-2.1254,174830,161583.797,61.62,61.42,62.41,59.72,60.31,6.548335,9.2423,-1,10.35,8.47,9.1,1
000014.SZ,20220607,9.21,9.18,9.5,9.13,9.5,0.29,3.1488,216788.56,201985.775,60.31,60.11,62.21,59.79,62.21,6.548335,9.3172,-1,10.13,8.29,9.39,1
000014.SZ,20220608,9.5,9.36,9.38,8.97,9.13,-0.37,-3.8947,160482.73,147194.364,62.21,61.29,61.42,58.74,59.79,6.548335,9.172,-1,10.45,8.55,9.02,1
000014.SZ,20220609,9.13,9.02,9.44,9.02,9.17,0.04,0.4381,168470.18,156364.761,59.79,59.07,61.82,59.07,60.05,6.548335,9.2815,-1,10.04,8.22,9.06,1
000014.SZ,20220610,9.17,9.06,9.31,8.96,9.13,-0.04,-0.4362,109120,99203.22,60.05,59.33,60.96,58.67,59.79,6.548335,9.0912,-1,10.09,8.25,9.02,1
000014.SZ,20220613,9.13,9.03,9.06,8.58,8.71,-0.42,-4.6002,162147.02,142314.383,59.79,59.13,59.33,56.18,57.04,6.548335,8.7769,-1,10.04,8.22,8.61,1
000014.SZ,20220614,8.71,8.58,8.86,8.43,8.78,0.07,0.8037,122335.92,106158.882,57.04,56.18,58.02,55.2,57.49,6.548335,8.6777,-1,9.58,7.84,8.67,1
000014.SZ,20220615,8.78,8.84,9.06,8.64,8.81,0.03,0.3417,149826.99,133343.587,57.49,57.89,59.33,56.58,57.69,6.548335,8.8998,-1,9.66,7.9,8.7,1
000014.SZ,20220616,8.81,8.79,8.87,8.63,8.84,0.03,0.3405,108596.8,94965.944,57.69,57.56,58.08,56.51,57.89,6.548335,8.7448,-1,9.69,7.93,8.73,1
000014.SZ,20220617,8.84,8.73,8.86,8.55,8.59,-0.25,-2.8281,99952.81,86484.497,57.89,57.17,58.02,55.99,56.25,6.548335,8.6525,-1,9.72,7.96,8.49,1
000014.SZ,20220620,8.59,8.54,8.94,8.48,8.79,0.2,2.3283,123178.41,107570.41,56.25,55.92,58.54,55.53,57.56,6.548335,8.7329,-1,9.45,7.73,8.68,1
000014.SZ,20220621,8.79,8.73,9.2,8.72,8.93,0.14,1.5927,206069.33,186152.955,57.56,57.17,60.24,57.1,58.48,6.548335,9.0335,-1,9.67,7.91,8.82,1
000014.SZ,20220622,8.93,8.87,8.91,8.64,8.66,-0.27,-3.0235,108410.58,94874.046,58.48,58.08,58.35,56.58,56.71,6.548335,8.7514,-1,9.82,8.04,8.56,1
000014.SZ,20220623,8.66,8.61,9.15,8.42,8.96,0.3,3.4642,178647.9,158406.329,56.71,56.38,59.92,55.14,58.67,6.548335,8.867,-1,9.53,7.79,8.85,1
000014.SZ,20220624,8.96,8.85,9.05,8.82,8.97,0.01,0.1116,121380.54,108271.195,58.67,57.95,59.26,57.76,58.74,6.548335,8.92,-1,9.86,8.06,8.86,1
000014.SZ,20220627,8.97,8.9,9.07,8.88,8.97,0,0,96687.46,86836.759,58.74,58.28,59.39,58.15,58.74,6.548335,8.9812,-1,9.87,8.07,8.86,1
000014.SZ,20220628,8.97,8.95,9.07,8.87,8.91,-0.06,-0.6689,112596.07,100999.6,58.74,58.61,59.39,58.08,58.35,6.548335,8.9701,-1,9.87,8.07,8.8,1
000014.SZ,20220629,8.91,8.85,9.36,8.85,9.36,0.45,5.0505,299281.05,275627.455,58.35,57.95,61.29,57.95,61.29,6.548335,9.2097,-1,9.8,8.02,9.25,1
000014.SZ,20220630,9.36,9.19,9.24,8.9,9.11,-0.25,-2.6709,214945.35,194781.29,61.29,60.18,60.51,58.28,59.66,6.548335,9.0619,-1,10.3,8.42,9,1
000014.SZ,20220701,9.11,9.08,9.22,8.88,8.94,-0.17,-1.8661,133119.46,119782.446,59.66,59.46,60.38,58.15,58.54,6.548335,8.9981,-1,10.02,8.2,8.83,1
000014.SZ,20220704,8.94,8.87,8.94,8.69,8.82,-0.12,-1.3423,115190.8,101198.088,58.54,58.08,58.54,56.91,57.76,6.548335,8.7853,-1,9.83,8.05,8.71,1
000014.SZ,20220705,8.82,8.8,8.87,8.62,8.71,-0.11,-1.2472,88649.6,77341.428,57.76,57.63,58.08,56.45,57.04,6.548335,8.7244,-1,9.7,7.94,8.61,1
000014.SZ,20220706,8.71,8.64,8.75,8.4,8.44,-0.27,-3.0999,88224.21,75155.186,57.04,56.58,57.3,55.01,55.27,6.548335,8.5187,-1,9.58,7.84,8.34,1
000014.SZ,20220707,8.44,8.43,8.7,8.41,8.57,0.13,1.5403,72699.01,62657.384,55.27,55.2,56.97,55.07,56.12,6.548335,8.6187,-1,9.28,7.6,8.47,1
000014.SZ,20220708,8.57,8.51,8.67,8.47,8.54,-0.03,-0.3501,52695.4,45161.939,56.12,55.73,56.77,55.46,55.92,6.548335,8.5704,-1,9.43,7.71,8.44,1
000014.SZ,20220711,8.54,8.55,8.55,8.35,8.38,-0.16,-1.8735,49176.41,41316.803,55.92,55.99,55.99,54.68,54.88,6.548335,8.4018,-1,9.39,7.69,8.28,1
000014.SZ,20220712,8.38,8.39,8.53,8.32,8.43,0.05,0.5967,48370.2,40723.485,54.88,54.94,55.86,54.48,55.2,6.548335,8.4191,-1,9.22,7.54,8.33,1
000014.SZ,20220713,8.43,8.4,8.68,8.4,8.56,0.13,1.5421,63473.61,54369.835,55.2,55.01,56.84,55.01,56.05,6.548335,8.5657,-1,9.27,7.59,8.46,1
000014.SZ,20220714,8.56,8.69,8.7,8.37,8.41,-0.15,-1.7523,71524.4,60513.451,56.05,56.91,56.97,54.81,55.07,6.548335,8.4605,-1,9.42,7.7,8.31,1
000014.SZ,20220715,8.41,8.34,8.4,7.8,7.82,-0.59,-7.0155,127691.49,102158.437,55.07,54.61,55.01,51.08,51.21,6.548335,8.0004,-1,9.25,7.57,7.73,1
000014.SZ,20220718,7.82,7.81,8.37,7.81,8.3,0.48,6.1381,127853.21,104141.049,51.21,51.14,54.81,51.14,54.35,6.548335,8.1454,-1,8.6,7.04,8.2,1
000014.SZ,20220719,8.3,8.3,8.33,8.11,8.3,0,0,55483.7,45728.741,54.35,54.35,54.55,53.11,54.35,6.548335,8.2418,-1,9.13,7.47,8.2,1
000014.SZ,20220720,8.3,8.36,8.36,8.2,8.25,-0.05,-0.6024,42409.91,34983.044,54.35,54.74,54.74,53.7,54.02,6.548335,8.2488,-1,9.13,7.47,8.15,1
000014.SZ,20220721,8.25,8.25,8.34,8.11,8.15,-0.1,-1.2121,45021.61,36772.647,54.02,54.02,54.61,53.11,53.37,6.548335,8.1678,-1,9.08,7.43,8.05,1
000014.SZ,20220722,8.15,8.15,8.3,8.11,8.26,0.11,1.3497,66622.4,54778.7,53.37,53.37,54.35,53.11,54.09,6.548335,8.2223,-1,8.97,7.34,8.16,1
000014.SZ,20220725,8.26,8.22,8.52,8.22,8.27,0.01,0.1211,64908.2,54310.631,54.09,53.83,55.79,53.83,54.15,6.548335,8.3673,-1,9.09,7.43,8.17,1
000014.SZ,20220726,8.27,8.26,8.66,8.22,8.57,0.3,3.6276,118016.71,100119.86,54.15,54.09,56.71,53.83,56.12,6.548335,8.4835,-1,9.1,7.44,8.47,1
000014.SZ,20220727,8.57,8.53,8.65,8.39,8.41,-0.16,-1.867,68997.14,58431.882,56.12,55.86,56.64,54.94,55.07,6.548335,8.4687,-1,9.43,7.71,8.31,1
000014.SZ,20220728,8.41,8.41,8.54,8.35,8.47,0.06,0.7134,57996.2,48903.718,55.07,55.07,55.92,54.68,55.46,6.548335,8.4322,-1,9.25,7.57,8.37,1
000014.SZ,20220729,8.47,8.58,8.65,8.38,8.52,0.05,0.5903,69939.6,59645.655,55.46,56.18,56.64,54.88,55.79,6.548335,8.5282,-1,9.32,7.62,8.42,1
000014.SZ,20220801,8.52,8.39,8.46,8.2,8.27,-0.25,-2.9343,61403.73,50859.064,55.79,54.94,55.4,53.7,54.15,6.548335,8.2827,-1,9.37,7.67,8.17,1
000014.SZ,20220802,8.27,8.25,8.25,7.73,7.86,-0.41,-4.9577,73119.05,57739.54,54.15,54.02,54.02,50.62,51.47,6.548335,7.8966,-1,9.1,7.44,7.77,1
000014.SZ,20220803,7.86,7.78,8.05,7.75,7.79,-0.07,-0.8906,47731.8,37608.743,51.47,50.95,52.71,50.75,51.01,6.548335,7.8792,-1,8.65,7.07,7.7,1
000014.SZ,20220804,7.79,7.8,7.92,7.65,7.88,0.09,1.1553,41839.2,32589.788,51.01,51.08,51.86,50.09,51.6,6.548335,7.7893,-1,8.57,7.01,7.79,1
000014.SZ,20220805,7.88,7.83,7.92,7.78,7.9,0.02,0.2538,38688.4,30380.511,51.6,51.27,51.86,50.95,51.73,6.548335,7.8526,-1,8.67,7.09,7.81,1
000014.SZ,20220808,7.9,7.92,8.11,7.9,7.95,0.05,0.6329,52422.2,41767.196,51.73,51.86,53.11,51.73,52.06,6.548335,7.9675,-1,8.69,7.11,7.85,1
000014.SZ,20220809,7.95,7.91,8.13,7.85,7.97,0.02,0.2516,85079.6,67947.554,52.06,51.8,53.24,51.4,52.19,6.548335,7.9864,-1,8.75,7.16,7.87,1
000014.SZ,20220810,7.97,7.95,8,7.87,7.98,0.01,0.1255,62246,49472.483,52.19,52.06,52.39,51.54,52.26,6.548335,7.9479,-1,8.77,7.17,7.88,1
000014.SZ,20220811,7.98,7.97,8.12,7.97,8.05,0.07,0.8772,54301.63,43600.641,52.26,52.19,53.17,52.19,52.71,6.548335,8.0293,-1,8.78,7.18,7.95,1
000014.SZ,20220812,8.05,8.06,8.18,7.97,8.14,0.09,1.118,60430.4,48996.036,52.71,52.78,53.57,52.19,53.3,6.548335,8.1078,-1,8.86,7.25,8.04,1
000014.SZ,20220815,8.14,8.11,8.19,8.04,8.08,-0.06,-0.7371,45156.73,36524.499,53.3,53.11,53.63,52.65,52.91,6.548335,8.0884,-1,8.95,7.33,7.98,1
000014.SZ,20220816,8.08,8.09,8.3,8.05,8.27,0.19,2.3515,71255.39,58644.869,52.91,52.98,54.35,52.71,54.15,6.548335,8.2302,-1,8.89,7.27,8.17,1
000014.SZ,20220817,8.27,8.24,8.34,8.19,8.32,0.05,0.6046,56868.62,47088.612,54.15,53.96,54.61,53.63,54.48,6.548335,8.2802,-1,9.1,7.44,8.22,1
000014.SZ,20220818,8.32,8.3,8.42,8.24,8.3,-0.02,-0.2404,50605.33,42021.849,54.48,54.35,55.14,53.96,54.35,6.548335,8.3038,-1,9.15,7.49,8.2,1
000014.SZ,20220819,8.3,8.3,8.5,8.3,8.49,0.19,2.2892,79793.63,67385.013,54.35,54.35,55.66,54.35,55.6,6.548335,8.4449,-1,9.13,7.47,8.39,1
000014.SZ,20220822,8.49,8.5,8.53,8.32,8.45,-0.04,-0.4711,63806.23,53683.868,55.6,55.66,55.86,54.48,55.33,6.548335,8.4136,-1,9.34,7.64,8.35,1
000014.SZ,20220823,8.45,8.47,8.61,8.39,8.55,0.1,1.1834,66960.02,57098.841,55.33,55.46,56.38,54.94,55.99,6.548335,8.5273,-1,9.3,7.61,8.45,1
000014.SZ,20220824,8.55,8.52,8.61,8.33,8.33,-0.22,-2.5731,56122.4,47416.889,55.99,55.79,56.38,54.55,54.55,6.548335,8.4488,-1,9.41,7.7,8.23,1
000014.SZ,20220825,8.33,8.38,8.52,8.24,8.35,0.02,0.2401,49531.01,41370.699,54.55,54.88,55.79,53.96,54.68,6.548335,8.3525,-1,9.16,7.5,8.25,1
000014.SZ,20220826,8.35,8.35,8.41,8.23,8.26,-0.09,-1.0778,46929.85,38951.966,54.68,54.68,55.07,53.89,54.09,6.548335,8.3,-1,9.19,7.52,8.16,1
000014.SZ,20220829,8.26,8.18,8.32,8.05,8.31,0.05,0.6053,48793.83,40145.729,54.09,53.57,54.48,52.71,54.42,6.548335,8.2276,-1,9.09,7.43,8.21,1
000014.SZ,20220830,8.31,8.36,8.51,8.3,8.38,0.07,0.8424,56936.46,47785.38,54.42,54.74,55.73,54.35,54.88,6.548335,8.3928,-1,9.14,7.48,8.28,1
000014.SZ,20220831,8.38,8.34,8.49,8.22,8.22,-0.16,-1.9093,58045.8,48456.15,54.88,54.61,55.6,53.83,53.83,6.548335,8.3479,-1,9.22,7.54,8.12,1
000014.SZ,20220901,8.22,8.2,9.04,8.19,9.04,0.82,9.9757,183787.02,160035.489,53.83,53.7,59.2,53.63,59.2,6.548335,8.7077,-1,9.04,7.4,8.93,1
000014.SZ,20220902,9.04,9.24,9.24,8.66,8.86,-0.18,-1.9912,333134.96,293203.718,59.2,60.51,60.51,56.71,58.02,6.548335,8.8013,-1,9.94,8.14,8.75,1
000014.SZ,20220905,8.86,8.8,9.01,8.61,8.92,0.06,0.6772,244801.14,216313.454,58.02,57.63,59,56.38,58.41,6.548335,8.8363,-1,9.75,7.97,8.81,1
000014.SZ,20220906,8.92,8.93,9.81,8.9,9.27,0.35,3.9238,463103.94,435255.13,58.41,58.48,64.24,58.28,60.7,6.548335,9.3986,-1,9.81,8.03,9.16,1
000014.SZ,20220907,9.27,9.12,9.59,8.7,9.42,0.15,1.6181,373604.59,339429.077,60.7,59.72,62.8,56.97,61.69,6.548335,9.0852,-1,10.2,8.34,9.31,1
000014.SZ,20220908,9.42,9.19,9.28,8.93,9.11,-0.31,-3.2909,227891.02,207034.459,61.69,60.18,60.77,58.48,59.66,6.548335,9.0848,-1,10.36,8.48,9,1
000014.SZ,20220909,9.11,9.12,9.58,9.05,9.41,0.3,3.2931,324493.52,304155.232,59.66,59.72,62.73,59.26,61.62,6.548335,9.3732,-1,10.02,8.2,9.3,1
000014.SZ,20220913,9.41,9.23,9.31,8.95,9.04,-0.37,-3.932,210936.35,192412.032,61.62,60.44,60.96,58.61,59.2,6.548335,9.1218,-1,10.35,8.47,8.93,1
000014.SZ,20220914,9.04,8.83,9.94,8.81,9.94,0.9,9.9558,567489.79,553801.653,59.2,57.82,65.09,57.69,65.09,6.548335,9.7588,-1,9.94,8.14,9.82,1
000014.SZ,20220915,9.94,9.91,10.93,9.6,10.93,0.99,9.9598,731306.47,749989.358,65.09,64.89,71.57,62.86,71.57,6.548335,10.2555,-1,10.93,8.95,10.8,1
000014.SZ,20220916,10.93,10.32,10.59,9.84,9.84,-1.09,-9.9726,529837.67,538277.738,71.57,67.58,69.35,64.44,64.44,6.548335,10.1593,-1,12.02,9.84,9.72,1
000014.SZ,20220919,9.84,9.1,10.32,9.08,9.97,0.13,1.3211,429164.01,413932.477,64.44,59.59,67.58,59.46,65.29,6.548335,9.6451,-1,10.82,8.86,9.85,1
000014.SZ,20220920,9.97,9.87,10.24,9.51,9.58,-0.39,-3.9117,361604.63,354070.935,65.29,64.63,67.05,62.27,62.73,6.548335,9.7917,-1,10.97,8.97,9.47,1
000014.SZ,20220921,9.58,9.33,9.84,9.16,9.65,0.07,0.7307,294355.77,281346.662,62.73,61.1,64.44,59.98,63.19,6.548335,9.558,-1,10.54,8.62,9.53,1
000014.SZ,20220922,9.65,9.5,9.75,9.37,9.48,-0.17,-1.7617,217864.4,206709,63.19,62.21,63.85,61.36,62.08,6.548335,9.488,-1,10.62,8.69,9.37,1
000014.SZ,20220923,9.48,9.42,9.73,8.74,8.88,-0.6,-6.3291,288434.72,269605.834,62.08,61.69,63.72,57.23,58.15,6.548335,9.3472,-1,10.43,8.53,8.77,1
000014.SZ,20220926,8.88,8.88,9.47,8.88,9,0.12,1.3514,247677.5,225997.913,58.15,58.15,62.01,58.15,58.94,6.548335,9.1247,-1,9.77,7.99,8.89,1
000014.SZ,20220927,9,9,9.09,8.38,8.84,-0.16,-1.7778,258980.01,224647.051,58.94,58.94,59.52,54.88,57.89,6.548335,8.6743,-1,9.9,8.1,8.73,1
000014.SZ,20220928,8.84,8.71,8.79,8.25,8.27,-0.57,-6.448,189248.95,160588.079,57.89,57.04,57.56,54.02,54.15,6.548335,8.4855,-1,9.72,7.96,8.17,1
000014.SZ,20220929,8.27,8.34,8.44,8.05,8.07,-0.2,-2.4184,148328.8,121319.797,54.15,54.61,55.27,52.71,52.85,6.548335,8.1791,-1,9.1,7.44,7.97,1
000014.SZ,20220930,8.07,8.22,8.48,8.07,8.26,0.19,2.3544,185028.28,152765.954,52.85,53.83,55.53,52.85,54.09,6.548335,8.2564,-1,8.88,7.26,8.16,1
000014.SZ,20221010,8.26,8.33,8.61,8.24,8.33,0.07,0.8475,196436.84,165312.395,54.09,54.55,56.38,53.96,54.55,6.548335,8.4155,-1,9.09,7.43,8.23,1
000014.SZ,20221011,8.33,8.21,8.24,7.96,8.01,-0.32,-3.8415,142637.58,114779.814,54.55,53.76,53.96,52.12,52.45,6.548335,8.047,-1,9.16,7.5,7.91,1
000014.SZ,20221012,8.01,7.99,8.3,7.83,8.27,0.26,3.2459,147047.02,118790.824,52.45,52.32,54.35,51.27,54.15,6.548335,8.0784,-1,8.81,7.21,8.17,1
000014.SZ,20221013,8.27,8.11,8.27,8.03,8.16,-0.11,-1.3301,129914.97,105590.054,54.15,53.11,54.15,52.58,53.43,6.548335,8.1276,-1,9.1,7.44,8.06,1
000014.SZ,20221014,8.16,8.24,8.38,8.17,8.32,0.16,1.9608,140219.74,116323.838,53.43,53.96,54.88,53.5,54.48,6.548335,8.2958,-1,8.98,7.34,8.22,1
000014.SZ,20221017,8.32,8.18,8.52,8.09,8.44,0.12,1.4423,146101.92,122132.621,54.48,53.57,55.79,52.98,55.27,6.548335,8.3594,-1,9.15,7.49,8.34,1
000014.SZ,20221018,8.44,8.45,8.58,8.31,8.37,-0.07,-0.8294,124594.61,105000.818,55.27,55.33,56.18,54.42,54.81,6.548335,8.4274,-1,9.28,7.6,8.27,1
000014.SZ,20221019,8.37,8.32,8.5,8.3,8.38,0.01,0.1195,122095.56,102412.389,54.81,54.48,55.66,54.35,54.88,6.548335,8.3879,-1,9.21,7.53,8.28,1
000014.SZ,20221020,8.38,8.35,8.35,8.14,8.17,-0.21,-2.506,99854.18,82110.446,54.88,54.68,54.68,53.3,53.5,6.548335,8.223,-1,9.22,7.54,8.07,1
000014.SZ,20221021,8.17,8.35,8.43,8.13,8.17,0,0,108082.6,89630.435,53.5,54.68,55.2,53.24,53.5,6.548335,8.2928,-1,8.99,7.35,8.07,1
000014.SZ,20221024,8.17,8.17,8.19,7.73,7.74,-0.43,-5.2632,135515.03,107413.638,53.5,53.5,53.63,50.62,50.68,6.548335,7.9263,-1,8.99,7.35,7.65,1
000014.SZ,20221025,7.74,7.7,7.78,7.5,7.61,-0.13,-1.6796,93269.61,70964.714,50.68,50.42,50.95,49.11,49.83,6.548335,7.6086,-1,8.51,6.97,7.52,1
000014.SZ,20221026,7.61,7.69,7.75,7.59,7.71,0.1,1.3141,67739.4,52011.732,49.83,50.36,50.75,49.7,50.49,6.548335,7.6782,-1,8.37,6.85,7.62,1
000014.SZ,20221027,7.71,7.71,7.96,7.65,7.91,0.2,2.594,97268.39,76298.214,50.49,50.49,52.12,50.09,51.8,6.548335,7.8441,-1,8.48,6.94,7.82,1
000014.SZ,20221028,7.91,7.9,7.95,7.53,7.57,-0.34,-4.2984,90958.81,69948.907,51.8,51.73,52.06,49.31,49.57,6.548335,7.6902,-1,8.7,7.12,7.48,1
000014.SZ,20221031,7.57,7.7,7.89,7.48,7.79,0.22,2.9062,120915.6,93896.266,49.57,50.42,51.67,48.98,51.01,6.548335,7.7654,-1,8.33,6.81,7.7,1
000014.SZ,20221101,7.79,7.99,8.11,7.89,8.02,0.23,2.9525,134019.46,107226.869,51.01,52.32,53.11,51.67,52.52,6.548335,8.0008,-1,8.57,7.01,7.92,1
000014.SZ,20221102,8.02,7.88,8.25,7.88,8.15,0.13,1.6209,129447.05,104789.292,52.52,51.6,54.02,51.6,53.37,6.548335,8.0951,-1,8.82,7.22,8.05,1
000014.SZ,20221103,8.15,8.08,8.21,8.05,8.09,-0.06,-0.7362,84355.18,68413.276,53.37,52.91,53.76,52.71,52.98,6.548335,8.1101,-1,8.97,7.34,7.99,1
000014.SZ,20221104,8.09,8.11,8.27,8.08,8.24,0.15,1.8541,90727.58,74497.611,52.98,53.11,54.15,52.91,53.96,6.548335,8.2111,-1,8.9,7.28,8.14,1
000014.SZ,20221107,8.24,8.21,8.4,8.16,8.39,0.15,1.8204,90457.84,75187.584,53.96,53.76,55.01,53.43,54.94,6.548335,8.3119,-1,9.06,7.42,8.29,1
000014.SZ,20221108,8.39,8.4,8.47,8.29,8.39,0,0,69643.53,58443.15,54.94,55.01,55.46,54.29,54.94,6.548335,8.3918,-1,9.23,7.55,8.29,1
000014.SZ,20221109,8.39,8.44,8.67,8.41,8.42,0.03,0.3576,106445.94,90819.221,54.94,55.27,56.77,55.07,55.14,6.548335,8.532,-1,9.23,7.55,8.32,1
000014.SZ,20221110,8.42,8.35,8.52,8.29,8.45,0.03,0.3563,83352.6,70256.368,55.14,54.68,55.79,54.29,55.33,6.548335,8.4288,-1,9.26,7.58,8.35,1
000014.SZ,20221111,8.45,8.61,9.3,8.58,9.2,0.75,8.8757,341164.38,307671.786,55.33,56.38,60.9,56.18,60.24,6.548335,9.0183,-1,9.3,7.61,9.09,1
000014.SZ,20221114,9.2,9.5,9.5,8.97,9.07,-0.13,-1.413,375261.25,344246.156,60.24,62.21,62.21,58.74,59.39,6.548335,9.1735,-1,10.12,8.28,8.96,1
000014.SZ,20221115,9.07,9.22,9.38,9.06,9.22,0.15,1.6538,249822.31,230229.812,59.39,60.38,61.42,59.33,60.38,6.548335,9.2157,-1,9.98,8.16,9.11,1
000014.SZ,20221116,9.22,9.14,9.27,8.96,9.03,-0.19,-2.0607,148334.79,134448.294,60.38,59.85,60.7,58.67,59.13,6.548335,9.0638,-1,10.14,8.3,8.92,1
000014.SZ,20221117,9.03,9.02,9.17,8.86,9.05,0.02,0.2215,105190.19,95076.642,59.13,59.07,60.05,58.02,59.26,6.548335,9.0385,-1,9.93,8.13,8.94,1
000014.SZ,20221118,9.05,9.05,9.47,8.93,9.13,0.08,0.884,180420.69,165370.274,59.26,59.26,62.01,58.48,59.79,6.548335,9.1658,-1,9.96,8.15,9.02,1
000014.SZ,20221121,9.13,9.08,9.08,8.85,9.04,-0.09,-0.9858,114432.57,102393.712,59.79,59.46,59.46,57.95,59.2,6.548335,8.948,-1,10.04,8.22,8.93,1
000014.SZ,20221122,9.04,9.22,9.29,8.96,9,-0.04,-0.4425,120880.4,110142.351,59.2,60.38,60.83,58.67,58.94,6.548335,9.1117,-1,9.94,8.14,8.89,1
000014.SZ,20221123,9,9.01,9.29,8.99,9.15,0.15,1.6667,185479.83,170020.52,58.94,59,60.83,58.87,59.92,6.548335,9.1665,-1,9.9,8.1,9.04,1
000014.SZ,20221124,9.15,9.64,10.07,9.45,9.54,0.39,4.2623,488303.7,478204.303,59.92,63.13,65.94,61.88,62.47,6.548335,9.7932,-1,10.07,8.24,9.43,1
000014.SZ,20221125,9.54,9.5,10.38,9.5,9.96,0.42,4.4025,465668.3,464275.171,62.47,62.21,67.97,62.21,65.22,6.548335,9.9701,-1,10.49,8.59,9.84,1
000014.SZ,20221128,9.96,9.53,9.88,9.33,9.63,-0.33,-3.3133,279791.95,269654.051,65.22,62.41,64.7,61.1,63.06,6.548335,9.6377,-1,10.96,8.96,9.51,1
000014.SZ,20221129,9.63,10.59,10.59,10.03,10.59,0.96,9.9688,533784.94,556456.303,63.06,69.35,69.35,65.68,69.35,6.548335,10.4247,-1,10.59,8.67,10.46,1
000014.SZ,20221130,10.59,10.93,11.65,10.93,11.1,0.51,4.8159,758930.67,869429.868,69.35,71.57,76.29,71.57,72.69,6.548335,11.456,-1,11.65,9.53,10.97,1
000014.SZ,20221201,11.1,10.8,10.96,10.26,10.84,-0.26,-2.3423,565716.99,599664.704,72.69,70.72,71.77,67.19,70.98,6.548335,10.6001,-1,12.21,9.99,10.71,1
000014.SZ,20221202,10.84,10.33,10.36,9.9,10.11,-0.73,-6.7343,377118.69,381955.853,70.98,67.64,67.84,64.83,66.2,6.548335,10.1283,-1,11.92,9.76,9.99,1
000014.SZ,20221205,10.11,10.4,11.12,10.38,11.12,1.01,9.9901,526787.85,580477.009,66.2,68.1,72.82,67.97,72.82,6.548335,11.0192,-1,11.12,9.1,10.99,1
000014.SZ,20221206,11.12,10.8,11.05,10.05,10.31,-0.81,-7.2842,547916.51,572645.113,72.82,70.72,72.36,65.81,67.51,6.548335,10.4513,-1,12.23,10.01,10.19,1
000014.SZ,20221207,10.31,9.98,10.2,9.9,10.07,-0.24,-2.3278,250417.75,250995.298,67.51,65.35,66.79,64.83,65.94,6.548335,10.0231,-1,11.34,9.28,9.95,1
000014.SZ,20221208,10.07,9.98,10.26,9.93,9.98,-0.09,-0.8937,288438.69,291155.242,65.94,65.35,67.19,65.02,65.35,6.548335,10.0942,-1,11.08,9.06,9.86,1
000014.SZ,20221209,9.98,9.99,10.44,9.99,10.29,0.31,3.1062,329406.96,337145.908,65.35,65.42,68.36,65.42,67.38,6.548335,10.2349,-1,10.98,8.98,10.17,1
000014.SZ,20221212,10.29,10.13,10.23,9.98,10.09,-0.2,-1.9436,183596.44,185647.825,67.38,66.33,66.99,65.35,66.07,6.548335,10.1117,-1,11.32,9.26,9.97,1
000014.SZ,20221213,10.09,9.95,10.39,9.86,10.26,0.17,1.6848,220554.33,224416.309,66.07,65.16,68.04,64.57,67.19,6.548335,10.1751,-1,11.1,9.08,10.14,1
000014.SZ,20221214,10.26,10.1,10.13,9.87,9.98,-0.28,-2.729,150787.5,150347.447,67.19,66.14,66.33,64.63,65.35,6.548335,9.9708,-1,11.29,9.23,9.86,1
000014.SZ,20221215,9.98,9.95,10.18,9.64,10.18,0.2,2.004,157421.13,156563.216,65.35,65.16,66.66,63.13,66.66,6.548335,9.9455,-1,10.98,8.98,10.06,1
000014.SZ,20221216,10.18,10.24,10.55,10,10.28,0.1,0.9823,272173.85,280252.035,66.66,67.05,69.08,65.48,67.32,6.548335,10.2968,-1,11.2,9.16,10.16,1
000014.SZ,20221219,10.28,10.25,10.73,10.11,10.69,0.41,3.9883,283286.54,295031.653,67.32,67.12,70.26,66.2,70,6.548335,10.4146,-1,11.31,9.25,10.56,1
000014.SZ,20221220,10.69,10.29,10.29,9.62,9.62,-1.07,-10.0094,228695.4,224507.566,70,67.38,67.38,62.99,62.99,6.548335,9.8169,-1,11.76,9.62,9.5,1
000014.SZ,20221221,9.62,9.39,10.04,9.39,9.78,0.16,1.6632,156866.23,153706.311,62.99,61.49,65.75,61.49,64.04,6.548335,9.7986,-1,10.58,8.66,9.66,1
000014.SZ,20221222,9.78,10.02,10.28,9.9,9.95,0.17,1.7382,206240.9,208000.163,64.04,65.61,67.32,64.83,65.16,6.548335,10.0853,-1,10.76,8.8,9.83,1
000014.SZ,20221223,9.95,9.88,10.38,9.88,10.3,0.35,3.5176,215050.42,220154.99,65.16,64.7,67.97,64.7,67.45,6.548335,10.2374,-1,10.95,8.96,10.18,1
000014.SZ,20221226,10.3,10.03,10.36,9.84,10.25,-0.05,-0.4854,177888.4,180566.205,67.45,65.68,67.84,64.44,67.12,6.548335,10.1505,-1,11.33,9.27,10.13,1
000014.SZ,20221227,10.25,10.26,10.7,10.22,10.43,0.18,1.7561,237242.67,249513.468,67.12,67.19,70.07,66.92,68.3,6.548335,10.5172,-1,11.28,9.23,10.3,1
000014.SZ,20221228,10.43,10.3,10.85,10.19,10.66,0.23,2.2052,272413.37,289592.159,68.3,67.45,71.05,66.73,69.81,6.548335,10.6306,-1,11.47,9.39,10.53,1
000014.SZ,20221229,10.66,10.5,10.51,10.1,10.14,-0.52,-4.878,189312.38,193614.491,69.81,68.76,68.82,66.14,66.4,6.548335,10.2272,-1,11.73,9.59,10.02,1
000014.SZ,20221230,10.14,10.19,10.29,10.04,10.19,0.05,0.4931,117145.17,119298.613,66.4,66.73,67.38,65.75,66.73,6.548335,10.1838,-1,11.15,9.13,10.07,1
000014.SZ,20230103,10.19,10.11,10.34,9.94,10.32,0.13,1.2758,142713.61,145592.302,66.73,66.2,67.71,65.09,67.58,6.548335,10.2017,-1,11.21,9.17,10.2,1
000014.SZ,20230104,10.32,10.31,10.65,10.15,10.48,0.16,1.5504,206509.4,216570.253,67.58,67.51,69.74,66.47,68.63,6.548335,10.4872,-1,11.35,9.29,10.35,1
000014.SZ,20230105,10.48,10.56,10.64,10.33,10.43,-0.05,-0.4771,138327.4,144403.593,68.63,69.15,69.67,67.64,68.3,6.548335,10.4393,-1,11.53,9.43,10.3,1
000014.SZ,20230106,10.43,10.54,10.72,10.1,10.16,-0.27,-2.5887,159263.3,164058.308,68.3,69.02,70.2,66.14,66.53,6.548335,10.3011,-1,11.47,9.39,10.04,1
000014.SZ,20230109,10.16,10.06,10.15,9.99,10.01,-0.15,-1.4764,101634.13,102176.859,66.53,65.88,66.47,65.42,65.55,6.548335,10.0534,-1,11.18,9.14,9.89,1
000014.SZ,20230110,10.01,10.01,10.03,9.73,9.78,-0.23,-2.2977,106070.93,104184.384,65.55,65.55,65.68,63.72,64.04,6.548335,9.8221,-1,11.01,9.01,9.66,1
000014.SZ,20230111,9.78,9.88,9.98,9.72,9.76,-0.02,-0.2045,94551.41,93240.879,64.04,64.7,65.35,63.65,63.91,6.548335,9.8614,-1,10.76,8.8,9.64,1
000014.SZ,20230112,9.76,9.7,9.76,9.55,9.65,-0.11,-1.127,75767.66,73074.743,63.91,63.52,63.91,62.54,63.19,6.548335,9.6446,-1,10.74,8.78,9.53,1
000014.SZ,20230113,9.65,9.65,9.71,9.58,9.69,0.04,0.4145,57318.21,55266.344,63.19,63.19,63.58,62.73,63.45,6.548335,9.642,-1,10.62,8.69,9.57,1
000014.SZ,20230116,9.69,9.74,9.75,9.63,9.65,-0.04,-0.4128,63974.2,62010.074,63.45,63.78,63.85,63.06,63.19,6.548335,9.693,-1,10.66,8.72,9.53,1
000014.SZ,20230117,9.65,9.64,9.75,9.55,9.58,-0.07,-0.7254,60115.2,57880.939,63.19,63.13,63.85,62.54,62.73,6.548335,9.6283,-1,10.62,8.69,9.47,1
000014.SZ,20230118,9.58,9.59,9.7,9.59,9.61,0.03,0.3132,38127.38,36758.933,62.73,62.8,63.52,62.8,62.93,6.548335,9.6411,-1,10.54,8.62,9.49,1
000014.SZ,20230119,9.61,9.86,10.57,9.7,10.19,0.58,6.0354,228338.96,231115.127,62.93,64.57,69.22,63.52,66.73,6.548335,10.1216,-1,10.57,8.65,10.07,1
000014.SZ,20230120,10.19,10.17,10.42,10.08,10.23,0.04,0.3925,176510.68,179800.885,66.73,66.6,68.23,66.01,66.99,6.548335,10.1864,-1,11.21,9.17,10.11,1
000014.SZ,20230130,10.23,10.32,10.56,10.23,10.37,0.14,1.3685,166405.4,172919.644,66.99,67.58,69.15,66.99,67.91,6.548335,10.3915,-1,11.25,9.21,10.25,1
000014.SZ,20230131,10.37,10.37,10.99,10.26,10.8,0.43,4.1466,214328.88,227548.293,67.91,67.91,71.97,67.19,70.72,6.548335,10.6168,-1,11.41,9.33,10.67,1
000014.SZ,20230201,10.8,10.65,10.77,10.5,10.73,-0.07,-0.6481,158621.85,168457.081,70.72,69.74,70.53,68.76,70.26,6.548335,10.62,-1,11.88,9.72,10.6,1
000014.SZ,20230202,10.73,10.67,11.11,10.52,10.95,0.22,2.0503,214198.73,232291.526,70.26,69.87,72.75,68.89,71.7,6.548335,10.8447,-1,11.8,9.66,10.82,1
000014.SZ,20230203,10.95,10.9,10.92,10.6,10.72,-0.23,-2.1005,115919,124148.34,71.7,71.38,71.51,69.41,70.2,6.548335,10.7099,-1,12.05,9.86,10.59,1
000014.SZ,20230206,10.72,10.57,10.66,10.48,10.54,-0.18,-1.6791,80542.01,84986.956,70.2,69.22,69.81,68.63,69.02,6.548335,10.5519,-1,11.79,9.65,10.41,1
000014.SZ,20230207,10.54,10.55,10.74,10.53,10.58,0.04,0.3795,96891.39,102933.667,69.02,69.08,70.33,68.95,69.28,6.548335,10.6236,-1,11.59,9.49,10.45,1
000014.SZ,20230208,10.58,10.52,10.67,10.39,10.4,-0.18,-1.7013,78340.17,82189.596,69.28,68.89,69.87,68.04,68.1,6.548335,10.4914,-1,11.64,9.52,10.28,1
000014.SZ,20230209,10.4,10.4,10.46,10.32,10.43,0.03,0.2885,80548.19,83707.644,68.1,68.1,68.5,67.58,68.3,6.548335,10.3922,-1,11.44,9.36,10.3,1
000014.SZ,20230210,10.43,10.36,10.53,10.36,10.5,0.07,0.6711,73606.8,77004.158,68.3,67.84,68.95,67.84,68.76,6.548335,10.4616,-1,11.47,9.39,10.37,1
000014.SZ,20230213,10.5,10.44,10.63,10.23,10.6,0.1,0.9524,95836.2,100527.809,68.76,68.36,69.61,66.99,69.41,6.548335,10.4895,-1,11.55,9.45,10.47,1
000014.SZ,20230214,10.6,10.6,10.72,10.43,10.48,-0.12,-1.1321,73023.82,77039.551,69.41,69.41,70.2,68.3,68.63,6.548335,10.5499,-1,11.66,9.54,10.35,1
000014.SZ,20230215,10.48,10.42,10.48,10.32,10.37,-0.11,-1.0496,63449.4,65756.296,68.63,68.23,68.63,67.58,67.91,6.548335,10.3636,-1,11.53,9.43,10.25,1
000014.SZ,20230216,10.37,10.36,10.46,9.96,10.06,-0.31,-2.9894,91651.01,93970.555,67.91,67.84,68.5,65.22,65.88,6.548335,10.2531,-1,11.41,9.33,9.94,1
000014.SZ,20230217,10.06,10.06,10.27,10.02,10.08,0.02,0.1988,60276.53,61130.671,65.88,65.88,67.25,65.61,66.01,6.548335,10.1417,-1,11.07,9.05,9.96,1
000014.SZ,20230220,10.08,10.05,10.21,9.97,10.19,0.11,1.0913,55464.6,56064.563,66.01,65.81,66.86,65.29,66.73,6.548335,10.1082,-1,11.09,9.07,10.07,1
000014.SZ,20230221,10.19,10.32,10.5,10.13,10.33,0.14,1.3739,143786.2,148222.241,66.73,67.58,68.76,66.33,67.64,6.548335,10.3085,-1,11.21,9.17,10.21,1
000014.SZ,20230222,10.33,10.25,10.31,10.15,10.28,-0.05,-0.484,56907.74,58266.537,67.64,67.12,67.51,66.47,67.32,6.548335,10.2388,-1,11.36,9.3,10.16,1
000014.SZ,20230223,10.28,10.33,10.4,10.21,10.29,0.01,0.0973,69683.47,71724.435,67.32,67.64,68.1,66.86,67.38,6.548335,10.2929,-1,11.31,9.25,10.17,1
000014.SZ,20230224,10.29,10.27,10.32,10.05,10.14,-0.15,-1.4577,52500.18,53283.847,67.38,67.25,67.58,65.81,66.4,6.548335,10.1493,-1,11.32,9.26,10.02,1
000014.SZ,20230227,10.14,10.21,10.21,10.02,10.04,-0.1,-0.9862,41894.2,42289.518,66.4,66.86,66.86,65.61,65.75,6.548335,10.0944,-1,11.15,9.13,9.92,1
000014.SZ,20230228,10.04,10.07,10.25,10.03,10.17,0.13,1.2948,39441.4,39847.23,65.75,65.94,67.12,65.68,66.6,6.548335,10.1029,-1,11.04,9.04,10.05,1
000014.SZ,20230301,10.17,10.12,10.26,10.1,10.18,0.01,0.0983,45368.3,46119.907,66.6,66.27,67.19,66.14,66.66,6.548335,10.1657,-1,11.19,9.15,10.06,1
000014.SZ,20230302,10.18,10.18,10.18,10.05,10.09,-0.09,-0.8841,43552.4,43986.055,66.66,66.66,66.66,65.81,66.07,6.548335,10.0996,-1,11.2,9.16,9.97,1
000014.SZ,20230303,10.09,10.09,10.22,10.04,10.17,0.08,0.7929,60511.87,61428.903,66.07,66.07,66.92,65.75,66.6,6.548335,10.1515,-1,11.1,9.08,10.05,1
000014.SZ,20230306,10.17,10.12,10.15,9.83,10.07,-0.1,-0.9833,54304.29,54379.394,66.6,66.27,66.47,64.37,65.94,6.548335,10.0138,-1,11.19,9.15,9.95,1
000014.SZ,20230307,10.07,10.09,10.09,9.86,9.88,-0.19,-1.8868,43844.4,43690.101,65.94,66.07,66.07,64.57,64.7,6.548335,9.9648,-1,11.08,9.06,9.76,1
000014.SZ,20230308,9.88,9.82,9.94,9.79,9.9,0.02,0.2024,30243.4,29817.807,64.7,64.3,65.09,64.11,64.83,6.548335,9.8593,-1,10.87,8.89,9.78,1
000014.SZ,20230309,9.9,9.9,9.94,9.76,9.8,-0.1,-1.0101,25807.8,25360.03,64.83,64.83,65.09,63.91,64.17,6.548335,9.8265,-1,10.89,8.91,9.68,1
000014.SZ,20230310,9.8,9.75,9.83,9.61,9.7,-0.1,-1.0204,42179.6,40886.271,64.17,63.85,64.37,62.93,63.52,6.548335,9.6934,-1,10.78,8.82,9.58,1
000014.SZ,20230313,9.7,9.61,9.68,9.52,9.64,-0.06,-0.6186,39748.8,38135.571,63.52,62.93,63.39,62.34,63.13,6.548335,9.5941,-1,10.67,8.73,9.52,1
000014.SZ,20230314,9.64,9.66,9.68,9.42,9.47,-0.17,-1.7635,30103.4,28696.069,63.13,63.26,63.39,61.69,62.01,6.548335,9.5325,-1,10.6,8.68,9.36,1
000014.SZ,20230315,9.47,9.53,9.75,9.51,9.74,0.27,2.8511,45988.25,44486.685,62.01,62.41,63.85,62.27,63.78,6.548335,9.6735,-1,10.42,8.52,9.62,1
000014.SZ,20230316,9.74,9.66,9.69,9.49,9.58,-0.16,-1.6427,32746.21,31402.633,63.78,63.26,63.45,62.14,62.73,6.548335,9.5897,-1,10.71,8.77,9.47,1
000014.SZ,20230317,9.58,9.56,9.7,9.52,9.66,0.08,0.8351,37727.8,36325.43,62.73,62.6,63.52,62.34,63.26,6.548335,9.6283,-1,10.54,8.62,9.54,1
000014.SZ,20230320,9.66,9.6,9.7,9.55,9.61,-0.05,-0.5176,39538.56,38042.749,63.26,62.86,63.52,62.54,62.93,6.548335,9.6217,-1,10.63,8.69,9.49,1
000014.SZ,20230321,9.61,9.61,9.7,9.55,9.7,0.09,0.9365,32914.96,31712.282,62.93,62.93,63.52,62.54,63.52,6.548335,9.6346,-1,10.57,8.65,9.58,1
000014.SZ,20230322,9.7,9.69,9.82,9.66,9.82,0.12,1.2371,44582.6,43539.862,63.52,63.45,64.3,63.26,64.3,6.548335,9.7661,-1,10.67,8.73,9.7,1
000014.SZ,20230323,9.82,9.82,9.85,9.66,9.72,-0.1,-1.0183,40146.62,39016.259,64.3,64.3,64.5,63.26,63.65,6.548335,9.7184,-1,10.8,8.84,9.6,1
000014.SZ,20230324,9.72,9.71,9.93,9.65,9.9,0.18,1.8519,55500.8,54550.081,63.65,63.58,65.02,63.19,64.83,6.548335,9.8287,-1,10.69,8.75,9.78,1
000014.SZ,20230327,9.9,9.86,9.9,9.67,9.78,-0.12,-1.2121,47026,45802.41,64.83,64.57,64.83,63.32,64.04,6.548335,9.7398,-1,10.89,8.91,9.66,1
000014.SZ,20230328,9.78,9.78,9.85,9.69,9.76,-0.02,-0.2045,32909.8,32144.23,64.04,64.04,64.5,63.45,63.91,6.548335,9.7674,-1,10.76,8.8,9.64,1
000014.SZ,20230329,9.76,9.74,9.75,9.5,9.57,-0.19,-1.9467,36042,34602.611,63.91,63.78,63.85,62.21,62.67,6.548335,9.6006,-1,10.74,8.78,9.46,1
000014.SZ,20230330,9.57,9.52,9.57,9.37,9.5,-0.07,-0.7315,44678.42,42284.503,62.67,62.34,62.67,61.36,62.21,6.548335,9.4642,-1,10.53,8.61,9.39,1
000014.SZ,20230331,9.5,9.51,9.59,9.39,9.42,-0.08,-0.8421,44127.69,41779.081,62.21,62.27,62.8,61.49,61.69,6.548335,9.4678,-1,10.45,8.55,9.31,1
000014.SZ,20230403,9.42,9.3,9.47,9.26,9.44,0.02,0.2123,36272.01,34166.01,61.69,60.9,62.01,60.64,61.82,6.548335,9.4194,-1,10.36,8.48,9.33,1
000014.SZ,20230404,9.44,9.49,9.5,9.18,9.22,-0.22,-2.3305,40600.02,37756.471,61.82,62.14,62.21,60.11,60.38,6.548335,9.2996,-1,10.38,8.5,9.11,1
000014.SZ,20230406,9.22,9.18,9.25,9.06,9.15,-0.07,-0.7592,26672,24412.061,60.38,60.11,60.57,59.33,59.92,6.548335,9.1527,-1,10.14,8.3,9.04,1
000014.SZ,20230407,9.15,9.2,9.84,9.15,9.75,0.6,6.5574,116768.04,112176.783,59.92,60.24,64.44,59.92,63.85,6.548335,9.6068,-1,10.07,8.24,9.63,1
000014.SZ,20230410,9.75,9.67,9.69,9.43,9.47,-0.28,-2.8718,75831.23,72297.397,63.85,63.32,63.45,61.75,62.01,6.548335,9.534,-1,10.73,8.78,9.36,1
000014.SZ,20230411,9.47,9.41,9.59,9.3,9.58,0.11,1.1616,38805.2,36789.703,62.01,61.62,62.8,60.9,62.73,6.548335,9.4806,-1,10.42,8.52,9.47,1
000014.SZ,20230412,9.58,9.55,9.69,9.51,9.68,0.1,1.0438,38482.21,36959.245,62.73,62.54,63.45,62.27,63.39,6.548335,9.6042,-1,10.54,8.62,9.56,1
000014.SZ,20230413,9.68,9.6,9.78,9.58,9.7,0.02,0.2066,38274,37119.127,63.39,62.86,64.04,62.73,63.52,6.548335,9.6983,-1,10.65,8.71,9.58,1
000014.SZ,20230414,9.7,9.7,9.78,9.63,9.72,0.02,0.2062,29715,28858.467,63.52,63.52,64.04,63.06,63.65,6.548335,9.7118,-1,10.67,8.73,9.6,1
000014.SZ,20230417,9.72,9.73,9.73,9.54,9.6,-0.12,-1.2346,28910.2,27725.228,63.65,63.72,63.72,62.47,62.86,6.548335,9.5901,-1,10.69,8.75,9.48,1
000014.SZ,20230418,9.6,9.63,9.66,9.47,9.47,-0.13,-1.3542,31760.6,30251.449,62.86,63.06,63.26,62.01,62.01,6.548335,9.5248,-1,10.56,8.64,9.36,1
000014.SZ,20230419,9.47,9.45,9.48,9.32,9.37,-0.1,-1.056,30347.21,28472.991,62.01,61.88,62.08,61.03,61.36,6.548335,9.3824,-1,10.42,8.52,9.26,1
000014.SZ,20230420,9.37,9.36,9.37,9.15,9.21,-0.16,-1.7076,30032.2,27666.888,61.36,61.29,61.36,59.92,60.31,6.548335,9.2124,-1,10.31,8.43,9.1,1
000014.SZ,20230421,9.21,9.29,9.77,9.2,9.22,0.01,0.1086,71346.4,67463.244,60.31,60.83,63.98,60.24,60.38,6.548335,9.4557,-1,10.13,8.29,9.11,1
000014.SZ,20230424,9.22,9.12,9.18,8.88,9.08,-0.14,-1.5184,50902.6,46061.979,60.38,59.72,60.11,58.15,59.46,6.548335,9.049,-1,10.14,8.3,8.97,1
000014.SZ,20230425,9.08,9.08,9.13,8.65,8.81,-0.27,-2.9736,46669.4,41164.508,59.46,59.46,59.79,56.64,57.69,6.548335,8.8204,-1,9.99,8.17,8.7,1
000014.SZ,20230426,8.81,8.8,8.85,8.69,8.81,0,0,30115.4,26448.998,57.69,57.63,57.95,56.91,57.69,6.548335,8.7825,-1,9.69,7.93,8.7,1
000014.SZ,20230427,8.81,8.77,8.88,8.68,8.83,0.02,0.227,23372.61,20607.486,57.69,57.43,58.15,56.84,57.82,6.548335,8.8169,-1,9.69,7.93,8.72,1
000014.SZ,20230428,8.83,9.71,9.71,9.71,9.71,0.88,9.966,68031,66058.101,57.82,63.58,63.58,63.58,63.58,6.548335,9.71,-1,9.71,7.95,9.59,1
000014.SZ,20230504,9.71,9.98,10.37,9.81,10.14,0.43,4.4284,274789.4,277777.006,63.58,65.35,67.91,64.24,66.4,6.548335,10.1087,-1,10.68,8.74,10.02,1
000014.SZ,20230505,10.14,10.18,10.97,10.1,10.84,0.7,6.9034,311770.41,329256.532,66.4,66.66,71.84,66.14,70.98,6.548335,10.5609,-1,11.15,9.13,10.71,1
000014.SZ,20230508,10.84,10.44,10.84,10.36,10.76,-0.08,-0.738,194924.61,207598.886,70.98,68.36,70.98,67.84,70.46,6.548335,10.6502,-1,11.92,9.76,10.63,1
000014.SZ,20230509,10.76,10.69,11.19,10.57,10.65,-0.11,-1.0223,155284.56,167338.522,70.46,70,73.28,69.22,69.74,6.548335,10.7762,-1,11.84,9.68,10.52,1
000014.SZ,20230510,10.65,10.6,10.8,10.42,10.58,-0.07,-0.6573,112595.2,119116.571,69.74,69.41,70.72,68.23,69.28,6.548335,10.5792,-1,11.72,9.59,10.45,1
000014.SZ,20230511,10.58,10.62,10.78,10.58,10.63,0.05,0.4726,78204,83489.516,69.28,69.54,70.59,69.28,69.61,6.548335,10.6759,-1,11.64,9.52,10.5,1
000014.SZ,20230512,10.63,10.64,11.1,10.6,10.69,0.06,0.5644,107999.4,116872.971,69.61,69.67,72.69,69.41,70,6.548335,10.8216,-1,11.69,9.57,10.56,1
000014.SZ,20230515,10.69,10.64,10.78,10.45,10.77,0.08,0.7484,79848.6,84906.301,70,69.67,70.59,68.43,70.53,6.548335,10.6334,-1,11.76,9.62,10.64,1
000014.SZ,20230516,10.77,10.65,10.91,10.65,10.78,0.01,0.0929,60268.8,65020.528,70.53,69.74,71.44,69.74,70.59,6.548335,10.7884,-1,11.85,9.69,10.65,1
000014.SZ,20230517,10.78,10.85,11.09,10.72,10.93,0.15,1.3915,86142.6,94184.64,70.59,71.05,72.62,70.2,71.57,6.548335,10.9336,-1,11.86,9.7,10.8,1
000014.SZ,20230518,10.93,10.9,11.18,10.8,11.04,0.11,1.0064,93498.63,102956.922,71.57,71.38,73.21,70.72,72.29,6.548335,11.0116,-1,12.02,9.84,10.91,1
000014.SZ,20230519,11.04,10.8,10.91,10.58,10.6,-0.44,-3.9855,108621.4,116019.466,72.29,70.72,71.44,69.28,69.41,6.548335,10.6811,-1,12.14,9.94,10.47,1
000014.SZ,20230522,10.6,10.64,10.67,10.38,10.47,-0.13,-1.2264,65589.59,68571.009,69.41,69.67,69.87,67.97,68.56,6.548335,10.4546,-1,11.66,9.54,10.34,1
000014.SZ,20230523,10.47,10.49,10.59,10.28,10.28,-0.19,-1.8147,43013.6,44809.917,68.56,68.69,69.35,67.32,67.32,6.548335,10.4176,-1,11.52,9.42,10.16,1
000014.SZ,20230524,10.28,10.29,10.34,10.1,10.13,-0.15,-1.4591,41487,42238.814,67.32,67.38,67.71,66.14,66.33,6.548335,10.1812,-1,11.31,9.25,10.01,1
000014.SZ,20230525,10.13,10.14,10.22,10.02,10.12,-0.01,-0.0987,42917.4,43394.494,66.33,66.4,66.92,65.61,66.27,6.548335,10.1112,-1,11.14,9.12,10,1
000014.SZ,20230526,10.12,10.1,10.21,9.92,10.14,0.02,0.1976,39924.62,40164.007,66.27,66.14,66.86,64.96,66.4,6.548335,10.06,-1,11.13,9.11,10.02,1
000014.SZ,20230529,10.14,10.09,10.15,9.9,9.97,-0.17,-1.6765,39641.8,39559.289,66.4,66.07,66.47,64.83,65.29,6.548335,9.9792,-1,11.15,9.13,9.85,1
000014.SZ,20230530,9.97,9.89,10.05,9.79,10.04,0.07,0.7021,36289.6,35979.51,65.29,64.76,65.81,64.11,65.75,6.548335,9.9146,-1,10.97,8.97,9.92,1
000014.SZ,20230531,10.04,9.96,10.12,9.91,10.02,-0.02,-0.1992,39750.23,39728.525,65.75,65.22,66.27,64.89,65.61,6.548335,9.9945,-1,11.04,9.04,9.9,1
000014.SZ,20230601,10.02,9.95,10.08,9.85,10.01,-0.01,-0.0998,38704.02,38613.418,65.61,65.16,66.01,64.5,65.55,6.548335,9.9766,-1,11.02,9.02,9.89,1
000014.SZ,20230602,9.89,9.95,10.53,9.95,10.32,0.43,4.3478,138335.32,141687.455,65.55,65.95,69.79,65.95,68.4,6.627789,10.2423,2,10.88,8.9,10.32,0
000014.SZ,20230605,10.32,10.18,10.49,10.04,10.43,0.11,1.0659,95461.57,98286.964,68.4,67.47,69.53,66.54,69.13,6.627789,10.296,-1,11.35,9.29,10.43,0
000014.SZ,20230606,10.43,10.45,11.47,10.36,11.47,1.04,9.9712,272624.45,306164.152,69.13,69.26,76.02,68.66,76.02,6.627789,11.2303,-1,11.47,9.39,11.47,0
000014.SZ,20230607,11.47,11.46,12.37,11.27,11.6,0.13,1.1334,517506.73,607830.166,76.02,75.95,81.99,74.7,76.88,6.627789,11.7454,-1,12.62,10.32,11.6,0
000014.SZ,20230608,11.6,11.43,12.76,11.43,12.36,0.76,6.5517,650171.62,794077.994,76.88,75.76,84.57,75.76,81.92,6.627789,12.2134,-1,12.76,10.44,12.36,0
000014.SZ,20230609,12.36,11.78,12.07,11.61,11.82,-0.54,-4.3689,460066.87,543846.376,81.92,78.08,80,76.95,78.34,6.627789,11.821,-1,13.6,11.12,11.82,0
000014.SZ,20230612,11.82,11.51,12.17,11.34,12.08,0.26,2.1997,343251.11,406211.269,78.34,76.29,80.66,75.16,80.06,6.627789,11.8342,-1,13,10.64,12.08,0
000014.SZ,20230613,12.08,12.25,12.7,11.88,12.27,0.19,1.5728,372085.16,455234.486,80.06,81.19,84.17,78.74,81.32,6.627789,12.2347,-1,13.29,10.87,12.27,0
000014.SZ,20230614,12.27,12.5,12.75,11.96,12.08,-0.19,-1.5485,285112.8,349308.261,81.32,82.85,84.5,79.27,80.06,6.627789,12.2516,-1,13.5,11.04,12.08,0
000014.SZ,20230615,12.08,12.08,12.39,12,12.18,0.1,0.8278,233093.86,283575.083,80.06,80.06,82.12,79.53,80.73,6.627789,12.1657,-1,13.29,10.87,12.18,0
000014.SZ,20230616,12.18,12.18,13.03,12.18,12.57,0.39,3.202,337583.23,423810.394,80.73,80.73,86.36,80.73,83.31,6.627789,12.5542,-1,13.4,10.96,12.57,0
000014.SZ,20230619,12.57,12.53,12.6,11.82,11.87,-0.7,-5.5688,301350.93,364372.943,83.31,83.05,83.51,78.34,78.67,6.627789,12.0913,-1,13.83,11.31,11.87,0
000014.SZ,20230620,11.87,11.99,12.03,11.51,11.57,-0.3,-2.5274,207425.05,242383.313,78.67,79.47,79.73,76.29,76.68,6.627789,11.6853,-1,13.06,10.68,11.57,0
000014.SZ,20230621,11.57,11.52,11.66,11.19,11.21,-0.36,-3.1115,143210.6,163042.509,76.68,76.35,77.28,74.16,74.3,6.627789,11.3848,-1,12.73,10.41,11.21,0
000014.SZ,20230626,11.21,11.2,11.26,10.65,10.87,-0.34,-3.033,109797.01,120661.238,74.3,74.23,74.63,70.59,72.04,6.627789,10.9895,-1,12.33,10.09,10.87,0
000014.SZ,20230627,10.87,10.92,11.82,10.88,11.67,0.8,7.3597,221594.81,252928.774,72.04,72.38,78.34,72.11,77.35,6.627789,11.414,-1,11.96,9.78,11.67,0
000014.SZ,20230628,11.67,11.61,11.65,11.24,11.53,-0.14,-1.1997,136866.4,156165.094,77.35,76.95,77.21,74.5,76.42,6.627789,11.41,-1,12.84,10.5,11.53,0
000014.SZ,20230629,11.53,11.42,11.54,11.19,11.29,-0.24,-2.0815,114940,129982.663,76.42,75.69,76.48,74.16,74.83,6.627789,11.3087,-1,12.68,10.38,11.29,0
000014.SZ,20230630,11.29,11.38,11.84,11.24,11.44,0.15,1.3286,126200.86,145513.135,74.83,75.42,78.47,74.5,75.82,6.627789,11.5303,-1,12.42,10.16,11.44,0
000014.SZ,20230703,11.44,11.44,12.19,11.37,11.54,0.1,0.8741,186960.34,216461.15,75.82,75.82,80.79,75.36,76.48,6.627789,11.5779,-1,12.58,10.3,11.54,0
000014.SZ,20230704,11.54,11.42,11.48,11.2,11.31,-0.23,-1.9931,109223,123502.874,76.48,75.69,76.09,74.23,74.96,6.627789,11.3074,-1,12.69,10.39,11.31,0
000014.SZ,20230705,11.31,11.33,11.45,11.14,11.28,-0.03,-0.2653,87765.85,99407.581,74.96,75.09,75.89,73.83,74.76,6.627789,11.3265,-1,12.44,10.18,11.28,0
000014.SZ,20230706,11.28,11.21,11.62,11.11,11.51,0.23,2.039,122033.85,139563.933,74.76,74.3,77.01,73.63,76.29,6.627789,11.4365,-1,12.41,10.15,11.51,0
000014.SZ,20230707,11.51,11.48,11.83,11.38,11.61,0.1,0.8688,145933.06,169682.678,76.29,76.09,78.41,75.42,76.95,6.627789,11.6274,-1,12.66,10.36,11.61,0
000014.SZ,20230710,11.61,11.61,11.66,11.31,11.33,-0.28,-2.4117,86937.81,99101.038,76.95,76.95,77.28,74.96,75.09,6.627789,11.3991,-1,12.77,10.45,11.33,0
000014.SZ,20230711,11.33,11.51,11.9,11.36,11.5,0.17,1.5004,117372.5,135060.54,75.09,76.29,78.87,75.29,76.22,6.627789,11.507,-1,12.46,10.2,11.5,0
000014.SZ,20230712,11.5,11.4,11.44,10.99,11.15,-0.35,-3.0435,125175.6,139217.364,76.22,75.56,75.82,72.84,73.9,6.627789,11.1218,-1,12.65,10.35,11.15,0
000014.SZ,20230713,11.15,12,12.27,11.82,12.27,1.12,10.0448,286002.66,348996.606,73.9,79.53,81.32,78.34,81.32,6.627789,12.2026,-1,12.27,10.04,12.27,0
000014.SZ,20230714,12.27,12.28,12.6,12.04,12.3,0.03,0.2445,375984.21,461782.449,81.32,81.39,83.51,79.8,81.52,6.627789,12.282,-1,13.5,11.04,12.3,0
000014.SZ,20230717,12.3,12.18,12.26,11.96,12.1,-0.2,-1.626,170313.05,205806.606,81.52,80.73,81.26,79.27,80.2,6.627789,12.084,-1,13.53,11.07,12.1,0
000014.SZ,20230718,12.1,12.08,12.34,11.94,12.18,0.08,0.6612,141981,172355.29,80.2,80.06,81.79,79.14,80.73,6.627789,12.1393,-1,13.31,10.89,12.18,0
000014.SZ,20230719,12.18,12.11,12.87,12.09,12.56,0.38,3.1199,297231.21,371379.994,80.73,80.26,85.3,80.13,83.25,6.627789,12.4947,-1,13.4,10.96,12.56,0
000014.SZ,20230720,12.56,12.55,13.16,12.43,12.82,0.26,2.0701,308377.21,393411.983,83.25,83.18,87.22,82.38,84.97,6.627789,12.7575,-1,13.82,11.3,12.82,0
000014.SZ,20230721,12.82,12.77,13.91,12.59,13.3,0.48,3.7441,381760.15,500940.129,84.97,84.64,92.19,83.44,88.15,6.627789,13.1219,-1,14.1,11.54,13.3,0
000014.SZ,20230724,13.3,13.8,14,12.83,12.89,-0.41,-3.0827,434186.83,576786.748,88.15,91.46,92.79,85.03,85.43,6.627789,13.2843,-1,14.63,11.97,12.89,0
000014.SZ,20230725,12.89,13.2,14.18,13.05,14.18,1.29,10.0078,511852.82,698602.21,85.43,87.49,93.98,86.49,93.98,6.627789,13.6485,-1,14.18,11.6,14.18,0
000014.SZ,20230726,14.18,14.33,15.6,14.18,14.75,0.57,4.0197,664510.08,1001422.237,93.98,94.98,103.39,93.98,97.76,6.627789,15.0701,-1,15.6,12.76,14.75,0
000014.SZ,20230727,14.75,14.31,15.19,13.84,14.19,-0.56,-3.7966,547295.29,786046.166,97.76,94.84,100.68,91.73,94.05,6.627789,14.3624,-1,16.23,13.28,14.19,0
000014.SZ,20230728,14.19,13.95,14.55,13.7,14.23,0.04,0.2819,442074.84,623780.513,94.05,92.46,96.43,90.8,94.31,6.627789,14.1103,-1,15.61,12.77,14.23,0
000014.SZ,20230731,14.23,14.48,15.4,14.45,14.67,0.44,3.0921,488025.8,727225.268,94.31,95.97,102.07,95.77,97.23,6.627789,14.9014,-1,15.65,12.81,14.67,0
000014.SZ,20230801,14.67,14.72,14.87,14.12,14.26,-0.41,-2.7948,340736.28,490083.841,97.2297,97.5611,98.5552,93.5844,94.5123,6.627789,14.3831,-1,16.14,13.2,14.26,1
000014.SZ,20230802,14.26,13.96,14.92,13.96,14.54,0.28,1.9635,316370.76,461266.711,94.51,92.52,98.89,92.52,96.37,6.627789,14.5799,-1,15.69,12.83,14.54,0
000014.SZ,20230803,14.54,14.38,15.55,14.18,15.28,0.74,5.0894,446112.92,669658.27,96.37,95.31,103.06,93.98,101.27,6.627789,15.011,-1,15.99,13.09,15.28,0
000014.SZ,20230804,15.28,15.28,15.28,14.51,14.57,-0.71,-4.6466,383218.45,567381.403,101.27,101.27,101.27,96.17,96.57,6.627789,14.8057,-1,16.81,13.75,14.57,0
000014.SZ,20230807,14.57,14.48,14.5,13.96,14.03,-0.54,-3.7062,260174.02,367116.14,96.57,95.97,96.1,92.52,92.99,6.627789,14.1104,-1,16.03,13.11,14.03,0
000014.SZ,20230808,14.03,14.04,14.24,13.77,13.81,-0.22,-1.5681,181308.15,253053.592,92.99,93.05,94.38,91.26,91.53,6.627789,13.9571,-1,15.43,12.63,13.81,0
000014.SZ,20230809,13.81,13.81,14.22,13.71,13.79,-0.02,-0.1448,171438.21,239197.81,91.53,91.53,94.25,90.87,91.4,6.627789,13.9524,-1,15.19,12.43,13.79,0
000014.SZ,20230810,13.79,13.8,14.24,13.71,14,0.21,1.5228,147800.84,206787.334,91.4,91.46,94.38,90.87,92.79,6.627789,13.9909,-1,15.17,12.41,14,0
000014.SZ,20230811,14,14.56,14.84,14.17,14.3,0.3,2.1429,324063.2,467544.245,92.79,96.5,98.36,93.92,94.78,6.627789,14.4276,-1,15.4,12.6,14.3,0
000014.SZ,20230814,14.3,13.88,13.91,13.4,13.72,-0.58,-4.0559,234701.1,320502.668,94.78,91.99,92.19,88.81,90.93,6.627789,13.6558,-1,15.73,12.87,13.72,0
000014.SZ,20230815,13.72,13.68,13.92,13.54,13.68,-0.04,-0.2915,148972.47,204425.262,90.93,90.67,92.26,89.74,90.67,6.627789,13.7224,-1,15.09,12.35,13.68,0
000014.SZ,20230816,13.68,13.51,14.42,13.4,14.06,0.38,2.7778,217053.36,303647.157,90.67,89.54,95.57,88.81,93.19,6.627789,13.9895,-1,15.05,12.31,14.06,1
000014.SZ,20230817,14.06,13.8,14.2,13.72,14.09,0.03,0.2134,132667,185045.21,93.1867,91.4635,94.1146,90.9333,93.3855,6.627789,13.9481,-1,15.47,12.65,14.09,0
000014.SZ,20230818,14.09,14.1,14.3,13.61,13.61,-0.48,-3.4067,120966.61,168485.87,93.3855,93.4518,94.7774,90.2042,90.2042,6.627789,13.9283,-1,15.5,12.68,13.61,0
000014.SZ,20230821,13.61,13.7,13.9,13.49,13.52,-0.09,-0.6613,113555.8,155582.222,90.2042,90.8007,92.1263,89.4089,89.6077,6.627789,13.7009,-1,14.97,12.25,13.52,0
000014.SZ,20230822,13.52,13.48,13.68,13.4,13.59,0.07,0.5178,98297.54,132846.132,89.6077,89.3426,90.6682,88.8124,90.0717,6.627789,13.5147,-1,14.87,12.17,13.59,0
000014.SZ,20230823,13.59,13.5,13.8,13.19,13.48,-0.11,-0.8094,104959.6,141614.948,90.0717,89.4752,91.4635,87.4205,89.3426,6.627789,13.4923,-1,14.95,12.23,13.48,0
000014.SZ,20230824,13.48,13.52,13.67,13.2,13.47,-0.01,-0.0742,86073.6,115627.716,89.3426,89.6077,90.6019,87.4868,89.2763,6.627789,13.4336,-1,14.83,12.13,13.47,0
000014.SZ,20230825,13.47,13.5,13.81,13.34,13.63,0.16,1.1878,148333.2,201343.542,89.2763,89.4752,91.5298,88.4147,90.3368,6.627789,13.5737,-1,14.82,12.12,13.63,0
000014.SZ,20230828,13.63,14.75,14.99,13.82,14.45,0.82,6.0161,366919.15,535903.926,90.3368,97.7599,99.3506,91.596,95.7716,6.627789,14.6055,-1,14.99,12.27,14.45,0
000014.SZ,20230829,14.45,14.56,15.39,14.3,15.28,0.83,5.7439,364210.84,541048.963,95.7716,96.5006,102.0017,94.7774,101.2726,6.627789,14.8554,-1,15.9,13.01,15.28,0
000014.SZ,20230830,15.28,15.3,15.85,15.18,15.31,0.03,0.1963,426274.55,655679.495,101.2726,101.4052,105.0505,100.6098,101.4714,6.627789,15.3816,-1,16.81,13.75,15.31,0
000014.SZ,20230831,15.31,15.35,15.4,14.05,14.12,-1.19,-7.7727,358292.54,520834.751,101.4714,101.7366,102.068,93.1204,93.5844,6.627789,14.5366,-1,16.84,13.78,14.12,0
000014.SZ,20230901,14.12,14.37,14.43,13.64,13.76,-0.36,-2.5496,220400.4,308842.776,93.5844,95.2413,95.639,90.403,91.1984,6.627789,14.0128,-1,15.53,12.71,13.76,0
000014.SZ,20230904,13.76,14,14.36,13.77,13.85,0.09,0.6541,182281.9,255771.219,91.1984,92.789,95.1751,91.2647,91.7949,6.627789,14.0316,-1,15.14,12.38,13.85,0
000014.SZ,20230905,13.85,13.87,13.92,13.19,13.27,-0.58,-4.1877,160975.4,215164.848,91.7949,91.9274,92.2588,87.4205,87.9508,6.627789,13.3663,-1,15.24,12.47,13.27,0
000014.SZ,20230906,13.27,13.2,13.7,13.06,13.63,0.36,2.7129,171129.12,230249.64,87.9508,87.4868,90.8007,86.5589,90.3368,6.627789,13.4547,-1,14.6,11.94,13.63,0
000014.SZ,20230907,13.63,13.5,13.8,13.42,13.42,-0.21,-1.5407,119980.94,163145.052,90.3368,89.4752,91.4635,88.9449,88.9449,6.627789,13.5976,-1,14.99,12.27,13.42,0
000014.SZ,20230908,13.42,13.4,13.4,12.98,13.04,-0.38,-2.8316,130015.6,170436.272,88.9449,88.8124,88.8124,86.0287,86.4264,6.627789,13.1089,-1,14.76,12.08,13.04,0
000014.SZ,20230911,13.04,12.98,13.07,12.7,12.87,-0.17,-1.3037,97565.27,125017.035,86.4264,86.0287,86.6252,84.1729,85.2996,6.627789,12.8137,-1,14.34,11.74,12.87,0
000014.SZ,20230912,12.87,12.84,12.86,12.59,12.64,-0.23,-1.7871,91307.96,115697.675,85.2996,85.1008,85.2334,83.4439,83.7753,6.627789,12.6711,-1,14.16,11.58,12.64,0
000014.SZ,20230913,12.64,12.63,12.76,12.56,12.62,-0.02,-0.1582,71253.6,90110.432,83.7753,83.709,84.5706,83.245,83.6427,6.627789,12.6464,-1,13.9,11.38,12.62,0
000014.SZ,20230914,12.62,12.62,12.64,12.38,12.46,-0.16,-1.2678,70013.6,87376.584,83.6427,83.6427,83.7753,82.052,82.5823,6.627789,12.4799,-1,13.88,11.36,12.46,0
000014.SZ,20230915,12.46,12.55,12.6,12.36,12.42,-0.04,-0.321,59352.4,74093.997,82.5823,83.1788,83.5101,81.9195,82.3171,6.627789,12.4837,-1,13.71,11.21,12.42,0
000014.SZ,20230918,12.42,12.36,12.43,12.26,12.35,-0.07,-0.5636,64008.4,79065.154,82.3171,81.9195,82.3834,81.2567,81.8532,6.627789,12.3523,-1,13.66,11.18,12.35,0
000014.SZ,20230919,12.35,12.35,12.36,12.21,12.23,-0.12,-0.9717,47594.06,58392.249,81.8532,81.8532,81.9195,80.9253,81.0579,6.627789,12.2688,-1,13.59,11.12,12.23,0
000014.SZ,20230920,12.23,12.18,12.41,12.15,12.27,0.04,0.3271,60839.2,74855.545,81.0579,80.7265,82.2509,80.5276,81.323,6.627789,12.3038,-1,13.45,11.01,12.27,0
000014.SZ,20230921,12.27,12.26,12.44,12.15,12.18,-0.09,-0.7335,58457.32,71855.438,81.323,81.2567,82.4497,80.5276,80.7265,6.627789,12.2919,-1,13.5,11.04,12.18,0
000014.SZ,20230922,12.18,12.13,12.44,12.08,12.42,0.24,1.9704,62188.41,76607.496,80.7265,80.3951,82.4497,80.0637,82.3171,6.627789,12.3186,-1,13.4,10.96,12.42,0
000014.SZ,20230925,12.42,12.4,12.4,11.98,12.05,-0.37,-2.9791,96011.82,116038.227,82.3171,82.1846,82.1846,79.4009,79.8649,6.627789,12.0858,-1,13.66,11.18,12.05,0
000014.SZ,20230926,12.05,12.03,12.13,11.99,12.04,-0.01,-0.083,46763.21,56397.428,79.8649,79.7323,80.3951,79.4672,79.7986,6.627789,12.0602,-1,13.26,10.85,12.04,0
000014.SZ,20230927,12.04,12.01,12.08,11.9,11.91,-0.13,-1.0797,49922.6,59801.875,79.7986,79.5997,80.0637,78.8707,78.937,6.627789,11.9789,-1,13.24,10.84,11.91,0
000014.SZ,20230928,11.91,11.93,12.13,11.93,12.11,0.2,1.6793,52609.2,63410.385,78.937,79.0695,80.3951,79.0695,80.2625,6.627789,12.0531,-1,13.1,10.72,12.11,0
000014.SZ,20231009,12.11,12.13,12.13,11.6,11.75,-0.36,-2.9727,88095.15,103282.437,80.2625,80.3951,80.3951,76.8824,77.8765,6.627789,11.724,-1,13.32,10.9,11.75,0
000014.SZ,20231010,11.75,11.72,11.86,11.7,11.74,-0.01,-0.0851,47331.8,55736.653,77.8765,77.6777,78.6056,77.5451,77.8102,6.627789,11.7757,-1,12.93,10.58,11.74,0
000014.SZ,20231011,11.74,11.76,11.8,11.6,11.67,-0.07,-0.5963,45170.6,52758.91,77.8102,77.9428,78.2079,76.8824,77.3463,6.627789,11.6799,-1,12.91,10.57,11.67,0
000014.SZ,20231012,11.67,11.72,11.76,11.61,11.67,0,0,42520.8,49615.597,77.3463,77.6777,77.9428,76.9486,77.3463,6.627789,11.6685,-1,12.84,10.5,11.67,0
000014.SZ,20231013,11.67,11.66,11.7,11.41,11.51,-0.16,-1.371,52815.2,60881.954,77.3463,77.28,77.5451,75.6231,76.2859,6.627789,11.5274,-1,12.84,10.5,11.51,0
000014.SZ,20231016,11.51,11.46,11.54,11.23,11.28,-0.23,-1.9983,51212.4,58076.658,76.2859,75.9545,76.4847,74.4301,74.7615,6.627789,11.3404,-1,12.66,10.36,11.28,0
000014.SZ,20231017,11.28,11.33,11.36,11.1,11.22,-0.06,-0.5319,36800.74,41243.869,74.7615,75.0928,75.2917,73.5685,74.3638,6.627789,11.2073,-1,12.41,10.15,11.22,0
000014.SZ,20231018,11.22,11.26,11.28,11,11.01,-0.21,-1.8717,45370.14,50303.837,74.3638,74.6289,74.7615,72.9057,72.972,6.627789,11.0874,-1,12.34,10.1,11.01,0
000014.SZ,20231019,11.01,11.01,11.2,10.91,11.03,0.02,0.1817,46196.23,51245.43,72.972,72.972,74.2312,72.3092,73.1045,6.627789,11.093,-1,12.11,9.91,11.03,0
000014.SZ,20231020,11.03,11,11.31,10.93,11.14,0.11,0.9973,74192,83027.291,73.1045,72.9057,74.9603,72.4417,73.8336,6.627789,11.1909,-1,12.13,9.93,11.14,0
000014.SZ,20231023,11.14,11.03,11.13,10.83,10.92,-0.22,-1.9749,54193.79,59284.161,73.8336,73.1045,73.7673,71.779,72.3755,6.627789,10.9393,-1,12.25,10.03,10.92,0
000014.SZ,20231024,10.92,10.92,11.32,10.88,11.28,0.36,3.2967,66429,74374.42,72.3755,72.3755,75.0266,72.1103,74.7615,6.627789,11.1961,-1,12.01,9.83,11.28,0
000014.SZ,20231025,11.28,11.36,11.47,11.21,11.25,-0.03,-0.266,49904.8,56391.673,74.7615,75.2917,76.0207,74.2975,74.5626,6.627789,11.2998,-1,12.41,10.15,11.25,0
000014.SZ,20231026,11.25,11.22,11.22,11,11.13,-0.12,-1.0667,47772.83,52948.164,74.5626,74.3638,74.3638,72.9057,73.7673,6.627789,11.0833,-1,12.38,10.13,11.13,0
000014.SZ,20231027,11.13,11.03,11.25,11.03,11.25,0.12,1.0782,56931.39,63581.471,73.7673,73.1045,74.5626,73.1045,74.5626,6.627789,11.1681,-1,12.24,10.02,11.25,0
000014.SZ,20231030,11.25,11.22,11.36,10.98,11.34,0.09,0.8,84302.8,94342.352,74.5626,74.3638,75.2917,72.7731,75.1591,6.627789,11.1909,-1,12.38,10.13,11.34,0
000014.SZ,20231031,11.34,11.28,11.33,10.97,11.17,-0.17,-1.4991,109281.19,121565.43,75.1591,74.7615,75.0928,72.7068,74.0324,6.627789,11.1241,-1,12.47,10.21,11.17,0
000014.SZ,20231101,11.17,11.15,11.19,10.96,10.97,-0.2,-1.7905,82846.95,91410.251,74.0324,73.8998,74.165,72.6406,72.7068,6.627789,11.0336,-1,12.29,10.05,10.97,0
000014.SZ,20231102,10.97,10.95,11.04,10.8,10.9,-0.07,-0.6381,68323.66,74574.243,72.7068,72.5743,73.1708,71.5801,72.2429,6.627789,10.9148,-1,12.07,9.87,10.9,0
000014.SZ,20231103,10.9,10.9,10.97,10.84,10.87,-0.03,-0.2752,50692.92,55210.61,72.2429,72.2429,72.7068,71.8452,72.0441,6.627789,10.8912,-1,11.99,9.81,10.87,0
000014.SZ,20231106,10.87,10.9,11.39,10.9,11.3,0.43,3.9558,125866.01,141234.684,72.0441,72.2429,75.4905,72.2429,74.894,6.627789,11.221,-1,11.96,9.78,11.3,0
000014.SZ,20231107,11.3,11.32,11.54,11.24,11.4,0.1,0.885,108651.56,123638.063,74.894,75.0266,76.4847,74.4963,75.5568,6.627789,11.3793,-1,12.43,10.17,11.4,0
