S_INFO_WINDCODE,date,S_DQ_PRECLOSE,Open_price,High_price,Low_price,Close_price,S_DQ_CHANGE,S_DQ_PCTCHANGE,group_volume,group_turnover,S_DQ_ADJPRECLOSE,S_DQ_ADJOPEN,S_DQ_ADJHIGH,S_DQ_ADJLOW,S_DQ_ADJCLOSE,S_DQ_ADJFACTOR,S_DQ_AVGPRICE,S_DQ_TRADESTATUSCODE,S_DQ_LIMIT,S_DQ_STOPPING,S_DQ_ADJCLOSE_BACKWARD,OPMODE,group_time,return,y1,volume_spike,price_jump_probability,trade_continuation,relative_volatility_index,MFI,RSI,SRSI,PVI,VHF,CVI,CMO,VIDYA,UI,ACD,TS,MACD,VMACD,TMACD,QST,DDI,KVO,KVO_signal
000014.SZ,20180102,10.78,10.78,11.05,10.75,10.92,0.14,1.2987,32410.71,35415.122,57.97,57.97,59.42,57.81,58.72,5.377429,10.927,-1,11.86,9.7,8.86,1,1,,0,,,1.0,0.0,100.0,,0.0,1000.0,,0.0,,,0.0,0.0,,0.0,0.0,0.0,,,0.0,0.0
000014.SZ,20180103,10.92,10.95,11.04,10.84,10.97,0.05,0.4579,35417.93,38758.554,58.72,58.88,59.37,58.29,58.99,5.377429,10.9432,-1,12.01,9.83,8.9,1,1,0.0045787545787545625,1,,,1.0,0.0,100.0,,0.0,1004.5787545787546,,0.0,,,0.0,0.0,,0.006381766381767307,383.82750997151595,0.0,,,91074.67714344178,13010.668163348824
000014.SZ,20180104,10.97,10.98,11.12,10.88,11.06,0.09,0.8204,34446.0,38001.773,58.99,59.04,59.8,58.51,59.47,5.377429,11.0323,-1,12.07,9.87,8.97,1,1,0.008204193254329972,1,,,1.0,0.0,100.0,,0.0,1004.5787545787546,,0.0,,,0.0,0.0,,0.021519825326091677,479.3548604053608,0.0,,,182364.84708489722,37204.1222949986
000014.SZ,20180105,11.06,11.09,12.17,11.06,12.17,1.11,10.0362,78715.15,92546.51,59.47,59.64,65.44,59.47,65.44,5.377429,11.7571,-1,12.17,9.95,9.87,1,1,0.10036166365280286,1,,,1.0,0.0,100.0,,0.0,1105.399949658539,,0.0,,,0.0,0.0,,0.17149158289984154,6162.441076267711,0.0,,,300185.35888239543,74772.87037891243
000014.SZ,20180108,12.17,12.21,13.39,12.21,13.39,1.22,10.0247,297526.56,387001.626,65.44,65.66,72.0,65.66,72.0,5.377429,13.0073,-1,13.39,10.95,10.86,1,1,0.10024650780608058,1,,,1.0,0.0,100.0,,0.0,1216.212434340825,,0.0,,,0.0,0.0,,0.4117617452963698,37313.49726125086,0.0,,,1050287.810111733,214132.14748360106
000014.SZ,20180109,13.39,13.35,13.5,12.88,12.94,-0.45,-3.3607,212348.4,278335.773,72.0,71.79,72.6,69.26,69.58,5.377429,13.1075,-1,14.73,12.05,10.5,1,1,-0.033607169529499714,0,,,1.0,0.0,100.0,,0.0,1216.212434340825,,0.0,,,0.0,0.0,,0.48194435406519953,43909.54041373789,0.0,,,1707068.6825261833,427408.79534682713
000014.SZ,20180110,12.94,12.89,12.92,12.46,12.73,-0.21,-1.6229,141309.73,178493.993,69.58,69.32,69.48,67.0,68.45,5.377429,12.6314,-1,14.23,11.65,10.33,1,1,-0.016228748068006116,0,,,1.0,0.0,82.29923891769467,,0.0,1216.212434340825,,0.0,,,0.0,0.0,,0.4713743210030008,36473.82133976941,0.0,,,1197574.2584371837,537432.4329311638
000014.SZ,20180111,12.73,12.55,12.69,12.3,12.51,-0.22,-1.7282,111990.36,139730.395,68.45,67.49,68.24,66.14,67.27,5.377429,12.477,-1,14.0,11.46,10.15,1,1,-0.01728201099764337,0,,,1.0,0.0,72.31689346707523,,0.0,1216.212434340825,,0.0,,,0.0,0.0,,0.40839348437588663,25874.783530954788,0.0,,,726950.305393104,564506.414711441
000014.SZ,20180112,12.51,12.42,13.76,12.33,13.76,1.25,9.992,263412.74,353890.328,67.27,66.79,73.99,66.3,73.99,5.377429,13.4348,-1,13.76,11.26,11.16,1,1,0.0999200639488409,1,,,1.0,0.0,78.7571452759438,,0.0,1337.7364585555356,,0.0,,,0.0,0.0,,0.5025572512307017,36858.71651185883,0.0,,,892115.4859459472,611307.7106020848
000014.SZ,20180115,13.76,13.9,14.43,13.4,13.82,0.06,0.436,238255.89,331529.594,73.99,74.75,77.6,72.06,74.32,5.377429,13.9149,-1,15.14,12.38,11.21,1,1,0.0043604651162791885,1,,,1.0,49.9999999995725,82.5868039173591,,0.0,1337.7364585555356,,0.0,,,0.0,0.0,,0.5372485213758638,38172.88518985689,0.0,,,1450619.4200762631,731209.3833841103
000014.SZ,20180116,13.82,13.02,14.99,13.02,14.62,0.8,5.7887,218026.55,304262.069,74.32,70.01,80.61,70.01,78.62,5.377429,13.9553,-1,15.2,12.44,11.86,1,1,0.05788712011577424,1,,,1.0,49.99999999977072,85.10234374933734,,0.0,1337.7364585555356,,0.0,,,0.0,0.0,,0.6260706534472451,33899.26266994501,0.0,,,1855870.5088489475,891875.2584505156
000014.SZ,20180117,14.62,14.2,14.39,13.56,13.8,-0.82,-5.6088,145492.19,202811.897,78.62,76.36,77.38,72.92,74.21,5.377429,13.9397,-1,16.08,13.16,11.2,1,1,-0.05608755129958953,0,,,1.0,49.99999999983022,77.76083888717568,,0.0,1337.7364585555356,,0.0,,,0.0,0.0,,0.5359685857206173,19594.11959359517,0.0,,,1229329.5706386748,940083.0173345384
000014.SZ,20180118,13.8,13.81,14.01,13.6,13.9,0.1,0.7246,73373.71,101271.832,74.21,74.26,75.34,73.13,74.75,5.377429,13.8022,-1,15.18,12.42,11.28,1,1,0.007246376811594235,1,,,1.0,49.99999999985231,74.53672105923118,,0.0,1337.7364585555356,,0.0,,,0.0,0.0,,0.45464651577755144,-240.26496847094677,0.0,,,821589.1912841653,923155.3278987708
000014.SZ,20180119,13.9,13.99,14.28,13.3,13.32,-0.58,-4.1727,93964.25,129040.449,74.75,75.23,76.79,71.52,71.63,5.377429,13.7329,-1,15.29,12.51,10.81,1,1,-0.04172661870503602,0,,,1.0,49.99999999986359,70.83105381554543,,0.0,1281.9172394215636,,0.0,,,0.0,0.0,,0.2952623614661525,-10667.026006151893,0.0,,,414980.40549799404,850558.9104129457
000014.SZ,20180122,13.32,13.02,13.2,12.77,13.0,-0.32,-2.4024,57361.4,74212.281,71.63,70.01,70.98,68.67,69.91,5.377429,12.9377,-1,14.65,11.99,10.55,1,1,-0.024024024024024038,0,,,1.0,49.99999999987296,68.84036450440017,64.28571428571429,0.0,1281.9172394215636,,0.0,,,0.0,0.0,,0.12781780826336586,-21926.26759294106,0.0,,,130012.99283948191,747623.7793310224
000014.SZ,20180123,13.0,13.0,13.83,13.0,13.49,0.49,3.7692,91335.96,123012.077,69.91,69.91,74.37,69.91,72.54,5.377429,13.4681,-1,14.3,11.7,10.95,1,1,0.03769230769230769,1,,,1.0,49.99999999987973,70.21924812434762,66.69950738916256,0.0,1330.2356584459149,,0.0,,,0.0,0.0,,0.06719216610392764,-24058.918563013824,0.0,,,227200.41386858327,673277.5842649598
000014.SZ,20180124,13.49,13.17,13.45,13.16,13.26,-0.23,-1.705,56280.95,74607.115,72.54,70.82,72.33,70.77,71.3,5.377429,13.2562,-1,14.84,12.14,10.76,1,1,-0.017049666419570064,0,,,1.0,49.999999999883954,68.37558473739847,64.49603541016283,0.0,1330.2356584459149,,0.0,,,0.0,0.0,,-0.015353936134177015,-29115.178899532846,0.0,,,2761.902066478273,577489.6296651767
000014.SZ,20180125,13.26,13.02,13.02,12.5,12.61,-0.65,-4.902,93595.45,118887.353,71.3,70.01,70.01,67.22,67.81,5.377429,12.7023,-1,14.59,11.93,10.23,1,1,-0.0490196078431373,0,,,1.0,49.99999999988706,65.63480858982777,58.603790168999446,0.0,1265.0280281299385,,0.0,,,0.0,0.0,,-0.16088399788003027,-26435.577923535064,0.0,,,-296488.02174482134,452635.67946374847
000014.SZ,20180126,12.61,12.66,13.44,12.5,12.85,0.24,1.9033,78353.21,101930.066,67.81,68.08,72.27,67.22,69.1,5.377429,13.009,-1,13.87,11.35,10.43,1,1,0.019032513877874635,1,,,1.0,49.99999999989056,66.769213667618,60.05487933913633,0.0,1265.0280281299385,,0.0,,,0.0,0.0,,-0.22430013015943406,-25695.602756271895,0.0,,,-174418.37498468254,363056.5288282584
000014.SZ,20180129,12.85,12.6,13.15,12.51,12.61,-0.24,-1.8677,54546.12,69344.207,69.1,67.76,70.71,67.27,67.81,5.377429,12.7129,-1,14.14,11.57,10.23,1,1,-0.018677042801556465,0,,,1.0,49.999999999894456,65.28896415866518,57.87027035247072,0.0,1265.0280281299385,,0.0,,12.886500000000002,0.0,0.0,0.0,-0.29367819571323484,-27244.75014967604,0.0,0.20600000000000004,,-321756.31148701033,265226.1230689343
000014.SZ,20180130,12.61,12.68,13.16,12.56,12.76,0.15,1.1895,48986.31,62878.4,67.81,68.19,70.77,67.54,68.62,5.377429,12.8359,-1,13.87,11.35,10.35,1,1,0.011895321173671647,1,0.40683545682862055,,1.0,49.99999999989437,65.97021235755044,58.877140407259986,0.0,1265.0280281299385,0.44719827586206895,55.4127436594078,19.827586206896548,12.87928181444992,0.0,256.65,2.0,-0.31270904291263624,-27756.372492334984,0.0,0.203,21.12182296231378,-207622.28706901742,197676.3501920841
000014.SZ,20180131,12.76,12.61,12.88,11.6,12.15,-0.61,-4.7806,64206.55,78320.679,68.62,67.81,69.26,62.38,65.34,5.377429,12.1982,-1,14.04,11.48,9.86,1,1,-0.04780564263322884,0,0.5295955870480832,,1.0,49.999999999895124,63.96731450787616,53.29856243893203,0.0,1204.5525502961405,0.4176829268292682,60.24484441030182,12.072989603225123,12.840361436731506,0.0,258.69,0.0,-0.39547572241754336,-24875.343267293836,0.0,0.179,11.074918566775267,-299607.1003928862,126635.85725137407
000014.SZ,20180201,12.15,12.0,12.16,11.07,11.14,-1.01,-8.3128,62834.23,72526.094,65.34,64.53,65.39,59.53,59.9,5.377429,11.5424,-1,13.37,10.94,9.04,1,1,-0.08312757201646093,0,0.5121950376524823,,1.0,49.999999999899245,62.143686248737,45.595324210623964,0.0,1204.5525502961405,0.3652416356877323,62.65206671176105,0.7135187210854321,12.75881411130728,0.0,259.97,-2.0,-0.5640047826244111,-22079.99497169113,0.0,0.13200000000000003,4.334365325077407,-465265.6216660264,42078.50312031686
000014.SZ,20180202,11.14,10.99,11.3,10.3,10.81,-0.33,-2.9623,44710.25,48252.906,59.9,59.1,60.76,55.39,58.13,5.377429,10.7924,-1,12.25,10.03,8.77,1,1,-0.029622980251346465,0,0.36028822268101923,,1.0,49.999999999906024,60.126095957347765,43.38878053973568,0.0,1204.5525502961405,0.46993987975951895,53.742268521412306,-2.679078626831207,12.66849964230849,0.0,260.21,-4.0,-0.6893759659666749,-21572.6654371659,0.0,0.06900000000000003,-10.604870384917504,-587820.2640385651,-47907.035045237695
000014.SZ,20180205,10.81,10.5,10.81,10.18,10.66,-0.15,-1.3876,28861.68,30620.262,58.13,56.46,58.13,54.74,57.32,5.377429,10.6093,-1,11.89,9.73,8.65,1,1,-0.013876040703052817,0,0.2358066305528509,,1.0,49.9999999999135,54.124835507119954,42.384711777548304,0.0,1204.5525502961405,0.5398428731762066,42.7845488222191,-4.22277020275194,12.57689557955179,0.0,258.85,-6.0,-0.7565788773531461,-22186.425619229223,0.0,0.01800000000000006,-25.49999999999998,-661448.1496716077,-135555.76570614768
000014.SZ,20180206,10.66,10.37,10.64,9.59,9.61,-1.05,-9.8499,60948.94,61571.931,57.32,55.76,57.22,51.57,51.68,5.377429,10.1022,-1,11.73,9.59,7.8,1,1,-0.09849906191369617,0,0.5593580711654698,,1.0,49.99999999992161,48.083621649263414,36.089015481563294,0.0,1085.9052540662203,0.5678233438485805,42.55516838015505,-14.2454928444782,12.455740975644002,0.0,256.01,-6.0,-0.8969475536921324,-17301.816074238777,0.0,0.0005000000000000782,-36.241610738255005,-832953.503354196,-235184.01394158317
000014.SZ,20180207,9.61,9.82,9.98,9.2,9.61,0.0,0.0,44092.88,42690.346,51.68,52.81,53.67,49.47,51.68,5.377429,9.6819,-1,10.57,8.65,7.8,1,1,0.0,0,0.4348739478289991,,1.0,49.999999999913356,50.702041696268765,36.089015481563294,0.0,1085.9052540662203,0.6225806451612904,42.412599249914635,-14.24549284447821,12.339533778092274,0.0,243.07000000000002,-5.0,-0.9397553371592149,-15434.456554366896,0.0,-0.0019999999999999575,-36.66666666666666,-940563.4085683075,-335952.4988882581
000014.SZ,20180208,9.61,9.59,9.91,9.55,9.84,0.23,2.3933,23288.78,22792.665,51.68,51.57,53.29,51.35,52.91,5.377429,9.787,-1,10.57,8.65,7.98,1,1,0.02393340270551514,1,0.24125580337879618,,1.0,49.99999999992269,54.12352129547831,38.41299101618586,7.59208816910788,1085.9052540662203,0.6219119226638025,40.109202687137696,-11.415658592938534,12.234095895446082,0.0,239.89,-3.0,-0.887671770434442,-16024.872098450054,0.0,0.01250000000000009,-31.518151815181483,-802144.3706538741,-402551.3377119175
000014.SZ,20180209,9.84,9.6,9.61,8.87,9.17,-0.67,-6.8089,34712.81,32093.7,52.91,51.62,51.68,47.7,49.31,5.377429,9.2455,-1,10.82,8.86,7.44,1,1,-0.06808943089430897,0,0.37691819925820774,,1.0,49.99999999992958,45.591114763312646,34.479739895357326,0.0,1011.9665833117114,0.7010309278350516,27.642867641825116,-17.668953631796576,12.113967218662943,0.0,237.4,-5.0,-0.8916910617415236,-13974.85102253384,0.0,-0.07599999999999989,-47.485080988917275,-791637.5166186389,-458135.0775557349
000014.SZ,20180212,9.17,9.23,10.09,9.23,10.09,0.92,10.0327,24037.9,23423.171,49.31,49.63,54.26,49.63,54.26,5.377429,9.7443,-1,10.09,8.25,8.19,1,1,0.1003271537622683,1,0.2980099323957354,0.9333333333333333,1.0,49.99999999993364,36.18499859004073,43.095918211385516,28.705002293764963,1011.9665833117114,0.6381647549530762,22.5601728725507,-6.774421012229462,12.024116973038124,0.0,233.17000000000002,-5.0,-0.7256913244376775,-13166.07485425004,0.0,-0.028999999999999915,-55.29622980251342,-684134.6207729707,-490420.72658676864
000014.SZ,20180213,10.09,10.64,10.64,10.01,10.03,-0.06,-0.5946,49269.66,50508.115,54.26,57.22,57.22,53.83,53.94,5.377429,10.2514,-1,11.1,9.08,8.14,1,1,-0.00594648166501488,0,0.704350301626124,0.9666666666666667,1.0,49.99999999993474,25.27616085925831,42.70152398657948,32.147563102425444,1005.9489425784406,0.6237288135593221,3.7702871000513833,-7.363223941763382,11.936150988530859,0.0,230.79,-7.0,-0.5852575581094366,-8564.716592781471,0.0,-0.13949999999999996,-52.28873239436618,-481143.2644177205,-489095.37484833325
000014.SZ,20180214,10.03,9.86,10.58,9.82,10.34,0.31,3.0907,38207.5,39236.62,53.94,53.02,56.89,52.81,55.6,5.377429,10.2694,-1,11.03,9.03,8.39,1,1,0.030907278165503538,1,0.6211322850987353,0.9666666666666667,1.0,49.99999999993346,31.21524434076524,45.477801618134094,43.00293942464498,1005.9489425784406,0.648681055155875,2.5209748900419604,-3.7978104507921926,11.863030407603333,0.0,225.99,-5.0,-0.41965082559482036,-6440.317802071171,0.0,-0.0955,-50.5022831050228,-324981.48683780426,-465650.533703972
000014.SZ,20180222,10.34,10.42,10.98,10.26,10.72,0.38,3.675,39107.56,41283.123,55.6,56.03,59.04,55.17,57.65,5.377429,10.5563,-1,11.37,9.31,8.7,1,1,0.03675048355899424,1,0.6965032163768362,0.9666666666666667,1.0,49.999999999931674,35.87742096624743,48.75553321457997,58.51358349533169,1042.918052653857,0.627610208816705,6.23188746037346,0.46718849862622286,11.808346097403168,0.0,222.65,-5.0,-0.23705660207391643,-4438.31306000541,0.0,-0.08499999999999996,-42.7792915531335,-169386.84349102934,-423327.14938783733
000014.SZ,20180223,10.72,10.61,10.97,10.58,10.64,-0.08,-0.7463,38111.61,40920.074,57.65,57.05,58.99,56.89,57.22,5.377429,10.7369,-1,11.79,9.65,8.63,1,1,-0.007462686567164201,0,0.7001290775158489,0.9666666666666667,1.0,49.99999999992976,41.856669351439216,48.09993823163468,55.826432531746676,1042.918052653857,0.6108374384236451,-1.952721917827713,-0.43938101252774703,11.752955020903617,0.0,219.34,-5.0,-0.11155878997677982,-2849.8529775060306,0.0,-0.04999999999999991,-37.080689029918396,-14855.303969932662,-364974.028613851
000014.SZ,20180226,10.64,10.58,10.86,10.41,10.79,0.15,1.4098,41439.66,44074.243,57.22,56.89,58.4,55.98,58.02,5.377429,10.6358,-1,11.7,9.58,8.75,1,1,0.014097744360902054,1,0.8024334614013316,0.9666666666666667,1.0,49.999999999928114,42.93162224360002,49.47186501573647,79.6655852706252,1057.620844749541,0.6238993710691823,-1.5551510649990725,1.3181055185820276,11.706495602609541,0.0,216.43,-3.0,0.0011836853003187597,-1045.473830165014,0.0,-0.03849999999999998,-31.422924901185752,-104582.58326395933,-327775.25070672366
000014.SZ,20180227,10.79,10.79,10.79,10.42,10.48,-0.31,-2.873,37262.02,39200.406,58.02,58.02,58.02,56.03,56.36,5.377429,10.5202,-1,11.87,9.71,8.5,1,1,-0.02873030583873948,0,0.7328349624276745,0.9666666666666667,1.0,49.99999999992639,34.98054412641832,46.72302699284577,81.66478734122794,1057.620844749541,0.5894465894465893,-8.118273967447962,-2.3972210264414135,11.64949113631738,0.0,214.22,-5.0,0.04130626714793084,-155.95768847012005,0.0,-0.07849999999999993,-40.585774058577385,-214353.46875737963,-311572.1389996745
000014.SZ,20180228,10.48,10.39,10.67,10.27,10.61,0.13,1.2405,35729.04,37512.135,56.36,55.87,57.38,55.23,57.05,5.377429,10.4991,-1,11.53,9.43,8.61,1,1,0.012404580152671763,1,0.7421485999430838,0.9666666666666667,1.0,49.9999999999245,36.21311311229613,48.0271944807766,90.36380417479243,1057.620844749541,0.5958279009126467,-5.979688666130177,-0.7661138705635869,11.60037078152982,0.0,211.0,-3.0,0.0898742134565168,451.4176438271934,0.0,-0.07199999999999998,-39.121114683815634,-317936.81510043424,-312481.37844264024
000014.SZ,20180301,10.61,10.6,10.6,10.4,10.5,-0.11,-1.0368,29176.02,30601.17,57.05,57.0,57.0,55.93,56.46,5.377429,10.4885,-1,11.67,9.55,8.52,1,1,-0.010367577756833168,0,0.6192497744035735,0.9666666666666667,1.0,49.99999999992248,39.51719427059066,46.97926027180315,83.37390647477278,1057.620844749541,0.6409537166900422,-10.926108713232114,-2.154344421053573,11.54910101938758,0.0,208.35,-3.0,0.1103522184504857,208.34964194557324,0.0,-0.05649999999999995,-32.49999999999997,-407606.63969991764,-326070.70147939416
000014.SZ,20180302,10.5,10.59,11.23,10.43,10.99,0.49,4.6667,77217.75,84033.366,56.46,56.95,60.39,56.09,59.1,5.377429,10.8826,-1,11.55,9.45,8.92,1,1,0.046666666666666634,1,1.7591814341762935,0.9666666666666667,1.0,49.99999999991833,38.41845237025144,52.00322870295045,100.0,1106.9764841711863,0.5813008130081303,-11.743445922491233,4.134131455934317,11.521376496030411,24.85246761577432,206.28,-3.0,0.18848018311435544,6412.726192775353,0.0,-0.04599999999999991,-29.41176470588232,-310890.9854286561,-323902.17061500304
000014.SZ,20180305,10.99,10.58,10.95,10.58,10.71,-0.28,-2.5478,42457.83,45504.751,59.1,56.89,58.88,56.89,57.59,5.377429,10.7176,-1,12.09,9.89,8.69,1,1,-0.02547770700636942,0,0.9685306462374271,0.9666666666666667,1.0,49.99999999991367,39.411412388169865,49.137962990519554,83.64899967186132,1106.9764841711863,0.5781671159029652,-15.402398230628616,0.41595804898713584,11.4825788064174,24.92187630408062,204.12,-3.0,0.199937641883842,5749.960783796079,0.0,-0.039999999999999855,-29.333333333333314,-412929.41250548733,-336620.3480279294
000014.SZ,20180306,10.71,10.63,11.49,10.57,11.16,0.45,4.2017,76454.38,84147.131,57.59,57.16,61.79,56.84,60.01,5.377429,11.0062,-1,11.78,9.64,9.05,1,1,0.042016806722688926,1,1.7684285196459766,0.9666666666666667,1.0,49.999999999908624,40.80548384836722,53.56598711028193,100.0,1153.4881011531686,0.5194300518134719,-8.323208895937247,6.088604446307628,11.466282646704649,24.8259277938634,202.13,-3.0,0.26172479110452385,9580.396342737575,0.0,-0.017499999999999894,-22.65542676501579,-286459.3548230789,-329454.4918558079
000014.SZ,20180307,11.16,11.0,12.08,10.91,11.5,0.34,3.0466,112179.16,129425.905,60.01,59.15,64.96,58.67,61.84,5.377429,11.5374,-1,12.28,10.04,9.33,1,1,0.03046594982078843,1,2.5148696029337976,0.9666666666666667,1.0,49.99999999990486,51.64711362052143,56.637693425084954,100.0,1188.6302117617777,0.44161073825503383,-8.501666987208864,10.15879130119448,11.468051343316501,24.53681327757932,200.16,-1.0,0.33718222101101725,16225.03300020857,0.0,0.030500000000000062,-6.578947368421041,-12760.740491996286,-284212.5273752634
000014.SZ,20180308,11.5,11.5,11.58,11.21,11.42,-0.08,-0.6957,72290.49,82396.003,61.84,61.84,62.27,60.28,61.41,5.377429,11.3979,-1,12.65,10.35,9.27,1,1,-0.006956521739130417,0,1.537932478350221,0.9666666666666667,1.0,49.99999999990213,51.11266564662099,55.70395494421491,93.29989144441558,1188.6302117617777,0.4923312883435586,-18.676071868276864,8.988845961790062,11.465557505004607,23.95308412652891,199.58,-1.0,0.3628769707573649,14597.305956194821,0.0,0.06950000000000003,-4.269662921348299,-251382.3268029655,-279522.498722078
000014.SZ,20180309,11.42,11.42,11.44,11.21,11.38,-0.04,-0.3503,50497.9,57097.591,61.41,61.41,61.52,60.28,61.2,5.377429,11.3069,-1,12.56,10.28,9.23,1,1,-0.003502626970227629,0,1.0636108719115773,0.9666666666666667,1.0,49.999999999899885,50.66210489948996,55.21381271205945,89.78284011751938,1188.6302117617777,0.5152487961476729,-30.12038065523103,8.383011432056545,11.46114180022222,23.234629379821307,199.72,-1.0,0.3603128184889831,10146.378634455303,0.0,0.07650000000000005,4.156479217603909,-420737.42494042,-299696.0596104126
000014.SZ,20180312,11.38,11.4,11.5,11.23,11.42,0.04,0.3515,46122.39,52448.782,61.2,61.3,61.84,60.39,61.41,5.377429,11.3717,-1,12.52,10.24,9.27,1,1,0.0035149384885764245,1,0.9655665552864924,0.9666666666666667,1.0,49.99999999989819,54.63343042911479,55.634218716895866,91.00820397233528,1188.6302117617777,0.5245098039215691,-34.75118050403381,8.915966525803313,11.459007991205164,22.43187760082552,200.14,1.0,0.3495605514163468,6359.158101071262,0.0,0.06950000000000003,11.483870967741922,-294629.4157137099,-298972.25333945506
000014.SZ,20180313,11.42,11.44,11.53,11.23,11.26,-0.16,-1.4011,35317.89,40169.176,61.41,61.52,62.0,60.39,60.55,5.377429,11.3736,-1,12.56,10.28,9.14,1,1,-0.014010507880910739,0,0.7262540526759764,0.9666666666666667,1.0,49.99999999989575,55.73524242763136,53.47201770904412,68.0707794087039,1188.6302117617777,0.6137667304015304,-45.99185812802593,6.31201239401363,11.44893325785873,21.087713948977893,201.01,1.0,0.3079159994892032,2351.4084302844185,0.0,0.09850000000000003,21.00139082058412,-341997.757718569,-305118.75396504276
000014.SZ,20180314,11.26,11.18,11.3,10.81,11.07,-0.19,-1.6874,49121.52,54230.686,60.55,60.12,60.76,58.13,59.53,5.377429,11.0401,-1,12.39,10.13,8.98,1,1,-0.01687388987566607,0,1.0374426318260337,0.9666666666666667,1.0,49.999999999892566,55.086498155449846,50.94019674515059,42.53466096037271,1168.57339646562,0.5922509225092258,-47.12836140069106,3.227081484453738,11.430306508198656,19.664066515694305,212.31,0.0,0.2445609754477454,1551.035628356929,0.0,0.1035000000000001,25.179856115107896,-425872.93525268836,-322369.3512918493
000014.SZ,20180315,11.07,10.82,11.3,10.71,10.95,-0.12,-1.084,36088.77,39841.326,59.53,58.18,60.76,57.59,58.88,5.377429,11.0398,-1,12.18,9.96,8.88,1,1,-0.01084010840108407,0,0.7581659477202496,0.9666666666666667,1.0,49.999999999887734,52.0306625946491,49.35086869019762,26.50459009702021,1168.57339646562,0.6045197740113002,-38.27091494663184,1.2733612823634908,11.407143529850526,18.285820442327896,214.06,-2.0,0.17929649213806859,-625.8639023402447,0.0,0.09750000000000006,19.402985074626827,-487418.45653580024,-345947.794898128
000014.SZ,20180316,10.95,10.88,11.06,10.79,10.8,-0.15,-1.3699,33554.88,36656.461,58.88,58.51,59.47,58.02,58.08,5.377429,10.9243,-1,12.05,9.86,8.76,1,1,-0.013698630136986134,0,0.6955807485694523,0.9666666666666667,1.0,49.999999999883556,51.807183816904775,47.361685512692006,6.441553270713516,1168.57339646562,0.5949895615866395,-44.98688004732619,-1.1873887661881777,11.378575226241837,16.332251184084228,215.28,-2.0,0.11201875600839109,-2209.975141990797,0.0,0.11500000000000003,27.79552715654951,-566602.4407149971,-377469.8871576808
000014.SZ,20180319,10.8,10.75,10.79,10.5,10.62,-0.18,-1.6667,31869.0,33916.483,58.08,57.81,58.02,56.46,57.11,5.377429,10.6425,-1,11.88,9.72,8.62,1,1,-0.01666666666666683,0,0.661426882022699,0.9666666666666667,1.0,49.999999999879975,49.089066223527816,45.016805736678855,0.0,1168.57339646562,0.5580246913580252,-53.391550726580526,-4.129866930870009,11.343944412964337,14.888480584823702,216.91,-4.0,0.04292158888036551,-3226.2234216600755,0.0,0.06550000000000003,15.980230642504132,-632514.0520591345,-413904.7678578885
000014.SZ,20180320,10.62,10.58,10.82,10.41,10.67,0.05,0.4708,41971.56,44668.995,57.11,56.89,58.18,55.98,57.38,5.377429,10.6427,-1,11.68,9.56,8.66,1,1,0.004708097928437072,1,0.8640790283616451,0.9666666666666667,1.0,49.99999999987763,44.59438981118816,45.819260468771674,6.90527912849042,1174.0751544527463,0.55940594059406,-53.412840543949386,-3.23102154872167,11.312888740404572,13.620326865796601,216.68,-2.0,0.0055645237022396155,-2321.298167770621,0.0,0.10050000000000008,1.8587360594795754,-724219.2383857584,-458235.4065047271
000014.SZ,20180321,10.67,10.64,11.07,10.59,10.67,0.0,0.0,62458.9,67998.243,57.38,57.22,59.53,56.95,57.38,5.377429,10.8869,-1,11.74,9.6,8.66,1,1,0.0,0,1.2955900116797028,0.9333333333333333,1.0,49.99999999986475,46.0306409627016,45.819260468771674,6.90527912849042,1174.0751544527463,0.48793565683646184,-53.87306312225722,-3.2310215487216696,11.283264127706106,12.462759186565762,206.86,-3.0,-0.016334590452260628,1071.0992663056531,0.0,0.07800000000000003,9.926470588235304,-531075.1299463466,-468641.0812821013
000014.SZ,20180322,10.67,10.65,11.35,10.6,11.05,0.38,3.5614,65835.7,72517.205,57.38,57.27,61.03,57.0,59.42,5.377429,11.0149,-1,11.74,9.6,8.97,1,1,0.03561387066541721,1,1.3321289566841938,0.9333333333333333,1.0,49.999999999862204,47.516599346390365,51.994635107912565,60.04557963498206,1215.8885151549061,0.4852546916890088,-45.82498445046891,3.764368882771342,11.271738172946861,11.619133414933234,207.2,-3.0,0.021141681712338822,3658.410362607172,0.0,0.083,7.19696969696971,-324581.93637817213,-448061.20343868283
000014.SZ,20180323,11.05,10.8,11.61,10.4,10.74,-0.31,-2.8054,107991.68,119325.607,59.42,58.08,62.43,55.93,57.75,5.377429,11.0495,-1,12.16,9.95,8.71,1,1,-0.028054298642533948,0,2.1275868930826003,0.9333333333333333,1.0,49.999999999858844,41.02783228780418,47.26209670882879,19.321165752165513,1181.7776156347231,0.45707070707070774,-23.253822768076674,-1.9417443908979612,11.246908974051651,10.717789120432029,207.84,-3.0,0.0057521653783671745,10546.732904001312,0.0,0.07849999999999993,6.130268199233726,-466398.9581512974,-450680.8826833421
000014.SZ,20180326,10.74,10.35,10.7,9.85,10.67,-0.07,-0.6518,57954.29,59679.587,57.75,55.66,57.54,52.97,57.38,5.377429,10.2977,-1,11.81,9.67,8.66,1,1,-0.0065176908752327956,0,1.0682458675539166,0.9333333333333333,1.0,49.999999999853515,40.48447827700614,46.2386579464606,10.514276039349031,1181.7776156347231,0.5747422680412376,-13.856091563189803,-3.20691534005083,11.220318117305714,9.871467869981094,208.17,-5.0,-0.011346490845753732,7978.579721280139,0.0,0.08399999999999999,-7.046979865771803,-590528.9269751136,-470659.1747250238
000014.SZ,20180327,10.67,10.8,11.23,10.71,10.95,0.28,2.6242,57690.55,63070.872,57.38,58.08,60.39,57.59,58.88,5.377429,10.9326,-1,11.74,9.6,8.88,1,1,0.026241799437675573,1,1.0474420357612622,0.9333333333333333,1.0,49.999999999846224,44.826330836687525,50.825690499262244,54.35392217119276,1181.7776156347231,0.5792207792207796,-10.316809063259047,2.1109292328360856,11.20717410104545,8.75284729165375,208.05,-3.0,0.016078162592139622,5952.60891884294,0.0,0.10699999999999985,7.5555555555555785,-375536.25058442715,-457070.18556208146
000014.SZ,20180328,10.95,10.72,10.97,10.61,10.76,-0.19,-1.7352,37551.03,40576.407,58.88,57.65,58.99,57.05,57.86,5.377429,10.8057,-1,12.05,9.86,8.73,1,1,-0.017351598173515947,0,0.6693709342513059,0.9666666666666667,1.0,49.99999999983775,44.72105086353038,47.842662600010435,26.615305146337278,1181.7776156347231,0.5703324808184147,-10.364179789088048,-1.51378886494371,11.186202442507502,7.968004057525198,208.75,-5.0,0.009946268942606612,1822.2533736486168,0.0,0.09799999999999986,5.83090379008749,-427799.0985017307,-452888.6016963171
000014.SZ,20180329,10.76,10.78,11.84,10.78,11.84,1.08,10.0372,89532.59,102752.166,57.86,57.97,63.67,57.97,63.67,5.377429,11.4765,-1,11.84,9.68,9.61,1,1,0.1003717472118959,1,1.5933877088225414,0.9666666666666667,1.0,49.999999999840526,50.11034127624496,61.62860486747127,100.0,1300.3946997318887,0.4569672131147543,4.507542178318346,16.270180853427437,11.22240109024616,6.838615014445331,208.9,-3.0,0.14517742221262644,5790.474694340579,0.0,0.15599999999999986,15.000000000000007,-282066.93246393313,-428485.50609169086
000014.SZ,20180330,11.84,12.55,13.02,12.25,12.3,0.46,3.8851,266551.36,337603.465,63.67,67.49,70.01,65.87,66.14,5.377429,12.6656,-1,13.02,10.66,9.98,1,1,0.038851351351351315,1,4.501955000508125,0.9666666666666667,1.0,49.999999999852314,58.10401898002589,65.77766254015633,100.0,1350.9167911066074,0.6536082474226804,3.5374658401604178,22.367744572450544,11.285193160789165,6.094732698399392,210.31,-3.0,0.2824583622757021,30572.673982094588,0.0,0.12349999999999986,23.45971563981042,494437.3871573518,-296639.3784846848
000014.SZ,20180402,12.3,11.92,13.36,11.92,12.66,0.36,2.9268,219202.35,275131.425,66.14,64.1,71.84,64.1,68.08,5.377429,12.5515,-1,13.53,11.07,10.27,1,1,0.029268292682926855,1,3.191898762385831,0.9666666666666667,1.0,49.99999999986767,66.071539813802,68.63593472671145,100.0,1350.9167911066074,0.7119675456389453,17.170138848652602,26.76150782715675,11.368180107412714,4.923435876209047,211.24,-1.0,0.4004202627589799,38394.61116920271,0.0,0.15399999999999983,30.588235294117673,1025471.9118659671,-107766.33700602027
000014.SZ,20180403,12.66,12.1,12.49,12.03,12.2,-0.46,-3.6335,139918.76,170417.194,68.08,65.07,67.16,64.69,65.6,5.377429,12.1797,-1,13.93,11.39,9.9,1,1,-0.03633491311216441,0,1.8051280553412887,0.9666666666666667,1.0,49.99999999987982,58.51297138063418,61.56074931414312,70.04468109067825,1350.9167911066074,0.7105263157894735,9.708328978841624,17.794430187406178,11.414839036110747,4.645505125426955,213.33,-3.0,0.3945159983230173,31012.65610753523,0.0,0.13249999999999984,13.476783691959248,484945.2991425494,-23093.246127653183
000014.SZ,20180404,12.2,12.13,12.27,11.7,11.8,-0.4,-3.2787,96776.43,115424.041,65.6,65.23,65.98,62.92,63.45,5.377429,11.9269,-1,13.42,10.98,9.57,1,1,-0.032786885245901565,0,1.1994346386783963,0.9666666666666667,1.0,49.999999999888246,52.01848332268222,56.14129519801377,47.09949069683946,1350.9167911066074,0.702,0.48509642861628216,10.631032637262251,11.435129871904381,4.887534510153825,214.69,-5.0,0.3180432705956846,19030.387659879183,0.0,0.09099999999999983,3.150525087514602,127947.43248263508,-1516.006326183433
000014.SZ,20180409,11.8,11.6,12.37,11.51,12.02,0.22,1.8644,91838.42,109317.434,63.45,62.38,66.52,61.89,64.64,5.377429,11.9032,-1,12.98,10.62,9.75,1,1,0.018644067796609987,1,1.1492026856267683,0.9666666666666667,1.0,49.99999999989488,57.07486801647805,58.31489658437502,56.30220679732953,1350.9167911066074,0.6828793774319067,7.150689551390861,13.670467034100156,11.466788186482916,5.014139605338954,214.62,-3.0,0.2797574421549745,9625.709013908323,0.0,0.11599999999999984,7.021791767554504,279039.6706558829,38563.37609982605
000014.SZ,20180410,12.02,11.94,12.33,11.9,12.0,-0.02,-0.1664,85011.5,102868.609,64.64,64.21,66.3,63.99,64.53,5.377429,12.1006,-1,13.22,10.82,9.74,1,1,-0.0016638935108153063,0,1.05092204791288,0.9666666666666667,1.0,49.99999999989917,61.03921483454227,58.033321949571004,53.53129620347305,1350.9167911066074,0.6855468750000001,9.560161808156625,13.301721937479666,11.495556670591913,5.142573569386308,215.51,-3.0,0.23614332634287827,2066.5919298903573,0.0,0.12099999999999982,13.043478260869605,539061.0028156242,110063.03705922578
000014.SZ,20180411,12.0,11.99,12.35,11.82,12.05,0.05,0.4167,83219.25,100462.313,64.53,64.48,66.41,63.56,64.8,5.377429,12.072,-1,13.2,10.8,9.78,1,1,0.004166666666666652,1,1.0072777319285293,0.9666666666666667,1.0,49.99999999990085,56.91767159703618,58.5718817323887,55.89167430559845,1350.9167911066074,0.6842105263157894,12.600357530163178,14.03558281546387,11.525664417357246,5.251921488256019,216.1,-3.0,0.19987212177911,-3301.6099392226242,0.0,0.12299999999999986,11.371629542790188,334509.77330491133,142126.85652289516
000014.SZ,20180412,12.05,11.98,12.05,11.51,11.55,-0.5,-4.1494,66867.22,78505.02,64.8,64.42,64.8,61.89,62.11,5.377429,11.7404,-1,13.26,10.85,9.37,1,1,-0.04149377593360992,0,0.791582651231793,0.9666666666666667,1.0,49.99999999990089,55.84245784116341,51.4600105700206,23.31244407429036,1350.9167911066074,0.6416819012797074,15.140473950385536,4.706216895821956,11.526877792021283,5.586465938641352,216.62,-3.0,0.09944972901357796,-8865.995837902086,0.0,0.11049999999999986,7.15096481271285,124196.46887835901,139565.3725736757
000014.SZ,20180413,11.55,11.76,11.8,11.4,11.49,-0.06,-0.5195,41912.85,48529.25,62.11,63.24,63.45,61.3,61.79,5.377429,11.5786,-1,12.71,10.4,9.32,1,1,-0.0051948051948051965,0,0.4870739072947671,0.9666666666666667,1.0,49.999999999897895,56.00481418719292,50.66500761069895,19.76289219295336,1350.9167911066074,0.6573033707865166,12.832997739902611,3.635247963545138,11.525057868630583,5.897457375990471,217.12,-3.0,0.02001580017763982,-15339.406868486425,0.0,0.10249999999999986,9.259259259259295,-25673.578737837233,115959.80810060243
000014.SZ,20180416,11.49,11.51,11.71,11.02,11.26,-0.23,-2.0017,48640.14,55564.661,61.79,61.89,62.97,59.26,60.55,5.377429,11.4236,-1,12.64,10.34,9.14,1,1,-0.020017406440382968,0,0.5676300920781702,0.9666666666666667,1.0,49.999999999896446,55.57874215826268,47.62749635666373,6.200925334939638,1323.8749406318886,0.6440366972477063,13.00668780827398,-0.47246993968715423,11.512495699588747,6.304823870180854,217.53,-3.0,-0.06384253402881002,-17964.569672750327,0.0,0.08349999999999991,5.8295964125560715,-172992.85788231326,74680.85581732876
000014.SZ,20180417,11.26,11.38,11.44,10.82,10.82,-0.44,-3.9076,42147.0,46963.327,60.55,61.2,61.52,58.18,58.18,5.377429,11.1427,-1,12.39,10.13,8.78,1,1,-0.039076376554174064,0,0.48827917395077935,0.9666666666666667,1.0,49.999999999897256,55.307790761962096,42.391513352233,0.0,1323.8749406318886,0.611498257839721,17.096814444239076,-7.82924535776712,11.482101484723225,6.961325975421162,217.91000000000003,-3.0,-0.17273591611244277,-19686.558696025208,0.0,0.059499999999999886,5.47486033519553,-299399.3887305828,21240.820881912834
000014.SZ,20180418,10.82,10.99,11.03,10.43,10.73,-0.09,-0.8318,57171.0,61186.795,58.18,59.1,59.31,56.09,57.7,5.377429,10.7024,-1,11.9,9.74,8.71,1,1,-0.008317929759704246,0,0.6590542714725135,0.9666666666666667,1.0,49.99999999989792,54.5742781132966,41.38920336116677,0.0,1312.86304186508,0.6212389380530973,20.259471554224884,-9.273175590759267,11.449608256464932,7.559931718971503,218.14,-3.0,-0.24654634540334447,-17960.969517583086,0.0,0.052999999999999936,4.079382579933842,-474406.1306490323,-49565.886479650755
000014.SZ,20180419,10.73,10.68,10.8,10.58,10.65,-0.08,-0.7456,37954.4,40596.677,57.7,57.43,58.08,56.89,57.27,5.377429,10.6962,-1,11.8,9.66,8.64,1,1,-0.00745573159366264,0,0.4312405623093154,0.9666666666666667,1.0,49.99999999989908,54.68280108655815,40.473146837029596,0.0,1312.86304186508,0.6179577464788732,16.447650493309016,-10.583844304905744,11.415561639152957,8.19461002901875,218.53,-5.0,-0.29265991261540236,-18494.33686589745,0.0,0.04699999999999997,2.497285559174813,-579900.1762113464,-125327.92786989298
000014.SZ,20180420,10.65,10.67,10.89,10.5,10.55,-0.1,-0.939,49219.4,52713.457,57.27,57.38,58.56,56.46,56.73,5.377429,10.7099,-1,11.72,9.59,8.56,1,1,-0.009389671361502261,0,0.560513467570695,0.9666666666666667,1.0,49.999999999901014,51.79772995397468,39.302174905308675,0.0,1300.5356893593048,0.6072664359861591,13.86031243786579,-12.251789960933971,11.379394265574788,8.85640929240399,229.42000000000002,-6.0,-0.32088194927434865,-16482.933066589958,0.0,0.03950000000000005,0.7734806629834381,-713176.1594318673,-209306.24666446075
000014.SZ,20180423,10.55,10.2,10.53,10.13,10.3,-0.25,-2.3697,36870.68,37935.528,56.73,54.85,56.62,54.47,55.39,5.377429,10.2888,-1,11.61,9.5,8.36,1,1,-0.023696682464455,0,0.4230749035540115,0.9666666666666667,1.0,49.999999999903075,49.08870808995271,36.462002393973485,0.0,1300.5356893593048,0.6212389380530975,6.858235591402044,-16.357689570871546,11.33640234641449,9.749126193197384,229.37,-8.0,-0.3548244196779399,-15958.334073485245,0.0,0.024500000000000098,-6.345733041575464,-785468.8777477443,-291615.1939620727
000014.SZ,20180424,10.3,10.37,10.88,10.26,10.86,0.56,5.4369,61257.0,65487.969,55.39,55.76,58.51,55.17,58.4,5.377429,10.6907,-1,11.33,9.27,8.81,1,1,0.05436893203883475,1,0.7147754149322216,0.9666666666666667,1.0,49.999999999903544,53.730107212223565,45.894047784328805,37.57974619352658,1371.2444258681599,0.5949152542372884,-3.9377711339036083,-4.795571406712304,11.314804435380733,10.147379380732541,228.01999999999998,-6.0,-0.2863796947329722,-11668.0747373006,0.0,0.052000000000000136,-5.308775731310902,-601736.5586458549,-335918.2460597559
000014.SZ,20180425,10.86,10.7,10.77,10.59,10.7,-0.16,-1.4733,35273.0,37628.4,58.4,57.54,57.91,56.95,57.54,5.377429,10.6678,-1,11.95,9.77,8.68,1,1,-0.014732965009208066,0,0.42311871323449196,0.9666666666666667,0.0,49.999999999901604,56.298265557873094,43.889353373615684,33.59290598541356,1371.2444258681599,0.5392320534223707,-16.032812488360612,-7.558178725266232,11.2877407964596,10.599487175315328,228.14000000000001,-6.0,-0.24859336353876563,-11644.913328518764,0.0,0.03600000000000012,8.670520231213914,-407920.5412132025,-346204.288224534
000014.SZ,20180426,10.7,10.7,10.77,10.29,10.3,-0.4,-3.7383,31852.0,33279.955,57.54,57.54,57.91,55.33,55.39,5.377429,10.4483,-1,11.77,9.63,8.36,1,1,-0.03738317757009335,0,0.3873513865728227,0.9666666666666667,1.0,49.99999999989913,53.87097183813629,39.27098754964828,12.70466072057786,1371.2444258681599,0.5286415711947628,-15.353305695581657,-14.116436272585267,11.247345225202977,11.339335629671313,228.24,-8.0,-0.26206982558760694,-11391.123382094134,0.0,0.008500000000000263,-5.06798516687266,-396597.8019959214,-353403.36162044655
000014.SZ,20180427,10.3,10.3,10.46,10.23,10.41,0.11,1.068,19280.0,19950.267,55.39,55.39,56.25,55.01,55.98,5.377429,10.3476,-1,11.33,9.27,8.45,1,1,0.010679611650485477,1,0.23820608382044606,0.9666666666666667,1.0,49.99999999989502,54.454933061099844,41.10632194421611,21.005630465713445,1371.2444258681599,0.5356550580431179,-17.191580543477833,-11.820030295669056,11.21218471254085,11.92909552444133,227.5,-6.0,-0.24127902766864606,-12148.11223346758,0.0,0.012000000000000278,-5.651105651105617,-409539.47908673435,-361422.8069727734
000014.SZ,20180502,10.41,10.41,11.03,10.39,10.69,0.28,2.6897,42824.67,45944.047,55.98,55.98,59.31,55.87,57.48,5.377429,10.7284,-1,11.45,9.37,8.67,1,1,0.026897214217098897,1,0.5351426981652899,0.9666666666666667,1.0,49.99999999988896,53.038863896837526,45.612114457446125,41.384721840496944,1408.1270809347386,0.6175908221797326,-23.039787750469284,-6.0992593297041715,11.188835411934045,12.42619323427878,227.13,-6.0,-0.1778521336433012,-8861.50403317019,0.0,-0.02699999999999978,-9.693877551020378,-310674.3632953577,-354173.02930457116
000014.SZ,20180503,10.69,11.0,11.76,10.8,11.76,1.07,10.0094,177663.27,204467.157,57.48,59.15,63.24,58.08,63.24,5.377429,11.5087,-1,11.76,9.62,9.54,1,1,0.10009354536950421,1,2.286841386018936,0.9666666666666667,1.0,49.99999999988822,49.438343670918385,58.63588366967228,100.0,1549.0715127963074,0.5530821917808222,-15.8956685399491,12.008953122137806,11.219299958395808,12.527456873397378,225.98000000000002,-6.0,0.010210566650574515,11012.497408462421,0.0,0.023500000000000208,-21.12676056338026,93309.36481136968,-290246.9730022939
000014.SZ,20180504,11.76,12.35,12.94,12.13,12.94,1.18,10.034,175376.37,221977.666,63.24,66.41,69.58,65.23,69.58,5.377429,12.6572,-1,12.94,10.58,10.5,1,1,0.10034013605442182,1,2.394381172975339,0.9666666666666667,1.0,49.999999999896545,47.75033429874721,67.794789141709,100.0,1549.0715127963074,0.42192192192192207,-24.22561758310757,26.559336745908258,11.323000270778705,12.527456873397378,225.82,-6.0,0.2805506323015722,22714.169757903946,0.0,0.01600000000000019,-6.304079110012339,619435.1115801326,-160292.38949051872
000014.SZ,20180507,12.94,13.7,14.23,13.61,14.23,1.29,9.9691,479527.98,677151.328,69.58,73.67,76.52,73.19,76.52,5.377429,14.1212,-1,14.23,11.65,11.55,1,1,0.099690880989181,1,6.748813868412818,0.9666666666666667,1.0,49.99999999991124,67.90441290404948,74.45415025401412,100.0,1703.4998166222147,0.5473965287049403,-19.1104550209137,38.300285923171714,11.514447363031033,12.501082463506787,226.1,-4.0,0.6016893380230751,67740.77299247913,0.0,0.03750000000000027,21.149425287356323,2239780.3092760034,182575.1389046987
000014.SZ,20180508,14.23,13.9,15.65,13.65,15.65,1.42,9.9789,419471.08,609652.007,76.52,74.75,84.16,73.4,84.16,5.377429,14.5338,-1,15.65,12.81,12.7,1,1,0.09978917779339413,1,4.764868861257207,1.0,1.0,49.9999999999274,78.42482214550007,79.4833248981954,100.0,1703.4998166222147,0.6486486486486489,5.0951023500103885,47.94340265073909,11.805793900628379,12.408456271503738,227.48000000000002,-2.0,0.9530542464790929,84654.16092454501,0.0,0.14150000000000026,36.670071501532185,3158316.295293049,607681.0183887488
000014.SZ,20180509,15.65,16.7,16.82,14.09,15.55,-0.1,-0.639,599802.42,921399.203,84.16,89.8,90.45,75.77,83.62,5.377429,15.3617,-1,17.22,14.09,12.62,1,1,-0.006389776357827448,0,5.7579819090179845,1.0,1.0,49.9999999999395,83.50060050382591,78.31406124642885,97.28212992138535,1692.6148337683987,0.7973778307508942,23.308001042842797,46.24900537751812,12.066549337752921,12.357685975599736,232.79,-4.0,1.1087673227095265,113549.19022059473,0.0,0.06300000000000035,45.96100278551532,4565077.093654441,1173023.3148552761
000014.SZ,20180510,15.55,15.0,17.11,14.77,17.11,1.56,10.0322,682662.35,1119303.302,83.62,80.66,92.01,79.42,92.01,5.377429,16.3961,-1,17.11,14.0,13.88,1,1,0.10032154340835997,1,5.268795495528005,1.0,1.0,49.999999999949466,87.21707168881862,82.61148515304617,100.0,1862.4205662879292,0.7029204431017121,35.783014282786084,54.75773911471003,12.438222205289087,12.302580761481188,235.23000000000002,-2.0,1.343034423012791,135739.7580945721,0.0,0.16550000000000029,47.37793851717902,6405445.153874287,1920512.149000849
000014.SZ,20180511,17.11,16.19,16.6,15.4,15.4,-1.71,-9.9942,522584.18,828436.973,92.01,87.06,89.27,82.81,82.81,5.377429,15.8527,-1,18.82,15.4,12.49,1,1,-0.09994155464640553,0,3.2774253863935594,1.0,1.0,49.99999999995593,75.0967428451892,66.94988887791386,66.0633330239149,1862.4205662879292,0.6022433132010355,37.95123444920651,30.85644328663352,12.622778256727754,12.45740091534864,240.52,-4.0,1.1938284267691435,121247.9708454363,0.0,0.12300000000000022,51.2489233419466,4322207.65485383,2263611.5069798464
000014.SZ,20180514,15.4,14.54,14.87,13.91,14.25,-1.15,-7.4675,338783.06,486497.489,82.81,78.19,79.96,74.8,76.63,5.377429,14.3601,-1,16.94,13.86,11.56,1,1,-0.07467532467532467,0,1.8674185537216472,1.0,1.0,49.999999999959776,69.65530992390428,58.86720776958207,48.549201499346964,1862.4205662879292,0.5702614379084968,38.457308801940044,17.959678593259518,12.71418137760221,12.857423047488323,243.87,-4.0,0.8808453545971382,81219.84234736269,0.0,0.13000000000000025,34.76592478894855,2757602.7000037655,2334181.677411835
000014.SZ,20180515,14.25,14.35,14.67,14.01,14.41,0.16,1.1228,283473.0,406751.662,76.63,77.17,78.89,75.34,77.49,5.377429,14.3489,-1,15.68,12.83,11.69,1,1,0.011228070175438587,1,1.4536059957959095,1.0,1.0,49.99999999996181,72.28375570121055,59.598035292854526,46.90081763531161,1862.4205662879292,0.5656401944894653,38.515559302072276,19.126992859252898,12.810380317088386,13.171699895574676,246.07999999999998,-2.0,0.6468117284081785,43499.25260632715,0.0,0.14650000000000024,35.285053929121716,3191575.975584328,2456666.577150763
000014.SZ,20180516,14.41,14.01,14.79,13.88,14.1,-0.31,-2.1513,279969.67,399007.286,77.49,75.34,79.53,74.64,75.82,5.377429,14.2518,-1,15.85,12.97,11.44,1,1,-0.021512838306731452,0,1.3519119191913338,1.0,1.0,49.99999999996233,68.35450426023186,57.467563059168725,41.985155952832976,1862.4205662879292,0.5619967793880839,37.27416236378156,15.7675640593224,12.881473711971068,13.522323172778709,249.16000000000003,-2.0,0.4130676961093036,15715.584459873877,0.0,0.16350000000000026,37.941869599371564,2355288.5884836493,2442184.0073411753
000014.SZ,20180517,14.1,14.12,14.88,13.88,14.37,0.27,1.9149,339331.74,491774.727,75.82,75.93,80.02,74.64,77.27,5.377429,14.4924,-1,15.51,12.69,11.66,1,1,0.019148936170212627,1,1.5518825914755103,1.0,1.0,49.999999999961844,71.10397603751069,58.847400615957355,45.16887010723726,1898.083938833868,0.5697959183673471,37.34322029533004,17.890453517844094,12.965037063956288,13.605655792925786,251.60000000000002,0.0,0.2648454492612289,3604.678983320773,0.0,0.20400000000000026,41.35458167330681,2787423.321197847,2491503.9093207
000014.SZ,20180518,14.37,14.19,14.38,13.9,14.21,-0.16,-1.1134,195119.07,275388.722,77.27,76.31,77.33,74.75,76.41,5.377429,14.1139,-1,15.81,12.93,11.53,1,1,-0.011134307585246916,0,0.8355655745488066,1.0,1.0,49.999999999960906,68.91539235622008,57.653752879390694,39.868367344846824,1898.083938833868,0.5665584415584418,34.347617004581906,16.06578141182085,13.033845443004225,13.706103078978906,254.95000000000002,0.0,0.12250982857204784,-24039.51323693624,0.0,0.21800000000000033,40.34810126582282,1916731.606179418,2409393.580300517
000014.SZ,20180521,14.21,14.26,14.55,14.08,14.47,0.26,1.8297,222498.48,319019.846,76.41,76.68,78.24,75.71,77.81,5.377429,14.3381,-1,15.63,12.79,11.74,1,1,0.018296973961998475,1,0.9254775934791061,1.0,1.0,49.999999999959954,70.66762066855898,59.10537369570741,36.468888482651664,1932.8131312403987,0.5584000000000002,35.279091786713046,18.230625530266764,13.114701372352679,13.680542588066134,258.23,2.0,0.04465291247768044,-38014.51215853967,0.0,0.23000000000000034,43.76489277204132,2168019.0489235483,2374911.5043895217
000014.SZ,20180522,14.47,14.35,14.43,14.03,14.3,-0.17,-1.1748,198922.87,282080.41,77.81,77.17,77.6,75.45,76.9,5.377429,14.1804,-1,15.92,13.02,11.6,1,1,-0.011748445058742174,0,0.7968326367684383,1.0,1.0,49.999999999959016,68.4885641773079,57.712322528120254,0.973433929828821,1932.8131312403987,0.5552903739061259,33.82266877221882,16.168440145943784,13.180270083153115,13.665809165523669,261.81,2.0,-0.043693576445713145,-49106.35091037635,0.0,0.23350000000000035,41.996830427892235,1449699.401283674,2242738.3468029723
000014.SZ,20180523,14.3,14.0,14.6,13.95,14.22,-0.08,-0.5594,194373.51,277377.324,76.9,75.28,78.51,75.02,76.47,5.377429,14.2703,-1,15.73,12.87,11.54,1,1,-0.005594405594405605,0,0.7559431750310593,1.0,1.0,49.99999999995806,69.95446049554889,57.03111767572323,0.0,1932.8131312403987,0.5548387096774196,34.16549814503488,15.1733392072046,13.23729349572306,13.551533794221148,265.86,2.0,-0.1223966914803225,-55269.28324879194,0.0,0.23950000000000032,47.02093397745571,1571561.1806427725,2146855.8944943724
000014.SZ,20180524,14.22,14.04,14.36,14.04,14.31,0.09,0.6329,143897.54,204518.846,76.47,75.5,77.22,75.5,76.95,5.377429,14.2128,-1,15.64,12.8,11.61,1,1,0.006329113924050667,1,0.5430049007199886,1.0,1.0,49.999999999955094,67.88513977863352,57.63692409726043,2.368247532308719,1932.8131312403987,0.5766974015088016,29.2204674615444,16.025177171182953,13.296560620585637,13.672112023300825,269.64,2.0,-0.1689528067276007,-63755.6894772973,0.0,0.22850000000000037,42.648253452477654,948549.0615975121,1975669.2040805353
000014.SZ,20180525,14.31,14.52,15.74,14.4,15.74,1.43,9.993,489918.29,748515.249,76.95,78.08,84.64,77.43,84.64,5.377429,15.2784,-1,15.74,12.88,12.77,1,1,0.09993011879804325,1,1.8203486747525948,1.0,1.0,49.99999999995248,70.54669629578257,65.8704917376977,34.55530523480791,2125.95937705967,0.5212121212121213,37.923874178918254,28.101015720418165,13.445611604563851,13.34720582915723,273.09,4.0,-0.02150284015395254,-22501.231813020364,0.0,0.2895000000000004,47.15568862275447,1198187.6570261084,1864600.4116441887
000014.SZ,20180528,15.74,15.2,15.8,14.6,14.63,-1.11,-7.0521,328239.27,496600.306,84.64,81.74,84.96,78.51,78.67,5.377429,15.1292,-1,17.31,14.17,11.87,1,1,-0.0705209656925031,0,1.1246209580129125,1.0,1.0,49.99999999994982,66.9637159249479,56.6642688382554,0.0,2125.95937705967,0.4946081955427751,40.80701316702207,14.631957048535213,13.510263394885003,13.087294705186101,278.12,4.0,-0.0843279137860855,-16981.932767433216,0.0,0.2810000000000004,51.28205128205127,275819.6578928083,1637631.7325368486
000014.SZ,20180529,14.63,13.98,14.13,13.17,13.19,-1.44,-9.8428,315580.35,427545.243,78.67,75.18,75.98,70.82,70.93,5.377429,13.5479,-1,16.09,13.17,10.7,1,1,-0.0984278879015722,0,1.029001684821281,1.0,1.0,49.99999999994796,64.08749860533888,47.40745698775781,0.0,2125.95937705967,0.44094488188976383,44.45461548692424,0.23936875089495493,13.494976251772007,13.480686349009847,282.52,2.0,-0.31758337248776525,-15091.135067534633,0.0,0.23600000000000038,37.209302325581376,-802726.1757614762,1289009.1742085167
000014.SZ,20180530,13.19,12.62,13.45,12.62,12.98,-0.21,-1.5921,181593.16,236500.855,70.93,67.86,72.33,67.86,69.8,5.377429,13.0237,-1,14.51,11.87,10.53,1,1,-0.01592115238817282,0,0.5648292958355208,1.0,1.0,49.999999999946894,62.34559948946964,46.22158325140543,0.0,2125.95937705967,0.4159525379037574,42.513498122716776,-1.6560879719097865,13.470859690247806,14.098011629561919,285.58000000000004,0.0,-0.4877183684464237,-31025.108198620466,0.0,0.2400000000000005,28.44534962661234,-1429240.5414792597,900687.7862531202
000014.SZ,20180531,12.98,13.29,13.58,12.81,13.23,0.25,1.926,160495.59,212313.466,69.8,71.47,73.03,68.88,71.14,5.377429,13.2286,-1,14.28,11.68,10.73,1,1,0.01926040061633283,1,0.4886612212397196,1.0,1.0,49.99999999994623,62.37960200474028,47.89265886523126,8.504674012765808,2125.95937705967,0.3470383275261324,36.83578423903306,0.6969834003702988,13.459310240614139,14.897613602130068,287.70000000000005,0.0,-0.5495480640522039,-42816.601029551704,0.0,0.19900000000000057,25.72233967582803,-1010048.656060685,627725.437351148
000014.SZ,20180601,13.23,12.98,13.37,12.43,12.73,-0.5,-3.7793,147824.84,190779.016,71.14,69.8,71.9,66.84,68.45,5.377429,12.9057,-1,14.55,11.91,10.33,1,1,-0.03779289493575211,0,0.45126194880430165,1.0,1.0,49.99999999994623,60.27911016450449,44.88840296581998,0.0,2125.95937705967,0.34235552304316025,34.481127834202105,-3.9820950172086955,13.425964125668298,15.95946418776052,289.31,-2.0,-0.6347268453331316,-50220.390296531936,0.0,0.15700000000000056,14.652567975830792,-1268957.0094994851,356770.80208677193
000014.SZ,20180604,12.73,12.81,12.96,12.26,12.68,-0.05,-0.3928,118505.23,149502.782,68.45,68.88,69.69,65.93,68.19,5.377429,12.6157,-1,14.0,11.46,10.29,1,1,-0.00392772977219169,0,0.3632862864889163,1.0,1.0,49.99999999994658,56.35011618082275,44.587197510399534,0.0,2125.95937705967,0.3901850362027354,32.69004479556293,-4.449457037677923,13.392022565078763,16.97711537057399,289.33000000000004,-4.0,-0.671192600393827,-56496.45337884294,0.0,0.12400000000000047,0.4108463434675542,-1576849.2154959752,80539.37100352239
000014.SZ,20180605,12.68,12.68,13.73,12.6,13.44,0.76,5.9937,194837.98,258329.668,68.19,68.19,73.83,67.76,72.27,5.377429,13.2587,-1,13.95,11.41,10.9,1,1,0.05993690851735023,1,0.6322782256831229,1.0,1.0,49.99999999994685,54.497977203766155,50.0713187320994,25.767257470255124,2253.382809754098,0.41206457094307575,19.336577640426636,3.09724653307006,13.39437796576262,17.641609346967208,288.28,-4.0,-0.5702999801215188,-48122.93750945937,0.0,0.07450000000000045,-5.208333333333329,-1173792.5248370597,-98650.89983084645
000014.SZ,20180606,13.44,13.37,13.6,13.05,13.13,-0.31,-2.3065,130152.01,172634.996,72.27,71.9,73.13,70.18,70.61,5.377429,13.2641,-1,14.78,12.1,10.65,1,1,-0.023065476190476053,0,0.4383393972995409,1.0,1.0,49.999999999947065,50.179364058981385,47.98520919629239,15.965628485906706,2253.382809754098,0.4048414023372289,-6.216335271007074,-0.0048446582169522,13.381789148736251,18.391852951988398,285.06,-4.0,-0.5238727206915289,-48895.59152217339,0.0,0.12000000000000047,-12.2222222222222,-695458.7139979762,-183909.15899757927
000014.SZ,20180607,13.13,13.03,13.38,13.02,13.26,0.13,0.9901,120343.91,159256.466,70.61,70.07,71.95,70.01,71.3,5.377429,13.2334,-1,14.44,11.82,10.76,1,1,0.00990099009900991,1,0.4401138898307078,1.0,1.0,49.99999999994712,41.121528060536306,48.94581622031437,20.47906054094026,2253.382809754098,0.41137440758293875,-29.36873013324911,1.3060151009772243,13.375913923335771,18.726261983229666,283.31,-4.0,-0.45666353186628916,-48244.58596511484,0.0,0.026000000000000512,-21.47001934235972,-999761.2408672085,-300459.4564075263
000014.SZ,20180608,13.26,13.12,13.45,12.8,13.33,0.07,0.5279,140303.3,185228.096,71.3,70.55,72.33,68.83,71.68,5.377429,13.202,-1,14.59,11.93,10.82,1,1,0.005279034690799378,1,0.5719144339522897,1.0,1.0,49.999999999944876,45.25518741349725,49.48677400900702,23.020761947289344,2265.278495778441,0.39730639730639755,-33.69522386764797,2.033865703469158,13.37368307805598,18.90504005551495,279.0,-2.0,-0.3865691401405873,-42826.04244830648,0.0,0.0760000000000006,-30.91641490433026,-1313423.207230079,-445168.56366789097
000014.SZ,20180611,13.33,13.43,14.5,13.35,13.82,0.49,3.6759,226291.83,316178.273,71.68,72.22,77.97,71.79,74.32,5.377429,13.9721,-1,14.66,12.0,11.21,1,1,0.0367591897974493,1,1.0003699535246837,1.0,1.0,49.99999999994135,51.5766213909974,53.22311147222536,40.57602112528857,2348.548297948841,0.4290909090909094,-27.026391649695668,7.083046899434955,13.396441638001,18.731529243355524,276.93,0.0,-0.26385291610017736,-26178.08737481899,0.0,0.11000000000000058,-3.135135135135066,-894947.2940814698,-509422.66801268794
000014.SZ,20180612,13.82,13.68,13.94,13.13,13.62,-0.2,-1.4472,148584.02,201804.844,74.32,73.56,74.96,70.61,73.24,5.377429,13.5819,-1,15.2,12.44,11.05,1,1,-0.01447178002894367,0,0.6735951001103971,1.0,1.0,49.99999999993794,46.55420538918996,51.547149192567346,32.70147754308121,2348.548297948841,0.42702050663449964,-22.758970637495064,4.763175299201666,13.407594344604668,18.641081036576463,276.85999999999996,-2.0,-0.20205433616298224,-24198.23883404649,0.0,0.10400000000000054,-6.7637877211237765,-1236488.9472998758,-613289.2793394291
000014.SZ,20180613,13.62,13.46,14.29,13.3,13.57,-0.05,-0.3671,181272.99,250255.218,73.24,72.38,76.84,71.52,72.97,5.377429,13.8054,-1,14.98,12.26,11.01,1,1,-0.0036710719530101965,0,0.8477072809680724,1.0,1.0,49.99999999993455,52.0076617241683,51.113811032742916,30.665429198325327,2339.926608161951,0.44084682440846856,-19.294049323096843,4.169294404389371,13.415650383904579,18.480241085120937,276.36,-2.0,-0.1620715172076146,-17370.18036529745,0.0,0.10500000000000051,-1.7293997965411592,-821265.6882850725,-643000.1949030925
000014.SZ,20180614,13.57,13.45,14.8,13.43,14.16,0.59,4.3478,283206.73,401422.351,72.97,72.33,79.59,72.22,76.14,5.377429,14.1742,-1,14.93,12.21,11.49,1,1,0.04347826086956519,1,1.3556768882003716,1.0,1.0,49.999999999931944,51.276784514840706,55.83220983149327,93.11042400782235,2441.662547647253,0.42395209580838356,-12.504245864024163,10.473097808685496,13.454807816258278,18.268416729597572,275.91,-2.0,-0.05580235657422461,1016.3731137709001,0.0,0.12800000000000056,2.4390243902439366,-102481.65536611155,-565783.2606835238
000014.SZ,20180615,14.16,13.88,15.5,13.6,15.08,0.92,6.4972,345783.62,499400.941,76.14,74.64,83.35,73.13,81.09,5.377429,14.4426,-1,15.58,12.74,12.24,1,1,0.06497175141242928,1,1.6777627081704272,1.0,1.0,49.99999999993122,57.784609245062576,61.99246455896833,100.0,2600.3016397260294,0.38858397365532404,3.5069742715761256,19.197487393936193,13.547054875703171,17.895543627822114,275.13,0.0,0.12868983681919244,20658.072859974243,0.0,0.18700000000000044,13.87559808612442,788614.0088187023,-372297.9364689201
000014.SZ,20180619,15.08,14.4,15.0,13.57,13.57,-1.51,-10.0133,254711.33,363288.325,81.09,77.43,80.66,72.97,72.97,5.377429,14.2627,-1,16.59,13.57,11.01,1,1,-0.10013262599469497,0,1.1922941938520275,1.0,1.0,49.999999999929756,52.116329149434385,49.73209507806906,29.559429070021537,2600.3016397260294,0.34169884169884185,11.934123405724746,2.0209245411136467,13.548169581795777,17.828357105463564,276.13,-2.0,0.04209216975480756,20398.676256182058,0.0,0.1350000000000004,7.1494893221913,47756.49144718656,-312290.1610523334
000014.SZ,20180620,13.57,13.4,14.65,13.4,14.48,0.91,6.706,276730.78,393060.584,72.97,72.06,78.78,72.06,77.87,5.377429,14.2037,-1,14.93,12.21,11.75,1,1,0.06705969049373617,1,1.2856732644296702,1.0,1.0,49.99999999992876,57.58524149371484,55.450286617717914,62.41265403745491,2774.6770628764116,0.31891891891891905,18.294604848440496,10.22735031282736,13.597080628433655,17.537628143844294,275.06,0.0,0.09890177915043646,22067.264585454883,0.0,0.19150000000000036,4.909090909090949,629752.2274504583,-177712.67698050605
000014.SZ,20180621,14.48,14.19,15.3,14.05,14.73,0.25,1.7265,320321.04,468779.685,77.87,76.31,82.27,75.55,79.21,5.377429,14.6347,-1,15.93,13.03,11.95,1,1,0.017265193370165743,1,1.4617699879717418,1.0,1.0,49.99999999992798,58.88203480622372,56.9007957426042,70.7463907209467,2822.582398906736,0.31410825199645087,21.604315283055197,12.350330792574645,13.657691993270225,17.18610921486876,274.51,2.0,0.15815350417285445,27559.708004036307,0.0,0.20750000000000038,8.885017421602832,1460947.3388320208,56381.61099271203
000014.SZ,20180622,14.72,14.41,15.35,14.06,15.2,0.48,3.2609,311841.75,467360.517,79.21,77.54,82.6,75.66,81.79,5.381082,14.9871,2,16.19,13.25,12.34,1,1,0.031907671418873074,1,1.3833215549750313,1.0,1.0,49.99999999992782,63.60631110776878,59.56619743826293,86.06015573369267,2822.582398906736,0.30386266094420616,27.646893839888534,16.26886100930742,13.743083610064513,16.809541440384063,274.53000000000003,2.0,0.2435491348765903,28452.218529007376,0.0,0.23350000000000026,11.603188662533242,2283701.9180671126,374570.22628905496
000014.SZ,20180625,15.2,15.52,15.68,14.52,14.6,-0.6,-3.9474,278058.72,419939.001,81.79,83.51,84.38,78.13,78.56,5.381082,15.1025,-1,16.72,13.68,11.85,1,1,-0.03947368421052633,0,1.1891648001612953,1.0,1.0,49.99999999992714,61.66298004514316,54.89860623795902,49.3558292660833,2822.582398906736,0.32717190388170075,23.297097688531956,9.679716604405991,13.787839013303463,16.73720873070541,275.90000000000003,0.0,0.2037297807855698,23120.293848630998,0.0,0.12650000000000022,3.760848601735802,2995898.5309411287,749045.6983822084
000014.SZ,20180626,14.6,13.45,14.3,13.4,14.17,-0.43,-2.9452,241004.34,333549.81,78.56,72.38,76.95,72.11,76.25,5.381082,13.84,-1,16.06,13.14,11.5,1,1,-0.02945205479452051,0,1.0796044673721126,1.0,1.0,49.9999999999263,63.24350575252365,51.76781126532666,27.004591342808514,2822.582398906736,0.33727810650887585,18.792566106695805,5.1829082219814575,13.806980348536666,16.490167621500582,274.7,0.0,0.10874916069967444,13696.286415729133,0.0,0.1910000000000002,-10.303030303030262,2080671.5385809187,939277.9612677384
000014.SZ,20180627,14.17,14.39,15.55,14.22,15.1,0.93,6.5632,308360.95,461766.99,76.25,77.43,83.68,76.52,81.25,5.381082,14.9749,-1,15.59,12.75,12.26,1,1,0.06563161609033163,1,1.4088631804894198,1.0,1.0,49.999999999925436,70.39839872836946,57.4232349504882,64.97775145097884,3007.8330432951107,0.355140186915888,19.830499954274796,13.277598659999,13.876728044316645,15.67490155788752,274.24,2.0,0.15750975304155546,15496.777142591574,0.0,0.2660000000000002,15.543575920934444,2359294.9284668313,1142137.528010466
000014.SZ,20180628,15.1,14.9,15.49,14.53,15.11,0.01,0.0662,254383.26,381337.251,81.25,80.18,83.35,78.19,81.31,5.381082,14.9907,-1,16.61,13.59,12.27,1,1,0.0006622516556291647,1,1.164165740772123,0.9666666666666667,1.0,49.99999999992397,74.85158164980228,57.48096651072818,63.924438796751545,3007.8330432951107,0.3626723223753978,19.302094727737455,13.361316671456096,13.943302012273906,14.716931832088006,275.32,4.0,0.17602494376687328,8716.317738570018,0.0,0.25850000000000006,25.278810408921977,2836564.6314343996,1384198.5427853137
000014.SZ,20180629,15.11,14.8,15.45,14.71,15.33,0.22,1.456,234709.45,355051.616,81.31,79.64,83.14,79.16,82.49,5.381082,15.1273,-1,16.62,13.6,12.45,1,1,0.014559894109861027,1,1.0565325176924598,0.9666666666666667,1.0,49.999999999922764,75.41502099560066,58.804390287592454,73.99691521252558,3007.8330432951107,0.3638297872340427,17.74183200714411,15.255825093426417,14.019409165002841,13.815796249222197,277.21999999999997,4.0,0.20101452816739762,1271.448630983643,0.0,0.288,25.20930232558144,3319069.0252254233,1660608.6117053295
000014.SZ,20180702,15.33,14.85,14.96,14.21,14.5,-0.83,-5.4142,201625.24,294260.768,82.49,79.91,80.5,76.47,78.03,5.381082,14.5944,-1,16.86,13.8,11.77,1,1,-0.054142204827136386,0,0.8926945304918055,0.9666666666666667,1.0,49.99999999992153,74.21769672768461,52.20278819896276,20.151865119096552,3007.8330432951107,0.3514902363823228,14.742822818082077,6.046791910346501,14.043678267989968,12.632351683267615,279.18,4.0,0.09427689499823577,-7914.125952698207,0.0,0.28300000000000003,23.827046918123337,2505334.1584921926,1781283.6898177387
000014.SZ,20180703,14.5,14.52,14.59,13.48,14.07,-0.43,-2.9655,201176.18,280200.543,78.03,78.13,78.51,72.54,75.71,5.381082,13.9281,-1,15.95,13.05,11.42,1,1,-0.02965517241379312,0,0.8802228246016089,0.9666666666666667,1.0,49.99999999991914,72.73718793187237,49.12581037381261,0.0,3007.8330432951107,0.3046488625123641,17.012031898410292,1.6189450348766903,14.044951975912992,11.376998915431265,280.81,4.0,-0.03859018811683834,-13525.782051021306,0.0,0.26700000000000007,20.28596961572837,1695443.62914648,1769020.824007559
000014.SZ,20180704,14.07,13.85,14.7,13.71,14.53,0.46,3.2694,216459.87,310110.7,75.71,74.53,79.1,73.77,78.19,5.381082,14.3265,-1,15.48,12.66,11.8,1,1,0.03269367448471927,1,0.9302700926690489,0.9666666666666667,1.0,49.999999999916824,72.94650188552924,52.3607741479274,25.142229887914237,3106.1701577169833,0.29357798165137616,14.159592115486086,6.036869700279788,14.069443868355131,10.382380306811585,281.92,4.0,-0.06718619575695728,-14564.320301398833,0.0,0.26300000000000007,16.244131455399092,1940089.7032936746,1793459.235334147
000014.SZ,20180705,14.53,14.2,14.39,13.08,13.08,-1.45,-9.9794,198985.04,271799.701,78.19,76.41,77.43,70.38,70.38,5.381082,13.6593,-1,15.98,13.08,10.62,1,1,-0.09979353062629037,0,0.8512143931104184,0.9666666666666667,1.0,49.999999999917875,69.37927959654124,43.06490037152421,0.0,3106.1701577169833,0.263013698630137,19.33875415422706,-7.713973867517837,14.025962038501966,9.566106848425513,282.85,4.0,-0.27255840823561395,-16830.024390534003,0.0,0.21900000000000003,6.001846722068358,1301138.902305984,1723127.7591872665
000014.SZ,20180706,13.08,12.81,13.24,12.0,12.83,-0.25,-1.9113,152747.48,195131.14,70.38,68.93,71.25,64.57,69.04,5.381082,12.7748,-1,14.39,11.77,10.42,1,1,-0.01911314984709478,0,0.643939757145549,0.9666666666666667,1.0,49.99999999992066,69.02707226318529,41.690608178040094,0.0,3106.1701577169833,0.3324299909665764,25.01616358615904,-9.8360156895216,13.97461313256129,9.612238871171227,283.07,2.0,-0.42418096153558316,-23378.901738285018,0.0,0.2085,-2.3809523809523796,659305.7494134484,1571153.1863624356
000014.SZ,20180709,12.83,12.65,13.2,12.65,13.05,0.22,1.7147,93820.03,122053.326,69.04,68.07,71.03,68.07,70.22,5.381082,13.0093,-1,14.11,11.55,10.6,1,1,0.017147310989867437,1,0.39283530764764596,0.9666666666666667,1.0,49.999999999923965,71.46733316099797,43.40228544483733,9.575501214978692,3106.1701577169833,0.3279857397504457,22.806513312079165,-7.5453139173720025,13.933906076885657,9.57775203121224,282.92,2.0,-0.473210566774989,-33835.47915528458,0.0,0.21799999999999997,4.840032813781782,778281.8300952893,1457885.8497528434
000014.SZ,20180710,13.05,13.15,13.27,12.93,13.2,0.15,1.1494,105246.49,138095.382,70.22,70.76,71.41,69.58,71.03,5.381082,13.1211,-1,14.36,11.75,10.72,1,1,0.011494252873563093,1,0.4450098477832692,0.9666666666666667,1.0,49.99999999992724,70.70651628317964,44.59647704978773,16.256073181396264,3141.8732629780975,0.3382352941176472,13.991298890358841,-5.959296974385667,13.9010408181118,9.692580525141564,282.52000000000004,2.0,-0.4632226171336281,-37136.41394959939,0.0,0.2009999999999999,-1.576182136602469,985381.4712805254,1390385.224256798
000014.SZ,20180711,13.2,12.76,12.77,12.0,12.4,-0.8,-6.0606,139491.03,172976.02,71.03,68.66,68.72,64.57,66.73,5.381082,12.4005,-1,14.52,11.88,10.07,1,1,-0.06060606060606055,0,0.605294610287475,0.9666666666666667,1.0,49.999999999930516,71.01513561017867,39.77610277835332,0.0,2951.456701585486,0.32055749128919875,12.495936809725114,-13.149845919113742,13.838961948428606,10.155818450717598,281.78000000000003,2.0,-0.5369649754863534,-32782.25560327113,0.0,0.18599999999999994,-4.664970313825286,609489.6885457207,1278828.7191552157
000014.SZ,20180712,12.4,12.31,12.76,12.3,12.6,0.2,1.6129,102256.01,128908.976,66.73,66.24,68.66,66.19,67.8,5.381082,12.6065,-1,13.64,11.16,10.23,1,1,0.016129032258064502,1,0.44459750260194913,0.9666666666666667,1.0,49.999999999932825,70.47476939685787,41.47910745494589,8.949857814402273,2951.456701585486,0.3164230438521068,6.245149396487952,-10.917997962958372,13.786405181374446,10.463931378193143,279.79,4.0,-0.5304629930545255,-32906.88502374729,0.0,0.19499999999999992,-5.110732538330488,723952.1907059681,1199560.643662466
000014.SZ,20180713,12.6,12.67,13.15,12.67,12.76,0.16,1.2698,112943.17,145660.613,67.8,68.18,70.76,68.18,68.66,5.381082,12.8968,-1,13.86,11.34,10.36,1,1,0.012698412698412653,1,0.4996469147357095,0.9666666666666667,1.0,49.99999999993314,69.26079421826742,42.87091417562034,16.264266533519347,2988.935516843714,0.32857142857142874,-3.995679985184294,-9.105721108260363,13.741979296225981,10.886143225054365,278.96,4.0,-0.4779026377158585,-29640.633975110162,0.0,0.16399999999999987,-6.196213425129095,900367.4571972098,1156818.7598817153
000014.SZ,20180716,12.76,12.76,13.2,12.33,13.02,0.26,2.0376,121995.48,155780.45,68.66,68.66,71.03,66.35,70.06,5.381082,12.7694,-1,14.04,11.48,10.57,1,1,0.020376175548589393,1,0.5608142136218369,0.9666666666666667,1.0,49.99999999993236,64.72720436825779,45.15364047761206,28.260754924202658,3049.8385916383354,0.3491461100569262,-15.056510041234686,-6.139328584418961,13.709710028848876,11.357022853007452,277.69000000000005,4.0,-0.3853763176722149,-24561.374632769002,0.0,0.11699999999999991,-15.630550621669627,524855.3039131388,1066538.2661719187
000014.SZ,20180717,13.02,12.88,13.01,12.63,12.81,-0.21,-1.6129,79151.31,101465.458,70.06,69.31,70.01,67.96,68.93,5.381082,12.8192,-1,14.32,11.72,10.4,1,1,-0.01612903225806439,0,0.38359025248505424,0.9666666666666667,1.0,49.99999999993095,67.69469481539592,43.637001885279,20.290313067064126,3049.8385916383354,0.39826839826839855,-26.707664498183394,-8.259946491956203,13.670405530663963,11.53210838146946,275.63,4.0,-0.33176074121709587,-25179.8638704221,0.0,0.1549999999999999,-8.679927667269432,103563.35545032378,928970.4217831194
000014.SZ,20180718,12.81,12.63,12.96,12.63,12.76,-0.05,-0.3903,66631.32,85304.125,68.93,67.96,69.74,67.96,68.66,5.381082,12.8024,-1,14.09,11.53,10.36,1,1,-0.0039032006245121043,0,0.3372621238738178,0.9666666666666667,1.0,49.999999999926274,64.20505643353712,43.264391185502326,18.332119511307983,3049.8385916383354,0.43914081145584755,-37.05501062841016,-8.776496792379332,13.630857729784553,11.99324405158959,275.19,2.0,-0.2841664798710185,-25409.342653743464,0.0,0.10749999999999985,-6.13382899628251,-254787.89203517605,759862.0912376486
000014.SZ,20180719,12.76,12.64,12.89,12.42,12.53,-0.23,-1.8025,60386.51,76142.385,68.66,68.02,69.36,66.83,67.42,5.381082,12.6092,-1,14.04,11.48,10.17,1,1,-0.018025078369905967,0,0.3228182309962673,0.9666666666666667,1.0,49.99999999992151,59.75944906512528,41.50856837287215,13.766474655090356,3049.8385916383354,0.4401913875598089,-44.878634813154754,-11.197595962292173,13.584305914113905,12.588064733126513,274.03,0.0,-0.26516791809434614,-24524.119876697107,0.0,0.07499999999999973,-14.728682170542633,-550979.7003613757,572598.9781520737
000014.SZ,20180720,12.53,12.5,12.7,12.19,12.66,0.13,1.0375,70949.53,88203.441,67.42,67.26,68.34,65.6,68.12,5.381082,12.4319,-1,13.78,11.28,10.28,1,1,0.010375099760574713,1,0.407606741329322,0.9666666666666667,1.0,49.999999999916696,54.450898125176394,42.91865086237412,24.971236766806086,3081.480971280234,0.4588528678304241,-52.211005904206665,-9.469018023606061,13.544459094089467,13.154397343686854,272.16,0.0,-0.2185354335469759,-20785.460278896862,0.0,0.04349999999999978,-17.142857142857125,-861483.7945172964,367730.010627878
000014.SZ,20180723,12.66,12.59,12.76,12.41,12.73,0.07,0.5529,74072.5,93305.111,68.12,67.75,68.66,66.78,68.5,5.381082,12.5965,-1,13.93,11.39,10.34,1,1,0.005529225908372792,1,0.45718383503502447,0.9666666666666667,1.0,49.99999999991152,50.95679397394847,43.70561817484314,31.22461668717226,3098.519175702794,0.4739652870493995,-60.9833882639894,-8.51291196929295,13.508976955595003,13.661680629775613,268.89,2.0,-0.1641871266613696,-16356.54742699569,0.0,0.09649999999999981,-19.883040935672483,-700715.7976519228,215094.89515933505
000014.SZ,20180724,12.73,12.76,13.13,12.65,13.05,0.32,2.5137,133598.03,173463.757,68.5,68.66,70.65,68.07,70.22,5.381082,12.984,-1,14.0,11.46,10.6,1,1,0.02513747054202664,1,0.8799778792957449,0.9666666666666667,1.0,49.99999999990574,57.314764732522704,47.28365169632305,100.0,3176.4081102059276,0.48102981029810327,-62.814904126589965,-4.136229611548888,13.48802492631655,13.978755363394486,266.94,4.0,-0.07556867228561126,-4490.929032733155,0.0,0.07499999999999982,-3.1351351351351013,-373909.6811420722,130951.38425913404
000014.SZ,20180725,13.05,13.05,13.35,12.68,12.94,-0.11,-0.8429,110235.92,143123.876,70.22,70.22,71.84,68.23,69.63,5.381082,12.9834,-1,14.36,11.75,10.51,1,1,-0.008429118773946476,0,0.7527233766759811,0.9666666666666667,1.0,49.99999999989927,53.65756137338641,46.19668178376951,85.5216406255867,3176.4081102059276,0.5320121951219513,-66.25202534351568,-5.515167827747503,13.463367762893107,14.406141198470841,266.12,2.0,-0.02482683379261519,844.7016466896457,0.0,0.03399999999999981,-16.058394160583916,-128525.8400126677,93883.20936316236
000014.SZ,20180726,12.94,12.9,13.11,12.78,12.89,-0.05,-0.3864,83130.9,107677.755,69.63,69.42,70.55,68.77,69.36,5.381082,12.9528,-1,14.23,11.65,10.47,1,1,-0.00386398763523943,0,0.6088249328138421,0.9666666666666667,1.0,49.999999999892374,46.81900848718433,45.68261508297743,78.67430994004646,3176.4081102059276,0.5227272727272728,-72.46140995643206,-6.161011388712216,13.437746691001578,14.83867005904058,264.7,0.0,0.007229409670621023,1328.1071663304756,0.0,0.022999999999999864,-22.944785276073574,-458828.7731492673,14924.354718529561
000014.SZ,20180727,12.89,12.8,13.78,12.79,13.44,0.55,4.2669,194900.53,259687.018,69.36,68.88,74.15,68.82,72.32,5.381082,13.3241,-1,14.18,11.6,10.91,1,1,0.0426687354538402,1,1.5228915072576112,0.9666666666666667,1.0,49.99999999988751,45.29121997980775,52.00887447052924,100.0,3311.941427553737,0.42712842712842747,-58.610203577294456,1.6250669285256223,13.437855735133853,14.933181834514453,262.78,0.0,0.10245816221076287,16467.175471024035,0.0,0.028499999999999838,-15.972222222222207,-310671.9841470537,-31589.407976553757
000014.SZ,20180730,13.44,13.27,14.0,13.1,13.44,0.0,0.0,193566.58,261671.674,72.32,71.41,75.34,70.49,72.32,5.381082,13.5184,-1,14.78,12.1,10.91,1,1,0.0,0,1.5363630651428377,0.9333333333333333,1.0,49.99999999987567,53.63423986427996,52.00887447052923,99.99999999999989,3311.941427553737,0.4426229508196723,-49.22517212976564,1.6250669285256227,13.437959502305537,14.978251603992563,247.45,1.0,0.16185721794295804,25524.969791468073,0.0,0.05449999999999981,-6.74556213017749,109100.24396522157,-11490.886270585857
000014.SZ,20180731,13.44,13.2,13.41,12.99,13.1,-0.34,-2.5298,96768.19,127617.786,72.32,71.03,72.16,69.9,70.49,5.381082,13.188,-1,14.78,12.1,10.64,1,1,-0.02529761904761907,0,0.7705259251529348,0.9333333333333333,1.0,49.99999999987287,56.27352206417764,48.00074523468506,61.935252414299235,3311.941427553737,0.44925124792013327,-56.17712550646924,-3.2360527511965596,13.422386980661097,15.027083427774693,246.3,1.0,0.15192020046268823,18053.50320061796,0.0,0.0719999999999998,-5.174488567990338,-285495.0111863022,-50634.33268711675
000014.SZ,20180801,13.1,12.85,12.9,12.05,12.22,-0.88,-6.7176,151116.07,187271.938,70.49,69.15,69.42,64.84,65.76,5.381082,12.3926,-1,14.41,11.79,9.92,1,1,-0.0671755725190839,0,1.2554630929945165,0.9333333333333333,1.0,49.999999999872614,48.32709773675894,39.51299407215268,0.0,3089.459866008143,0.37169517884914494,-51.44970146780273,-14.392534473486826,13.373371122567537,15.118582209792926,245.69,-1.0,0.029776256642032817,19863.9388269372,0.0,0.006499999999999862,-17.738359201773804,-754864.0518808947,-151238.5782862279
000014.SZ,20180802,12.22,12.06,12.13,11.0,11.02,-1.2,-9.82,135957.95,153181.157,65.76,64.9,65.27,59.19,59.3,5.381082,11.2668,-1,13.44,11.0,8.95,1,1,-0.09819967266775786,0,1.1610453240978456,0.9333333333333333,1.0,49.99999999988165,50.21929809595689,31.367643074754625,0.0,3089.459866008143,0.48543689320388367,-46.16097245121258,-26.548496644617565,13.291057481183856,15.297430353290842,243.38,-1.0,-0.19720499838630956,18480.48989824632,0.0,0.010499999999999777,-21.398305084745736,-1169264.092837496,-296670.79465069476
000014.SZ,20180803,11.02,11.05,11.33,10.8,11.0,-0.02,-0.1815,66701.06,74222.77,59.3,59.46,60.97,58.12,59.19,5.381082,11.1277,-1,12.12,9.92,8.93,1,1,-0.001814882032667886,0,0.5853627337142596,0.9333333333333333,1.0,49.999999999893134,52.377485953505655,31.2520102180881,0.0,3089.459866008143,0.5378151260504203,-52.45235104306103,-26.731021905959473,13.211122509564309,15.401096573515916,241.47,-1.0,-0.3269383598945991,8220.663676869,0.0,0.006999999999999762,-18.37183718371835,-1406793.1706948425,-455259.70551414444
000014.SZ,20180806,11.0,11.01,11.01,10.14,10.32,-0.68,-6.1818,76009.1,79783.438,59.19,59.25,59.25,54.56,55.53,5.381082,10.4966,-1,12.1,9.9,8.38,1,1,-0.06181818181818177,0,0.6932231743885836,0.9333333333333333,1.0,49.99999999990608,48.758054207543516,27.535344648841846,0.0,2898.475074291276,0.6021840873634948,-42.18627464356467,-32.715074191416136,13.118489669774043,15.908454420980398,239.82999999999998,-3.0,-0.4724119461490952,2944.0572023317,0.0,-0.04750000000000023,-32.74725274725272,-1639030.194725887,-624369.7754015363
000014.SZ,20180807,10.32,10.35,10.59,10.1,10.58,0.26,2.5194,61297.35,63922.604,55.53,55.69,56.99,54.35,56.93,5.381082,10.4283,-1,11.35,9.29,8.59,1,1,0.025193798449612448,1,0.5636258890870176,0.9333333333333333,1.0,49.99999999991661,44.95300861152574,30.91823610731882,13.822654447987306,2898.475074291276,0.5981595092024542,-37.321085262003585,-28.491402577161505,13.032049747936945,16.311582456776712,237.0,-3.0,-0.4990713041989301,-2005.0391135889731,0.0,-0.03850000000000016,-39.826839826839795,-1819277.605134341,-795070.893934794
000014.SZ,20180808,10.58,10.51,10.6,10.11,10.14,-0.44,-4.1588,57497.3,59580.328,56.93,56.56,57.04,54.4,54.56,5.381082,10.3623,-1,11.64,9.52,8.23,1,1,-0.041587901701323204,0,0.5395872613024839,0.9333333333333333,1.0,49.999999999925365,46.94458685906594,28.49397762780453,3.9170196777793107,2898.475074291276,0.6331168831168833,-38.68452326208486,-32.32790298351826,12.938853999785097,16.67172944833785,234.39999999999998,-3.0,-0.5380699231134329,-5092.13030586447,0.0,-0.039000000000000146,-32.932692307692264,-1966701.4592286565,-962446.6889767745
000014.SZ,20180809,10.14,10.08,10.54,10.08,10.46,0.32,3.1558,64428.24,67213.731,54.56,54.24,56.72,54.24,56.29,5.381082,10.4323,-1,11.15,9.13,8.49,1,1,0.03155818540433919,1,0.6288243843109916,0.9666666666666667,1.0,49.99999999993187,45.639449622035734,32.631165412824416,20.821764580387057,2989.945688075616,0.624203821656051,-36.107503064247446,-27.107294092725393,12.852810963788238,16.931366780487235,232.18,-3.0,-0.4845289604430634,-5469.062918696967,0.0,-0.034500000000000065,-38.36633663366334,-1729143.6285810564,-1071974.8232059577
000014.SZ,20180810,10.46,10.44,11.51,10.41,11.24,0.78,7.457,173339.17,195020.423,56.29,56.18,61.94,56.02,60.48,5.381082,11.2508,-1,11.51,9.41,9.13,1,1,0.0745697896749522,1,1.7236213180860036,0.9666666666666667,1.0,49.999999999935525,46.62712890079927,41.513862672537144,57.11688557205235,3212.905309174945,0.5681159420289856,-22.263719747123414,-15.423473318142456,12.787855749735083,16.91200817551699,229.98999999999998,-3.0,-0.3159760963371032,8901.15332855186,0.0,0.0009999999999999788,-29.099307159353337,-1307788.9198370723,-1105662.551296117
000014.SZ,20180813,11.24,10.7,11.08,10.56,11.01,-0.23,-2.0463,128351.47,138360.415,60.48,57.58,59.62,56.82,59.25,5.381082,10.7798,-1,12.36,10.12,8.94,1,1,-0.020462633451957313,0,1.239073447416758,0.9666666666666667,1.0,49.999999999936605,46.94130537484972,39.845527434905165,50.29998890946479,3212.905309174945,0.5705967976710336,-25.531506601479204,-17.769626184267292,12.71823968169167,17.058956942257776,228.9,-5.0,-0.2123633276916881,12098.096708580393,0.0,0.0035000000000000144,-29.828571428571408,-1639803.172777908,-1181968.3543649444
000014.SZ,20180814,11.01,10.9,11.66,10.9,11.36,0.35,3.1789,136441.44,154020.478,59.25,58.65,62.74,58.65,61.13,5.381082,11.2884,-1,12.11,9.91,9.22,1,1,0.031789282470481295,1,1.3131433545943891,0.9666666666666667,1.0,49.99999999993517,51.94619812929584,43.56244766402836,65.48750070774008,3315.0412635992166,0.5592011412268189,-17.608430413744657,-12.75919579775696,12.661814004486825,17.01389602269906,226.78,-3.0,-0.08037279631761951,14871.271853999613,0.0,0.02999999999999998,-25.802879291251372,-1327254.7121829574,-1202723.5483389464
000014.SZ,20180815,11.36,11.43,11.63,11.06,11.12,-0.24,-2.1127,93808.2,106052.949,61.13,61.51,62.58,59.51,59.84,5.381082,11.3053,-1,12.5,10.22,9.03,1,1,-0.021126760563380254,0,0.8786093051502852,0.9666666666666667,1.0,49.9999999999322,51.536904972922244,41.66146676119122,57.72000285725605,3315.0412635992166,0.5444444444444445,-12.831431245287174,-15.358427824843425,12.599670403848044,17.03874640774088,225.45,-3.0,-0.012636452236777007,10725.494692373373,0.0,0.008000000000000007,-23.194748358862142,-1507670.731760433,-1246287.431684873
000014.SZ,20180816,11.12,10.95,11.18,10.54,10.82,-0.3,-2.6978,61576.02,66806.539,59.84,58.92,60.16,56.72,58.22,5.381082,10.8494,-1,12.23,10.01,8.78,1,1,-0.026978417266186994,0,0.5694744446946216,0.9666666666666667,1.0,49.99999999992923,51.72293152001947,39.34991322800242,48.27488582660853,3315.0412635992166,0.5392022008253097,-9.273693618074008,-18.551402029117664,12.530645804208188,17.10671080106001,223.74,-3.0,0.003646442346032952,3763.4778853625903,0.0,0.007000000000000117,-25.714285714285715,-1617054.9035828991,-1299254.213384591
000014.SZ,20180817,10.82,11.03,11.15,10.6,10.61,-0.21,-1.9409,58556.2,63859.493,58.22,59.35,60.0,57.04,57.09,5.381082,10.9057,-1,11.9,9.74,8.61,1,1,-0.019408502772643277,0,0.5412484846011583,0.9666666666666667,1.0,49.999999999926274,52.2385106748809,37.77011916220287,50.010135254527334,3315.0412635992166,0.5333333333333334,-7.966455559758779,-20.75413934714101,12.458168075749244,17.310146342345256,222.7,-5.0,-0.0016953961303234344,-878.7915343088462,0.0,-0.021999999999999888,-23.0603448275862,-1731224.1629848096,-1360964.2061846224
000014.SZ,20180820,10.61,10.55,10.9,10.52,10.78,0.17,1.6023,54978.14,58966.258,57.09,56.77,58.65,56.61,58.01,5.381082,10.7254,-1,11.67,9.55,8.75,1,1,0.01602262016965117,1,0.5111031051902789,0.9666666666666667,1.0,49.99999999992303,49.26280394935919,39.87452514810623,76.9894627093391,3315.0412635992166,0.5261744966442955,-7.063987625983298,-18.033993324657818,12.392666773035334,17.459789112090228,220.81,-5.0,0.02819411830458285,-3892.981000236541,0.0,-0.01749999999999998,-28.034371643394195,-1840054.8685852974,-1429405.729384719
000014.SZ,20180821,10.78,10.7,11.25,10.7,10.98,0.2,1.8553,75036.98,82675.874,58.01,57.58,60.54,57.58,59.08,5.381082,11.018,-1,11.86,9.7,8.91,1,1,0.01855287569573294,1,0.7038265062369145,0.9666666666666667,1.0,49.999999999919766,47.385459595357815,42.34474285348217,92.40221511403305,3376.5448120889982,0.5347885402455663,-5.41285808531201,-14.830635676335744,12.335373472530295,17.6220108253039,218.85999999999999,-5.0,0.08236390419313855,-2702.9363328397885,0.0,-0.01799999999999997,-28.31001076426267,-1599099.4155863132,-1453647.6845563753
000014.SZ,20180822,10.98,10.94,11.1,10.72,10.8,-0.18,-1.6393,55288.0,60279.084,59.08,58.87,59.73,57.69,58.12,5.381082,10.9027,-1,12.08,9.88,8.77,1,1,-0.016393442622950838,0,0.5332312779128016,0.9666666666666667,1.0,49.99999999991531,42.99386485414586,40.723137625858556,82.28432153035136,3376.5448120889982,0.52972972972973,-9.659406133646492,-16.96552649492903,12.274664459232577,17.823423166411537,216.61,-5.0,0.10022327565462019,-4014.8668776437044,0.0,-0.01949999999999985,-32.53796095444685,-1648295.2222011287,-1481454.475648483
000014.SZ,20180823,10.8,10.85,10.98,10.63,10.85,0.05,0.463,50614.38,54686.722,58.12,58.38,59.08,57.2,58.38,5.381082,10.8046,-1,11.88,9.72,8.81,1,1,0.004629629629629539,1,0.5014430497098626,0.9666666666666667,0.0,49.9999999999101,43.97397923785232,41.39451405498359,86.47332829276418,3376.5448120889982,0.52972972972973,-8.77592612327616,-16.11448145549946,12.217755546416079,17.98821586245033,214.13,-3.0,0.1235154612774434,-4892.914240560625,0.0,-0.01899999999999986,-31.64835164835165,-1707133.5478680425,-1513694.34310842
000014.SZ,20180824,10.85,10.77,11.16,10.62,10.86,0.01,0.0922,69130.0,75178.107,58.38,57.95,60.05,57.15,58.44,5.381082,10.8749,-1,11.94,9.77,8.82,1,1,0.0009216589861751334,1,0.6960917669466841,0.9333333333333333,1.0,49.99999999990441,39.10805206076027,41.537132492527554,86.55925142610992,3379.656834957283,0.5714285714285716,-15.430187557896113,-15.936889740892122,12.163404520604988,18.417037297768672,211.96,-3.0,0.1436048848803646,-2482.065150812952,0.0,-0.046499999999999805,-39.140534262485474,-1483028.166101242,-1509313.4606788233
000014.SZ,20180827,10.86,10.87,11.12,10.8,11.1,0.24,2.2099,89229.01,98080.342,58.44,58.49,59.84,58.12,59.73,5.381082,10.992,-1,11.95,9.77,9.01,1,1,0.022099447513812098,1,0.9592135466750558,0.9333333333333333,1.0,49.99999999989875,34.04184541196997,44.99670198443891,100.0,3454.345383796118,0.4690140845070424,-24.588057716165373,-11.623874024049343,12.118652343520997,18.655503336653865,222.76,-2.0,0.1896625792907516,2071.5734559019475,0.0,-0.04349999999999978,-41.27358490566036,-1111483.0513408063,-1452480.5450591065
000014.SZ,20180828,11.1,11.49,11.59,10.95,10.96,-0.14,-1.2613,127490.23,143293.429,59.73,61.83,62.37,58.92,58.98,5.381082,11.2396,-1,12.21,9.99,8.9,1,1,-0.012612612612612484,0,1.4519499807379805,0.9333333333333333,1.0,49.99999999989166,40.98035868285305,43.383932352258654,86.9575442776788,3410.777063640131,0.4086956521739133,-18.17287658812387,-13.597562381407919,12.070980730743516,18.668171996878527,220.91,-2.0,0.2006485584221147,10042.979847814924,0.0,-0.06499999999999977,-29.186602870813374,-695322.3384517622,-1344315.0869723433
000014.SZ,20180829,10.96,10.7,10.75,10.52,10.55,-0.41,-3.7409,91253.78,97019.619,58.98,57.58,57.85,56.61,56.77,5.381082,10.6318,-1,12.06,9.86,8.57,1,1,-0.03740875912408759,0,1.0213948394923793,0.9333333333333333,1.0,49.999999999884594,42.943495351785074,38.97787344362362,16.71266089561059,3410.777063640131,0.318818040435459,-28.586943661472233,-19.162840583658433,12.012432272743373,18.625862377520807,218.77,-2.0,0.1541575055758626,10207.278078058742,0.0,-0.040999999999999745,-28.32929782082323,-960599.8700950037,-1289498.6274184377
000014.SZ,20180830,10.55,10.49,10.78,10.49,10.57,0.02,0.1896,49180.89,52190.691,56.77,56.45,58.01,56.45,56.88,5.381082,10.612,-1,11.61,9.5,8.58,1,1,0.0018957345971564177,1,0.5695581363862301,0.9333333333333333,1.0,49.999999999877915,48.33401899999531,39.30171207011991,21.193874692812848,3410.777063640131,0.3009523809523812,-42.835906089784274,-18.770023596453957,11.956637634896396,18.251851844716665,217.04000000000002,0.0,0.12860993515934294,4701.418993584168,0.0,0.015000000000000301,-18.232044198894997,-818901.3053356446,-1222270.4385494674
000014.SZ,20180831,10.57,10.52,10.65,10.35,10.39,-0.18,-1.7029,40854.0,42842.463,56.88,56.61,57.31,55.69,55.91,5.381082,10.4867,-1,11.63,9.51,8.44,1,1,-0.017029328287606393,0,0.4981566472562706,0.9333333333333333,1.0,49.99999999987228,49.18563233463484,37.37907608767762,0.0,3410.777063640131,0.2920517560073939,-44.82309839350152,-21.22999023063921,11.897873795941235,17.896810450906813,216.35999999999999,0.0,0.09170838605928133,226.70766615069078,0.0,0.011000000000000388,-10.030395136778083,-867688.0520742589,-1171615.811910152
000014.SZ,20180903,10.39,10.3,10.41,10.22,10.38,-0.01,-0.0962,29543.47,30523.664,55.91,55.43,56.02,54.99,55.86,5.381082,10.3318,-1,11.43,9.35,8.43,1,1,-0.0009624639076034613,0,0.36600847184075863,0.9,1.0,49.99999999986788,50.604554774861256,37.269993084322266,0.0,3410.777063640131,0.3333333333333336,-57.18741665051275,-21.36924472681167,11.841039718329691,17.235768655483792,215.76,0.0,0.07111380699972214,-3748.4630435024665,0.0,0.04950000000000036,-3.8961038961038668,-919985.6768487092,-1135668.6497585173
000014.SZ,20180904,10.38,10.44,10.63,10.33,10.51,0.13,1.2524,38449.0,40240.112,55.86,56.18,57.2,55.59,56.56,5.381082,10.4658,-1,11.42,9.34,8.53,1,1,0.012524084778420042,1,0.4904539896047965,0.9,1.0,49.99999999986344,53.71172886036039,39.732294513633924,31.867402553168372,3453.4939247454504,0.34273318872017383,-57.58369498168923,-18.502457692881684,11.789384258445391,16.650213784866388,215.99,0.0,0.0795265858262153,-4613.319407275005,0.0,0.041500000000000356,6.711409395973192,-805988.674652352,-1088571.5104576366
000014.SZ,20180905,10.51,10.42,10.54,10.24,10.25,-0.26,-2.4738,40483.7,41979.259,56.56,56.07,56.72,55.1,55.16,5.381082,10.3694,-1,11.56,9.46,8.32,1,1,-0.02473834443387246,0,0.5240452659167566,0.9,1.0,49.99999999986041,54.268456767417604,36.63503778823808,0.0,3368.060202534811,0.3566591422121899,-57.966187337217455,-22.36311518265172,11.73247330684417,15.870081017291835,215.92999999999998,0.0,0.05572056788878954,-4349.799746224278,0.0,0.05150000000000032,4.966887417218551,-851345.2119495228,-1054682.039242192
000014.SZ,20180906,10.25,10.33,10.33,10.07,10.09,-0.16,-1.561,33487.0,34127.826,55.16,55.59,55.59,54.19,54.3,5.381082,10.1914,-1,11.28,9.23,8.19,1,1,-0.01560975609756099,0,0.4383022474289025,0.9,1.0,49.99999999985898,51.26595828838863,34.83539773571858,0.0,3368.060202534811,0.37236533957845463,-59.10182116600038,-24.67454935415423,11.67355900112426,15.281602250367117,216.18,-2.0,0.025604917437617614,-4535.661613678487,0.0,0.020500000000000275,2.4232633279483338,-904221.6527476925,-1033187.6983144064
000014.SZ,20180907,10.09,10.09,10.29,10.0,10.16,0.07,0.6938,41393.0,42092.347,54.3,54.3,55.37,53.81,54.67,5.381082,10.169,-1,11.1,9.08,8.25,1,1,0.0069375619425173785,1,0.5529790478746289,0.9,1.0,49.99999999985786,43.513181296851876,36.30949599286841,14.506978839212254,3391.426328816024,0.4662921348314611,-74.24619514578718,-22.98826214654372,11.618053377781251,15.023625777071022,215.77,-2.0,0.02241099029507354,-3080.9952435799787,0.0,-0.015999999999999747,-16.824196597353463,-982986.7360990063,-1026016.1322836351
000014.SZ,20180910,10.16,10.21,10.23,9.88,9.9,-0.26,-2.5591,37004.0,37176.82,54.67,54.94,55.05,53.17,53.27,5.381082,10.0467,-1,11.18,9.14,8.04,1,1,-0.025590551181102317,0,0.5421255974942617,0.9333333333333333,1.0,49.99999999985575,46.75168624430955,33.296660918410176,0.0,3391.426328816024,0.49582172701949895,-72.08874529820824,-26.85622937474485,11.55821294816869,14.75205767954803,214.76,-2.0,-0.00591222859936924,-2236.5877132345777,0.0,-0.0469999999999998,-11.646586345381486,-1041513.8604671338,-1028230.0934527064
000014.SZ,20180911,9.9,9.8,10.06,9.8,9.96,0.06,0.6061,29336.0,29064.581,53.27,52.73,54.13,52.73,53.6,5.381082,9.9075,-1,10.89,8.91,8.09,1,1,0.0060606060606061,1,0.4606069863038821,0.9333333333333333,1.0,49.99999999985151,39.116392459141075,34.64438390849985,11.518959484704787,3391.426328816024,0.554545454545455,-79.8477005928188,-25.327166374337285,11.501382905512983,14.52888685213638,213.66,-2.0,-0.007644470784070712,-2232.3624425286544,0.0,-0.06199999999999974,-29.102844638949612,-1078168.2538810102,-1035364.1163710356
000014.SZ,20180912,9.96,10.01,10.02,9.84,9.94,-0.02,-0.2008,24192.0,24047.002,53.6,53.86,53.92,52.95,53.49,5.381082,9.9401,-1,10.96,8.96,8.07,1,1,-0.002008032128514192,0,0.41471099484696905,0.9333333333333333,1.0,49.99999999984746,41.8411953905473,34.39491824807961,9.386781836674452,3391.426328816024,0.5811688311688312,-86.28652567463334,-25.641650308327073,11.446096307374537,14.200369047760478,212.05,-2.0,-0.0028125998378032424,-2427.7290582832647,0.0,-0.04999999999999973,-34.38202247191006,-1096201.0953415271,-1044055.1133668202
000014.SZ,20180913,9.94,10.05,10.11,9.94,10.07,0.13,1.3078,33261.0,33370.48,53.49,54.08,54.4,53.49,54.19,5.381082,10.0329,-1,10.93,8.95,8.18,1,1,0.01307847082494984,1,0.6063573729363094,0.9333333333333333,1.0,49.9999999998421,45.99862428940543,37.54307651640411,36.29402302119672,3435.7809991124113,0.615120274914089,-95.19184143769168,-22.12263032724362,11.39506451650086,13.673142932810002,210.81,0.0,0.025031945020916102,-918.3403636242365,0.0,-0.0424999999999998,-22.580645161290263,-942988.9499217141,-1029617.0900175194
000014.SZ,20180914,10.07,10.07,10.85,9.98,10.33,0.26,2.5819,97747.7,101654.899,54.19,54.19,58.38,53.7,55.59,5.381082,10.3997,-1,11.08,9.06,8.39,1,1,0.02581926514399213,1,1.8291782750486032,0.9333333333333333,1.0,49.99999999983659,53.120982898363806,43.393655732377916,100.0,3524.490339705185,0.6047297297297296,-67.55703549833702,-15.322628588337746,11.352118390957468,12.93027387500911,209.64000000000001,2.0,0.0823762707324045,8655.780663229045,0.0,-0.008499999999999818,-4.883227176220778,-754894.8623070349,-990371.0574874503
000014.SZ,20180917,10.33,10.26,10.8,10.13,10.6,0.27,2.6137,106555.0,112532.725,55.59,55.21,58.12,54.51,57.04,5.381082,10.561,-1,11.36,9.3,8.61,1,1,0.02613746369796699,1,1.923458291904052,0.9333333333333333,1.0,49.99999999983316,59.93397270356885,48.76138672970356,100.0,3616.6115780130644,0.5849673202614378,-50.7899184636164,-8.706051076951754,11.319421315734536,12.191021575408516,209.25,2.0,0.15629300435823346,15656.441694806097,0.0,-0.0029999999999997585,3.6876355748373513,-407745.78083750536,-907138.8751088867
000014.SZ,20180918,10.6,10.5,10.88,10.4,10.85,0.25,2.3585,91031.56,97302.2,57.04,56.5,58.55,55.96,58.38,5.381082,10.6888,-1,11.66,9.54,8.81,1,1,0.02358490566037741,1,1.5701469994967092,0.9333333333333333,1.0,49.99999999983352,60.420537787720455,53.18774092051155,100.0,3616.6115780130644,0.5755627009646304,-46.91693477481566,-2.949080838218955,11.29772713946493,11.49450315196024,208.95000000000002,2.0,0.23381323496113637,17535.97546912497,0.0,0.000500000000000167,1.986754966887446,-74948.8524751201,-788254.5861612059
000014.SZ,20180919,10.85,10.95,11.76,10.73,11.35,0.5,4.6083,178072.11,201987.052,58.38,58.92,63.28,57.74,61.08,5.381082,11.343,-1,11.94,9.77,9.22,1,1,0.04608294930875578,1,3.0296642589228227,0.9333333333333333,1.0,49.999999999842146,68.77389285226371,60.53143833491566,100.0,3783.2757060320996,0.5714285714285715,-24.6524492781236,7.377641299566892,11.300399966354568,10.62221779449514,208.57999999999998,4.0,0.340904253324419,29157.97805706328,0.0,0.027500000000000125,21.292775665399255,448628.84026698396,-611556.9538143217
000014.SZ,20180920,11.35,11.17,11.6,10.92,11.12,-0.23,-2.0264,174061.7,195258.228,61.08,60.11,62.42,58.76,59.84,5.381082,11.2178,-1,12.49,10.22,9.03,1,1,-0.02026431718061683,0,2.681362554826462,0.9333333333333333,1.0,49.999999999851454,62.449632787563914,56.16652855226224,83.97302935177252,3783.2757060320996,0.5429362880886425,-15.236724028485748,2.403817550483312,11.291602992430434,9.719494908740474,209.55,2.0,0.36696500150747347,34589.350733128544,0.0,0.025000000000000088,26.82926829268291,-57562.370352612925,-532414.870462649
000014.SZ,20180921,11.12,11.0,11.24,10.68,11.09,-0.03,-0.2698,108473.31,118842.235,59.84,59.19,60.48,57.47,59.68,5.381082,10.9559,-1,12.23,10.01,9.0,1,1,-0.0026978417266186883,0,1.5259070452461525,0.9333333333333333,1.0,49.999999999860066,55.907742878066514,55.60331504076067,81.90503554044716,3783.2757060320996,0.5399449035812671,-13.265004149394084,1.7566612345557995,11.281834207952045,8.73531993186133,210.17,0.0,0.3655620767349033,27917.47320281725,0.0,0.025000000000000088,16.15245009074411,-418533.6488565237,-516146.1245189169
000014.SZ,20180925,11.09,10.7,10.83,10.58,10.67,-0.42,-3.7872,77014.0,82140.592,59.68,57.58,58.28,56.93,57.42,5.381082,10.6657,-1,12.2,9.98,8.66,1,1,-0.03787195671776378,0,1.0541931582078323,0.9333333333333333,1.0,49.99999999986554,50.16300105937065,48.3009451082936,55.092369437872314,3783.2757060320996,0.5144356955380577,-13.989713344899224,-6.912714819398811,11.254713262524007,8.151453818280816,210.46,-2.0,0.29640802975204666,18301.710506103205,0.0,0.012000000000000099,5.226480836236917,-692984.4675405251,-541408.7449505752
000014.SZ,20180926,10.67,10.69,10.75,10.52,10.57,-0.1,-0.9372,57862.0,61677.973,57.42,57.52,57.85,56.61,56.88,5.381082,10.6595,-1,11.74,9.6,8.58,1,1,-0.009372071227741308,0,0.7987115871880516,0.9333333333333333,1.0,49.999999999868464,43.261078427339335,46.72743169377722,49.31478076713562,3783.2757060320996,0.5198938992042439,-21.813818119664365,-8.858821911649981,11.224996322810124,7.96817340880914,209.62,-2.0,0.22858179232594233,8873.98603333803,0.0,0.032500000000000105,-4.672897196261715,-871020.3192074342,-588496.112701555
000014.SZ,20180927,10.57,10.54,10.54,10.21,10.25,-0.32,-3.0274,53801.0,55729.211,56.88,56.72,56.72,54.94,55.16,5.381082,10.3584,-1,11.63,9.51,8.32,1,1,-0.030274361400189242,0,0.7801456789121306,0.9333333333333333,1.0,49.99999999986956,44.50463885380924,42.01101022380169,31.99713796856747,3783.2757060320996,0.5326086956521737,-18.153824226702348,-14.854837102682584,11.185464789129194,8.102229704468133,209.23,-2.0,0.13654260742765878,1964.2562920285573,0.0,0.025500000000000078,5.809128630705381,-1009741.335270961,-648674.0016400416
000014.SZ,20180928,10.25,10.33,10.77,10.28,10.6,0.35,3.4146,70966.77,75092.297,55.16,55.59,57.95,55.32,57.04,5.381082,10.5813,-1,11.28,9.23,8.61,1,1,0.034146341463414664,1,1.0577826941498183,0.9333333333333333,1.0,49.99999999986862,45.36893286624779,48.17272791108394,54.62158462017833,3912.460730140513,0.4887780548628427,-12.059730724075925,-6.767914147981563,11.15947235889899,8.087725285616742,208.98999999999998,-2.0,0.11935652359008059,-300.21487627031684,0.0,0.03500000000000005,10.756972111553772,-805533.2152439642,-671082.4607263163
000014.SZ,20181008,10.6,10.2,10.36,10.08,10.12,-0.48,-4.5283,49949.77,51007.382,57.04,54.89,55.75,54.24,54.46,5.381082,10.2117,-1,11.66,9.54,8.22,1,1,-0.04528301886792452,0,0.7326224384204171,0.9333333333333333,1.0,49.99999999986882,45.116809530664156,41.63830587204586,27.71366501699843,3912.460730140513,0.4547563805104406,-11.758475613553507,-15.370074998306713,11.117581659958534,8.224222514893688,208.94,-2.0,0.043778476667298505,-4407.206752660162,0.0,0.0375,5.103969754253292,-876852.3595700061,-700478.1605611291
000014.SZ,20181009,10.12,10.2,10.26,10.04,10.24,0.12,1.1858,38242.01,38811.989,54.46,54.89,55.21,54.03,55.1,5.381082,10.149,-1,11.13,9.11,8.31,1,1,0.011857707509881577,1,0.5571858853554571,0.9333333333333333,1.0,49.999999999869914,44.85964096654572,43.69457919549591,35.58109846497957,3912.460730140513,0.44343891402714897,-10.475533373942351,-12.635229416034418,11.081072269296165,8.288482827688076,208.57,0.0,0.012044821206913081,-8255.526799569443,0.0,0.035500000000000045,7.961165048543691,-931151.7877977395,-733431.5358806449
000014.SZ,20181010,10.24,10.18,10.28,10.05,10.26,0.02,0.1953,34715.02,35333.823,55.1,54.78,55.32,54.08,55.21,5.381082,10.1783,-1,11.26,9.22,8.33,1,1,0.001953125,1,0.5026126613449597,0.9333333333333333,1.0,49.99999999987139,44.6741864461602,44.04841257202193,28.29838901517266,3912.460730140513,0.4547563805104404,-11.57640532140245,-12.168745534614008,11.04673140862044,8.397084029187548,208.29,0.0,-0.0033354737827213654,-10677.00978440322,0.0,0.03600000000000003,4.242424242424221,-778410.0326022767,-739857.0354123067
000014.SZ,20181011,10.26,10.02,10.02,9.23,9.23,-1.03,-10.039,78842.0,75078.367,55.21,53.92,53.92,49.67,49.67,5.381082,9.5226,-1,11.29,9.23,7.49,1,1,-0.10038986354775825,0,1.144587917971683,0.9333333333333333,1.0,49.99999999987607,43.69236682308941,32.664014747490945,0.0,3519.6893313057444,0.4980314960629918,1.166805668410943,-28.272638439768393,10.984679336904277,9.120385515069017,208.01000000000002,0.0,-0.1416690305660907,-5970.575662669789,0.0,0.005000000000000071,-9.154929577464777,-786879.211739108,-746574.4891732783
000014.SZ,20181012,9.23,9.0,9.17,8.32,8.93,-0.3,-3.2503,68593.21,60258.644,49.67,48.43,49.34,44.77,48.05,5.381082,8.7849,-1,10.15,8.31,7.25,1,1,-0.03250270855904669,0,0.9688258945339216,0.9333333333333333,1.0,49.99999999988305,42.937591364767094,30.214584160756402,0.0,3519.6893313057444,0.6590038314176241,12.819036040727138,-32.09010525196489,10.918235023804213,9.983125041791725,206.91,0.0,-0.25631895465815996,-3969.8813126314935,0.0,0.013500000000000068,-19.122257053291563,-877129.2900923609,-765225.1750188615
000014.SZ,20181015,8.93,9.13,9.3,8.9,8.93,0.0,0.0,36098.92,32780.534,48.05,49.13,50.04,47.89,48.05,5.381082,9.0808,-1,9.82,8.04,7.25,1,1,0.0,0,0.49753418265464555,0.9333333333333333,1.0,49.99999999987074,45.35416677919111,30.214584160756402,0.0,3519.6893313057444,0.6679611650485433,14.016463110797897,-32.09010525196489,10.85393938989902,10.808054252380396,196.91,-1.0,-0.3112394971003546,-6600.235454796942,0.0,0.0,-8.27285921625544,-691842.7975911552,-754741.978243475
000014.SZ,20181016,8.93,8.73,9.06,8.62,8.72,-0.21,-2.3516,31600.0,28011.314,48.05,46.98,48.75,46.38,46.92,5.381082,8.8643,-1,9.82,8.04,7.08,1,1,-0.023516237402015583,0,0.4371224648660744,0.9333333333333333,1.0,49.99999999988111,45.631086945481876,28.4807242341071,0.0,3519.6893313057444,0.6745098039215683,14.597290401750623,-34.78230148625354,10.787667668100429,11.636229061146718,195.74,-1.0,-0.3519378357203595,-8407.112069056833,0.0,0.015000000000000036,-10.354609929078045,-691663.7823935684,-745730.807407774
000014.SZ,20181017,8.72,8.96,9.03,8.68,8.87,0.15,1.7202,28168.0,24879.323,46.92,48.21,48.59,46.71,47.73,5.381082,8.8325,-1,9.59,7.85,7.2,1,1,0.017201834862385246,1,0.39110948491319597,0.9333333333333333,1.0,49.99999999988904,47.418040798360664,31.504276582914397,10.920948201691155,3519.6893313057444,0.6628131021194604,15.414266905568429,-30.881095032156598,10.7245500065236,12.402921513869162,194.62,-1.0,-0.33483764288718265,-9447.79127164477,0.0,0.0024999999999999467,-7.204610951008668,-558363.2143443187,-718964.008398709
000014.SZ,20181018,8.87,8.91,9.34,8.76,8.99,0.12,1.3529,86678.93,78601.262,47.73,47.95,50.26,47.14,48.38,5.381082,9.0681,-1,9.76,7.98,7.3,1,1,0.013528748590755368,1,1.204503815981339,0.9333333333333333,1.0,49.99999999989508,50.790643130374,33.911385287275344,20.022648617461805,3567.3063233865437,0.6502835538752363,21.76720026190152,-27.766865014111314,10.664887156637413,13.037990951040694,193.36,1.0,-0.2854727677580533,-2026.0390642248276,0.0,0.009999999999999964,-2.080443828016648,-289053.7074693575,-657548.2511230874
000014.SZ,20181019,8.99,8.65,9.28,8.47,9.26,0.27,3.0033,72877.92,65461.312,48.38,46.55,49.94,45.58,49.83,5.381082,8.9823,-1,9.89,8.09,7.52,1,1,0.030033370411568283,1,0.9705835988891267,0.9333333333333333,1.0,49.9999999998978,47.661943835698004,39.09741691353917,53.56495644939589,3567.3063233865437,0.6335174953959486,30.627299101129637,-20.95068559105243,10.612003648754497,13.514359219157214,191.89,1.0,-0.19867685383422207,1085.8002908776725,0.0,0.03949999999999996,-7.297297297297291,-388150.1342783298,-619062.8058595507
000014.SZ,20181022,9.26,9.48,9.93,9.21,9.74,0.48,5.1836,94453.77,90520.384,49.83,51.01,53.43,49.56,52.41,5.381082,9.5836,-1,10.19,8.33,7.91,1,1,0.05183585313174954,1,1.2255972103640278,0.9333333333333333,1.0,49.99999999989933,47.31077897299802,47.052044691152126,94.30894266365553,3752.22069004157,0.608849557522124,23.83505400987313,-9.971806499092237,10.574620356743274,13.794658128985482,191.12,1.0,-0.06571363164343058,5846.004364280943,0.0,0.03949999999999996,-7.297297297297291,-132821.57796911692,-549599.7733037744
000014.SZ,20181023,9.74,9.77,9.94,9.45,9.59,-0.15,-1.54,88920.9,86333.604,52.41,52.57,53.49,50.85,51.6,5.381082,9.709,-1,10.71,8.77,7.79,1,1,-0.015400410677618104,0,1.1562757427065444,0.9666666666666667,1.0,49.999999999899,46.425961767840974,45.07090485066914,84.24831159237829,3752.22069004157,0.6220614828209765,18.364712651728546,-12.58202478244371,10.5336329672459,14.188051639602094,190.93,-1.0,0.008955731389911348,7916.479160146146,0.0,0.013499999999999979,-6.008010680907894,173930.21975983208,-446238.3457232592
000014.SZ,20181024,9.59,9.45,9.66,9.26,9.49,-0.1,-1.0428,56785.52,53690.376,51.6,50.85,51.98,49.83,51.07,5.381082,9.4549,-1,10.55,8.63,7.7,1,1,-0.010427528675703845,0,0.7469700699719796,0.9666666666666667,1.0,49.99999999989595,41.31350038195929,43.74841490961572,77.53243867894986,3752.22069004157,0.6394052044609666,15.474039971208123,-14.325182233656786,10.491055317586977,14.644963497738864,190.19,-3.0,0.04953469590597648,4779.082706352043,0.0,-0.0019999999999999575,-13.333333333333336,29833.62918547631,-378228.0635934399
000014.SZ,20181025,9.49,9.2,9.23,8.83,9.16,-0.33,-3.4773,76563.0,69046.605,51.07,49.51,49.67,47.51,49.29,5.381082,9.0183,-1,10.44,8.54,7.44,1,1,-0.03477344573234986,0,1.0303349764172751,0.9666666666666667,1.0,49.99999999989301,30.680911236087184,39.61719385344892,59.96595473703756,3621.743047500609,0.6295585412667947,2.1764332320030135,-19.87518557770568,10.440269336488184,15.166033499981246,188.95000000000002,-5.0,0.03715021775075278,5156.983351303488,0.0,-0.02399999999999993,-32.7659574468085,-193631.51006563473,-351857.12737518206
000014.SZ,20181026,9.16,9.15,9.68,9.11,9.28,0.12,1.31,79113.11,74175.77,49.29,49.24,52.09,49.02,49.94,5.381082,9.3759,-1,10.08,8.24,7.53,1,1,0.013100436681222627,1,1.1427017058785403,0.9666666666666667,1.0,49.999999999889994,39.523944169488104,41.77052573453885,71.56088621253782,3669.189462970049,0.5725490196078433,-0.1428997895196801,-16.974667505622996,10.394397075800107,15.592370540931494,186.46,-3.0,0.04956971918576858,5507.819116414075,0.0,-0.014999999999999947,-28.04377564979479,-30207.92375644151,-305907.24114393344
000014.SZ,20181029,9.28,9.2,9.2,8.93,8.96,-0.32,-3.4483,47138.51,42472.517,49.94,49.51,49.51,48.05,48.21,5.381082,9.0102,-1,10.21,8.35,7.27,1,1,-0.0344827586206895,0,0.730988752621152,0.9666666666666667,1.0,49.999999999887045,42.09462612225789,37.89012051014245,50.66627490381762,3669.189462970049,0.4656771799628945,-5.883525742991132,-22.25502969106311,10.341293667195677,15.990674278171342,184.5,-3.0,0.020612300131034433,1404.1736423903276,0.0,-0.03149999999999986,-29.205921938088835,-158467.6853635686,-284844.4474610242
000014.SZ,20181030,8.96,8.96,9.08,8.81,8.96,0.0,0.0,35605.0,31933.456,48.21,48.21,48.86,47.41,48.21,5.381082,8.9688,-1,9.86,8.06,7.27,1,1,0.0,0,0.5797045478501532,0.9333333333333333,0.0,49.99999999987516,43.97509909665705,37.890120510142445,50.66627490381759,3669.189462970049,0.49295774647887336,-5.141248556182605,-22.255029691063104,10.290156221888985,16.305692823617917,173.41,-2.0,0.0080349499160689,-2670.529674372525,0.0,-0.029999999999999895,-26.330532212885146,-253145.15565269347,-280315.97720269125
000014.SZ,20181031,8.96,8.98,9.08,8.94,9.01,0.05,0.558,45517.02,41035.002,48.21,48.32,48.86,48.11,48.48,5.381082,9.0153,-1,9.86,8.06,7.32,1,1,0.005580357142856984,1,0.766941278376663,0.9333333333333333,1.0,49.999999999871534,48.478929002013466,38.918390134585216,56.20314357624792,3689.66485059823,0.497967479674797,-6.9755563448396725,-20.92354318889803,10.24195135608343,16.57601368621619,171.6,0.0,0.012747088102158854,-3770.196001490559,0.0,-0.022499999999999964,-23.22670375521559,-94769.39775602799,-253809.3229960251
000014.SZ,20181101,9.01,9.03,9.18,9.01,9.01,0.0,0.0,56228.04,50985.591,48.48,48.59,49.4,48.48,48.48,5.381082,9.0676,-1,9.91,8.11,7.32,1,1,0.0,0,0.9573741826769372,0.9,1.0,49.99999999985801,53.294309305034126,38.91839013458522,56.203143576247946,3689.66485059823,0.5326086956521742,-10.457819915093891,-20.923543188898037,10.195561666463092,16.77253246130339,161.03,1.0,0.021638105020803877,-2836.94678746323,0.0,-0.008999999999999985,-18.051575931232122,91300.02535702044,-204507.9875170186
000014.SZ,20181102,9.01,9.08,9.23,9.06,9.22,0.21,2.3307,67649.78,61811.931,48.48,48.86,49.67,48.75,49.61,5.381082,9.137,-1,9.91,8.11,7.49,1,1,0.023307436182020025,1,1.1494728948737267,0.9,1.0,49.99999999985519,52.74549919970062,43.47658968752588,80.7474379008419,3775.6614786365903,0.45739910313901355,-17.97761600712558,-15.090290386312272,10.156116591315651,16.86036748543364,159.79000000000002,1.0,0.059436381557235074,-581.2490066443024,0.0,-0.015499999999999936,-21.176470588235325,314149.64731713233,-130414.03968356848
000014.SZ,20181105,9.22,9.22,9.37,9.13,9.34,0.12,1.3015,75170.82,69489.157,49.61,49.61,50.42,49.13,50.26,5.381082,9.2442,-1,10.14,8.3,7.58,1,1,0.013015184381778733,1,1.280876385931428,0.9,1.0,49.999999999850175,58.127312815929386,45.95834048981993,92.96552280868717,3824.8024089442247,0.47804878048780514,-17.896447936808347,-11.84499062477661,10.1218571790496,16.8053619082166,158.32,3.0,0.10174907325719118,1888.544172272631,0.0,-0.005499999999999972,-13.629402756508462,535970.1679803967,-35216.29573157348
000014.SZ,20181106,9.34,9.29,9.42,9.13,9.4,0.06,0.6424,61522.03,56931.425,50.26,49.99,50.69,49.13,50.58,5.381082,9.2538,-1,10.27,8.41,7.63,1,1,0.0064239828693790635,1,1.0262553222310362,0.9,1.0,49.99999999984392,62.25538980983624,47.20648558740729,100.0,3824.8024089442247,0.48514851485148547,-14.686098064055981,-10.209375668285286,10.090992413913794,16.76755733904861,157.41,3.0,0.13678318532777134,1656.73499720571,0.0,-0.0019999999999999575,-11.419753086419782,696419.8935772527,69303.1598839731
000014.SZ,20181107,9.4,9.44,9.62,9.28,9.29,-0.11,-1.1702,72862.02,68582.663,50.58,50.8,51.77,49.94,49.99,5.381082,9.4127,-1,10.34,8.46,7.54,1,1,-0.011702127659574568,0,1.1922687946694661,0.9,1.0,49.999999999836454,63.32893274406911,45.14775881229288,77.9020384233501,3780.044082882111,0.41162227602905577,-10.44998269157962,-12.673863132962468,10.057684045739084,16.661538709196048,156.98000000000002,1.0,0.14340891640455244,2929.4407137257494,0.0,-0.013499999999999979,-8.408408408408441,883676.3824121302,185642.19167370984
000014.SZ,20181108,9.29,9.35,9.45,9.24,9.3,0.01,0.1076,48395.79,45264.487,49.99,50.31,50.85,49.72,50.04,5.381082,9.353,-1,10.22,8.36,7.55,1,1,0.0010764262648010892,1,0.7679503581633758,0.9,1.0,49.99999999982935,64.98875266895709,45.38096125449832,80.40518681085301,3780.044082882111,0.5209003215434082,-25.840825353588517,-12.378699170187693,10.026070111593533,16.161159733770482,155.95999999999998,3.0,0.1468708742517857,501.6144712548339,0.0,0.02350000000000003,1.4975041597337437,677177.5526275515,255861.5289528301
000014.SZ,20181109,9.3,9.23,9.32,9.14,9.25,-0.05,-0.5376,40477.0,37378.65,50.04,49.67,50.15,49.18,49.78,5.381082,9.2345,-1,10.23,8.37,7.51,1,1,-0.005376344086021612,0,0.6581934832080617,0.9,1.0,49.999999999822265,66.33665178090311,44.365327567211835,69.50357788008044,3780.044082882111,0.5139860139860137,-43.85771323941066,-13.570350761184041,9.994129412769839,15.48283018425646,156.05,3.0,0.14017549069077995,-2007.4682033914196,0.0,0.028000000000000025,16.634799235181646,485568.88266959484,288676.86519808223
000014.SZ,20181112,9.25,9.24,9.52,9.24,9.5,0.25,2.7027,58119.69,54572.544,49.78,49.72,51.23,49.72,51.12,5.381082,9.3897,-1,10.18,8.33,7.71,1,1,0.027027027027026973,1,0.9671896952011558,0.9,1.0,49.99999999981597,66.99393889689176,50.34873297763664,100.0,3882.2074364735195,0.4726688102893888,-43.775578798104654,-5.984107793671067,9.972007499623674,14.740797476193897,165.29,4.0,0.16543577537808596,-1168.8272749105272,0.0,0.051000000000000066,10.10309278350514,538536.9824355518,324371.1676605779
000014.SZ,20181113,9.5,9.41,9.94,9.36,9.73,0.23,2.4211,112890.6,109103.478,51.12,50.64,53.49,50.37,52.36,5.381082,9.6645,-1,10.45,8.55,7.9,1,1,0.02421052631578946,1,1.8448484792030964,0.9,1.0,49.99999999981219,71.50050676946827,55.12988534796334,100.0,3976.1977217776152,0.469648562300319,-33.03133328621142,0.45527515626987825,9.960430866307208,13.800181420239216,165.59,6.0,0.20647129982630208,6465.675526572808,0.0,0.06750000000000007,23.84769539078158,702123.7733680196,378335.8256187839
000014.SZ,20181114,9.73,9.68,9.84,9.55,9.62,-0.11,-1.1305,93359.39,90542.224,52.36,52.09,52.95,51.39,51.77,5.381082,9.6982,-1,10.7,8.76,7.81,1,1,-0.011305241521068932,0,1.4306445654440458,0.9,1.0,49.99999999980818,65.89658948052545,52.52483296033969,84.88928119304364,3976.1977217776152,0.47572815533980495,-32.03906581202017,-2.526209668907845,9.94462939636213,12.909271714517802,166.75,4.0,0.21137668768675233,8461.167627463497,0.0,0.06900000000000013,25.781250000000036,368684.27535059,376957.03272332763
000014.SZ,20181115,9.62,9.64,10.18,9.55,9.95,0.33,3.4304,111117.54,108835.164,51.77,51.87,54.78,51.39,53.54,5.381082,9.7946,-1,10.58,8.66,8.08,1,1,0.03430353430353428,1,1.621764597758885,0.9,1.0,49.999999999806654,66.72054809303273,58.81264075766393,100.0,4112.595356724249,0.5181818181818175,-25.570619433703403,6.259646551894892,9.944901148002288,12.04292134443146,167.54,4.0,0.24905703128483264,11557.785042061472,0.0,0.08050000000000006,26.213592233009734,481627.42971945135,391909.94657991675
000014.SZ,20181116,9.95,9.91,10.29,9.8,10.1,0.15,1.5075,131562.71,132351.785,53.54,53.33,55.37,52.73,54.35,5.381082,10.06,-1,10.95,8.96,8.2,1,1,0.015075376884422065,1,1.8865182149181925,0.9,1.0,49.99999999980929,73.0984910160889,61.320350618596194,100.0,4174.5942816999905,0.46540880503144566,-30.42287247727759,9.951785278647494,9.953021812607915,11.317155395505496,168.87,4.0,0.2817628059799074,15498.852817210323,0.0,0.05950000000000007,36.986301369863035,801114.1079334344,450367.6839161336
000014.SZ,20181119,10.1,10.1,10.7,10.09,10.52,0.42,4.1584,150764.72,157387.29,54.35,54.35,57.58,54.3,56.61,5.381082,10.4393,-1,11.11,9.09,8.54,1,1,0.04158415841584162,1,2.0745741187890703,0.9,1.0,49.99999999981934,74.33619685620602,67.3201427662883,100.0,4348.191271632069,0.6057692307692298,-28.640544014922174,19.31796899505317,9.985236424886066,10.863575090710311,169.75,4.0,0.3434554705387044,19568.612278982167,0.0,0.06750000000000007,32.63598326359835,1173070.2146077557,553610.9025863654
000014.SZ,20181120,10.52,10.33,10.45,9.87,9.88,-0.64,-6.0837,98687.01,100237.073,56.61,55.59,56.23,53.11,53.17,5.381082,10.1571,-1,11.57,9.47,8.02,1,1,-0.06083650190114054,0,1.307317739015746,0.9,1.0,49.99999999982717,67.75504526797027,53.66089067171568,51.90700985359028,4348.191271632069,0.5235457063711906,-22.84167129592088,2.2575387673495495,9.980112035458674,10.384847579974382,170.32999999999998,4.0,0.2840062728915377,14363.278439150832,0.0,0.05400000000000009,22.338204592901903,841034.5321644663,594671.4210975226
000014.SZ,20181121,9.88,9.73,10.24,9.73,10.15,0.27,2.7328,80932.43,80980.656,53.17,52.36,55.1,52.36,54.62,5.381082,10.006,-1,10.87,8.89,8.24,1,1,0.027327935222672073,1,1.065230265714521,0.9,1.0,49.99999999983325,66.50086610679156,57.57202448743085,59.116335360520786,4348.191271632069,0.49999999999999956,-17.81521148073766,8.093223805169682,9.988856672493423,9.748629850293796,170.4,6.0,0.26724496850101437,7965.475133646791,0.0,0.07300000000000004,24.152542372881392,511442.81899158284,582781.620796674
000014.SZ,20181122,10.15,10.1,10.15,9.9,9.94,-0.21,-2.069,54425.87,54378.952,54.62,54.35,54.62,53.27,53.49,5.381082,9.9914,-1,11.17,9.14,8.07,1,1,-0.020689655172413834,0,0.7051461912469327,0.9,1.0,49.99999999983639,67.18240388580948,53.77065132589939,40.97320617534727,4348.191271632069,0.5163934426229502,-20.25258948095304,3.055750815706454,9.986459071985724,9.001221913293078,171.06,6.0,0.21624420126845798,20.421726337506698,0.0,0.06699999999999999,39.01345291479825,250187.5392133484,535268.1805704847
000014.SZ,20181123,9.94,9.91,9.95,9.29,9.38,-0.56,-5.6338,67590.01,64629.352,53.49,53.33,53.54,49.99,50.47,5.381082,9.562,-1,10.93,8.95,7.62,1,1,-0.05633802816901401,0,0.8884426419070353,0.9,1.0,49.999999999837996,62.55132984123733,45.19988344690579,3.6356462574681405,4103.222749286601,0.4609756097560971,-15.363455674780168,-8.865994666577588,9.96014047946151,8.577570539871159,171.9,4.0,0.1012911175994805,-3414.588994600703,0.0,0.03400000000000007,14.718614718614724,-923.89247354283,458669.3129927665
000014.SZ,20181126,9.38,9.27,9.51,9.23,9.31,-0.07,-0.7463,39279.0,36828.707,50.47,49.88,51.17,49.67,50.1,5.381082,9.3762,-1,10.32,8.44,7.56,1,1,-0.007462686567164201,0,0.52024614997783,0.9333333333333333,1.0,49.99999999984077,62.8025533390898,44.25040227803385,0.0,4103.222749286601,0.4909090909090902,-14.163712709073472,-10.232381676738306,9.932349259263033,8.206545043333845,172.13,4.0,0.014590439142520756,-9128.635215645478,0.0,0.04800000000000004,15.720524017467277,-164836.15865561616,369597.1027572833
000014.SZ,20181127,9.31,9.39,9.46,9.15,9.28,-0.03,-0.3222,42842.89,39842.906,50.1,50.53,50.91,49.24,49.94,5.381082,9.2998,-1,10.24,8.38,7.53,1,1,-0.0032223415682063328,0,0.5704184731168519,0.9333333333333333,1.0,49.99999999984517,62.460507202640315,43.825505078358375,0.0,4090.000764057965,0.45360824742267986,-12.216098780188933,-10.835475628968824,9.904650968107802,7.894647745558298,181.59,3.0,-0.04478502769353476,-11882.42767994867,0.0,0.04249999999999998,16.740088105726876,-327322.098422744,270037.2168744223
000014.SZ,20181128,9.28,9.25,9.38,9.05,9.36,0.08,0.8621,40462.01,37342.792,49.94,49.78,50.47,48.7,50.37,5.381082,9.2291,-1,10.21,8.35,7.6,1,1,0.008620689655172376,1,0.5361356988242623,0.9333333333333333,1.0,49.99999999984988,59.7999346617244,45.332964345626024,6.416184353598639,4090.000764057965,0.4322250639386182,-6.768657789068573,-8.78395799777901,9.880993394020434,7.560077778269247,181.70000000000002,3.0,-0.06977906100099399,-13368.112298182645,0.0,0.046499999999999986,11.7516629711752,-465756.33258057,164923.85266656626
000014.SZ,20181129,9.36,9.41,9.51,9.07,9.11,-0.25,-2.6709,41812.0,38924.078,50.37,50.64,51.17,48.81,49.02,5.381082,9.3093,-1,10.3,8.42,7.4,1,1,-0.026709401709401726,0,0.5558852130006438,0.9333333333333333,1.0,49.99999999985569,56.78701262653358,41.57800878583265,0.0,3980.759290658981,0.39663461538461453,0.25980946172967,-14.019059109259805,9.849426376192614,7.408566158288853,191.21,2.0,-0.11387386684990652,-13474.429996333258,0.0,0.03249999999999993,12.334801762114552,-592804.306171238,56676.972832594256
000014.SZ,20181130,9.11,9.1,9.19,8.98,9.16,0.05,0.5488,36632.01,33303.006,49.02,48.97,49.45,48.32,49.29,5.381082,9.0912,-1,10.02,8.2,7.44,1,1,0.005488474204171423,1,0.4917301414661403,0.9333333333333333,1.0,49.999999999860776,53.55898014295187,42.60201364723738,3.977933073389285,3980.759290658981,0.42999999999999916,1.229433559807138,-12.657859746264641,9.82075210226688,7.622716964741393,191.17999999999998,2.0,-0.1290790044310733,-13513.359067528367,0.0,0.028499999999999925,3.9501039501039443,-696877.5366350309,-50973.671377066465
000014.SZ,20181203,9.16,9.38,9.8,9.27,9.63,0.47,5.131,90970.52,86855.667,49.29,50.47,52.73,49.88,51.82,5.381082,9.5477,-1,10.08,8.24,7.82,1,1,0.05131004366812242,1,1.247106375372322,0.9333333333333333,1.0,49.99999999986076,54.11797135115829,51.25165459475621,37.579036051432794,4185.012223694977,0.3954022988505738,7.960601082052582,-0.7558867099150027,9.811737329291786,7.593696590802581,191.21,2.0,-0.07147854442265504,-5880.546599993462,0.0,0.03499999999999996,12.500000000000036,-530330.1442505248,-119453.16750184621
000014.SZ,20181204,9.63,9.63,9.77,9.5,9.7,0.07,0.7269,57592.88,55533.963,51.82,51.82,52.57,51.12,52.2,5.381082,9.6425,-1,10.59,8.67,7.88,1,1,0.007268951194184581,1,0.7810764949882458,0.9333333333333333,1.0,49.999999999860165,54.0634636672839,52.40212086561321,42.048231463633186,4185.012223694977,0.394495412844036,6.943704357446802,0.8857242924178224,9.806369376246023,7.562349204135952,191.58,2.0,-0.02215567461056031,-5021.636393433059,0.0,0.03299999999999983,15.384615384615415,-307622.21702205704,-146334.46029044775
000014.SZ,20181205,9.7,9.51,9.95,9.46,9.74,0.04,0.4124,71730.33,69999.22,52.2,51.17,53.54,50.91,52.41,5.381082,9.7587,-1,10.67,8.73,7.91,1,1,0.004123711340206171,1,0.9754078882258687,0.9333333333333333,1.0,49.99999999985701,54.10291932967028,53.08349601239172,44.695157112050026,4202.270006060729,0.40093240093240023,9.71704827244436,1.847644168591879,9.803150535952883,7.672714709803176,191.42,4.0,0.015614813127333108,-2377.452979181382,0.0,0.051999999999999866,15.073529411764738,-78362.0396094922,-136624.1144788827
000014.SZ,20181206,9.74,9.5,10.13,9.5,9.9,0.16,1.6427,89889.51,88740.691,52.41,51.12,54.51,51.12,53.27,5.381082,9.8722,-1,10.71,8.77,8.04,1,1,0.01642710472279263,1,1.2232824484616822,0.9333333333333333,1.0,49.99999999985372,58.504486300295206,55.808588431078356,55.28127410124611,4271.3011355237395,0.3873873873873869,17.846185712447777,5.701060056924278,9.808025341198466,7.719253200776816,191.68,4.0,0.05944515020652924,1765.8261537403932,0.0,0.07449999999999983,21.46788990825695,194540.56304759101,-89314.8748322436
000014.SZ,20181207,9.9,10.0,10.89,9.92,10.47,0.57,5.7576,269093.45,285208.777,53.27,53.81,58.6,53.38,56.34,5.381082,10.5989,-1,10.89,8.91,8.5,1,1,0.05757575757575761,1,3.56146729989182,0.9333333333333333,1.0,49.99999999985661,66.54124429666503,63.86168713957002,100.0,4517.224534235713,0.38508064516129015,30.275502132349985,17.80245099973295,9.845159739915863,7.637585805225967,192.26,6.0,0.15697102156681314,27182.487933780896,0.0,0.09699999999999989,33.881578947368446,963365.4306476531,61068.02595059878
000014.SZ,20181210,10.47,10.23,10.47,9.99,10.1,-0.37,-3.5339,170332.02,173528.309,56.34,55.05,56.34,53.76,54.35,5.381082,10.1877,-1,11.52,9.42,8.2,1,1,-0.0353390639923592,0,1.9581155059129978,0.9333333333333333,1.0,49.99999999985991,59.26926572749013,56.6455836062852,67.6170898774683,4517.224534235713,0.3759842519685037,31.375540746594442,8.305539039693276,9.858302888362257,7.669817273429175,193.49,4.0,0.16270476954122334,29060.35495389643,0.0,0.07749999999999986,22.857142857142897,379661.72764012136,106581.41190624486
000014.SZ,20181211,10.1,10.08,10.49,9.98,10.39,0.29,2.8713,171031.67,175486.302,54.35,54.24,56.45,53.7,55.91,5.381082,10.2605,-1,11.11,9.09,8.44,1,1,0.02871287128712874,1,1.8470272875827318,0.9666666666666667,1.0,49.99999999986406,60.69428523382962,60.420549922263575,84.55758891022896,4646.927020862283,0.37159533073929935,26.78178909746287,14.023985546874426,9.887172518730209,7.674758810763335,194.11,4.0,0.1944728995006656,28714.633654021283,0.0,0.07699999999999987,17.627118644067835,691924.5762531636,190201.86395580467
000014.SZ,20181212,10.39,10.27,10.58,10.12,10.32,-0.07,-0.6737,136844.67,141581.318,55.91,55.26,56.93,54.46,55.53,5.381082,10.3461,-1,11.43,9.35,8.38,1,1,-0.006737247353224229,0,1.4328474845325105,0.9666666666666667,1.0,49.99999999986788,66.33464220513429,59.08324994262978,78.55633562338322,4646.927020862283,0.3745098039215684,27.71969092352969,12.245379072419517,9.91030722573406,7.681584755165625,194.85,4.0,0.19450157682720598,22475.1180937374,0.0,0.08249999999999993,16.923076923076934,1019448.6208309499,308665.6863665397
000014.SZ,20181213,10.32,10.28,10.61,10.14,10.38,0.06,0.5814,123620.05,128583.739,55.53,55.32,57.09,54.56,55.86,5.381082,10.4015,-1,11.35,9.29,8.43,1,1,0.005813953488372103,1,1.26556590016883,1.0,1.0,49.999999999869445,66.6471965498677,59.902468340355995,82.23265146640391,4646.927020862283,0.39544513457556907,21.8965707136324,13.46328477245621,9.935684790020776,7.687346458979849,195.44000000000003,4.0,0.19078436098136156,15492.887087710806,0.0,0.07200000000000006,12.274368231046935,1314834.829393732,452404.13537042425
000014.SZ,20181214,10.38,10.3,10.48,10.1,10.2,-0.18,-1.7341,83222.57,85528.587,55.86,55.43,56.39,54.35,54.89,5.381082,10.2771,-1,11.42,9.34,8.28,1,1,-0.017341040462427904,0,0.8465769744602878,1.0,1.0,49.999999999867285,61.40750790503432,56.26308308947298,65.90058459166988,4646.927020862283,0.3930041152263371,17.945700388811193,8.699324163714229,9.949366163683123,7.71737847820333,196.12,2.0,0.15384683967925564,4907.628203556982,0.0,0.057500000000000016,5.53505535055352,983385.7639497383,528258.6537388978
000014.SZ,20181217,10.2,10.28,10.55,10.24,10.44,0.24,2.3529,106959.28,111200.261,54.89,55.32,56.77,55.1,56.18,5.381082,10.3965,-1,11.22,9.18,8.48,1,1,0.0235294117647058,1,1.1154630849158977,1.0,1.0,49.999999999864336,60.46457583735977,59.77246143719797,81.64923385870799,4756.26648017669,0.4081196581196577,10.434208554594925,13.7801598954243,9.975949209562284,7.717644435476713,196.23,2.0,0.1512799899436416,793.5608855500723,0.0,0.044500000000000026,0.5825242718446901,1129697.7602938423,614178.5261038898
000014.SZ,20181218,10.44,10.24,10.34,9.6,9.98,-0.46,-4.4061,121830.56,121418.164,56.18,55.1,55.64,51.66,53.7,5.381082,9.9662,-1,11.48,9.4,8.1,1,1,-0.044061302681992265,0,1.300253990743767,1.0,1.0,49.99999999986014,59.76119503067867,51.279534732824274,43.536465537631955,4546.6991831574105,0.42444444444444396,12.082168528381084,2.2949641639945897,9.976146531211171,7.6685483326631045,196.14999999999998,2.0,0.08070104273739614,-182.1734680829868,0.0,0.054000000000000006,-6.498194945848361,853813.3049651631,648412.0659412146
000014.SZ,20181219,9.98,9.91,10.03,9.71,9.84,-0.14,-1.4028,64779.0,63957.499,53.7,53.33,53.97,52.25,52.95,5.381082,9.8732,-1,10.98,8.98,7.99,1,1,-0.014028056112224463,0,0.6829288292466182,1.0,1.0,49.99999999985536,60.31156777870507,48.99768679258152,30.083590642399827,4546.6991831574105,0.4370709382151024,7.382158538937729,-0.9094646954149135,9.969722325183753,7.745867302221489,196.45,0.0,0.011852666331339579,-8319.191949797045,0.0,0.02949999999999999,-8.156028368794338,542616.4025271647,633298.3997392075
000014.SZ,20181220,9.84,9.91,9.98,9.67,9.88,0.04,0.4065,40926.97,40233.843,52.95,53.33,53.7,52.04,53.17,5.381082,9.8306,-1,10.82,8.86,8.02,1,1,0.004065040650406582,1,0.4351756406091145,1.0,1.0,49.999999999850886,60.76618179997491,49.68656622906281,4.634549383745561,4546.6991831574105,0.4547619047619041,8.169866604249437,0.03234731588734832,9.965448451471957,7.750250104973572,195.97,2.0,-0.029354531815892038,-16261.814621124937,0.0,0.03600000000000003,-12.318840579710134,328316.03248070413,589729.4901308499
000014.SZ,20181221,9.88,9.73,9.92,9.66,9.91,0.03,0.3036,42903.98,42075.76,53.17,52.36,53.38,51.98,53.33,5.381082,9.807,-1,10.87,8.89,8.05,1,1,0.0030364372469635637,1,0.45949479325027287,1.0,1.0,49.99999999984637,61.498395950030854,50.22953022671766,8.28742872295286,4560.504949907889,0.5204359673024513,-1.143321027052308,0.7635557218490568,9.962787888076916,7.458235192484462,195.68,4.0,-0.05228607387109441,-20332.46641172834,0.0,0.07149999999999998,-2.615694164989918,116611.9200458622,522141.26583299454
000014.SZ,20181224,9.91,9.8,9.88,9.7,9.79,-0.12,-1.2109,42484.97,41533.293,53.33,52.73,53.17,52.2,52.68,5.381082,9.776,-1,10.9,8.92,7.95,1,1,-0.012108980827447158,0,0.461102658460846,1.0,1.0,49.999999999843254,61.33713574079597,47.99823508887401,0.0,4560.504949907889,0.5134408602150528,-3.4358113884011825,-2.2470100300558937,9.9547447772721,7.149802273909083,196.08,4.0,-0.0815868080255511,-22022.32656747169,0.0,0.06899999999999987,5.908096280087555,-83491.67254301033,435622.2746364224
000014.SZ,20181225,9.79,9.61,9.61,9.28,9.52,-0.27,-2.7579,46891.0,44363.05,52.68,51.71,51.71,49.94,51.23,5.381082,9.4609,-1,10.77,8.81,7.73,1,1,-0.02757916241062308,0,0.5080388086567403,1.0,1.0,49.999999999842245,61.18627877009469,43.33386957230297,0.0,4434.730043219928,0.4823232323232316,-2.6888484358062192,-8.707127531206527,9.935845206077826,6.949055942806727,196.41,4.0,-0.13230298180101774,-21465.328490198375,0.0,0.06999999999999992,-1.4256619144602496,-272526.4028520065,334458.1778523611
000014.SZ,20181226,9.52,9.5,9.58,9.45,9.52,0.0,0.0,24288.46,23111.768,51.23,51.12,51.55,50.85,51.23,5.381082,9.5155,-1,10.47,8.57,7.73,1,1,0.0,0,0.2625766046762626,0.9666666666666667,1.0,49.99999999982564,62.91436405513946,43.33386957230298,3.4613652105575365e-14,4434.730043219928,0.49226804123711265,-7.69424914666116,-8.707127531206524,9.917767252094386,6.806359162796262,187.35999999999999,3.0,-0.1590202288919068,-22927.565816246966,0.0,0.06549999999999993,4.016064257028134,-195268.6625162583,258782.9149425584
000014.SZ,20181227,9.52,9.69,9.71,9.13,9.15,-0.37,-3.8866,35634.45,33730.489,51.23,52.14,52.25,49.13,49.24,5.381082,9.4657,-1,10.47,8.57,7.43,1,1,-0.03886554621848737,0,0.38863291966309516,0.9666666666666667,1.0,49.999999999830024,63.09705048311012,37.536529800650186,0.0,4262.371837758649,0.4774999999999994,-3.2259898229424646,-17.032594915830927,9.887434082277778,6.7299211094351445,187.56,3.0,-0.2161574833896528,-21193.479567590522,0.0,0.05350000000000001,-4.835589941972856,-227267.02576086298,189347.20912778392
000014.SZ,20181228,9.15,9.17,9.36,9.16,9.29,0.14,1.5301,28988.46,26918.318,49.24,49.34,50.37,49.29,49.99,5.381082,9.2859,-1,10.07,8.24,7.54,1,1,0.015300546448087315,1,0.3172196816762826,0.9666666666666667,1.0,49.99999999983429,63.3206071484842,40.76566193954827,14.110860424599315,4262.371837758649,0.43031784841075754,-3.3160767897796273,-12.93068224673299,9.862663521350886,6.579245566558966,187.73000000000002,3.0,-0.22377949617811205,-19795.01132715658,0.0,0.05649999999999995,-5.384615384615344,-324864.5433058403,115888.3873515519
000014.SZ,20190102,9.29,9.29,9.52,9.28,9.45,0.16,1.7223,24989.91,23560.6,49.99,49.99,51.23,49.94,50.85,5.381082,9.428,-1,10.22,8.36,7.67,1,1,0.017222820236813874,1,0.27461216249450277,0.9666666666666667,1.0,49.99999999983345,62.005470565800934,44.30906724587211,30.280586853973375,4262.371837758649,0.4656084656084652,-10.73168247099174,-8.361657034749104,9.844655996922885,6.667328800193414,187.85,3.0,-0.19690401093723559,-18297.188261569383,0.0,0.051999999999999956,-15.368421052631554,-267322.39586435264,61143.98974927983
000014.SZ,20190103,9.45,9.52,9.55,9.34,9.49,0.04,0.4233,25508.47,24064.053,50.85,51.23,51.39,50.26,51.07,5.381082,9.4338,-1,10.4,8.51,7.7,1,1,0.004232804232804366,1,0.2908548778060022,0.9666666666666667,1.0,49.999999999831346,61.317754855438885,45.19177655897513,34.22725473708485,4280.4136233153,0.4693333333333326,-11.75776230861769,-7.220082836164439,9.828986971200901,6.767272384294886,187.69,3.0,-0.16468247485086107,-16197.364068528746,0.0,0.04700000000000006,-19.650655021834034,-189139.50753576355,25389.204422845072
000014.SZ,20190104,9.49,9.31,9.7,9.22,9.69,0.2,2.1075,47564.02,45418.859,51.07,50.1,52.2,49.61,52.14,5.381082,9.549,-1,10.44,8.54,7.87,1,1,0.021074815595363505,1,0.5524437536151605,0.9666666666666667,1.0,49.999999999828695,60.76884319585682,49.50165525994396,53.80986798694533,4370.622551098552,0.4501278772378512,-10.53036727807853,-1.5874067158571665,9.822473605358716,6.769216449289451,187.45000000000002,3.0,-0.11000224673628142,-11044.495641463476,0.0,0.05449999999999999,-20.439560439560445,-74417.06358513213,11131.166135991189
000014.SZ,20190107,9.69,9.78,10.16,9.65,9.97,0.28,2.8896,72153.01,71494.583,52.14,52.63,54.67,51.93,53.65,5.381082,9.9087,-1,10.66,8.72,8.09,1,1,0.028895768833849367,1,0.8499671633627107,0.9666666666666667,1.0,49.99999999982701,60.37942113326914,54.854079775276865,77.88092829968467,4496.915049995105,0.4367245657568233,-12.215946943142109,5.712186153210363,9.829899956641018,6.725020181299298,187.60000000000002,3.0,-0.033650229885841,-3899.631029382297,0.0,0.04400000000000004,-13.45755693581782,125847.22044891282,27519.173894979995
000014.SZ,20190108,9.97,9.9,9.9,9.64,9.71,-0.26,-2.6078,57527.86,56109.274,53.65,53.27,53.27,51.87,52.25,5.381082,9.7534,-1,10.97,8.97,7.88,1,1,-0.026078234704112302,0,0.6848363293081027,0.9666666666666667,1.0,49.999999999824226,50.53846149957039,49.59717239030135,69.64404668860304,4496.915049995105,0.3978494623655906,-29.97787006332883,-1.2252114251257282,9.824260388608945,6.903567236615228,187.67000000000002,1.0,-0.016563635839529856,-876.9889681139211,0.0,0.011000000000000032,-38.56812933025407,-68695.67332432116,13774.195720794116
000014.SZ,20190109,9.71,9.75,9.87,9.66,9.69,-0.02,-0.206,49371.85,48253.08,52.25,52.47,53.11,51.98,52.14,5.381082,9.7734,-1,10.68,8.74,7.87,1,1,-0.002059732234809597,0,0.6724205110452268,0.9666666666666667,1.0,49.99999999982107,55.23959608062736,49.206524561276794,67.38825513843035,4496.915049995105,0.4391691394658744,-35.627420721909374,-1.7473058317275691,9.817978748179941,7.031550772393399,187.07,1.0,-0.006848937629943777,231.16160616968773,0.0,0.014500000000000046,-32.4873096446701,-248384.8417897818,-23677.095352145298
000014.SZ,20190110,9.69,9.69,9.75,9.5,9.64,-0.05,-0.516,28578.86,27580.3,52.14,52.14,52.47,51.12,51.87,5.381082,9.6506,-1,10.66,8.72,7.83,1,1,-0.005159958720330149,0,0.42416935314880877,0.9666666666666667,1.0,49.999999999818215,47.409772570692915,48.18473222832375,61.487926659805204,4496.915049995105,0.47284345047923243,-40.42105698226791,-3.095227030477533,9.809765895710523,7.232033297871094,186.83999999999997,-1.0,-0.006077511161189361,-1532.1970246418896,0.0,-0.0034999999999999255,-35.78431372549023,-342582.59547778405,-69235.02394152226
000014.SZ,20190111,9.64,9.69,9.78,9.62,9.77,0.13,1.3485,28548.15,27710.206,51.87,52.14,52.63,51.77,52.57,5.381082,9.7065,-1,10.6,8.68,7.93,1,1,0.013485477178423189,1,0.4738013211532225,0.9666666666666667,1.0,49.99999999981611,41.902813835425725,51.03188868206473,77.92879998145044,4496.915049995105,0.46394984326018746,-47.37062738183397,0.6355625602419683,9.807860246526934,7.360766539640687,185.88,1.0,0.01203621724181253,-2349.431224383072,0.0,-0.0019999999999999575,-36.45320197044337,-255336.97639221264,-95821.01714876376
000014.SZ,20190114,9.77,9.78,9.88,9.65,9.84,0.07,0.7165,37075.02,36192.026,52.57,52.63,53.17,51.93,52.95,5.381082,9.7618,-1,10.75,8.79,7.99,1,1,0.007164790174002178,1,0.6760753202388814,0.9666666666666667,1.0,49.999999999811266,36.52787732379853,52.544001087194914,86.66047627137424,4529.134502758632,0.4437499999999998,-51.34935617837423,2.632693030195495,9.809431003408967,7.466177464775034,185.39,1.0,0.0323846603146921,-1433.2078369726114,0.0,-0.0040000000000000036,-34.14043583535104,-148305.9759923726,-103318.86841213645
000014.SZ,20190115,9.84,9.79,10.08,9.79,10.05,0.21,2.1341,71952.64,71804.153,52.95,52.68,54.24,52.68,54.08,5.381082,9.9794,-1,10.82,8.86,8.16,1,1,0.021341463414634276,1,1.4244848075459486,0.9666666666666667,1.0,49.999999999805965,44.35366656579247,56.84895023915507,100.0,4625.792861049214,0.43962848297213614,-49.547741277170154,8.443825142450514,9.82185396636183,7.481906062678219,184.7,3.0,0.07086221491628483,3888.036419710199,0.0,0.014000000000000146,-25.714285714285708,59727.28701761551,-80026.56049360047
000014.SZ,20190116,10.05,10.0,10.0,9.71,9.87,-0.18,-1.791,73761.87,72598.622,54.08,53.81,53.81,52.25,53.11,5.381082,9.8423,-1,11.06,9.05,8.01,1,1,-0.017910447761194215,0,1.4767777973848961,0.9666666666666667,1.0,49.99999999979907,34.35142845987983,52.45643224039427,77.25547653258911,4542.942839657287,0.38170347003154526,-45.74028837803083,2.9026272685740704,9.824213182244655,7.49234311438255,184.55,1.0,0.06874640131194035,7461.757587450498,0.0,-0.0004999999999999005,-31.400966183574894,-121525.86029007513,-85955.03189309685
000014.SZ,20190117,9.87,9.79,9.83,9.66,9.72,-0.15,-1.5198,46271.0,45091.303,53.11,52.68,52.9,51.98,52.3,5.381082,9.745,-1,10.86,8.88,7.89,1,1,-0.015197568389057614,0,0.9582302741186571,0.9666666666666667,1.0,49.99999999978988,37.385800045480316,49.05488285615442,59.64220327628675,4542.942839657287,0.36013986013985977,-61.57206992988714,-1.5118371037826217,9.819325675164253,7.455143394385373,183.98000000000002,1.0,0.0449707382602009,5996.090051134575,0.0,0.009000000000000164,-22.615803814713907,-281364.414912895,-113870.6580387823
000014.SZ,20190118,9.72,9.72,9.78,9.6,9.69,-0.03,-0.3086,40837.0,39454.472,52.3,52.3,52.63,51.66,52.14,5.381082,9.6615,-1,10.69,8.75,7.87,1,1,-0.0030864197530865445,0,0.9174792696854229,0.9666666666666667,1.0,49.9999999997808,38.46581150954143,48.3791869683503,47.33811200156225,4542.942839657287,0.37454545454545407,-62.546659046381905,-2.393367461850471,9.813314701995917,7.376340647259356,183.73000000000002,1.0,0.024079202647539134,4250.233545402516,0.0,0.01100000000000012,-16.95906432748538,-413899.1968586354,-156731.8778701899
000014.SZ,20190121,9.69,9.64,9.73,9.64,9.72,0.03,0.3096,29122.77,28251.939,52.14,51.87,52.36,51.87,52.3,5.381082,9.701,-1,10.66,8.72,7.89,1,1,0.003095975232198178,1,0.6723810153776943,0.9666666666666667,1.0,49.99999999977054,42.43043565803703,49.13372930803615,38.474538117687324,4542.942839657287,0.3759124087591236,-68.3974928160414,-1.4376515488984327,9.808935027627472,7.304912883708825,183.7,1.0,0.01369378934186399,1609.0143490653281,0.0,0.01650000000000009,-16.95906432748538,-309203.3451770117,-178513.51605687873
000014.SZ,20190122,9.72,9.72,9.74,9.42,9.44,-0.28,-2.8807,37773.0,36242.279,52.3,52.3,52.41,50.69,50.8,5.381082,9.5948,-1,10.69,8.75,7.66,1,1,-0.02880658436214001,0,0.8841438170293009,0.9666666666666667,1.0,49.99999999976455,42.7482450812202,42.83972661199357,0.0,4412.076173494319,0.3444816053511699,-58.617829099004695,-9.716650462309241,9.79307374664843,7.333034957107625,183.78,-1.0,-0.029160331995465194,1140.6134940393167,0.0,-0.00649999999999995,-20.67039106145252,-332128.04811212013,-200458.4492076275
000014.SZ,20190123,9.44,9.72,10.38,9.62,10.03,0.59,6.25,214800.26,217118.18,50.8,52.3,55.86,51.77,53.97,5.381082,10.1079,-1,10.38,8.5,8.14,1,1,0.0625,1,5.058153804118546,0.9666666666666667,1.0,49.999999999761286,56.88688185356022,55.713301528860924,91.89356426510089,4687.830934337714,0.36127167630057777,-27.914128202228206,7.514384006464356,9.805203737212263,7.187927028642056,183.31,1.0,0.020990470687821804,23546.905129115046,0.0,0.009500000000000064,-1.4354066985646057,-43995.19156233594,-178106.55525830016
000014.SZ,20190124,10.03,9.72,9.85,9.52,9.69,-0.34,-3.3898,124171.0,120169.211,53.97,52.3,53.0,51.23,52.14,5.381082,9.6777,-1,11.03,9.03,7.87,1,1,-0.03389830508474578,0,2.4308217334816202,0.9666666666666667,1.0,49.999999999757854,52.86161743216634,48.88114474068858,43.124574847829045,4687.830934337714,0.35410764872521217,-25.165921248738655,-1.8372760630592053,9.799818635949181,6.942002859646562,183.55,1.0,0.00805727376602576,24899.940244628633,0.0,0.0125,-3.9627039627039977,-425750.2869310216,-213484.23121154608
000014.SZ,20190125,9.69,9.71,9.71,9.52,9.52,-0.17,-1.7544,55077.13,52890.009,52.14,52.25,52.25,51.23,51.23,5.381082,9.6029,-1,10.66,8.72,7.73,1,1,-0.01754385964912275,0,1.002388294537629,0.9666666666666667,1.0,49.99999999975675,49.340862444663465,45.853361400600015,21.5117901520504,4687.830934337714,0.33783783783783755,-21.820379145110127,-6.134372759177394,9.787311325579163,6.742811268247023,193.26000000000002,0.0,-0.02205813087306728,15678.19826434501,0.0,0.0019999999999999575,-11.26760563380283,-601925.5097451075,-268975.8424306263
000014.SZ,20190128,9.52,9.52,9.67,9.44,9.51,-0.01,-0.105,38390.0,36593.017,51.23,51.23,52.04,50.8,51.17,5.381082,9.5319,-1,10.47,8.57,7.72,1,1,-0.0010504201680672232,0,0.6796454155849811,0.9666666666666667,1.0,49.99999999975711,49.19011231643931,45.67414012300959,20.232481017153425,4687.830934337714,0.36526946107784414,-31.351161573880375,-6.388111631110148,9.774949593744141,6.241926211533231,193.22,0.0,-0.04089238379634484,6965.027465686348,0.0,0.028499999999999925,-5.970149253731378,-699333.718192708,-330455.53896806657
000014.SZ,20190129,9.51,9.5,9.61,9.21,9.47,-0.04,-0.4206,35561.33,33550.381,51.17,51.12,51.71,49.56,50.96,5.381082,9.4345,-1,10.46,8.56,7.69,1,1,-0.004206098843322681,0,0.6280355757191313,0.9666666666666667,1.0,49.99999999975501,48.89541273784932,44.91786096527047,14.834043688529263,4687.830934337714,0.36111111111111066,-21.326807844727536,-7.441606950043676,9.76150881071643,5.854568255075964,193.68,-2.0,-0.05540436453071712,780.3324182534938,0.0,0.020999999999999998,-3.076923076923059,-767488.8071232273,-392888.8629902324
000014.SZ,20190130,9.47,9.41,9.59,9.32,9.41,-0.06,-0.6336,35511.88,33681.092,50.96,50.64,51.6,50.15,50.64,5.381082,9.4845,-1,10.42,8.52,7.64,1,1,-0.006335797254487963,0,0.6235431803838537,0.9666666666666667,0.0,49.9999999997532,49.3504860766444,43.74770705120321,6.481304484634095,4687.830934337714,0.37261146496815234,-18.595819347087435,-9.057586035938506,9.746286401299198,5.61766825257708,193.98999999999998,-4.0,-0.06887291558219402,-3142.4029590715586,0.0,0.012999999999999989,-4.415584415584412,-616537.7685466798,-424838.7066411535
000014.SZ,20190131,9.41,9.35,9.54,9.27,9.32,-0.09,-0.9564,39421.17,37054.446,50.64,50.31,51.34,49.88,50.15,5.381082,9.3996,-1,10.35,8.47,7.57,1,1,-0.009564293304994642,0,0.6858496948807555,0.9666666666666667,1.0,49.999999999753626,46.66600812765654,41.98104644363591,0.0,4642.995144317481,0.3667711598746078,-15.120911145892652,-11.497328383258855,9.728320932066405,5.460375315912153,194.19,-6.0,-0.08465350594406697,-4929.312317212118,0.0,0.012999999999999989,-7.2916666666667,-653373.1972418805,-457486.49101268593
000014.SZ,20190201,9.32,9.35,9.64,9.35,9.63,0.31,3.3262,35718.19,34014.066,50.15,50.31,51.87,50.31,51.82,5.381082,9.5229,-1,10.25,8.39,7.82,1,1,0.03326180257510725,1,0.6139942675951835,0.9666666666666667,1.0,49.9999999997537,46.13031025694355,49.53980725752684,50.839452002433326,4642.995144317481,0.35454545454545405,-19.74661626525651,-1.6135149281663101,9.723714526868786,5.283363136758693,194.29,-6.0,-0.049808919613277075,-6244.214238702685,0.0,0.008000000000000096,-8.70712401055404,-527250.5735915215,-467452.78852394817
000014.SZ,20190211,9.63,9.66,9.83,9.55,9.83,0.2,2.0768,48253.16,46878.259,51.82,51.98,52.9,51.39,52.9,5.381082,9.7151,-1,10.59,8.67,7.98,1,1,0.020768431983385183,1,0.8380019940362653,0.9666666666666667,1.0,49.999999999755076,44.92235079748476,53.72822381054089,85.54441564040093,4739.4228731714265,0.36335403726708043,-25.313095490050802,4.156380994114663,9.728986103170499,5.197425378222107,194.19,-6.0,0.0010135744656335488,-5107.573816006981,0.0,0.007000000000000029,-16.713881019829955,-347445.1939286694,-450308.84643890837
000014.SZ,20190212,9.83,9.82,10.35,9.73,10.08,0.25,2.5432,111909.28,112907.959,52.9,52.84,55.69,52.36,54.24,5.381082,10.0892,-1,10.81,8.85,8.18,1,1,0.025432349949135347,1,1.9846924621122326,0.9666666666666667,1.0,49.99999999976108,52.466835587992534,58.37883363818379,100.0,4859.957534238859,0.36448598130841087,-10.371238398793855,10.819432128694128,9.747509513035226,4.9566714245458465,193.95,-4.0,0.06556596869828502,4042.567207817448,0.0,0.02949999999999999,5.013192612137239,-45185.48753045051,-392434.08088055725
000014.SZ,20190213,10.08,10.1,10.47,9.98,10.34,0.26,2.5794,123981.29,126450.33,54.24,54.35,56.34,53.7,55.64,5.381082,10.1991,-1,11.09,9.07,8.4,1,1,0.025793650793650702,1,2.0976348338975748,0.9666666666666667,1.0,49.99999999977254,59.41024367364374,62.589974434956794,100.0,4985.313581748987,0.36521739130434766,-1.2330727938735397,17.126605972911353,9.780555417706378,4.6891539610314235,194.06,-2.0,0.13646697035253902,11142.581039743574,0.0,0.044500000000000026,11.720698254364152,351605.7009506982,-286142.68347609224
000014.SZ,20190214,10.34,10.25,11.18,10.16,10.52,0.18,1.7408,157563.87,166803.192,55.64,55.16,60.16,54.67,56.61,5.381082,10.5864,-1,11.37,9.31,8.54,1,1,0.01740812379110257,1,2.507551354125637,0.9666666666666667,1.0,49.999999999790376,65.54220430306891,65.21403251194681,100.0,5072.098537717538,0.550279329608938,16.985843275557894,21.188510003584085,9.8232278877818,4.364884038271642,194.47,0.0,0.19710854643993714,19305.53286153622,0.0,0.06049999999999996,29.38596491228074,757175.6741937271,-137097.20380897523
000014.SZ,20190215,10.52,10.58,10.9,10.41,10.75,0.23,2.1863,126292.3,134023.295,56.61,56.93,58.65,56.02,57.85,5.381082,10.6122,-1,11.57,9.47,8.73,1,1,0.02186311787072248,1,1.8227942424565615,1.0,1.0,49.99999999981074,68.03569704395647,68.27608242056466,100.0,5072.098537717538,0.535326086956521,22.62457910965279,26.062777827673195,9.878861919629154,4.122246649933118,195.26000000000002,0.0,0.25407329784964516,19385.116301449714,0.0,0.06499999999999995,19.915254237288195,1145607.7952086213,46146.36747925283
000014.SZ,20190218,10.75,11.05,11.48,10.8,11.4,0.65,6.0465,168360.61,186334.559,57.85,59.46,61.77,58.12,61.34,5.381082,11.0676,-1,11.83,9.68,9.26,1,1,0.0604651162790697,1,2.2698611048494066,1.0,1.0,49.99999999983522,71.02275768210421,74.97923331009456,100.0,5378.783565579529,0.5328638497652577,29.00782836622845,37.5522161087926,9.978498069135098,3.9168155852512525,196.36,0.0,0.35877505355191613,23710.60615632336,0.0,0.0794999999999999,27.30769230769235,1634855.4007769353,273104.80080749316
000014.SZ,20190219,11.4,12.0,12.3,11.26,11.35,-0.05,-0.4386,305987.71,360593.132,61.34,64.57,66.19,60.59,61.08,5.381082,11.7846,-1,12.54,10.26,9.22,1,1,-0.004385964912280715,0,3.7899556876313203,1.0,1.0,49.99999999985536,75.31693234414266,73.68938556413428,96.09115570143233,5355.192409590145,0.7536585365853652,37.56733032631248,35.842965035798755,10.067216587630817,3.8279649008710246,198.87,-2.0,0.39774634941544473,42613.23477198474,0.0,0.03399999999999981,35.05154639175262,2521392.214652911,594288.7170711242
000014.SZ,20190220,11.35,11.15,11.15,10.76,10.82,-0.53,-4.6696,168804.64,183797.593,61.08,60.0,60.0,57.9,58.22,5.381082,10.8882,-1,12.49,10.22,8.78,1,1,-0.04669603524229071,0,1.8261342727194474,1.0,1.0,49.99999999986821,71.18231437041027,61.59384416330119,59.43598598019007,5355.192409590145,0.6943820224719099,36.660448106751424,19.30175213415731,10.109982482903757,3.97330688415636,200.17,-2.0,0.3313046250853936,34489.01426236847,0.0,0.023999999999999844,14.078374455732984,1748038.906376171,759110.172686131
000014.SZ,20190221,10.82,10.82,10.87,10.54,10.7,-0.12,-1.1091,118116.84,126595.32,58.22,58.22,58.49,56.72,57.58,5.381082,10.7178,-1,11.9,9.74,8.69,1,1,-0.011090573012939142,0,1.2153141145003967,1.0,1.0,49.99999999987482,68.43889670050652,59.22353621825689,52.252839964814214,5355.192409590145,0.6990950226244338,37.44550859252929,15.937143416301748,10.142556266474099,4.139235131457882,201.17,-2.0,0.25385042094057947,20812.018067299112,0.0,0.02149999999999972,12.285714285714306,1156195.900081209,815836.7051711422
000014.SZ,20190222,10.7,10.7,10.77,10.55,10.76,0.06,0.5607,95067.17,101754.634,57.58,57.58,57.95,56.77,57.9,5.381082,10.7034,-1,11.77,9.63,8.74,1,1,0.005607476635514086,1,0.9432888470316051,1.0,1.0,49.99999999987763,66.48381342352243,60.05133432364587,54.76145690409945,5355.192409590145,0.6943820224719096,36.54705636069657,17.16667374007276,10.1770057086069,4.250596275087696,201.94,0.0,0.19594986767970912,7851.7873672034475,0.0,0.0259999999999998,11.647727272727302,664881.3811265049,794271.6588790512
000014.SZ,20190225,10.76,10.88,11.22,10.7,11.13,0.37,3.4387,174833.18,191951.006,57.9,58.55,60.38,57.58,59.89,5.381082,10.9791,-1,11.84,9.68,9.04,1,1,0.03438661710037194,1,1.6893044613716444,1.0,1.0,49.99999999987798,68.84032729699791,64.79731354448558,69.14400234529704,5539.339360477539,0.6450939457202501,41.558890075040026,24.349173887277388,10.23343620996596,4.22006445933891,203.0,0.0,0.1924607488357175,9125.22529355278,0.0,0.034499999999999795,17.741935483870996,801750.4111902155,795340.0520663604
000014.SZ,20190226,11.13,11.13,11.25,10.86,10.97,-0.16,-1.4376,147423.03,162348.581,59.89,59.89,60.54,58.44,59.03,5.381082,11.0124,-1,12.24,10.02,8.91,1,1,-0.014375561545372895,0,1.3307765712906943,1.0,1.0,49.99999999987601,71.90170264317507,61.400302142301314,58.84946278186063,5539.339360477539,0.6616702355460383,39.60879167800052,19.627497550714054,10.275394916150837,4.0839053806395675,204.51,0.0,0.1551731877107385,5553.032712033848,0.0,0.04049999999999985,23.035230352303543,1115546.4876668854,841083.8285807212
000014.SZ,20190227,10.97,10.96,11.21,10.87,11.06,0.09,0.8204,106985.14,118302.027,59.03,58.98,60.32,58.49,59.51,5.381082,11.0578,-1,12.07,9.87,8.98,1,1,0.008204193254329972,1,0.9202056916142014,1.0,1.0,49.99999999987256,70.75246272265751,62.5884034033768,51.292808724876515,5539.339360477539,0.7410071942446039,27.582388597231862,21.39477066202582,10.320750608633755,4.137759688583477,205.94,0.0,0.13021125414335122,-2544.5033065241223,0.0,0.029999999999999895,15.044247787610658,1337272.8279952235,911967.9713542215
000014.SZ,20190228,11.06,11.19,11.48,11.1,11.18,0.12,1.085,132694.65,149727.381,59.51,60.21,61.77,59.73,60.16,5.381082,11.2836,-1,12.17,9.95,9.08,1,1,0.010849909584086825,1,1.1968334028943752,1.0,1.0,49.999999999868095,76.12585184209274,64.17189865578749,49.14437050845017,5599.4406916942935,0.782278481012658,26.378460641203354,23.747991041209467,10.371384125769447,4.082364278741342,206.97,2.0,0.11781561298905419,-4605.406193349605,0.0,0.03099999999999996,27.914110429447916,1635554.4138132297,1015337.4631340798
000014.SZ,20190301,11.18,11.16,11.16,10.84,11.08,-0.1,-0.8945,90310.46,99326.464,60.16,60.05,60.05,58.33,59.62,5.381082,10.9983,-1,12.3,10.06,9.0,1,1,-0.008944543828264706,0,0.8114320243580034,1.0,1.0,49.99999999986319,74.66772591729877,61.823522270011736,20.750636731094126,5599.4406916942935,0.7963917525773194,27.40541208296148,20.58143798569403,10.412072659623833,3.9584221401092665,208.44,2.0,0.08559778276845598,-11455.293504524328,0.0,0.03650000000000002,24.477611940298544,1241420.167410267,1047634.9923163924
000014.SZ,20190304,11.08,10.96,11.4,10.96,11.2,0.12,1.083,133881.69,150157.939,59.62,58.98,61.34,58.98,60.27,5.381082,11.2157,-1,12.19,9.97,9.09,1,1,0.010830324909747224,1,1.1841723407173201,1.0,1.0,49.99999999985741,77.22147701146538,63.54744091839352,27.443436332478456,5660.084453698202,0.7744360902255638,29.41185057908833,23.068077541106977,10.458248232491533,3.7920272572164104,209.73,4.0,0.07052937777651191,-9950.683938284776,0.0,0.04899999999999993,28.571428571428605,1332247.304225279,1088293.894017662
000014.SZ,20190305,11.2,11.31,11.38,11.17,11.36,0.16,1.4286,107127.8,120787.002,60.27,60.86,61.24,60.11,61.13,5.381082,11.275,-1,12.32,10.08,9.22,1,1,0.014285714285714235,1,0.9091426035922038,1.0,1.0,49.999999999851816,79.24407314264923,65.7671083818128,41.53146716019218,5660.084453698202,0.7372262773722629,23.47685199196034,26.306511646304376,10.512484956360524,3.5665559221011915,211.29,6.0,0.07194447335417842,-12241.801813176455,0.0,0.052999999999999846,35.08771929824562,1530238.177548902,1151428.791664982
000014.SZ,20190306,11.36,11.41,11.52,11.13,11.49,0.13,1.1444,153025.53,173609.296,61.13,61.4,61.99,59.89,61.83,5.381082,11.3451,-1,12.5,10.22,9.33,1,1,0.011443661971830998,1,1.2603801448195449,1.0,1.0,49.99999999984775,80.29220659623397,67.49878783997686,52.52228177201383,5724.85654691834,0.7248803827751197,24.149511568658387,28.86743575437687,10.572470602591547,3.269961553766841,212.83,8.0,0.07962389026519012,-7491.08906328271,0.0,0.05699999999999985,35.3711790393013,1815159.7065512324,1246247.4937915893
000014.SZ,20190307,11.49,11.41,11.75,11.35,11.6,0.11,0.9574,147105.87,169787.012,61.83,61.4,63.23,61.08,62.42,5.381082,11.5418,-1,12.64,10.34,9.42,1,1,0.009573542210617791,1,1.1556941921232557,1.0,1.0,49.99999999984411,82.45861252704199,68.93093018923273,61.61196114899168,5724.85654691834,0.7023809523809524,24.940022190829946,31.003051933667976,10.63657035831158,2.8380618473857044,214.64,10.0,0.08809290919887824,-5172.389355823798,0.0,0.0679999999999998,38.43971631205674,2089913.4820765546,1366771.2064037272
000014.SZ,20190308,11.6,11.4,11.4,10.75,10.78,-0.82,-7.069,124929.03,138950.693,62.42,61.34,61.34,57.85,58.01,5.381082,11.1224,-1,12.76,10.44,8.75,1,1,-0.07068965517241377,0,0.9416373954767685,1.0,1.0,49.999999999840476,78.51763586217918,50.918629597376295,0.0,5724.85654691834,0.5838641188959659,29.364169897181675,6.02490613942838,10.64381184131045,3.111247822344587,216.92,8.0,-0.022288760843928834,-6562.779951693159,0.0,0.022999999999999687,26.622516556291394,1644315.4459275492,1406420.383478559
000014.SZ,20190311,10.78,10.71,11.09,10.71,11.04,0.26,2.4119,76741.54,83853.417,58.01,57.63,59.68,57.63,59.41,5.381082,10.9267,-1,11.86,9.7,8.96,1,1,0.024118738404452778,1,0.5596153286967646,1.0,1.0,49.99999999983724,76.0305659868809,54.93928883865734,22.321741860663995,5724.85654691834,0.5387840670859538,29.102503596228587,11.647461071560091,10.664875366083928,3.256615484140412,218.07999999999998,8.0,-0.06348039623535795,-13509.989851855687,0.0,0.030999999999999604,19.58224543080938,1198300.64734504,1376688.992602342
000014.SZ,20190312,11.04,11.12,11.28,11.01,11.21,0.17,1.5399,96223.57,107412.069,59.41,59.84,60.7,59.25,60.32,5.381082,11.1628,-1,12.14,9.94,9.1,1,1,0.015398550724637916,1,0.6944687991281052,1.0,1.0,49.99999999983362,75.99086536606316,57.39673347840027,35.96488881577294,5813.011040847338,0.4946695095948825,19.078110986452263,15.141813106397548,10.694764241663954,3.342262676389723,219.36,8.0,-0.0704882195712474,-14908.108859995416,0.0,0.022499999999999697,17.20430107526878,1272927.7454006383,1361865.957287813
000014.SZ,20190313,11.21,11.24,11.46,11.06,11.11,-0.1,-0.8921,112365.36,126664.046,60.32,60.48,61.67,59.51,59.78,5.381082,11.2725,-1,12.33,10.09,9.02,1,1,-0.008920606601249048,0,0.8155845222158371,1.0,1.0,49.99999999983007,75.98075874642598,55.48001626498963,25.32373165966145,5761.155456183222,0.4724061810154522,15.181530349170304,12.389481469519609,10.71698716145776,3.473166690645298,220.84,6.0,-0.09000381163290139,-13147.227523169975,0.0,0.003999999999999648,16.41791044776118,1395204.226483563,1366628.5671729203
000014.SZ,20190314,11.11,10.98,11.16,10.7,10.83,-0.28,-2.5203,72696.4,79280.144,59.78,59.08,60.05,57.58,58.28,5.381082,10.9056,-1,12.22,10.0,8.79,1,1,-0.025202520252025185,0,0.5298880420501489,1.0,1.0,49.99999999982832,72.59350776900735,50.40447167044875,0.0,5761.155456183222,0.40820734341252674,0.607656184899187,4.992406592008672,10.722637394740781,3.777034985532365,221.84,4.0,-0.1391052133140085,-16592.112450409288,0.0,-0.017000000000000348,1.9943019943019777,1060506.7041351283,1322896.8724532358
000014.SZ,20190315,10.83,10.83,11.52,10.83,11.36,0.53,4.8938,154179.41,174130.73,58.28,58.28,61.99,58.28,61.13,5.381082,11.294,-1,11.91,9.75,9.22,1,1,0.048938134810710965,1,1.1596916390847094,1.0,1.0,49.99999999982697,72.94302796641769,58.199687109768796,42.07612281330766,6043.095658563379,0.3569979716024342,4.864255935585666,16.007071826865754,10.757846237373192,3.8052626975692716,222.26,4.0,-0.10047478637601837,-7618.196094095043,0.0,0.0009999999999996234,10.985915492957716,1163258.2093114816,1300091.3491472711
000014.SZ,20190318,11.36,11.33,11.72,11.1,11.56,0.2,1.7606,133229.47,152270.419,61.13,60.97,63.07,59.73,62.21,5.381082,11.4292,-1,12.5,10.22,9.39,1,1,0.01760563380281699,1,0.9917114278128478,1.0,1.0,49.999999999827054,72.61152991799807,60.70934041557109,55.62244254439798,6043.095658563379,0.39285714285714285,2.9788785578015404,19.704784598055504,10.803570829454031,3.8060438122442353,222.60999999999999,4.0,-0.05077147547893024,-4387.5429335047775,0.0,-0.0050000000000003375,6.921944035346044,1360974.5869957348,1308788.9545541946
000014.SZ,20190319,11.56,11.58,11.77,11.32,11.65,0.09,0.7785,136509.59,157454.101,62.21,62.31,63.34,60.91,62.69,5.381082,11.5343,-1,12.72,10.4,9.46,1,1,0.007785467128027745,1,1.0295894961704768,1.0,1.0,49.999999999828674,70.65208228338298,61.82021460871982,61.618592278155326,6090.143981164651,0.27212389380530966,-9.653762685358746,21.345017793213373,10.852480335530506,3.804780040503886,221.63,6.0,-0.0106575926989948,-1823.4003109981168,0.0,0.030999999999999694,-2.100161550888572,1633431.3351451354,1355166.4374957576
000014.SZ,20190320,11.65,11.51,11.67,11.2,11.56,-0.09,-0.7725,109251.86,125385.707,62.69,61.94,62.8,60.27,62.21,5.381082,11.4768,-1,12.82,10.49,9.39,1,1,-0.007725321888412018,0,0.8802646285837797,1.0,1.0,49.999999999830465,72.18532343631605,59.9935255568262,51.75869892594479,6090.143981164651,0.30147058823529393,-7.037277031642783,18.79070093844773,10.892502600706727,3.634824214851318,221.95000000000002,6.0,-0.0016070818699609468,-3704.982766507708,0.0,0.04999999999999973,17.441860465116214,1182337.584902768,1330476.6014110448
000014.SZ,20190321,11.56,11.74,12.05,11.55,11.55,-0.01,-0.0865,172738.08,203391.209,62.21,63.17,64.84,62.15,62.15,5.381082,11.7745,-1,12.72,10.4,9.38,1,1,-0.0008650519031141446,0,1.4259978687641324,0.9666666666666667,1.0,49.99999999983176,77.48423878419412,59.78215336745667,50.61777828449993,6084.875690523506,0.3778337531486144,-2.793765677031239,18.49895740810361,10.929603913237582,3.370992658490742,223.13,6.0,-0.0022864444396628603,3316.1542829142727,0.0,0.046499999999999805,29.65779467680605,1357524.3311033659,1334340.562795662
000014.SZ,20190322,11.55,11.55,12.08,11.32,12.07,0.52,4.5022,167819.22,196744.078,62.15,62.15,65.0,60.91,64.95,5.381082,11.7236,-1,12.71,10.4,9.8,1,1,0.04502164502164496,1,1.354845552923844,0.9666666666666667,1.0,49.99999999983504,81.76846795731507,66.40960541418278,86.39068134639129,6084.875690523506,0.3115124153498872,8.136229995699006,28.156879838470694,10.99919896288495,3.128533523120906,223.9,6.0,0.05862324506787975,6810.8208535592785,0.0,0.06949999999999976,26.530612244897902,1558590.8185300548,1366376.313614861
000014.SZ,20190325,12.07,11.86,12.42,11.7,12.08,0.01,0.0829,205494.44,249294.976,64.95,63.82,66.83,62.96,65.0,5.381082,12.1315,-1,13.28,10.86,9.81,1,1,0.0008285004142500885,1,1.6116762997583813,0.9333333333333333,1.0,49.99999999983963,82.11212019151816,66.52385235892262,87.00735044493493,6089.917012553765,0.4226044226044227,10.771812225673948,28.328804527759715,11.065245584325586,3.083383059427402,224.9,6.0,0.0897151413389552,13332.953968609781,0.0,0.0679999999999998,25.563909774436013,1956826.678430383,1450726.3657313643
000014.SZ,20190326,12.08,12.06,12.41,11.57,11.66,-0.42,-3.4768,126630.75,151249.338,65.0,64.9,66.78,62.26,62.74,5.381082,11.9441,-1,13.29,10.87,9.47,1,1,-0.03476821192052981,0,0.9813552366577648,0.9333333333333333,1.0,49.999999999843055,76.8941388906684,57.65441567240409,39.132918979656175,6089.917012553765,0.39722863741339504,17.084950363019168,16.050823083679262,11.098113079312094,3.0659896674921345,226.06,6.0,0.04540026405880049,6505.873007527538,0.0,0.055999999999999786,20.22684310018898,1442548.987623902,1449558.1688588697
000014.SZ,20190327,11.66,11.78,11.78,11.35,11.54,-0.12,-1.0292,70890.79,81743.92,62.74,63.39,63.39,61.08,62.1,5.381082,11.531,-1,12.83,10.49,9.37,1,1,-0.010291595197255643,0,0.5538473079598049,0.9333333333333333,1.0,49.999999999844604,73.76766520610073,55.382421432630544,30.881768092624455,6089.917012553765,0.3944954128440367,17.381144875683876,12.804893352981,11.121849749294132,3.155102885744508,226.97,4.0,-0.0056679370121301975,-5393.7731999118005,0.0,0.03899999999999979,8.16326530612237,984341.9097323827,1383098.7032693718
000014.SZ,20190328,11.54,11.5,12.38,11.41,12.02,0.48,4.1594,156327.62,187079.218,62.1,61.88,66.62,61.4,64.68,5.381082,11.9671,-1,12.69,10.39,9.76,1,1,0.04159445407279039,1,1.2388049853336702,0.9333333333333333,1.0,49.99999999984153,74.10190852418171,61.85728891122544,71.04998301185354,6343.223786039537,0.3644067796610169,24.38034668664625,21.99176647293348,11.174024480552092,3.127426747831381,227.32,4.0,0.0183022038409979,-1817.566568096765,0.0,0.06549999999999975,13.043478260869506,1009685.4749273881,1329753.9563633741
000014.SZ,20190329,12.02,11.98,12.34,11.74,12.33,0.31,2.579,159195.3,192539.41,64.68,64.47,66.4,63.17,66.35,5.381082,12.0945,-1,13.22,10.82,10.01,1,1,0.02579034941763725,1,1.2498264558450753,0.9333333333333333,1.0,49.999999999840405,78.20325248676377,65.35417096933206,92.74363319412797,6506.817743915764,0.3488843813387423,26.591537832152632,27.20574862721863,11.244046733574049,3.0637935127019205,227.88,6.0,0.06630864916284784,736.5362342738881,0.0,0.08699999999999974,23.472668810289335,1302474.5543546043,1325856.8989335499
000014.SZ,20190401,12.33,12.33,13.16,12.19,12.7,0.37,3.0008,244782.46,309941.58,66.35,66.35,70.82,65.6,68.34,5.381082,12.6619,-1,13.56,11.1,10.31,1,1,0.030008110300081103,1,1.8711656605857017,0.9333333333333333,1.0,49.99999999984415,79.30473603716095,69.00646138526503,100.0,6702.075048477714,0.4749034749034748,30.81519304724608,32.84502900454705,11.33614966400625,3.0385748604864604,229.11,6.0,0.13437099610825287,13072.36308499553,0.0,0.09349999999999978,29.999999999999957,1794872.479807442,1392859.1247726774
000014.SZ,20190402,12.7,12.76,12.93,12.42,12.78,0.08,0.6299,172415.16,217975.693,68.34,68.66,69.58,66.83,68.77,5.381082,12.6425,-1,13.97,11.43,10.38,1,1,0.006299212598425141,1,1.264381844297301,0.9333333333333333,1.0,49.99999999985049,79.9237595528395,69.74901332401974,100.0,6702.075048477714,0.48235294117647043,33.068967618589305,34.00856239433206,11.428286953453439,3.037561759463098,230.35999999999999,6.0,0.17411554925450934,10702.156824936432,0.0,0.09199999999999982,23.4604105571847,2163078.5478490554,1502890.470926446
000014.SZ,20190403,12.78,12.7,13.08,12.52,13.02,0.24,1.8779,162021.2,208459.272,68.77,68.34,70.38,67.37,70.06,5.381082,12.8662,-1,14.06,11.5,10.57,1,1,0.018779342723004744,1,1.1603811274452973,0.9333333333333333,1.0,49.99999999985819,80.13244885635956,71.92232843864196,100.0,6702.075048477714,0.4721689059500959,32.827698698453936,37.43191173645886,11.532454651988086,3.037561759463098,231.75,6.0,0.2140523905685543,7124.339218305686,0.0,0.10399999999999983,23.57247437774521,2460925.5965421144,1639752.6317286843
000014.SZ,20190404,13.02,13.04,13.29,12.65,12.75,-0.27,-2.0737,128520.66,165750.085,70.06,70.17,71.51,68.07,68.61,5.381082,12.8968,-1,14.32,11.72,10.35,1,1,-0.020737327188940058,0,0.9174977574533889,0.9333333333333333,1.0,49.99999999986373,80.10600121509717,66.16344276164831,65.18187390714722,6702.075048477714,0.48230912476722504,33.2997337217009,29.477866059640707,11.6075237822221,3.0727511796471787,233.69,4.0,0.18643431337627314,11.715606950245274,0.0,0.07999999999999989,23.34801762114533,2604053.984497452,1777509.9678385083
000014.SZ,20190408,12.75,12.67,12.76,12.33,12.55,-0.2,-1.5686,91008.85,114169.65,68.61,68.18,68.66,66.35,67.53,5.381082,12.5449,-1,14.03,11.48,10.19,1,1,-0.015686274509803866,0,0.6540430874959406,0.9333333333333333,1.0,49.99999999986836,80.66550081680694,62.191038474817205,41.16478429843697,6702.075048477714,0.5452631578947366,27.4052789459392,23.8871260386373,11.663124101260323,2.7558719383870858,234.85000000000002,4.0,0.12643145868611783,-9455.606907755868,0.0,0.10499999999999998,24.62908011869432,2020096.5030286647,1812165.187151388
000014.SZ,20190409,12.55,12.56,12.76,12.41,12.64,0.09,0.7171,74286.08,93430.052,67.53,67.59,68.66,66.78,68.02,5.381082,12.5771,-1,13.81,11.3,10.26,1,1,0.007171314741035939,1,0.5404507264427739,0.9333333333333333,1.0,49.99999999987224,83.27168634077773,63.2600230131637,47.627846865584274,6702.075048477714,0.5655021834061132,25.279972711853038,25.412680349269618,11.72146344641725,2.618292984741511,236.55,4.0,0.08600198379600743,-17227.54921431479,0.0,0.09250000000000007,31.490015360983072,1893854.0313703064,1823835.0220398048
000014.SZ,20190410,12.64,12.52,12.62,12.29,12.4,-0.24,-1.8987,62761.28,77853.324,68.02,67.37,67.91,66.13,66.73,5.381082,12.4047,-1,13.9,11.38,10.07,1,1,-0.01898734177215189,0,0.45701298870907126,0.9333333333333333,1.0,49.9999999998734,80.7306879776707,58.50934772806493,18.905343871026055,6702.075048477714,0.5569892473118279,24.868338146611112,18.73255673140803,11.759827436818487,2.724714593416063,238.18,2.0,0.01764443000832716,-22826.73231972123,0.0,0.08200000000000003,25.354330708661394,1461256.3608805742,1772038.070445629
000014.SZ,20190411,12.4,12.39,12.57,12.21,12.25,-0.15,-1.2097,69222.15,85514.112,66.73,66.67,67.64,65.7,65.92,5.381082,12.3536,-1,13.64,11.16,9.95,1,1,-0.012096774193548376,0,0.5102763494058977,0.9333333333333333,1.0,49.99999999987029,77.83900354627772,55.69420319522749,1.885027300840488,6621.0015599880635,0.5510638297872341,22.516959393179743,14.712696526062082,11.786603158954508,2.877613531087488,239.29000000000002,2.0,-0.053187522388413844,-24422.919997068435,0.0,0.08150000000000004,21.599999999999987,1009433.3092585756,1663094.533133193
000014.SZ,20190412,12.25,12.09,12.23,11.86,12.02,-0.23,-1.8776,74467.11,89618.573,65.92,65.06,65.81,63.82,64.68,5.381082,12.0347,-1,13.48,11.03,9.76,1,1,-0.018775510204081636,0,0.5578100849018475,0.9333333333333333,1.0,49.99999999986734,77.58832936083138,51.5949574080769,0.0,6496.688877637267,0.5290322580645159,19.27982441884474,8.768966119265032,11.798691889000233,3.0045050735474246,240.38,2.0,-0.13194685299592757,-23525.96119169804,0.0,0.08550000000000005,21.79487179487178,555159.704674325,1504818.1290676405
000014.SZ,20190415,12.02,12.16,12.43,12.05,12.08,0.06,0.4992,70837.51,86948.925,64.68,65.43,66.89,64.84,65.0,5.381082,12.2744,-1,13.22,10.82,9.81,1,1,0.004991680532445919,1,0.5302702031253296,0.9333333333333333,1.0,49.999999999865565,76.9695815230115,52.57558485695476,4.824172527787042,6496.688877637267,0.5239234449760762,11.943234950958415,10.048802270659491,11.813433613135732,3.3792300651553955,241.57,2.0,-0.17423123785072525,-22192.453482816465,0.0,0.05500000000000007,19.736842105263136,526176.867905722,1365012.234615938
000014.SZ,20190416,12.08,12.02,12.34,11.78,12.29,0.21,1.7384,61305.53,74106.425,65.0,64.68,66.4,63.39,66.13,5.381082,12.088,-1,13.29,10.87,9.98,1,1,0.01738410596026485,1,0.4736926526133472,0.9333333333333333,1.0,49.999999999863945,73.9587862984862,55.94000777573511,21.37536802533302,6496.688877637267,0.49880668257756566,9.543107889912687,14.469368431865211,11.839410876621546,3.603475788786032,242.25,2.0,-0.1718948086394041,-21358.001170757438,0.0,0.05700000000000003,10.855263157894704,242768.35186579358,1204691.679937346
000014.SZ,20190417,12.29,12.28,12.29,12.1,12.17,-0.12,-0.9764,57276.63,69688.056,66.13,66.08,66.13,65.11,65.49,5.381082,12.1669,-1,13.52,11.06,9.88,1,1,-0.009764035801464566,0,0.4552112604147426,0.9333333333333333,1.0,49.999999999862226,73.18781333402548,53.59998594251664,9.863688380680887,6496.688877637267,0.4952606635071091,3.950269739841731,11.18276899625599,11.856913645258336,3.8879364348159644,243.22,0.0,-0.18344127218030604,-20129.02385843129,0.0,0.04800000000000004,12.297734627831687,274100.9548117779,1071750.1477765506
000014.SZ,20190418,12.17,12.14,12.14,11.85,11.87,-0.3,-2.4651,57449.19,68699.892,65.49,65.33,65.33,63.77,63.87,5.381082,11.9584,-1,13.39,10.95,9.64,1,1,-0.02465078060805259,0,0.4714258022684788,0.9333333333333333,1.0,49.999999999859284,74.60686386220607,48.17449267401951,0.0,6336.5404254358555,0.4446952595936792,-0.04723521745153414,3.3722839555796114,11.857557819724192,4.3573982945093706,243.72,0.0,-0.22564023845224523,-18135.058099954993,0.0,0.03199999999999994,9.984152139461159,21284.992832046933,921683.697070193
000014.SZ,20190419,11.87,11.87,12.02,11.72,11.98,0.11,0.9267,43568.4,51731.902,63.87,63.87,64.68,63.07,64.47,5.381082,11.8737,-1,13.06,10.68,9.73,1,1,0.009267059814658918,1,0.3652845359773437,0.9333333333333333,1.0,49.99999999985522,71.35957999534148,50.1663285552457,8.38744170613416,6336.5404254358555,0.43487858719646766,-4.360800825357353,5.923055410312411,11.863733748222247,4.705343403306473,243.39000000000001,2.0,-0.23199469597963007,-17518.509849521277,0.0,0.04699999999999997,1.9801980198019677,-226061.81396128796,757720.0526371244
000014.SZ,20190422,11.98,12.03,12.03,11.51,11.54,-0.44,-3.6728,63601.03,74471.824,64.47,64.73,64.73,61.94,62.1,5.381082,11.7092,-1,13.18,10.78,9.37,1,1,-0.036727879799666185,0,0.5637688646605362,0.9333333333333333,1.0,49.999999999853515,67.21318803863255,43.040547822958345,0.0,6103.812730344722,0.43595505617977487,-8.972947885412662,-4.67251529282868,11.84903816539708,5.347974936248047,244.1,0.0,-0.28522006604522154,-13429.14198569085,0.0,-0.0035000000000000144,2.3178807947019635,-499123.9771264447,578170.9055280432
000014.SZ,20190423,11.54,11.44,11.66,11.4,11.45,-0.09,-0.7799,37650.69,43346.534,62.1,61.56,62.74,61.34,61.61,5.381082,11.5128,-1,12.69,10.39,9.3,1,1,-0.0077989601386481144,0,0.34990337221396406,0.9333333333333333,1.0,49.99999999985229,62.698940959593486,41.73470180953931,0.0,6103.812730344722,0.42825607064017623,-18.626902356675615,-6.682366008203752,11.831306118984088,5.989244724058583,244.06,-2.0,-0.3197106153027321,-13215.89319923547,0.0,-0.014000000000000058,-10.116086235489206,-717290.2616426046,393105.0245036649
000014.SZ,20190424,11.45,11.55,11.56,11.3,11.49,0.04,0.3493,29375.04,33672.908,61.61,62.15,62.21,60.81,61.83,5.381082,11.4631,-1,12.6,10.31,9.33,1,1,0.003493449781659441,1,0.2960867629091977,0.9333333333333333,1.0,49.99999999985135,65.84338060752404,42.56869977477116,3.4140030665798617,6103.812730344722,0.4795180722891558,-30.84004166053324,-5.640361917795503,11.815970156192384,6.493929229487166,242.95,0.0,-0.32332921249084173,-13157.263068432214,0.0,0.002999999999999936,-9.666666666666671,-887621.1881534271,210144.13698122324
000014.SZ,20190425,11.49,11.44,11.47,10.95,10.95,-0.54,-4.6997,45159.05,50635.531,61.83,61.56,61.72,58.92,58.92,5.381082,11.2127,-1,12.64,10.34,8.89,1,1,-0.04699738903394268,0,0.4786427466599392,0.9333333333333333,1.0,49.99999999985458,66.75177001667156,35.23605357015933,0.0,5816.949468866379,0.5120350109409185,-25.223792281652884,-17.141109269421396,11.781801905455294,7.33554939773081,242.66,0.0,-0.38069973271735313,-10097.767753000793,0.0,-0.009500000000000064,-5.244755244755254,-1083293.6702740155,25367.307373332005
000014.SZ,20190426,10.95,10.92,10.92,10.7,10.72,-0.23,-2.1005,43126.69,46443.811,58.92,58.76,58.76,57.58,57.69,5.381082,10.7692,-1,12.05,9.86,8.7,1,1,-0.02100456621004554,0,0.4634211593323288,0.9333333333333333,1.0,49.99999999986143,62.437124735921266,32.65587132990843,0.0,5816.949468866379,0.5995370370370368,-41.552235147038516,-21.434328763859995,11.742077534302005,8.33071376780496,242.20000000000002,-2.0,-0.42831881622051626,-7568.755443219867,0.0,-0.045500000000000006,-25.57319223985894,-1277399.883767563,-160742.29136108153
000014.SZ,20190429,10.72,10.71,10.71,10.32,10.38,-0.34,-3.1716,41718.0,43774.012,57.69,57.63,57.63,55.53,55.86,5.381082,10.4928,-1,11.79,9.65,8.43,1,1,-0.03171641791044777,0,0.4773144598358469,0.9333333333333333,1.0,49.999999999870724,57.463842536759046,29.246510686063342,0.0,5816.949468866379,0.6827586206896546,-42.68350283033859,-27.296103698083417,11.694921180107213,9.484598558799984,241.18,-4.0,-0.4803932778759007,-5407.96155904726,0.0,-0.07949999999999999,-37.76223776223779,-1437480.7836205284,-343133.5045410025
000014.SZ,20190430,10.38,10.36,10.59,10.36,10.49,0.11,1.0597,24351.0,25536.829,55.86,55.75,56.99,55.75,56.45,5.381082,10.487,-1,11.42,9.34,8.52,1,1,0.010597302504816941,1,0.2986839965449507,0.9333333333333333,1.0,49.99999999987814,50.42817269331511,31.729877101524895,9.30326366425183,5816.949468866379,0.7261613691931534,-58.47405156252956,-24.141792845800857,11.651395865590521,10.432499629542962,239.35,-4.0,-0.4739996440233905,-5615.750523465409,0.0,-0.09149999999999991,-61.75298804780882,-1359288.7892380045,-488298.5452120028
000014.SZ,20190506,10.49,10.2,10.2,9.44,9.51,-0.98,-9.3422,59720.72,58419.585,56.45,54.89,54.89,50.8,51.17,5.381082,9.7821,-1,11.54,9.44,7.72,1,1,-0.09342230695900866,0,0.8470295728115579,0.9333333333333333,1.0,49.99999999988761,41.59791267297801,23.736535875669663,0.0,5273.516630020902,0.7715430861723444,-42.8256282338514,-38.44577693874165,11.5886282661748,12.048865214655757,237.42000000000002,-6.0,-0.5693366715268129,-553.3607224303123,0.0,-0.12699999999999986,-66.37478108581439,-1410532.739609831,-620046.2872688355
000014.SZ,20190507,9.51,9.53,9.99,9.53,9.73,0.22,2.3134,35183.01,34106.791,51.17,51.28,53.76,51.28,52.36,5.381082,9.6941,-1,10.46,8.56,7.9,1,1,0.023133543638275578,1,0.5423505931714175,0.9333333333333333,1.0,49.99999999989582,34.26168216521887,28.11459835423211,13.59500147111017,5273.516630020902,0.7746478873239432,-40.65803117892795,-32.54003423000218,11.528922076072275,13.16157790573117,234.41,-6.0,-0.5689787555972403,-98.1470449319022,0.0,-0.13299999999999984,-71.92374350086658,-1300850.8545857521,-717304.0825998236
000014.SZ,20190508,9.73,9.51,9.87,9.48,9.69,-0.04,-0.4111,32097.0,31151.105,52.36,51.17,53.11,51.01,52.14,5.381082,9.7053,-1,10.7,8.76,7.87,1,1,-0.00411099691675243,0,0.5483907745489615,0.9666666666666667,1.0,49.99999999990153,24.71355883410206,27.802087699008972,12.624576120101652,5273.516630020902,0.7004219409282696,-42.71794082110452,-33.086324419352636,11.470327297397803,14.150853148226865,230.99,-6.0,-0.5405482330960673,183.73329579127312,0.0,-0.10949999999999989,-78.87323943661974,-1366849.761046372,-810096.322377902
000014.SZ,20190509,9.69,9.69,9.86,9.64,9.68,-0.01,-0.1032,25337.01,24633.572,52.14,52.14,53.06,51.87,52.09,5.381082,9.7224,-1,10.66,8.72,7.86,1,1,-0.0010319917440659854,0,0.47175268126415143,0.9666666666666667,1.0,49.99999999990569,28.734928007046847,27.719133706848027,13.336027224796975,5273.516630020902,0.7296703296703291,-45.456866194630585,-33.22861758976442,11.413402236153026,15.067003181680182,228.08999999999997,-6.0,-0.49095164102735045,-127.15338056953624,0.0,-0.10399999999999991,-71.37476459510358,-1280197.3436287306,-877253.6111280204
000014.SZ,20190510,9.68,9.76,9.95,9.63,9.94,0.26,2.686,43098.0,42400.76,52.09,52.52,53.54,51.82,53.49,5.381082,9.8382,-1,10.65,8.71,8.07,1,1,0.026859504132231482,1,0.8547009225010875,1.0,1.0,49.999999999907786,25.45229369881048,33.29220382001116,36.154910710766806,5415.16067173634,0.6737288135593213,-42.67636514791414,-25.901234454920242,11.361413051938596,15.692909147688303,225.31,-6.0,-0.39510798535858616,2336.7553783716867,0.0,-0.09899999999999994,-71.0526315789474,-1147075.2670432592,-915799.5619730547
000014.SZ,20190513,9.94,9.85,10.06,9.73,9.97,0.03,0.3018,33196.0,32904.459,53.49,53.0,54.13,52.36,53.65,5.381082,9.9122,-1,10.93,8.95,8.09,1,1,0.003018108651911655,1,0.6793375382572466,1.0,1.0,49.99999999990701,29.61580496159972,33.925255607954995,38.550131118352645,5415.16067173634,0.6940133037694007,-39.23057809796579,-25.065796439082348,11.311763323904652,16.215761580217904,222.4,-4.0,-0.30375744331946986,2874.5892606725392,0.0,-0.08699999999999992,-66.72967863894138,-1039845.183306498,-933520.3650206894
000014.SZ,20190514,9.97,9.82,9.93,9.79,9.82,-0.15,-1.5045,24064.01,23710.292,53.65,52.84,53.43,52.68,52.84,5.381082,9.853,-1,10.97,8.97,7.97,1,1,-0.015045135406218657,0,0.5078189396633523,1.0,0.0,49.999999999904716,31.435373936653278,32.27596722460534,44.236562701335615,5415.16067173634,0.6629711751662964,-43.53189117178807,-27.594524085491738,11.260329117514592,16.774919491393465,219.79999999999998,-4.0,-0.242293878537871,2268.7312919655524,0.0,-0.07999999999999989,-67.04119850187266,-1117650.4226058729,-959824.6589614301
000014.SZ,20190515,9.82,9.86,10.04,9.86,9.97,0.15,1.5275,24799.05,24651.05,52.84,53.06,54.03,53.06,53.65,5.381082,9.9403,-1,10.8,8.84,8.09,1,1,0.015274949083503131,1,0.5495137381592149,1.0,1.0,49.99999999990086,36.23347034404547,35.64525958897106,63.23608788191129,5497.876975276102,0.6749435665914214,-46.58864562469299,-23.217579688718196,11.213150740066549,17.212371695268345,217.37,-2.0,-0.16394207867309296,2232.000213198473,0.0,-0.07099999999999981,-61.17647058823532,-1067199.079244569,-975163.8618590214
000014.SZ,20190516,9.97,9.97,10.13,9.93,10.04,0.07,0.7021,33811.0,33938.5,53.65,53.65,54.51,53.43,54.03,5.381082,10.0377,-1,10.97,8.97,8.15,1,1,0.007021063189568633,1,0.7928353255399059,1.0,1.0,49.99999999989626,32.46907500523699,37.21505434346455,71.57179886501498,5536.47791692799,0.6531531531531528,-49.066120310627305,-21.175665058752745,11.169116060603892,17.618680826641555,215.28,-2.0,-0.08894956010823973,3605.251286754843,0.0,-0.06349999999999989,-64.72945891783561,-976477.9348695045,-975351.5865748047
000014.SZ,20190517,10.04,10.03,10.09,9.45,9.55,-0.49,-4.8805,49475.94,48243.358,54.03,53.97,54.3,50.85,51.39,5.381082,9.7509,-1,11.04,9.04,7.75,1,1,-0.04880478087649387,0,1.2128134648049629,1.0,1.0,49.99999999988983,33.46545212083977,31.434700989222485,57.114327008169,5266.271325364773,0.6038135593220335,-38.72626910818088,-29.75325968780781,11.114955286582681,18.221405436391983,213.59,-4.0,-0.09126685516017075,6631.203228483078,0.0,-0.1009999999999998,-66.15384615384609,-1031660.4606466503,-983395.7114422113
000014.SZ,20190520,9.55,9.59,9.96,9.26,9.89,0.34,3.5602,51365.94,49464.714,51.39,51.6,53.6,49.83,53.22,5.381082,9.6299,-1,10.51,8.6,8.03,1,1,0.03560209424083771,1,1.2776683895203211,1.0,1.0,49.999999999882576,31.886976983912348,38.56516727414256,100.0,5453.76161338823,0.5829959514170039,-19.894977495895358,-20.19964707935413,11.068406779829678,18.57703693788824,210.56,-2.0,-0.035773629649733296,8761.127821741858,0.0,-0.0804999999999998,-77.90927021696245,-924099.0598481935,-974924.7612144945
000014.SZ,20190521,9.89,10.02,10.03,9.7,9.99,0.1,1.0111,52851.96,52254.084,53.22,53.92,53.97,52.2,53.76,5.381082,9.8869,-1,10.88,8.9,8.11,1,1,0.010111223458038276,1,1.3243669456934595,1.0,1.0,49.99999999987526,38.86410033013693,40.52427827630514,100.0,5508.90581574807,0.5843881856540081,-17.307189249236202,-17.520717715007184,11.026051438300335,18.84149376963138,208.09,0.0,0.022494120299588527,10146.255163044425,0.0,-0.0684999999999997,-61.97718631178702,-747812.1885311231,-942480.107974013
000014.SZ,20190522,9.99,9.91,10.8,9.77,10.38,0.39,3.9039,86097.14,88584.308,53.76,53.33,58.12,52.57,55.86,5.381082,10.2889,-1,10.99,8.99,8.43,1,1,0.03903903903903916,1,2.1699247661336933,1.0,1.0,49.9999999998697,47.50329447443387,47.54926106923169,100.0,5723.9682049514495,0.5517928286852587,1.9196672952471392,-7.669461534484226,10.997646544407626,18.8908400866948,206.14,0.0,0.1164093730444915,15022.412776025703,0.0,-0.050499999999999726,-39.99999999999994,-539532.3989854138,-884916.1495470703
000014.SZ,20190523,10.38,11.42,11.42,10.51,10.51,0.13,1.2524,220925.19,248338.089,55.86,61.45,61.45,56.56,56.56,5.381082,11.2408,-1,11.42,9.34,8.53,1,1,0.012524084778420042,1,5.284796777641442,1.0,1.0,49.999999999865935,63.16300771389437,49.68272868077831,100.0,5795.6556680192425,0.5095541401273888,9.10578733215059,-4.593113896510954,10.975491859492836,18.815966218291063,204.48999999999998,2.0,0.19429409150473398,34762.38806840766,0.0,-0.07149999999999972,-21.928460342146153,130857.11956910323,-739805.682530474
000014.SZ,20190524,10.51,9.98,10.14,9.67,9.73,-0.78,-7.4215,117182.13,115724.055,56.56,53.7,54.56,52.04,52.36,5.381082,9.8756,-1,11.56,9.46,7.9,1,1,-0.0742150333016175,0,2.3592076137843994,1.0,1.0,49.99999999986282,59.01888508869956,39.3424587683752,52.92086780567341,5795.6556680192425,0.42592592592592615,12.345951975070138,-19.177916527070845,10.927556979953415,18.93414680466564,203.34,2.0,0.14145735231398948,32254.581895358253,0.0,-0.08449999999999971,-31.607629427792865,-299219.21969366586,-676864.759268073
000014.SZ,20190527,9.73,9.64,10.25,9.5,10.1,0.37,3.8027,77540.13,77193.552,52.36,51.87,55.16,51.12,54.35,5.381082,9.9553,-1,10.7,8.76,8.2,1,1,0.03802672147995878,1,1.4453850595155036,1.0,1.0,49.99999999985995,63.52557823111601,45.17183336290782,79.46194453492379,5795.6556680192425,0.3856893542757421,19.679697865437895,-10.726022367498054,10.892376359325805,18.831099306381457,201.54000000000002,2.0,0.15591494200085454,24041.80573277304,0.0,-0.05849999999999973,-32.253711201079575,-230437.13383273035,-613089.3842058813
000014.SZ,20190528,10.1,10.05,10.13,9.94,9.98,-0.12,-1.1881,51301.12,51476.116,54.35,54.08,54.51,53.49,53.7,5.381082,10.0341,-1,11.11,9.09,8.1,1,1,-0.01188118811881178,0,0.9151934195426119,1.0,1.0,49.99999999985699,67.95638487950846,43.704831003224115,72.78269935022172,5795.6556680192425,0.40677966101694957,12.465727914650525,-12.836348578191222,10.854506809349722,18.556792807350753,200.18,2.0,0.14889675034650862,14339.691083314528,0.0,-0.037499999999999735,-21.333333333333286,-105219.0795096145,-540536.483534986
000014.SZ,20190529,9.98,10.01,10.04,9.81,9.89,-0.09,-0.9018,32413.43,32261.577,53.7,53.86,54.03,52.79,53.22,5.381082,9.9532,-1,10.98,8.98,8.03,1,1,-0.009018036072144242,0,0.5750931495538878,1.0,1.0,49.99999999985431,68.82073940527631,42.58772726292407,61.119077974999925,5795.6556680192425,0.4177949709864607,12.079780507760798,-14.433211359673287,10.81520692825554,18.179431019661866,199.26999999999998,2.0,0.13227555422235437,5118.293885625962,0.0,-0.03349999999999973,-16.6666666666666,-244235.6565970285,-498207.7939724207
000014.SZ,20190530,9.89,9.87,9.87,9.55,9.75,-0.14,-1.4156,37855.13,36684.849,53.22,53.11,53.11,51.39,52.47,5.381082,9.6909,-1,10.88,8.9,7.92,1,1,-0.014155712841253831,0,0.678086666146363,1.0,1.0,49.999999999852236,69.24219614474256,40.83904908087249,51.5362440840761,5713.614030655977,0.4346076458752518,9.766495366019061,-16.925296660602537,10.773067999893684,17.679067084685773,198.44,2.0,0.10382344237725738,-224.77401087069484,0.0,-0.022999999999999687,-15.229885057471215,-399366.5003711451,-484087.6091722385
000014.SZ,20190531,9.75,9.8,9.89,9.66,9.71,-0.04,-0.4103,27142.49,26539.066,52.47,52.73,53.22,51.98,52.25,5.381082,9.7777,-1,10.73,8.78,7.88,1,1,-0.004102564102564044,0,0.4878825557642507,1.0,1.0,49.999999999849365,69.26830301793814,40.32952446815887,48.744026638300305,5713.614030655977,0.44081632653061253,9.2650544497145,-17.64664875610224,10.731378851135878,17.221119241917997,197.97,0.0,0.08197434661603231,-4918.239962163778,0.0,-0.03399999999999972,-11.942446043165404,-379833.8760968107,-469194.2187328917
000014.SZ,20190603,9.71,9.71,9.91,9.51,9.57,-0.14,-1.4418,28909.39,27816.834,52.25,52.25,53.33,51.17,51.5,5.381082,9.6221,-1,10.68,8.74,7.77,1,1,-0.014418125643666402,0,0.5183419091951957,1.0,1.0,49.99999999984803,71.17569074129591,38.5181521820006,38.81762627999486,5631.2344256825645,0.532019704433498,0.3484486144652197,-20.199517322837583,10.68724618785412,16.255106205771355,197.39,0.0,0.0524588902370452,-7354.468917963098,0.0,-0.0064999999999997725,-0.9708737864077222,-474212.31580757955,-469911.0897435614
000014.SZ,20190604,9.57,9.58,9.62,9.5,9.54,-0.03,-0.3135,25067.88,23919.567,51.5,51.55,51.77,51.12,51.34,5.381082,9.5419,-1,10.53,8.61,7.75,1,1,-0.0031347962382446415,0,0.4622319446858316,1.0,1.0,49.999999999848015,68.68760390892399,38.12301332352221,36.65224783385605,5631.2344256825645,0.5581395348837214,-7.85648805014323,-20.753627572999232,10.643953283726432,15.50598277063221,197.5,-2.0,0.03360587815799132,-8947.263232937026,0.0,-0.01849999999999987,-2.2364217252395946,-604063.8611721164,-489075.7713762121
000014.SZ,20190605,9.54,9.64,9.69,9.55,9.6,0.06,0.6289,17928.0,17232.614,51.34,51.87,52.14,51.39,51.66,5.381082,9.6121,-1,10.49,8.59,7.79,1,1,0.0062893081761006275,1,0.33369009708561487,1.0,1.0,49.99999999984662,71.1896344828529,39.46064566307485,43.98253230164883,5631.2344256825645,0.5552699228791779,-13.9944658491439,-19.0138467131525,10.603693397697777,14.729201736084025,197.17,0.0,0.033834770539660775,-10328.508057986597,0.0,-0.029499999999999905,0.8051529790660652,-595183.6367800157,-504234.03786246985
000014.SZ,20190606,9.6,9.55,9.58,9.36,9.43,-0.17,-1.7708,20769.0,19657.39,51.66,51.39,51.55,50.37,50.74,5.381082,9.4648,-1,10.56,8.64,7.66,1,1,-0.017708333333333326,0,0.3917345352234495,1.0,1.0,49.9999999998412,69.20755388226284,37.018831204060376,0.0,5531.514649394436,0.5333333333333338,-13.171914490945525,-22.350470610864836,10.56029495008903,13.957422190991526,196.91000000000003,0.0,0.016578590400258664,-10207.296977022888,0.0,-0.03499999999999996,-4.807692307692292,-655972.1992850367,-525910.9180656937
000014.SZ,20190610,9.43,9.47,9.55,9.39,9.53,0.1,1.0604,14393.03,13657.103,50.74,50.96,51.39,50.53,51.28,5.381082,9.4887,-1,10.37,8.49,7.74,1,1,0.010604453870625585,1,0.2726487285721832,1.0,1.0,49.99999999983643,68.35213395083628,39.394554645959886,18.75981265852145,5531.514649394436,0.5552699228791779,-17.089161865570237,-19.30685805604161,10.52070555168347,13.396946862267354,196.67,0.0,0.0236914555246992,-10303.87621795433,0.0,-0.041000000000000016,-5.82524271844656,-639574.4197506965,-542148.5611635513
000014.SZ,20190611,9.53,9.53,9.85,9.51,9.81,0.28,2.9381,35015.54,34059.877,51.28,51.28,53.0,51.17,52.79,5.381082,9.7271,-1,10.48,8.58,7.96,1,1,0.029380902413431498,1,0.6818411151465548,1.0,1.0,49.999999999829576,68.38623597981847,45.58403536128707,67.63481916190082,5694.035541506761,0.521739130434783,-15.170078081901869,-11.1569139595784,10.4906382781227,12.801518180694583,196.45,0.0,0.06862585932531506,-7062.454911334269,0.0,-0.03300000000000001,-2.668759811616958,-579870.7850556772,-547537.4502909979
000014.SZ,20190612,9.81,9.8,9.85,9.64,9.74,-0.07,-0.7136,25952.39,25257.672,52.79,52.73,53.0,51.87,52.41,5.381082,9.7323,-1,10.79,8.83,7.91,1,1,-0.007135575942915473,0,0.5044649786302462,1.0,1.0,49.99999999982093,70.71836125389625,44.36420356755147,58.00246233037867,5694.035541506761,0.532019704433498,-12.192458381652699,-12.725800362646028,10.459442394817787,12.098218250463193,196.33,0.0,0.09008175825803122,-5671.602367253858,0.0,-0.03600000000000003,1.4128728414442833,-517498.30960310716,-543246.144478442
000014.SZ,20190613,9.74,9.74,9.75,9.58,9.7,-0.04,-0.4107,20709.0,20035.707,52.41,52.41,52.47,51.55,52.2,5.381082,9.6749,-1,10.71,8.77,7.88,1,1,-0.004106776180698213,0,0.40180602972530305,1.0,1.0,49.999999999810726,68.64645729038519,43.645461760609,77.36687222986458,5694.035541506761,0.546835443037975,-11.863904849594418,-13.64308334626336,10.428212345487982,11.468191772500631,196.26000000000002,-2.0,0.09932077679784546,-5013.098212563746,0.0,-0.043500000000000136,-1.88679245283015,-594891.0982700454,-550623.9950200997
000014.SZ,20190614,9.7,9.66,9.73,9.52,9.53,-0.17,-1.7526,19398.01,18700.432,52.2,51.98,52.36,51.23,51.28,5.381082,9.6404,-1,10.67,8.73,7.74,1,1,-0.017525773195876337,0,0.3778688974620899,1.0,1.0,49.99999999980024,66.34593711413191,40.63254033182317,42.19057784762563,5694.035541506761,0.5333333333333335,-10.760429531591859,-17.521236266213002,10.392934515094518,10.913676874458199,196.06,-4.0,0.08359920203564519,-4334.796689047747,0.0,-0.0535000000000001,-4.2654028436018905,-668537.8069510993,-567468.8252959568
000014.SZ,20190617,9.53,9.49,9.59,9.44,9.51,-0.02,-0.2099,12736.5,12089.804,51.28,51.07,51.6,50.8,51.17,5.381082,9.4922,-1,10.48,8.58,7.72,1,1,-0.0020986358866735833,0,0.25163667066932927,1.0,1.0,49.99999999978962,68.76917291651212,40.280245252304724,38.077481731624616,5694.035541506761,0.6033519553072626,-26.489227255612384,-17.977397961187286,10.358448521590741,10.023042204073464,195.56,-4.0,0.07201172153997293,-4352.679739719115,0.0,-0.028500000000000192,1.1686143572621077,-724108.1583646128,-589845.8728771934
000014.SZ,20190618,9.51,9.53,9.55,9.44,9.52,0.01,0.1052,11645.8,11074.776,51.17,51.28,51.39,50.8,51.23,5.381082,9.5097,-1,10.46,8.56,7.73,1,1,0.001051524710830698,1,0.23875269154922735,1.0,1.0,49.99999999977922,66.3113681373287,40.557757703652875,41.31747982453648,5694.035541506761,0.633846153846154,-46.267384607140976,-17.634977629007135,10.32556336385848,9.469958886713664,195.74,-4.0,0.06728777666403163,-4085.027537960519,0.0,-0.04400000000000022,3.7671232876712466,-773085.1261765116,-616022.9090628104
000014.SZ,20190619,9.45,9.57,9.66,9.52,9.54,0.09,0.9524,19490.0,18705.087,51.23,51.88,52.37,51.61,51.72,5.420942,9.5973,2,10.4,8.51,7.8,1,1,0.0021008403361344463,1,0.4165271920341878,1.0,1.0,49.99999999976886,65.06280537481746,41.146803677065336,48.19467694207939,5705.997801047742,0.6498422712933756,-50.89561650509221,-16.920550442762394,10.294485186781483,8.952252716027152,195.56,-4.0,0.06823639076452004,-2502.7186494423913,0.0,-0.0440000000000003,-1.9963702359346556,-735832.3332085398,-633138.5410836289
000014.SZ,20190620,9.54,9.55,9.7,9.46,9.65,0.11,1.153,25751.02,24737.83,51.72,51.77,52.58,51.28,52.31,5.420942,9.6065,-1,10.49,8.59,7.89,1,1,0.011530398322851187,1,0.5706778708641482,1.0,1.0,49.9999999997588,62.41342745582841,44.409679591061554,86.28922616824397,5771.790228523135,0.71280276816609,-75.7411878261709,-12.949151152294222,10.267769480791435,8.856552130711755,195.25,-4.0,0.08402238196686512,-375.7211613290565,0.0,-0.06250000000000036,-19.58333333333333,-680906.6797966396,-639962.5608997734
000014.SZ,20190621,9.65,9.88,9.99,9.71,9.78,0.13,1.3472,39780.13,39092.027,52.31,53.56,54.16,52.64,53.02,5.420942,9.827,-1,10.62,8.69,8.0,1,1,0.013471502590673534,1,0.9447557428457368,1.0,1.0,49.99999999974857,50.777372879850866,48.073663341090935,100.0,5849.544915539508,0.30795847750865063,-91.15135732565177,-8.369960965379812,10.246486463379616,8.677736012279839,194.52,-4.0,0.11064182849318405,2973.5149223931658,0.0,-0.02200000000000042,-31.954022988505727,-577395.1983983275,-631024.3662567097
000014.SZ,20190624,9.78,9.8,10.15,9.76,9.98,0.2,2.045,43434.94,43284.187,53.02,53.13,55.02,52.91,54.1,5.420942,9.9653,-1,10.76,8.8,8.16,1,1,0.020449897750511425,1,1.3142585891993241,1.0,1.0,49.99999999974327,64.71289301380165,53.18580891029245,100.0,5969.167510949315,0.38528138528138517,-81.46368244273017,-1.6932745377092915,10.234011505477294,7.977602188357718,193.76999999999998,-2.0,0.15133833739099428,5582.349567812129,0.0,-0.0005000000000004335,1.5479876160990926,-467032.24006574927,-607596.919658001
000014.SZ,20190625,9.98,9.96,9.96,9.56,9.79,-0.19,-1.9038,24780.03,24238.977,54.1,53.99,53.99,51.82,53.07,5.420942,9.7817,-1,10.98,8.98,8.01,1,1,-0.019038076152304684,0,0.8439591424138971,1.0,1.0,49.99999999973804,56.46997418347459,48.31902586922412,69.89676654782374,5969.167510949315,0.3708920187793424,-82.27586446893848,-7.398466253556359,10.214432388140025,7.798108503240423,194.25,-4.0,0.14860198955973525,4730.123787143701,0.0,-0.03200000000000047,0.6134969325153747,-541731.7402640444,-598187.6083160073
000014.SZ,20190626,9.79,9.8,9.92,9.73,9.78,-0.01,-0.1021,11688.0,11467.64,53.07,53.13,53.78,52.75,53.02,5.420942,9.8115,-1,10.77,8.81,8.0,1,1,-0.0010214504596527396,0,0.43736554391361676,1.0,1.0,49.99999999973344,52.85288834158479,48.06971064023626,68.354640162063,5969.167510949315,0.3910891089108906,-76.84748432007075,-7.695245738552252,10.195337066792177,7.656940543565724,194.04,-4.0,0.14142187742092927,2452.4865694250075,0.0,-0.029500000000000526,-8.361204013377872,-522153.5291502939,-587325.5970066197
000014.SZ,20190627,9.78,9.84,9.84,9.74,9.75,-0.03,-0.3067,18093.12,17702.826,53.02,53.34,53.34,52.8,52.85,5.420942,9.7843,-1,10.76,8.8,7.97,1,1,-0.0030674846625766694,0,0.7312423959509655,1.0,1.0,49.99999999972937,54.49109616936291,47.281525834095525,57.18820809890516,5950.857181161127,0.4030612244897955,-78.81209825442296,-8.620080441944088,10.175958559487563,7.5600466180197765,193.84,-4.0,0.12895785762901346,1883.761999567927,0.0,-0.02800000000000056,-6.802721088435341,-588051.352231631,-587429.2763244784
000014.SZ,20190628,9.75,9.73,9.78,9.59,9.63,-0.12,-1.2308,18310.05,17660.714,52.85,52.75,53.02,51.99,52.2,5.420942,9.6454,-1,10.73,8.78,7.88,1,1,-0.012307692307692242,0,0.7620623823977806,1.0,1.0,49.999999999724444,56.8210938598328,44.162259144827445,30.08015763898852,5877.615862008375,0.40721649484536065,-78.0636420939701,-12.319057542192983,10.153163244707194,7.42662396446797,193.73,-4.0,0.10205427086952645,1621.8391192130402,0.0,-0.02700000000000058,-3.18021201413427,-643371.0813147926,-595420.9627516662
000014.SZ,20190701,9.63,9.75,9.86,9.67,9.81,0.18,1.8692,37693.22,36846.156,52.2,52.85,53.45,52.42,53.18,5.420942,9.7753,-1,10.59,8.67,8.02,1,1,0.01869158878504673,1,1.6353008427522493,1.0,1.0,49.99999999971817,57.80229621842681,49.53982479045997,71.74874173298235,5987.477840737503,0.37980769230769207,-73.85962699237652,-5.571520146729274,10.137732585878997,7.238981253593895,193.47,-2.0,0.10556856971349743,4008.5368468172455,0.0,-0.019500000000000562,-4.285714285714256,-564172.7370037676,-590956.9305019665
000014.SZ,20190702,9.81,9.76,9.84,9.73,9.8,-0.01,-0.1019,19982.13,19569.517,53.18,52.91,53.34,52.75,53.13,5.420942,9.7935,-1,10.79,8.83,8.02,1,1,-0.0010193679918449883,0,0.8475173262872764,1.0,1.0,49.9999999997093,63.23846957097652,49.256013726534796,69.54960443494183,5987.477840737503,0.405128205128205,-82.41087657326901,-5.90209945977979,10.122599287176504,6.9689213858390735,193.4,-2.0,0.10347266023342444,3186.549725662562,0.0,-0.010500000000000486,3.3210332103321676,-505373.79796809354,-578730.7687114133
000014.SZ,20190703,9.8,9.8,10.05,9.68,9.85,0.05,0.5102,40957.03,40429.42,53.13,53.13,54.48,52.47,53.4,5.420942,9.8712,-1,10.78,8.82,8.06,1,1,0.005102040816326481,1,1.7706638562256762,1.0,1.0,49.9999999996969,69.68339240905621,50.7745298783344,81.31597273966702,6018.026197067797,0.40101522842639625,-60.89165192134201,-3.9861044115975535,10.11013580170201,6.6627096866657896,193.46,0.0,0.1053925364369939,5326.94724417102,0.0,-0.006000000000000494,22.43346007604574,-417284.94536009454,-555667.079661225
000014.SZ,20190704,9.85,9.76,10.26,9.76,10.16,0.31,3.1472,85127.22,86073.711,53.4,52.91,55.62,52.91,55.08,5.420942,10.1112,-1,10.84,8.87,8.31,1,1,0.03147208121827427,1,3.5580349158572284,1.0,1.0,49.999999999693145,73.56877235740876,58.97218425678168,100.0,6207.426006315616,0.40540540540540543,-37.43847044471382,6.9954109806074944,10.112676392363966,6.375208862943281,193.68,0.0,0.1426737605012642,12160.304137579751,0.0,0.01599999999999957,26.353790613718473,-205653.82940261532,-505665.1867671379
000014.SZ,20190705,10.16,10.05,10.13,9.92,9.97,-0.19,-1.8701,36313.01,36295.791,55.08,54.48,54.91,53.78,54.05,5.420942,9.9953,-1,11.18,9.14,8.15,1,1,-0.01870078740157477,0,1.3308631150507813,1.0,1.0,49.99999999969053,71.33714336529007,53.13192807092398,68.28434396798863,6207.426006315616,0.38839285714285676,-34.964137707783195,0.17052768611284871,10.105870692596609,5.961410343073676,194.23999999999998,0.0,0.13602160279393463,9681.091037624588,0.0,0.017999999999999617,39.41605839416071,-353121.10168932006,-483873.174613164
000014.SZ,20190708,9.97,9.99,9.99,9.5,9.68,-0.29,-2.9087,40960.02,39606.721,54.05,54.16,54.16,51.5,52.47,5.420942,9.6696,-1,10.97,8.97,7.92,1,1,-0.029087261785356144,0,1.459599379720455,1.0,1.0,49.99999999968841,65.73073858540758,45.69369116151882,25.5079405688955,6026.868981056686,0.3374485596707818,-18.248762523431864,-9.140958838974196,10.087444881745224,5.683937404161945,194.84,-2.0,0.08910801611175387,8296.379093421623,0.0,-0.0005000000000003446,20.127795527156643,-480741.5809130771,-483425.80408458016
000014.SZ,20190709,9.68,9.63,9.73,9.6,9.67,-0.01,-0.1033,15390.02,14884.573,52.47,52.2,52.75,52.04,52.42,5.420942,9.6716,-1,10.65,8.71,7.91,1,1,-0.0010330578512396382,0,0.52363289292201,1.0,1.0,49.999999999687844,61.88335566495421,45.45736847942755,8.744874297539312,6026.868981056686,0.37962962962962976,-24.79962268056436,-9.446495071347382,10.069444359289722,5.590360959564369,195.06,-4.0,0.05495343002102311,3794.6010602274573,0.0,-0.012500000000000445,2.2653721682849124,-551438.305317119,-493141.8756892286
000014.SZ,20190710,9.67,9.68,9.69,9.55,9.56,-0.11,-1.1375,14146.0,13584.986,52.42,52.47,52.53,51.77,51.82,5.420942,9.6034,-1,10.64,8.7,7.82,1,1,-0.011375387797311176,0,0.4979305925726045,1.0,1.0,49.99999999969083,58.57724476552479,42.833112660093164,0.0,6026.868981056686,0.37272727272727296,-26.100176784322677,-12.840243589327907,10.048300051546635,5.505643889913038,194.89999999999998,-4.0,0.01769759541225581,671.3027973595399,0.0,-0.01550000000000038,-3.6544850498337453,-609930.783933336,-509826.0054383868
000014.SZ,20190711,9.56,9.58,9.65,9.49,9.53,-0.03,-0.3138,14358.0,13718.303,51.82,51.93,52.31,51.44,51.66,5.420942,9.5545,-1,10.52,8.6,7.79,1,1,-0.003138075313807609,0,0.5161172047605503,1.0,1.0,49.999999999696676,59.26335131260586,42.11895723196694,0.0,6007.956212287679,0.37442922374429244,-24.885344179629172,-13.76802927646586,10.02701717779855,5.409690583624756,194.79999999999998,-4.0,-0.0093785394628801,-1239.953040235825,0.0,-0.016000000000000368,-2.3569023569022534,-662508.7075048069,-531637.820019304
000014.SZ,20190712,9.53,9.58,9.63,9.46,9.61,0.08,0.8395,15138.01,14446.7,51.66,51.93,52.2,51.28,52.1,5.420942,9.5433,-1,10.48,8.58,7.86,1,1,0.008394543546694555,1,0.5504388135829723,1.0,1.0,49.999999999702055,62.42581480589111,44.76374453443256,15.693061622984311,6058.390262338362,0.3904761904761907,-24.794427684731893,-10.4672954128939,10.00923780837589,5.136411044684209,194.53,-2.0,-0.014593598398784435,-2216.0087313813356,0.0,-0.008000000000000363,-1.3605442176869218,-622009.9229898069,-544548.1204436616
000014.SZ,20190715,9.61,9.62,9.64,9.46,9.57,-0.04,-0.4162,20585.12,19652.35,52.1,52.15,52.26,51.28,51.88,5.420942,9.5469,-1,10.57,8.65,7.83,1,1,-0.004162330905306932,0,0.7543455925229157,1.0,1.0,49.9999999997081,61.556889047910715,43.688816541458976,9.314888520641018,6033.173237313021,0.386792452830189,-21.777761056918052,-11.813889981754226,9.990792725664647,4.852041820305061,194.57999999999998,-2.0,-0.02111615400200581,-1953.9950666261257,0.0,-0.011500000000000288,3.9145907473311325,-658225.9444615322,-560787.8095890717
000014.SZ,20190716,9.57,9.57,9.62,9.52,9.61,0.04,0.418,13380.01,12815.192,51.88,51.88,52.15,51.61,52.1,5.420942,9.5779,-1,10.53,8.61,7.86,1,1,0.004179728317659226,1,0.48336189579740435,1.0,1.0,49.99999999971378,63.71303988320603,45.10834458282317,17.737774174967505,6033.173237313021,0.3720930232558137,-21.274074181387203,-10.071258792738282,9.974485958769455,4.5355378473741546,194.66,-2.0,-0.01785734584599427,-2540.135399249938,0.0,-0.009000000000000341,7.4204946996467385,-610095.6908311092,-567831.7926236484
000014.SZ,20190717,9.61,9.56,9.77,9.55,9.65,0.04,0.4162,16757.11,16167.744,52.1,51.82,52.96,51.77,52.31,5.420942,9.6483,-1,10.57,8.65,7.89,1,1,0.0041623309053071544,1,0.6034715538334363,1.0,1.0,49.999999999718085,63.54726199105694,46.559144123953125,26.346211829036907,6058.285300735761,0.3686635944700456,-15.844967793016723,-8.294644705673734,9.960315911085182,4.191892356652462,194.69,-2.0,-0.008597899987311641,-2270.7024583230523,0.0,-0.0030000000000002915,8.710801393728346,-561737.5856409465,-566961.1916261197
000014.SZ,20190718,9.65,9.6,9.6,9.48,9.48,-0.17,-1.7617,13842.0,13171.939,52.31,52.04,52.04,51.39,51.39,5.420942,9.5159,-1,10.62,8.69,7.75,1,1,-0.01761658031088087,0,0.5009552694390739,1.0,1.0,49.99999999971137,60.26984663008262,41.534723204349234,0.0,6058.285300735761,0.35874439461883384,-20.367052372649088,-14.470543960960017,9.940753454608032,4.057573268016986,194.88,-4.0,-0.022846588570857557,-2277.0697794054104,0.0,-0.014000000000000234,4.69798657718129,-595227.2248375188,-570999.1963706053
000014.SZ,20190719,9.48,9.5,9.97,9.49,9.78,0.3,3.1646,50213.13,49173.821,51.39,51.5,54.05,51.44,53.02,5.420942,9.793,-1,10.43,8.53,8.0,1,1,0.03164556962025311,1,1.857285786895899,1.0,1.0,49.99999999969681,60.99403955413247,51.484599180259,57.06034809764812,6250.00318999955,0.3333333333333331,-8.458917995093929,-1.7426309880962947,9.933231925317862,4.081841269195497,194.71,-4.0,0.008957895391190879,2563.5324405076935,0.0,0.004999999999999805,7.189542483660219,-543035.5047210841,-567004.3832778166
000014.SZ,20190722,9.78,9.73,9.73,9.45,9.54,-0.24,-2.454,28734.0,27416.933,53.02,52.75,52.75,51.23,51.72,5.420942,9.5416,-1,10.76,8.8,7.8,1,1,-0.024539877300613466,0,1.0426960140319435,1.0,1.0,49.999999999682174,54.578539554652664,44.901172417486976,19.305845059755057,6250.00318999955,0.33196721311475463,-11.854007484310767,-10.155096182183271,9.916408170790111,4.295670850429844,194.73000000000002,-6.0,-0.0009831216757761885,2798.7892023586755,0.0,-0.013500000000000244,-5.732484076433053,-615291.4754931534,-573902.5393085789
000014.SZ,20190723,9.54,9.52,9.61,9.48,9.57,0.03,0.3145,19319.15,18479.133,51.72,51.61,52.1,51.39,51.88,5.420942,9.5652,-1,10.49,8.59,7.83,1,1,0.003144654088050425,1,0.720262829952538,1.0,1.0,49.99999999966698,55.183752745246856,45.833566714296815,24.65292107045545,6250.00318999955,0.35526315789473745,-22.330002201890377,-8.927984683511935,9.901385270677752,4.467401552431534,194.23,-4.0,-0.0021045063068721725,1668.621427019878,0.0,-0.0025000000000001245,-3.2679738562091387,-672655.9941626028,-588010.1757162967
000014.SZ,20190724,9.57,9.56,9.97,9.55,9.84,0.27,2.8213,59641.89,58535.802,51.88,51.82,54.05,51.77,53.34,5.420942,9.8145,-1,10.53,8.61,8.05,1,1,0.028213166144200663,1,2.2464566179526084,1.0,1.0,49.999999999658854,58.89898385454029,53.46587637881447,100.0,6426.335568400792,0.31889763779527613,-9.965958239226627,1.4703821453482229,9.898419181690244,4.5003194571334175,193.86,-2.0,0.03299814387157121,6086.3477364185865,0.0,0.01249999999999991,2.7692307692308162,-592319.143414788,-588625.7425303669
000014.SZ,20190725,9.84,9.9,9.9,9.65,9.72,-0.12,-1.2195,47842.28,46503.563,53.34,53.67,53.67,52.31,52.69,5.420942,9.7202,-1,10.82,8.86,7.95,1,1,-0.012195121951219412,0,1.6527536589959613,1.0,1.0,49.99999999965106,56.028296047857545,50.087869950904704,71.6875110183038,6426.335568400792,0.30798479087452524,-3.2881969938957805,-2.867560813334625,9.890166662492499,4.574392408754648,193.92000000000002,-2.0,0.03911219114322757,7083.276827470239,0.0,0.007999999999999919,8.256880733944996,-707017.3342664618,-605538.8270640948
000014.SZ,20190726,9.72,9.67,9.77,9.64,9.73,0.01,0.1029,20215.16,19633.571,52.69,52.42,52.96,52.26,52.75,5.420942,9.7123,-1,10.69,8.75,7.96,1,1,0.0010288065843622185,1,0.6642192224802994,1.0,1.0,49.999999999644444,55.84652168577064,50.369278835553864,74.04611693454855,6426.335568400792,0.3214285714285719,-5.517298974825683,-2.4832412060348443,9.882729074971968,4.604966851764014,193.78,0.0,0.043239683251905234,3847.562178425934,0.0,0.015999999999999924,8.923076923076948,-753882.6507388091,-626730.8018747683
000014.SZ,20190729,9.73,9.73,9.73,9.6,9.66,-0.07,-0.7194,15234.0,14695.479,52.75,52.75,52.75,52.04,52.37,5.420942,9.6465,-1,10.7,8.76,7.9,1,1,-0.007194244604316613,0,0.4989890917951424,1.0,1.0,49.999999999637396,51.58284025793508,48.31573936881266,56.83454118228898,6426.335568400792,0.3360995850622411,-7.725977574711187,-5.095846218858918,9.87266340145641,4.719277475322852,193.88,-2.0,0.03559629291825436,1010.1850934231238,0.0,0.009499999999999887,5.295950155763222,-778557.5222870861,-648420.3333622423
000014.SZ,20190730,9.66,9.65,9.72,9.6,9.61,-0.05,-0.5176,14081.0,13606.134,52.37,52.31,52.69,52.04,52.1,5.420942,9.6628,-1,10.63,8.69,7.86,1,1,-0.005175983436853104,0,0.47883540537076086,1.0,1.0,49.999999999630774,48.685154440393895,46.846570321265816,44.52081906286198,6426.335568400792,0.3306122448979595,-6.8822395536156655,-6.969833567946758,9.861027391954934,4.855323598419291,193.76000000000002,-2.0,0.023447396061792844,-942.4756885072061,0.0,0.005499999999999794,3.1645569620253085,-796690.7342901495,-669601.8192090862
000014.SZ,20190731,9.61,9.59,9.59,9.32,9.34,-0.27,-2.8096,40303.01,38055.904,52.1,51.99,51.99,50.52,50.63,5.420942,9.4424,-1,10.57,8.65,7.64,1,1,-0.02809573361082207,0,1.3844261559644662,1.0,1.0,49.999999999634696,41.76132429064589,39.80734597519473,0.0,6245.782956177252,0.35205992509363276,-10.366855343193453,-16.357907038397144,9.840275095977109,5.171679827922888,193.69,-4.0,-0.019021813187004938,1257.9147364407368,0.0,-0.009500000000000152,-12.07430340557277,-895497.553602567,-701872.638408155
000014.SZ,20190801,9.34,9.35,9.35,9.13,9.19,-0.15,-1.606,26321.0,24273.643,50.63,50.69,50.69,49.49,49.82,5.420942,9.2222,-1,10.27,8.41,7.52,1,1,-0.016059957173447548,0,0.9051547049044694,1.0,1.0,49.9999999996504,29.87282370966517,36.52385523078331,0.0,6245.782956177252,0.39840637450199207,-21.386384603975966,-21.01891319787391,9.815818222738713,5.459542719524866,193.28,-6.0,-0.06290930683917867,811.6887907477071,0.0,-0.03750000000000018,-25.76687116564416,-942796.317276182,-736290.3068178731
000014.SZ,20190802,9.19,8.98,9.07,8.95,9.02,-0.17,-1.8498,21901.66,19722.779,49.82,48.68,49.17,48.52,48.9,5.420942,9.0052,-1,10.11,8.27,7.38,1,1,-0.018498367791077275,0,0.8379017836237891,1.0,1.0,49.99999999967566,30.888360770300935,33.18318933294339,0.0,6245.782956177252,0.417670682730924,-24.269236770835416,-25.942247970330136,9.787753218643344,5.7536048877047286,192.31,-6.0,-0.10779442225793992,-51.308605580240965,0.0,-0.031500000000000215,-37.86982248520707,-974265.0082681475,-770286.692739341
000014.SZ,20190805,9.02,9.01,9.01,8.89,8.9,-0.12,-1.3304,15302.5,13672.335,48.9,48.84,48.84,48.19,48.25,5.420942,8.9347,-1,9.92,8.12,7.28,1,1,-0.013303769401330268,0,0.6020309481085517,1.0,1.0,49.999999999706716,32.636970368329145,31.02594908431674,0.0,6245.782956177252,0.46551724137931066,-40.20440469369365,-29.22057310390968,9.757831950052516,6.045726578033586,191.34,-6.0,-0.14432442407880403,-1408.3956206055818,0.0,-0.021500000000000165,-30.463576158940384,-974969.5180509845,-799527.09635529
000014.SZ,20190806,8.9,8.69,8.85,8.24,8.53,-0.37,-4.1573,30213.13,25686.762,48.25,47.11,47.98,44.67,46.24,5.420942,8.5019,-1,9.79,8.01,6.98,1,1,-0.04157303370786525,0,1.2518257267041228,1.0,1.0,49.99999999974434,31.88309585921472,25.517559097413635,0.0,5986.126810808085,0.6455223880597017,-11.7121781987095,-38.112239106598494,9.721647297603882,6.652039719435598,190.51000000000002,-6.0,-0.20528252685606732,-255.40858019067764,0.0,-0.031500000000000125,-38.41642228739002,-1008895.8484950712,-829436.9180895445
000014.SZ,20190807,8.53,8.56,8.63,8.5,8.53,0.0,0.0,11705.04,10008.551,46.24,46.4,46.78,46.08,46.24,5.420942,8.5506,-1,9.38,7.68,6.98,1,1,0.0,0,0.47052773857061675,0.9666666666666667,1.0,49.999999999717424,34.25835108791166,25.517559097413635,0.0,5986.126810808085,0.6731517509727627,-11.497388496625819,-38.11223910659849,9.686529019973701,7.167125519692146,180.82000000000002,-5.0,-0.23066321395760425,-1854.4243844556281,0.0,-0.027000000000000225,-27.624309392265218,-899893.95071539,-839502.2084646653
000014.SZ,20190808,8.53,8.54,8.63,8.53,8.59,0.06,0.7034,8601.5,7368.99,46.24,46.29,46.78,46.24,46.57,5.420942,8.5671,-1,9.38,7.68,7.03,1,1,0.00703399765533419,1,0.34747414192893694,0.9666666666666667,1.0,49.99999999975597,36.32166817093095,27.924182173724915,8.6109766540859,5986.126810808085,0.6653846153846157,-13.60502020545053,-35.06352640935276,9.652622006760891,7.583787352314974,179.70000000000002,-3.0,-0.22423032082411315,-3124.1278112947375,0.0,-0.02200000000000015,-25.348189415041816,-807831.4178291395,-834977.8098024473
000014.SZ,20190809,8.59,8.6,8.65,8.44,8.44,-0.15,-1.7462,11650.0,9942.018,46.57,46.62,46.89,45.75,45.75,5.420942,8.5339,-1,9.45,7.73,6.9,1,1,-0.017462165308498312,0,0.47616060059178794,0.9666666666666667,1.0,49.99999999978168,33.52492135216062,25.68941121651276,0.6148925438652063,5881.59607488012,0.6479400749063672,-10.613436295178191,-38.628586563949426,9.61718375603776,8.134487294043218,178.89,-5.0,-0.22448686736382273,-3328.526507830251,0.0,-0.031500000000000125,-26.575342465753472,-771062.0722480644,-825846.9901518213
000014.SZ,20190812,8.44,8.45,8.59,8.42,8.57,0.13,1.5403,9550.04,8144.539,45.75,45.81,46.57,45.64,46.46,5.420942,8.5283,-1,9.28,7.6,7.01,1,1,0.01540284360189581,1,0.39313301183969657,0.9666666666666667,1.0,49.99999999979659,36.21155020091018,30.85422847045357,19.094778835187352,5881.59607488012,0.6268115942028983,-10.2549918657415,-32.01655315374363,9.58328320307735,8.53303364277738,177.67000000000002,-3.0,-0.19267323378353501,-3504.036914082829,0.0,-0.02300000000000013,-28.108108108108155,-697333.8809227438,-807487.9745476673
000014.SZ,20190813,8.57,8.57,8.77,8.5,8.59,0.02,0.2334,13465.63,11582.241,46.46,46.46,47.54,46.08,46.57,5.420942,8.6013,-1,9.43,7.71,7.03,1,1,0.002333722287047868,1,0.5672036301187338,0.9666666666666667,1.0,49.99999999980213,36.03765924699816,31.64139886300295,24.64151306273983,5895.322086723481,0.6313868613138683,-1.6602939936309968,-31.004666083301323,9.550648961996316,8.911568686453725,176.65,-3.0,-0.15602710061478514,-2876.4570500546215,0.0,-0.02400000000000011,-24.083769633507877,-617758.7365375677,-780383.7976890816
000014.SZ,20190814,8.59,8.67,8.75,8.58,8.6,0.01,0.1164,13330.0,11555.795,46.57,47.0,47.43,46.51,46.62,5.420942,8.669,-1,9.45,7.73,7.03,1,1,0.0011641443538998875,1,0.5613893464010847,0.9666666666666667,1.0,49.99999999980187,35.36187987387393,32.05788149580088,26.317383534426924,5895.322086723481,0.6383763837638375,-3.756082433084931,-30.478299458727843,9.51917718463642,9.278806144722664,175.68,-3.0,-0.11919383713365284,-2288.9373011155894,0.0,-0.03200000000000012,-26.40000000000002,-532602.8011056832,-744986.5124628819
000014.SZ,20190815,8.6,8.45,8.58,8.31,8.54,-0.06,-0.6977,11351.3,9591.123,46.62,45.81,46.51,45.05,46.29,5.420942,8.4494,-1,9.46,7.74,6.98,1,1,-0.006976744186046546,0,0.48153194974010005,0.9666666666666667,1.0,49.99999999979643,35.64923630360026,30.843639413509198,23.361865959000617,5895.322086723481,0.6653846153846151,3.1864388805188213,-32.19884555784059,9.487563211530814,9.622033041914985,174.63000000000002,-3.0,-0.09283695060300845,-1987.3491044819739,0.0,-0.021500000000000165,-28.31168831168833,-518174.29739183903,-712584.7674527329
000014.SZ,20190816,8.54,8.54,8.83,8.44,8.74,0.2,2.3419,19324.03,16851.472,46.29,46.29,47.87,45.75,47.38,5.420942,8.7205,-1,9.39,7.69,7.15,1,1,0.023419203747072626,1,0.8240956423686341,0.9666666666666667,1.0,49.99999999978678,30.539362922748822,39.12115981361325,63.7798000733702,6033.385835827076,0.6919999999999992,-0.9487022562744714,-21.636396839021174,9.459667141604077,9.906181328104035,173.59,-3.0,-0.04103134635381056,-606.1034179385852,0.0,-0.025500000000000078,-32.43967828418236,-451322.86219299526,-675261.6381299132
000014.SZ,20190819,8.74,9.61,9.61,9.41,9.61,0.87,9.9542,98932.22,94945.214,47.38,52.1,52.1,51.01,52.1,5.420942,9.597,-1,9.61,7.87,7.86,1,1,0.09954233409610969,1,4.516562854553413,0.9666666666666667,0.0,49.999999999795335,46.2050501341941,60.99297729594474,100.0,6633.963144427711,0.5527156549520763,-4.148201739568405,10.94451724880324,9.46760933512854,9.825663277322791,172.54999999999998,-1.0,0.10961847401213531,10524.040325248978,0.0,-0.016000000000000014,-4.263256414560601e-14,-98109.66751042224,-592811.3566128431
000014.SZ,20190820,9.61,9.63,10.28,9.55,9.55,-0.06,-0.6243,183507.4,182069.176,52.1,52.2,55.73,51.77,51.77,5.420942,9.9216,-1,10.57,8.65,7.81,1,1,-0.006243496357960288,0,7.220656367002623,0.9666666666666667,1.0,49.99999999980919,62.81175002689999,59.40779711820172,95.53160960958411,6592.544019696634,0.6455696202531642,17.30014618948232,8.828349205000007,9.471879068484665,9.76175353438415,173.35,-3.0,0.19537392421210437,27791.120955407685,0.0,-0.022500000000000055,15.768463073852274,323215.5741575374,-461950.3665027888
000014.SZ,20190821,9.55,9.5,10.18,9.34,9.79,0.24,2.5131,134768.61,131469.435,51.77,51.5,55.19,50.63,53.07,5.420942,9.7552,-1,10.51,8.6,8.01,1,1,0.025130890052355914,1,4.008150575133307,0.9666666666666667,1.0,49.99999999982582,48.039729323188894,63.494742979303155,100.0,6592.544019696634,0.6517571884984025,25.150945528667176,15.606188893627213,9.48939180586551,9.736315066495099,173.14,-3.0,0.27380469959850173,30920.632009425066,0.0,-0.022000000000000065,4.526748971193356,11680.753629358835,-394288.777912482
000014.SZ,20190822,9.79,10.77,10.77,10.51,10.77,0.98,10.0102,283639.7,304834.404,53.07,58.38,58.38,56.97,58.38,5.420942,10.7472,-1,10.77,8.81,8.81,1,1,0.10010214504596537,1,7.588011929007283,0.9666666666666667,0.0,49.99999999985005,66.7153482141911,74.69739806297093,100.0,7252.471817378218,0.6340852130325813,23.533894580378295,36.04291641966697,9.572352602780263,9.688037943699214,173.02999999999997,-1.0,0.4373591260225778,50176.461605458,0.0,-0.013000000000000077,21.753794266441773,925246.1174454968,-205783.7928613422
000014.SZ,20190823,10.77,10.43,10.6,9.9,10.08,-0.69,-6.4067,243195.38,248086.421,58.38,56.54,57.46,53.67,54.64,5.420942,10.2011,-1,11.85,9.69,8.24,1,1,-0.06406685236768794,0,4.946026829674972,0.9666666666666667,1.0,49.99999999986726,53.933454724252364,60.59718428075096,71.32928029289616,7252.471817378218,0.5417558886509635,34.200715959477314,15.342077963413145,9.60023503405076,9.74755091386985,174.16,-3.0,0.431545787436019,54252.83615132579,0.0,-0.033500000000000085,12.636505460218387,543400.8398867596,-98757.41675447053
000014.SZ,20190826,10.08,9.75,10.43,9.68,10.19,0.11,1.0913,135511.56,135750.793,54.64,52.85,56.54,52.47,55.24,5.420942,10.0177,-1,11.09,9.07,8.33,1,1,0.010912698412698374,1,2.2465869815256365,0.9666666666666667,1.0,49.99999999987986,48.918284758709696,61.83405558607753,73.84427694872663,7252.471817378218,0.5371549893842887,42.8812954808518,17.449974089775264,9.633219738798282,9.759810328691717,174.11,-1.0,0.4210054417204167,39895.543256733894,0.0,-0.008000000000000096,9.559939301972676,151361.86709161522,-63026.090490744
000014.SZ,20190827,10.19,10.15,10.3,9.95,10.06,-0.13,-1.2758,94713.31,95633.092,55.24,55.02,55.84,53.94,54.53,5.420942,10.0971,-1,11.21,9.17,8.23,1,1,-0.012757605495583801,0,1.4278517128243566,0.9666666666666667,1.0,49.99999999988838,52.896550302265446,59.45859804558673,68.9054764376931,7252.471817378218,0.5281837160751567,44.81225406672882,13.92128386793399,9.656371812743801,9.79600113185877,174.69,-1.0,0.37646280665837745,23183.049375686074,0.0,-0.010500000000000042,13.284671532846687,397420.05509899324,2751.9303077898803
000014.SZ,20190828,10.06,9.86,10.17,9.77,10.06,0.0,0.0,80534.93,79766.651,54.53,53.45,55.13,52.96,54.53,5.420942,9.9046,-1,11.07,9.05,8.23,1,1,0.0,0,1.1445416443903533,0.9333333333333333,1.0,49.999999999876636,51.3304256254558,59.45859804558673,68.9054764376931,7252.471817378218,0.5597345132743364,43.62395184429879,13.921283867933987,9.67826792764738,9.740517028900758,165.07999999999998,0.0,0.328677751606591,9215.254659568265,0.0,0.01200000000000001,14.962962962962933,182491.548943541,28429.018684325754
000014.SZ,20190829,10.06,9.85,10.5,9.85,10.24,0.18,1.7893,120927.13,123650.465,54.53,53.4,56.92,53.4,55.51,5.420942,10.2252,-1,11.07,9.05,8.38,1,1,0.017892644135188762,1,1.67081931238841,0.9333333333333333,1.0,49.99999999988035,56.04480909220515,61.81429220188138,70.62257316626226,7382.237714707052,0.5560439560439563,46.952403538911156,17.714151635611575,9.709755458287143,9.645112104116325,165.58,2.0,0.3035906179619928,4644.129514201224,0.0,0.03950000000000005,23.099415204678337,345211.5374314445,73683.66421962844
000014.SZ,20190830,10.24,10.14,10.18,9.68,9.72,-0.52,-5.0781,89764.23,89411.77,55.51,54.97,55.19,52.47,52.69,5.420942,9.9607,-1,11.26,9.22,7.95,1,1,-0.05078125,0,1.1641627744239964,0.9333333333333333,1.0,49.999999999878796,53.64512178213485,52.350660524292735,49.042594689993614,7382.237714707052,0.5163265306122451,50.193782433136576,3.8050907890609538,9.710261856183617,9.711251790250158,166.63,2.0,0.20400853695064877,-2941.2627974662028,0.0,0.01650000000000009,22.383720930232514,77576.0295055611,74239.7164033331
000014.SZ,20190902,9.72,9.72,9.98,9.63,9.85,0.13,1.3374,53466.86,52394.728,52.69,52.69,54.1,52.2,53.4,5.420942,9.7995,-1,10.69,8.75,8.06,1,1,0.01337448559670773,1,0.6641896952699586,0.9333333333333333,1.0,49.99999999987672,52.37861118396625,54.236951002711955,53.34391466007187,7382.237714707052,0.5152749490835032,51.42724405740328,6.706033105505399,9.7173622861837,9.664060617798869,167.24,4.0,0.1454527096155569,-12666.936601479647,0.0,0.028500000000000015,19.94301994301992,-124147.6463986052,45898.664574484785
000014.SZ,20190903,9.85,9.87,10.33,9.81,10.17,0.32,3.2487,91232.17,92588.32,53.4,53.5,56.0,53.18,55.13,5.420942,10.1486,-1,10.84,8.87,8.32,1,1,0.03248730964467006,1,1.1070844193982108,0.9333333333333333,1.0,49.99999999987347,55.73343239124996,58.58324469262664,63.25479533202548,7622.066757215302,0.5061728395061731,43.49261530261392,13.467620577709823,9.741819297788686,9.27815054150739,168.14999999999998,6.0,0.13960013260539106,-13742.376550909292,0.0,0.05150000000000006,35.714285714285694,25675.514002943528,43009.64306426461
000014.SZ,20190904,10.17,10.03,11.19,10.03,11.19,1.02,10.0295,216555.44,233137.812,55.13,54.37,60.66,54.37,60.66,5.420942,10.7657,-1,11.19,9.15,9.15,1,1,0.10029498525073732,1,2.5340405954924208,0.9333333333333333,1.0,49.999999999874674,60.85593660227929,68.76602285260876,83.32770550728684,8386.521830210346,0.48979591836734715,53.52944909225594,30.394134946712075,9.831740378698859,8.78762016687643,178.17999999999998,7.0,0.2561142860293726,1867.169403702872,0.0,0.11100000000000013,40.98360655737702,402297.9313077722,94336.54138476569
000014.SZ,20190905,11.19,11.1,11.48,10.8,10.86,-0.33,-2.9491,242942.05,268746.872,60.66,60.17,62.23,58.55,58.87,5.420942,11.0622,-1,12.31,10.07,8.88,1,1,-0.029490616621983934,0,2.538550978822891,0.9333333333333333,1.0,49.999999999876124,65.50767723047082,63.34017144162986,49.17724969166642,8139.198130123714,0.5154471544715451,57.516930993092906,22.250299620090946,9.891599924789958,8.341971339052847,181.13,5.0,0.27032624242682723,14484.19441757822,0.0,0.09650000000000007,46.401985111662526,1126065.6405630955,241726.41269595566
000014.SZ,20190906,10.86,10.88,10.96,10.44,10.65,-0.21,-1.9337,113220.97,121045.307,58.87,58.98,59.41,56.59,57.73,5.420942,10.6911,-1,11.95,9.77,8.71,1,1,-0.01933701657458553,0,1.054021347678005,0.9333333333333333,1.0,49.99999999987779,62.35489004639356,60.09085214269202,34.63678581717981,8139.198130123714,0.5104669887278588,57.7182197821539,17.341185294531567,9.933976859910247,7.786628448309803,183.44000000000003,5.0,0.2343722605408241,4606.291412218576,0.0,0.09300000000000005,38.987043580683164,726915.4568393296,311039.13328786625
000014.SZ,20190909,10.65,10.76,10.79,10.56,10.71,0.06,0.5634,79242.96,84526.075,57.73,58.33,58.49,57.25,58.06,5.420942,10.6667,-1,11.72,9.59,8.76,1,1,0.005633802816901401,1,0.7044028547410587,0.9333333333333333,1.0,49.999999999879684,63.56364909607443,60.71100776276764,37.41193641355766,8139.198130123714,0.5162866449511406,56.30136763658481,18.327549157033896,9.977703010508327,7.295388935524948,185.57999999999998,5.0,0.20278736422722055,-6643.481240043759,0.0,0.08450000000000006,37.209302325581376,872961.1338890782,391313.7048023251
000014.SZ,20190910,10.71,10.66,10.85,10.48,10.68,-0.03,-0.2801,70927.17,75682.586,58.06,57.79,58.82,56.81,57.9,5.420942,10.6705,-1,11.78,9.64,8.74,1,1,-0.0028011204481793728,0,0.6115397367440994,0.9333333333333333,1.0,49.9999999998813,61.42569328071435,60.20723854710571,35.15760638086274,8139.198130123714,0.5154471544715451,54.14186107472387,17.589030978757147,10.017027973581481,6.7965192246547605,187.93,3.0,0.16364728565354547,-14872.83584251962,0.0,0.08450000000000006,34.588235294117624,651973.9224228594,428550.87874811573
000014.SZ,20190911,10.68,10.68,10.79,10.54,10.58,-0.1,-0.9363,45432.76,48396.765,57.9,57.9,58.49,57.14,57.35,5.420942,10.6524,-1,11.75,9.61,8.65,1,1,-0.009363295880149725,0,0.3822556933980998,0.9333333333333333,1.0,49.999999999882334,60.05211739868022,58.46571684537355,37.2520337886939,8139.198130123714,0.5080128205128209,52.985759289147936,15.069096984174243,10.04787591772783,6.303844537524299,190.14000000000001,1.0,0.11251609460128631,-22936.355150657546,0.0,0.0830000000000001,33.01886792452828,428804.96284680255,428587.1764764996
000014.SZ,20190912,10.58,10.6,10.78,10.56,10.68,0.1,0.9452,47218.37,50461.728,57.35,57.46,58.44,57.25,57.9,5.420942,10.6869,-1,11.64,9.52,8.74,1,1,0.009451795841209698,1,0.39198540980272467,0.9333333333333333,1.0,49.99999999988318,61.078128207502935,59.72044468185732,44.89565329211116,8216.128169160798,0.4840764331210197,49.32654925175125,16.94269570034003,10.083077010203073,5.661274551372136,192.1,3.0,0.08182010666695594,-26939.058219067258,0.0,0.0825000000000001,37.545565006075314,470112.58099799976,434519.3771224282
000014.SZ,20190916,10.68,10.66,10.67,10.37,10.39,-0.29,-2.7154,69902.43,73289.154,57.9,57.79,57.84,56.22,56.32,5.420942,10.4845,-1,11.75,9.61,8.5,1,1,-0.027153558052434357,0,0.571785629968378,0.9333333333333333,1.0,49.999999999881645,59.09311338692089,54.57179076510624,13.530802405635137,7993.031055953249,0.3359497645211936,43.9405805655614,9.564421657610037,10.099090267284277,5.325153886185518,194.34,1.0,0.015577380210123115,-25457.91195478693,0.0,0.05900000000000007,32.43574051407585,272322.5541998949,411348.4024192092
000014.SZ,20190917,10.39,10.4,10.44,10.03,10.09,-0.3,-2.8874,45595.32,46616.626,56.32,56.38,56.59,54.37,54.7,5.420942,10.224,-1,11.43,9.35,8.25,1,1,-0.028873917228104062,0,0.3654004541888957,0.9333333333333333,1.0,49.999999999878895,56.485762542144556,49.78969696290632,0.0,7993.031055953249,0.3689655172413798,44.61765962022572,2.520840993204169,10.09864648545245,5.737224015340872,196.04000000000002,-1.0,-0.07078465739289919,-26556.9489512107,0.0,0.04350000000000005,17.771883289124624,109424.82037686696,368216.4621274461
000014.SZ,20190918,10.09,10.14,10.27,10.06,10.09,0.0,0.0,31317.0,31778.821,54.7,54.97,55.67,54.53,54.7,5.420942,10.1475,-1,11.1,9.08,8.25,1,1,0.0,0,0.25645511221753686,0.9,1.0,49.99999999986615,52.45643210838263,49.78969696290632,0.0,7993.031055953249,0.3728222996515684,29.99858389858385,2.520840993204173,10.098224368804726,6.108445012998738,185.76000000000002,0.0,-0.12677791788581216,-27875.0249375482,0.0,0.04500000000000002,7.102272727272698,-39133.54788298905,310023.6035545268
000014.SZ,20190919,10.09,10.17,10.19,9.93,10.16,0.07,0.6938,33268.0,33467.888,54.7,55.13,55.24,53.83,55.08,5.420942,10.0601,-1,11.1,9.08,8.31,1,1,0.0069375619425173785,1,0.29053647177872616,0.9333333333333333,1.0,49.99999999986305,54.70544012319964,50.952779246909486,6.129122627654267,8048.48320401239,0.33213644524236996,13.784261863355578,4.114539894480504,10.101287102813577,6.445880607203149,186.35,0.0,-0.151577932533702,-27126.32720218305,0.0,0.030000000000000072,8.3333333333333,-180727.29017361742,239916.3330219348
000014.SZ,20190920,10.16,10.14,10.22,10.0,10.08,-0.08,-0.7874,32595.6,32906.585,55.08,54.97,55.4,54.21,54.64,5.420942,10.0954,-1,11.18,9.14,8.24,1,1,-0.007874015748031482,0,0.2978660762663665,0.9333333333333333,1.0,49.999999999859895,48.64232430407886,49.54039238029028,0.0,8048.48320401239,0.3961456102783728,11.977169049523571,2.106300952211706,10.100252080277253,6.816837337705039,186.78000000000003,-2.0,-0.17432638962759817,-25394.4758423005,0.0,0.027000000000000045,-8.873720136518799,-117326.28996999853,188881.67259451578
000014.SZ,20190923,10.08,10.08,10.41,10.03,10.37,0.29,2.877,68048.5,69683.329,54.64,54.64,56.43,54.37,56.22,5.420942,10.2402,-1,11.09,9.07,8.48,1,1,0.028769841269841168,1,0.7024130572557606,0.9333333333333333,1.0,49.9999999998564,57.14742465324415,54.467581232101445,25.628230288236587,8280.036788254809,0.4332552693208434,2.6074348993986884,8.817496851881407,10.114229839041649,6.863085949248007,186.04,0.0,-0.14697406215138625,-18468.445698811607,0.0,0.05899999999999998,5.14705882352937,27661.769160029246,165850.25781816058
000014.SZ,20190924,10.37,10.2,10.38,10.15,10.17,-0.2,-1.9286,48320.03,49472.289,56.22,55.29,56.27,55.02,55.13,5.420942,10.2385,-1,11.41,9.33,8.32,1,1,-0.01928640308582441,0,0.5483382942863072,0.9333333333333333,1.0,49.99999999985228,59.99831959805982,50.78456401620767,6.471421770582649,8280.036788254809,0.42431192660550493,-11.383801935165547,3.6585766475278523,10.116982722615148,7.05735629210875,186.74,-2.0,-0.1518597146478725,-15650.877782353346,0.0,0.035500000000000045,11.610486891385747,-132352.02336969366,123249.9319341814
000014.SZ,20190925,10.17,10.23,10.46,10.18,10.19,0.02,0.1967,53334.0,54848.065,55.13,55.46,56.7,55.19,55.24,5.420942,10.2839,-1,11.19,9.15,8.33,1,1,0.001966568338249708,1,0.6367382611590682,0.9333333333333333,1.0,49.99999999984697,59.04278805927001,51.14035964521483,11.594151310776404,8296.320046442133,0.4352941176470591,-12.419414557078124,4.1369727284110684,10.120603578912162,7.185151128495296,186.60999999999999,0.0,-0.14826950337324202,-12362.435009438359,0.0,0.03799999999999999,8.34951456310678,-45477.02833836479,99146.0804666748
000014.SZ,20190926,10.19,10.06,10.14,9.58,9.65,-0.54,-5.2993,57676.07,56608.657,55.24,54.53,54.97,51.93,52.31,5.420942,9.8149,-1,11.21,9.17,7.89,1,1,-0.05299313052011767,0,0.7060160238365684,0.9333333333333333,1.0,49.99999999984422,59.88500740930452,42.2575216445894,0.0,7856.6720753843565,0.3966597077244263,-6.519659295002328,-8.742115300026015,10.100152965986561,7.676160962728918,196.8,-1.0,-0.21069283698496644,-9008.824289496584,0.0,0.007499999999999929,0.17953321364451824,-151875.79768436274,63285.81215938373
000014.SZ,20190927,9.65,9.64,9.72,9.48,9.54,-0.11,-1.1399,28877.06,27780.067,52.31,52.26,52.69,51.39,51.72,5.420942,9.6201,-1,10.62,8.69,7.8,1,1,-0.011398963730570033,0,0.35850145189868876,0.9333333333333333,1.0,49.99999999984209,55.736731898502605,40.70643987342996,0.0,7856.6720753843565,0.4237288135593223,-17.007030844123484,-11.099654548743501,10.076439731614299,8.281533856152233,196.67,-3.0,-0.25585644486152,-9999.609049524743,0.0,-0.01700000000000017,-13.074204946996453,-262164.3519956701,16792.931565804618
000014.SZ,20190930,9.54,9.56,9.58,9.4,9.4,-0.14,-1.4675,19446.99,18427.291,51.72,51.82,51.93,50.96,50.96,5.420942,9.4757,-1,10.49,8.59,7.69,1,1,-0.01467505241090139,0,0.2560605229582302,0.9333333333333333,1.0,49.99999999984237,58.30482411266895,38.75661099166657,0.0,7856.6720753843565,0.47926267281106033,-25.085639704847175,-14.073559609883384,10.048761608625698,8.75360715375603,196.01000000000002,-3.0,-0.29108035130628757,-11166.48602257068,0.0,-0.004000000000000181,-10.218978102189773,-337082.9314385625,-33760.76314910497
000014.SZ,20191008,9.4,9.4,9.61,9.39,9.4,0.0,0.0,18489.53,17532.076,50.96,50.96,52.1,50.9,50.96,5.420942,9.4822,-1,10.34,8.46,7.69,1,1,0.0,0,0.25527099157663696,0.9,0.0,49.99999999982578,60.854900760479,38.75661099166656,0.0,7856.6720753843565,0.49643705463182924,-27.247207993093898,-14.073559609883379,10.022216001153806,9.261286102560977,186.38,-4.0,-0.29969537320797557,-11275.709530493568,0.0,-0.01050000000000013,-6.214689265536748,-297413.4546228726,-71425.4333596432
000014.SZ,20191009,9.4,9.37,9.7,9.32,9.61,0.21,2.234,25478.99,24434.286,50.96,50.79,52.58,50.52,52.1,5.420942,9.59,-1,10.34,8.46,7.86,1,1,0.022340425531914843,1,0.360472912237594,0.9,1.0,49.999999999830486,58.98262645027475,43.46739309309357,22.470995386837288,8032.1934728131555,0.5268292682926835,-28.285566813711,-8.06523088451582,10.004169818824385,9.70504857490142,185.89,-4.0,-0.263694362912984,-9676.283299108061,0.0,-0.013500000000000156,-11.683168316831704,-240400.24679902557,-95564.6924224121
000014.SZ,20191010,9.61,9.69,9.69,9.57,9.64,0.03,0.3122,17792.0,17142.73,52.1,52.53,52.53,51.88,52.26,5.420942,9.6351,-1,10.57,8.65,7.88,1,1,0.003121748178980255,1,0.26399795282882443,0.9,1.0,49.999999999833946,51.58392528558053,44.128558798436266,33.96703599785478,8032.1934728131555,0.6945337620578784,-58.80032852857955,-7.216037118088882,9.988079762180332,10.024867947833428,185.43,-4.0,-0.2239894666231988,-8940.932376470028,0.0,-0.07400000000000011,-27.02702702702701,-177987.36511616292,-107339.35995009079
000014.SZ,20191011,9.64,9.72,9.82,9.63,9.72,0.08,0.8299,22856.05,22245.557,52.26,52.69,53.23,52.2,52.69,5.420942,9.7329,-1,10.6,8.68,7.95,1,1,0.008298755186721962,1,0.39779891809930645,0.9,0.0,49.99999999983632,39.11579326822194,45.94410693620583,45.74826273963023,8098.850680056418,0.5734265734265741,-70.72230951754446,-4.902107462930013,9.97593984769691,10.214471415167864,183.57999999999998,-2.0,-0.17715215893620137,-7137.854066367065,0.0,-0.0620000000000001,-48.42105263157892,-106084.06159852853,-107160.03161415333
000014.SZ,20191014,9.72,9.73,9.86,9.66,9.8,0.08,0.823,31442.96,30747.077,52.69,52.75,53.45,52.37,53.13,5.420942,9.7787,-1,10.69,8.75,8.02,1,1,0.008230452674897082,1,0.6768915605122623,0.9,1.0,49.99999999983484,46.74323323146368,47.77181777907942,57.38160437864413,8165.507887299681,0.5604395604395604,-76.53698547521826,-2.5718968143206755,9.967777235489345,10.333477732097034,182.28,0.0,-0.12789591742272452,-4294.155256009151,0.0,-0.04700000000000006,-38.554216867469904,-7510.905640977668,-92924.44218941395
000014.SZ,20191015,9.8,9.8,10.15,9.59,9.9,0.1,1.0204,50007.68,49030.51,53.13,53.13,55.02,51.99,53.67,5.420942,9.8046,-1,10.78,8.82,8.1,1,1,0.010204081632652962,1,1.180454036526302,0.9,1.0,49.99999999983138,44.480603161018024,50.0455199722177,71.85367171975915,8248.829396353758,0.5523465703971121,-53.81274411017605,0.3409270240615936,9.964538744708332,10.417663547764192,181.31,0.0,-0.07686142140236246,336.02122999067797,0.0,-0.03950000000000013,-23.83720930232556,117706.11660894845,-62834.36236107646
000014.SZ,20191016,9.9,9.77,9.84,9.64,9.65,-0.25,-2.5253,29737.53,28959.285,53.67,52.96,53.34,52.26,52.31,5.420942,9.7383,-1,10.89,8.91,7.89,1,1,-0.025252525252525304,0,0.727055410465854,0.9,1.0,49.999999999823544,47.13767335611652,44.79521005882408,38.43555792382667,8248.829396353758,0.49163879598662225,-55.74961116825507,-6.6362616869778135,9.950554690874878,10.589600273802773,180.35999999999999,0.0,-0.07188484446501744,885.7385943803201,0.0,-0.046500000000000076,-28.610354223433227,-12040.617622557562,-55578.11311271662
000014.SZ,20191017,9.65,9.58,9.7,9.52,9.54,-0.11,-1.1399,16072.6,15444.542,52.31,51.93,52.58,51.61,51.72,5.420942,9.6092,-1,10.62,8.69,7.8,1,1,-0.011398963730570033,0,0.41379601356974727,0.9333333333333333,1.0,49.99999999981594,49.204845991144445,42.67382891051439,24.933010876477837,8248.829396353758,0.48666666666666664,-54.76860106774364,-9.549281591836936,9.932871373381795,10.786597441775676,179.27,0.0,-0.07800457333490815,-309.87321825143954,0.0,-0.043500000000000136,-30.133333333333304,-91763.95970238757,-60747.51976838391
000014.SZ,20191018,9.54,9.56,9.61,9.38,9.39,-0.15,-1.5723,20686.12,19576.605,51.72,51.82,52.1,50.85,50.9,5.420942,9.4636,-1,10.49,8.59,7.68,1,1,-0.015723270440251458,0,0.553492027865323,0.9333333333333333,1.0,49.999999999809496,44.31048216082969,39.899022788612314,9.225088694112186,8119.130820939392,0.4426229508196724,-50.279797156416485,-13.426541850739449,9.910491253322796,10.951884028673318,178.32,-2.0,-0.0956860703179499,-203.06538136090967,0.0,-0.05600000000000014,-33.33333333333333,-179594.4888686575,-77725.65821128014
000014.SZ,20191021,9.39,9.41,9.49,9.22,9.42,0.03,0.3195,15731.03,14692.826,50.9,51.01,51.44,49.98,51.07,5.420942,9.34,-1,10.33,8.45,7.7,1,1,0.0031948881789136685,1,0.4364006070592456,0.9333333333333333,1.0,49.99999999980307,48.229245284476264,40.72911647836358,15.928177661550347,8119.130820939392,0.4444444444444449,-46.76698326585498,-12.412087899972091,9.890033584379049,11.026532360828153,176.85999999999999,0.0,-0.09649491939259502,-506.3550287974467,0.0,-0.04200000000000017,-32.81249999999997,-242632.81307042926,-101283.82319115859
000014.SZ,20191022,9.42,9.47,9.49,9.37,9.44,0.02,0.2123,10115.33,9536.715,51.07,51.34,51.44,50.79,51.17,5.420942,9.428,-1,10.36,8.48,7.72,1,1,0.002123142250530785,1,0.30341147856213624,0.9333333333333333,1.0,49.9999999997965,52.60805028513908,41.311079147716725,22.628122526730227,8119.130820939392,0.49402390438247096,-54.991055134084384,-11.710957887672427,9.871113091958476,10.989730623678092,175.79,2.0,-0.08774234026684924,-1133.9499782741004,0.0,-0.028000000000000202,-21.095890410958944,-214660.84789882367,-117480.54100653932
000014.SZ,20191023,9.44,9.44,9.47,9.33,9.36,-0.08,-0.8475,13014.62,12233.76,51.17,51.17,51.34,50.58,50.74,5.420942,9.4,-1,10.38,8.5,7.66,1,1,-0.008474576271186418,0,0.41231626382339354,0.9333333333333333,1.0,49.99999999979164,54.30749737421164,39.63469360762999,7.778277045870556,8050.3246275416,0.47876447876447953,-54.73349976569128,-13.970240897076883,9.850174550922505,10.985697757765053,185.26,1.0,-0.08601921806308849,-842.5156040921793,0.0,-0.029500000000000172,-18.18181818181821,-244546.83246505843,-135632.86835775635
000014.SZ,20191024,9.36,9.36,9.45,9.34,9.34,-0.02,-0.2137,10095.15,9471.089,50.74,50.74,51.23,50.63,50.63,5.420942,9.3818,-1,10.3,8.42,7.64,1,1,-0.002136752136752129,0,0.3293736810260528,0.9333333333333333,1.0,49.99999999978823,56.562380539612974,39.206353726271786,3.9839344561999166,8050.3246275416,0.48818897637795367,-58.234727357741846,-14.545699593724425,9.829414260763377,11.017350149534526,184.78,-1.0,-0.0809381773320742,-731.0880014110699,0.0,-0.03000000000000016,-15.54252199413493,-275878.78437363834,-155667.99921716808
000014.SZ,20191025,9.34,9.35,9.48,9.35,9.44,0.1,1.0707,12767.0,12034.606,50.63,50.69,51.39,50.69,51.17,5.420942,9.4263,-1,10.27,8.41,7.72,1,1,0.01070663811563155,1,0.43291332117048203,0.9333333333333333,1.0,49.99999999978454,54.94149829977174,42.549544581887126,33.59876137503758,8136.516540042045,0.484375000000001,-58.81810279098855,-10.650192289786185,9.812845646802034,10.976498538069258,183.9,1.0,-0.05851810107852351,-23.01011730083337,0.0,-0.02250000000000014,-16.91394658753709,-248321.84762572794,-168904.26327553377
000014.SZ,20191028,9.44,9.42,9.53,9.34,9.51,0.07,0.7415,20123.0,19025.556,51.17,51.07,51.66,50.63,51.55,5.420942,9.4546,-1,10.38,8.5,7.78,1,1,0.00741525423728806,1,0.7060835043131691,0.9333333333333333,1.0,49.999999999778765,50.44010100725351,44.83639794725931,51.94167238733222,8196.850878792357,0.5299145299145308,-62.06885348445112,-7.945218396120075,9.799570223051534,10.955598926983619,183.21,1.0,-0.030101235956724426,1619.833456098895,0.0,-0.032500000000000105,-21.98142414860684,-199704.03624658583,-173304.23084282692
000014.SZ,20191029,9.51,9.54,9.55,9.31,9.32,-0.19,-1.9979,20679.03,19399.986,51.55,51.72,51.77,50.47,50.52,5.420942,9.3815,-1,10.46,8.56,7.62,1,1,-0.019978969505783373,0,0.7922032662141983,0.9333333333333333,1.0,49.99999999976651,53.60177830803523,40.16320754306834,8.827743712801134,8033.086245041511,0.5321888412017176,-55.49396358001696,-13.955126884550667,9.779920433055146,10.932310652348056,182.38,1.0,-0.032531937155323376,2890.8411523711584,0.0,-0.04200000000000008,-27.388535031847177,-242388.33239092154,-183173.38820684043
000014.SZ,20191030,9.32,9.33,9.36,8.99,9.05,-0.27,-2.897,25919.02,23649.312,50.52,50.58,50.74,48.73,49.06,5.420942,9.1243,-1,10.25,8.39,7.4,1,1,-0.02896995708154504,0,1.048455821429249,0.9333333333333333,1.0,49.999999999758074,45.089841615184575,34.63819947407551,0.0,7800.3680812903085,0.4496124031007759,-43.9464487051272,-21.610493524677068,9.752673717572552,10.918249303248906,181.57,-1.0,-0.06430655327902501,4453.410958326182,0.0,-0.054000000000000006,-37.278106508875794,-301248.2165043572,-200041.22082077138
000014.SZ,20191031,9.05,9.06,9.1,8.84,8.9,-0.15,-1.6575,22047.86,19790.76,49.06,49.11,49.33,47.92,48.25,5.420942,8.9763,-1,9.96,8.15,7.28,1,1,-0.016574585635359185,0,0.9442181431846015,0.9333333333333333,1.0,49.9999999997564,49.11946965822406,32.00415518462718,0.0,7800.3680812903085,0.598173515981736,-51.162625994511934,-25.48730903461608,9.722418949376463,10.716326790729607,180.48000000000002,-1.0,-0.09734488195036628,4943.758915090257,0.0,-0.0415,-30.263157894736906,-365755.38883949595,-223714.6733948749
000014.SZ,20191101,8.9,8.91,9.13,8.85,9.1,0.2,2.2472,15683.73,14149.458,48.25,48.3,49.49,47.98,49.33,5.420942,9.0217,-1,9.79,8.01,7.44,1,1,0.022471910112359383,1,0.7271429533458412,0.9333333333333333,1.0,49.99999999975594,54.34890292785093,38.697863656364426,37.10200725136611,7800.3680812903085,0.5745614035087732,-44.138097774148186,-17.342381346811408,9.697920059776425,10.355357405147412,179.61,1.0,-0.08454912403301451,4406.895269693239,0.0,-0.026999999999999958,-17.735849056603797,-319980.7319140843,-237466.9674690477
000014.SZ,20191104,9.1,9.11,9.27,9.11,9.15,0.05,0.5495,13717.01,12596.52,49.33,49.38,50.25,49.38,49.6,5.420942,9.1831,-1,10.01,8.19,7.48,1,1,0.005494505494505475,1,0.6560240076777278,0.9333333333333333,1.0,49.999999999755346,58.36768980595062,40.28065670815503,64.49770064847328,7800.3680812903085,0.598173515981736,-42.12959738925469,-15.371759264629754,9.67583934038476,9.864519799974698,179.13,3.0,-0.06264881795879407,3805.5592322281555,0.0,-0.016999999999999904,-2.5270758122743757,-264723.2769640922,-241360.72596833977
000014.SZ,20191105,9.15,9.22,9.22,9.03,9.13,-0.02,-0.2186,9931.0,9056.65,49.6,49.98,49.98,48.95,49.49,5.420942,9.1196,-1,10.07,8.24,7.47,1,1,-0.0021857923497267118,0,0.4815541158984526,0.9333333333333333,1.0,49.99999999975401,55.086719506428096,39.83757270660742,61.04480461351138,7800.3680812903085,0.5927601809954761,-40.103683303282686,-15.965969363055803,9.653996921407265,9.356236476037608,188.35,2.0,-0.04498169132300145,2954.4568627078115,0.0,-0.021499999999999898,-6.382978723404243,-278750.6172556354,-246702.13900938202
000014.SZ,20191106,9.13,9.13,9.14,8.96,9.01,-0.12,-1.3143,13518.01,12235.609,49.49,49.49,49.55,48.57,48.84,5.420942,9.0513,-1,10.04,8.22,7.37,1,1,-0.013143483023001168,0,0.6693778976860255,0.9666666666666667,1.0,49.99999999975341,50.33237968673567,37.19395971796764,40.44347219219794,7697.84407584071,0.6179245283018873,-45.396081577274536,-19.534284780549754,9.629320886702425,9.033919885647405,188.17,0.0,-0.043554989910844444,2925.7460061699458,0.0,-0.03949999999999996,-12.455516014234867,-309737.0330268513,-255707.12386902052
000014.SZ,20191107,9.01,9.08,9.17,9.0,9.12,0.11,1.2209,12363.01,11254.083,48.84,49.22,49.71,48.79,49.44,5.420942,9.103,-1,9.91,8.11,7.46,1,1,0.01220865704772467,1,0.6308676402949017,0.9666666666666667,1.0,49.99999999975221,49.531196683138255,41.05536522385962,70.5349034199215,7697.84407584071,0.5954545454545463,-39.996016316135254,-14.829400220620641,9.608664141273563,8.854685984942687,187.6,0.0,-0.022926866456668304,2802.082921174828,0.0,-0.03500000000000005,-21.538461538461554,-271769.6578181014,-258001.7715760321
000014.SZ,20191108,9.12,9.15,9.32,9.14,9.23,0.11,1.2061,17842.0,16491.287,49.44,49.6,50.52,49.55,50.04,5.420942,9.243,-1,10.03,8.21,7.55,1,1,0.01206140350877205,1,0.9232415371552456,0.9666666666666667,1.0,49.99999999974847,48.7234103001244,44.715776586625836,99.06001341414203,7790.690879387035,0.5874439461883414,-37.313208672603984,-10.261094314401573,9.592482757625817,8.742038616900079,187.09,0.0,0.008707230988531378,3465.7332155710974,0.0,-0.03100000000000005,-20.610687022900805,-213448.56504932515,-251637.02778650256
000014.SZ,20191111,9.23,9.15,9.17,8.97,8.99,-0.24,-2.6002,12680.71,11454.359,50.04,49.6,49.71,48.63,48.73,5.420942,9.0329,-1,10.15,8.31,7.35,1,1,-0.02600216684723733,0,0.6647926470291029,0.9666666666666667,1.0,49.99999999973873,42.451626335311246,39.0220233856024,54.689334754572,7790.690879387035,0.548117154811716,-34.05537140286799,-17.77397241351254,9.568892393888236,8.777134233034493,186.66,-2.0,0.0008891378361345903,3222.0919073370424,0.0,-0.04250000000000007,-27.272727272727266,-236227.39152069367,-249435.6511771013
000014.SZ,20191112,8.99,8.99,9.08,8.88,9.04,0.05,0.5562,13381.0,11995.266,48.73,48.73,49.22,48.14,49.01,5.420942,8.9644,-1,9.89,8.09,7.39,1,1,0.005561735261401468,1,0.7377910224710601,0.9666666666666667,1.0,49.99999999972539,31.37921755750064,40.71566402700573,67.88765614493144,7834.020639561601,0.4273504273504277,-46.89970299232789,-15.650684258748083,9.547648721733365,8.738937583396043,185.95000000000002,-2.0,0.005765231784208569,3163.3507642510413,0.0,-0.04500000000000011,-44.313725490196134,-268284.903204834,-252128.4014667774
000014.SZ,20191113,9.04,9.07,9.07,8.86,9.0,-0.04,-0.4425,13125.03,11705.706,49.01,49.17,49.17,48.03,48.79,5.420942,8.9186,-1,9.94,8.14,7.36,1,1,-0.004424778761061843,0,0.8049578914456814,0.9666666666666667,1.0,49.999999999712514,33.25547842733644,39.76415120664147,60.47264040711286,7834.020639561601,0.4037558685446012,-42.11217685650439,-16.912115825506692,9.525980639085894,8.562738992483657,185.12,-2.0,0.0068418637608592126,3094.3182956777273,0.0,-0.04250000000000016,-37.16814159292043,-300608.84596826276,-259054.1792527039
000014.SZ,20191114,9.0,9.05,9.09,8.91,9.07,0.07,0.7778,11701.36,10562.728,48.79,49.06,49.28,48.3,49.17,5.420942,9.0269,-1,9.9,8.1,7.42,1,1,0.007777777777777883,1,0.756164952234993,0.9666666666666667,1.0,49.99999999969633,37.58655306638513,42.30519732086629,80.27468250706768,7834.020639561601,0.36842105263157937,-38.7133941950375,-13.777720275486056,9.507258881841976,8.28818068269948,184.32999999999998,0.0,0.019504919802776965,2866.361870346569,0.0,-0.03950000000000013,-29.953917050691253,-261083.05833991908,-259344.0191223061
000014.SZ,20191115,9.07,9.08,9.08,8.8,8.89,-0.18,-1.9846,11721.01,10516.736,49.17,49.22,49.22,47.7,48.19,5.420942,8.9726,-1,9.98,8.16,7.27,1,1,-0.019845644983461974,0,0.7682859738735797,0.9666666666666667,1.0,49.99999999968409,38.84583047669972,37.88005483094834,46.22462753175836,7678.549447155748,0.3537735849056608,-31.820133553364222,-19.611362738743228,9.48363002453308,8.135565049084626,183.8,0.0,0.0068130160935392925,2728.4304428589785,0.0,-0.04050000000000011,-28.97196261682246,-271273.5256147474,-261048.234335512
000014.SZ,20191118,8.89,8.89,9.12,8.81,8.97,0.08,0.8999,11735.02,10559.548,48.19,48.19,49.44,47.76,48.63,5.420942,8.9983,-1,9.78,8.0,7.34,1,1,0.008998875140607376,1,0.7924893344184823,0.9666666666666667,1.0,49.999999999671864,43.390281856118946,40.84181923909509,69.5242862808859,7747.647754891682,0.3456221198156685,-26.016807661131125,-15.94147315660214,9.463070508721277,7.975167796360743,183.39000000000001,0.0,0.012064102327665582,2647.2170251636016,0.0,-0.0370000000000001,-20.792079207920878,-236460.72318385544,-257535.73274241824
000014.SZ,20191119,8.97,8.95,9.1,8.93,9.05,0.08,0.8919,11377.26,10272.415,48.63,48.52,49.33,48.41,49.06,5.420942,9.0289,-1,9.87,8.07,7.4,1,1,0.008918617614269708,1,0.7788378897993873,1.0,1.0,49.999999999658954,43.54376719359437,43.730991219195744,92.25287367923613,7747.647754891682,0.33632286995515714,-21.975249377410684,-12.314108086776447,9.445822672540194,7.7943393637313045,182.95,0.0,0.028258739897889462,2552.3261699176655,0.0,-0.03049999999999997,-22.613065326633212,-190341.84205990782,-247936.60550205962
000014.SZ,20191120,9.05,9.08,9.08,8.88,8.92,-0.13,-1.4365,14227.01,12743.669,49.06,49.22,49.22,48.14,48.35,5.420942,8.9574,-1,9.96,8.15,7.3,1,1,-0.01436464088397793,0,0.9697308479058971,1.0,1.0,49.99999999964803,43.45779309906681,40.287733947114724,41.130677377139854,7636.355577197105,0.3289473684210527,-17.47414510220014,-16.76831998079907,9.424982146622238,7.6113849735123775,182.56,0.0,0.023595807584157802,2857.41121934257,0.0,-0.034499999999999975,-23.000000000000043,-213890.34514999492,-243072.85402319324
000014.SZ,20191121,8.92,8.92,9.02,8.86,8.94,0.02,0.2242,9728.73,8680.544,48.35,48.35,48.9,48.03,48.46,5.420942,8.9226,-1,9.81,8.03,7.31,1,1,0.0022421524663676085,1,0.6603937587426199,1.0,1.0,49.99999999963697,43.58231229601211,41.05666287350283,51.35332623731177,7636.355577197105,0.3289473684210527,-14.00854267764282,-15.815586998417988,9.405540271703362,7.402477443285175,181.97000000000003,2.0,0.025195712689324412,2452.819519886254,0.0,-0.032500000000000015,-24.50980392156864,-235956.69413419382,-242056.2597533362
000014.SZ,20191122,8.94,9.01,9.03,8.87,8.9,-0.04,-0.4474,14023.01,12531.821,48.46,48.84,48.95,48.08,48.25,5.420942,8.9366,-1,9.83,8.05,7.28,1,1,-0.004474272930648726,0,0.9530781145609544,1.0,1.0,49.99999999961746,39.02391699245726,39.94866333918307,36.62284883182538,7602.188438149244,0.337837837837838,-11.620958444619207,-17.237220426074792,9.385616501192539,7.268591656557788,181.66,0.0,0.02292162750410104,2741.276352909208,0.0,-0.04249999999999998,-25.74257425742583,-272592.6967924078,-246418.60790177502
000014.SZ,20191125,8.9,8.92,9.07,8.86,8.96,0.06,0.6742,14496.06,13012.825,48.25,48.35,49.17,48.03,48.57,5.420942,8.9768,-1,9.79,8.01,7.33,1,1,0.006741573033707926,1,0.9810417644520757,1.0,1.0,49.999999999597904,37.62086602255679,42.45721334964866,69.97316903063509,7653.439146721037,0.3393665158371042,-9.599090067948614,-14.192406086090886,9.368225487908068,7.166020249162062,181.18,0.0,0.03104990129756452,2955.0293293381037,0.0,-0.04499999999999993,-26.368159203980078,-232317.25197542162,-244404.12848372455
000014.SZ,20191126,8.96,8.98,9.04,8.79,8.84,-0.12,-1.3393,16601.75,14760.809,48.57,48.68,49.01,47.65,47.92,5.420942,8.8911,-1,9.86,8.06,7.23,1,1,-0.013392857142857206,0,1.145355588006176,1.0,1.0,49.999999999581064,38.30127978988264,38.95251778862063,15.689096133580119,7550.937729577451,0.266355140186916,-8.079317005506118,-18.640849774521833,9.347760737039668,6.9713585506881905,180.67,0.0,0.02222694664793079,3312.401523201612,0.0,-0.041000000000000016,-27.804878048780495,-254572.32799020738,-245856.72841322212
000014.SZ,20191127,8.84,8.84,8.94,8.78,8.8,-0.04,-0.4525,14508.02,12842.558,47.92,47.92,48.46,47.6,47.7,5.420942,8.852,-1,9.72,7.96,7.2,1,1,-0.004524886877827927,0,1.0151872375158049,1.0,1.0,49.99999999956903,39.982586501435755,37.83149173190555,0.0,7550.937729577451,0.2827225130890057,-17.102908190189,-20.094349665353064,9.326918271363029,6.782269235895629,180.25,0.0,0.013401970775371752,3197.5134385749843,0.0,-0.029000000000000005,-19.125683060109267,-287936.5517746571,-251868.13175056997
000014.SZ,20191128,8.8,8.78,8.86,8.69,8.71,-0.09,-1.0227,11397.11,9988.92,47.7,47.6,48.03,47.11,47.22,5.420942,8.7644,-1,9.68,7.92,7.12,1,1,-0.010227272727272751,0,0.830667144931578,1.0,1.0,49.99999999956179,41.62476686862528,35.365311236362324,0.0,7550.937729577451,0.340540540540541,-19.941941968035678,-23.338097643418536,9.30439725789578,6.518024428009393,180.01,0.0,-0.0013739643268432244,2655.5285013513167,0.0,-0.02449999999999992,-10.84337349397589,-309885.50157184637,-260156.32743932377
000014.SZ,20191129,8.71,8.71,8.74,8.6,8.74,0.03,0.3444,8292.01,7219.439,47.22,47.22,47.38,46.62,47.38,5.420942,8.7065,-1,9.58,7.84,7.15,1,1,0.00344431687715252,1,0.6287593195334025,1.0,1.0,49.99999999955963,36.73590495172154,36.84324386313413,17.666616817814656,7550.937729577451,0.42857142857142905,-25.326324188416667,-21.605970953568114,9.283328031691394,6.374074401075997,179.76,0.0,-0.003785895591967292,1868.94835179855,0.0,-0.03249999999999993,-18.85714285714289,-321062.35079343116,-268857.187918482
000014.SZ,20191202,8.74,8.74,8.84,8.74,8.8,0.06,0.6865,7368.0,6473.774,47.38,47.38,47.92,47.38,47.7,5.420942,8.7863,-1,9.61,7.87,7.2,1,1,0.006864988558352492,1,0.5748029419800089,1.0,1.0,49.99999999955696,35.013005479216204,39.807697160423146,53.10250850112253,7550.937729577451,0.4260355029585804,-27.074560242794366,-18.113847292206568,9.264481425495662,6.2325278705241995,179.4,0.0,0.005515817290802416,1244.418918365247,0.0,-0.03149999999999995,-27.607361963190158,-281961.4284958129,-270729.22228667216
000014.SZ,20191203,8.8,8.8,8.82,8.69,8.8,0.0,0.0,8118.21,7106.341,47.7,47.7,47.81,47.11,47.7,5.420942,8.7536,-1,9.68,7.92,7.2,1,1,0.0,0,0.6494123542184772,0.9666666666666667,0.0,49.99999999951032,35.31910579050458,39.807697160423146,53.10250850112253,7550.937729577451,0.4311377245508986,-28.363392112063618,-18.113847292206568,9.24636971266801,6.074940051356657,170.18,1.0,0.014001112913350822,965.0519350366776,0.0,-0.026999999999999958,-26.25,-279383.17621751945,-271965.5014196504
000014.SZ,20191204,8.8,8.74,8.83,8.7,8.8,0.0,0.0,9046.83,7939.378,47.7,47.38,47.87,47.16,47.7,5.420942,8.7759,-1,9.68,7.92,7.2,1,1,0.0,0,0.7289824770173219,0.9333333333333333,1.0,49.99999999945877,39.652293722288306,39.80769716042313,53.10250850112236,7550.937729577451,0.4645161290322588,-29.064959828967687,-18.113847292206575,9.228964237212931,5.826591350342746,161.04000000000002,2.0,0.021497969427539065,937.2428376575608,0.0,-0.017999999999999884,-21.5686274509804,-241955.73792787082,-267678.3923493962
000014.SZ,20191205,8.8,8.8,8.84,8.76,8.81,0.01,0.1136,13826.01,12172.325,47.7,47.7,47.92,47.49,47.76,5.420942,8.8039,-1,9.68,7.92,7.21,1,1,0.001136363636363713,1,1.1345203200516762,0.9333333333333333,1.0,49.999999999447056,39.9072466994488,40.39012989047089,60.06467692309071,7559.51834063379,0.4965517241379317,-32.829714144878785,-17.458161388893974,9.212496580807287,5.646299618718704,160.8,2.0,0.02920964890684835,1557.8944697101497,0.0,-0.01949999999999985,-19.9999999999999,-181507.46554718073,-255368.25994907971
000014.SZ,20191206,8.81,8.83,8.95,8.81,8.94,0.13,1.4756,19998.11,17772.982,47.76,47.87,48.52,47.76,48.46,5.420942,8.8873,-1,9.69,7.93,7.31,1,1,0.014755959137343844,1,1.6311928890887106,0.9333333333333333,1.0,49.999999999439666,40.27000732291978,47.501881618864175,100.0,7671.066284366184,0.3877551020408173,-32.48790229112888,-9.165389016003353,9.200709856563432,5.44915992583939,160.49,2.0,0.05190138089550539,2726.6881840118585,0.0,-0.017999999999999884,-23.17880794701985,-110782.04520929928,-234713.08641482537
000014.SZ,20191209,8.94,8.85,9.08,8.85,9.02,0.08,0.8949,18086.01,16253.384,48.46,47.98,49.22,47.98,48.9,5.420942,8.9867,-1,9.83,8.05,7.38,1,1,0.008948545861297452,1,1.462368747403753,0.9333333333333333,1.0,49.99999999944076,46.632032817538025,51.34855632298441,100.0,7671.066284366184,0.3969465648854968,-26.695781576764766,-4.391159461451955,9.192482494725375,5.048164992510378,160.10999999999999,4.0,0.07629272137062992,3139.7324487535807,0.0,-0.0014999999999998793,-3.401360544217603,-54559.988617415715,-208976.92958662403
000014.SZ,20191210,9.02,8.96,9.19,8.94,9.17,0.15,1.663,29455.74,26734.868,48.9,48.57,49.82,48.46,49.71,5.420942,9.0763,-1,9.92,8.12,7.5,1,1,0.016629711751662946,1,2.3307505552257495,0.9333333333333333,1.0,49.99999999947052,54.93637047328516,57.61900764402922,100.0,7798.633905503094,0.4184397163120571,-20.505398051164427,3.903588022043901,9.191370108120777,4.846242235748646,160.17,4.0,0.10923129553573468,4745.509775223368,0.0,0.006500000000000128,10.067114093959745,37629.588604023505,-173747.42698796012
000014.SZ,20191211,9.17,9.17,9.41,9.1,9.38,0.21,2.2901,36016.72,33291.19,49.71,49.71,51.01,49.33,50.85,5.420942,9.2433,-1,10.09,8.25,7.67,1,1,0.022900763358778775,1,2.6794935980346706,0.9333333333333333,1.0,49.99999999952794,63.17888836290272,64.51451908092916,100.0,7977.228575094769,0.5126582278481016,-12.39284426478071,13.976623498601798,9.201607916771874,4.678041279801666,160.2,6.0,0.153209575144509,6390.109218368241,0.0,0.020500000000000185,23.076923076923222,144685.46395767445,-128257.01399572662
000014.SZ,20191212,9.38,9.38,9.48,9.2,9.21,-0.17,-1.8124,30991.02,28947.082,50.85,50.85,51.39,49.87,49.93,5.420942,9.3405,-1,10.32,8.44,7.53,1,1,-0.018123667377398678,0,2.1246810083970473,0.9333333333333333,1.0,49.99999999957174,61.630159916230554,56.500312685916796,72.50626350552389,7977.228575094769,0.5238095238095244,-5.991353614558391,4.630776619435822,9.202026045431689,4.5801727251932,160.77,4.0,0.15295129404870286,6479.394942253729,0.0,0.01100000000000021,25.287356321839177,55257.97957746661,-102040.58634241331
000014.SZ,20191213,9.21,9.22,9.34,9.17,9.21,0.0,0.0,18968.0,17513.429,49.93,49.98,50.63,49.71,49.93,5.420942,9.2331,-1,10.13,8.29,7.53,1,1,0.0,0,1.2197535773672177,0.9,1.0,49.99999999952666,59.94256180334093,56.50031268591679,72.50626350552388,7977.228575094769,0.5866666666666672,-10.804490681195036,4.630776619435826,9.20242334117417,4.360854543113751,151.69,5.0,0.14632933198969153,4681.286570668106,0.0,0.020000000000000195,23.16384180790962,-19482.54602412955,-90246.5805826585
000014.SZ,20191216,9.21,9.17,9.27,9.17,9.25,0.04,0.4343,19656.38,18127.565,49.93,49.71,50.25,49.71,50.14,5.420942,9.2222,-1,10.13,8.29,7.57,1,1,0.004343105320304019,1,1.2352379243389293,0.9,1.0,49.999999999568516,54.26348901496411,57.92654944810135,77.39914694094936,8011.874518960545,0.6027397260273982,-20.88374231566915,6.626905083986104,9.2048390325479,4.183416707620759,152.04999999999998,5.0,0.14083777113976986,3406.210061695004,0.0,0.020000000000000195,16.6666666666667,-98733.92216617693,-91459.05795173257
000014.SZ,20191217,9.25,9.25,9.46,9.24,9.38,0.13,1.4054,32108.01,30159.41,50.14,50.14,51.28,50.09,50.85,5.420942,9.3931,-1,10.18,8.33,7.67,1,1,0.014054054054054133,1,1.9687175248394309,0.9,1.0,49.999999999600675,57.432713337691496,62.25768763505531,92.257657710947,8124.473836524316,0.582781456953643,-16.105819858248665,12.8660811880186,9.214253190630481,4.041180556161607,152.36,5.0,0.14750878228051767,4019.4442350310323,0.0,0.021500000000000165,19.786096256684615,-53138.59218127036,-85984.7056988094
000014.SZ,20191218,9.38,9.37,9.8,9.36,9.58,0.2,2.1322,43031.87,41408.997,50.85,50.79,53.13,50.74,51.93,5.420942,9.6229,-1,10.32,8.44,7.84,1,1,0.021321961620468954,1,2.4808469126847292,0.9,1.0,49.99999999962943,65.35344637564211,67.75691660335066,100.0,8297.703555853192,0.7594936708860774,-2.3313784066809693,21.37420104924117,9.235392346236926,3.795610899046618,152.64,7.0,0.17005162307121946,5579.929661730599,0.0,0.040000000000000216,35.185185185185205,23074.079163492483,-70404.87928990913
000014.SZ,20191219,9.58,9.58,9.63,9.51,9.54,-0.04,-0.4175,18628.99,17797.414,51.93,51.93,52.2,51.55,51.72,5.420942,9.5536,-1,10.54,8.62,7.8,1,1,-0.0041753653444677186,0,0.9916485147355354,0.9,1.0,49.999999999647144,63.51033709387577,65.69523384126508,92.62346926612548,8297.703555853192,0.7500000000000009,-4.05220110715478,18.929408561723914,9.252643207239505,3.552346046422387,153.40999999999997,5.0,0.17034082555418237,3130.672775493757,0.0,0.037000000000000186,28.634361233480234,-48063.46148182996,-67213.24817446926
000014.SZ,20191220,9.54,9.55,9.65,9.46,9.52,-0.02,-0.2096,15390.0,14648.475,51.72,51.77,52.31,51.28,51.61,5.420942,9.5182,-1,10.49,8.59,7.79,1,1,-0.002096436058700135,0,0.8002748494310691,0.9,1.0,49.999999999656886,63.08856783389727,64.63622670048497,88.83442913588996,8297.703555853192,0.7594936708860766,-2.295481194185389,17.681819973781973,9.267625604360653,3.252939074456644,154.03,5.0,0.15883118355329315,990.7057799701788,0.0,0.041000000000000106,25.541125541125666,-99160.19086143268,-71777.09712974975
000014.SZ,20191223,9.52,9.58,9.61,9.27,9.28,-0.24,-2.521,18361.0,17308.962,51.61,51.93,52.1,50.25,50.31,5.420942,9.427,-1,10.47,8.57,7.59,1,1,-0.025210084033613467,0,0.9513844908679706,0.9,1.0,49.99999999965814,58.332980491194085,53.492640197065164,48.963596513264946,8088.51775192412,0.6818181818181825,3.744296607608168,3.9126378386425764,9.268237916785672,3.2133980883756035,154.78,3.0,0.11208782838865862,-52.867608571711116,0.0,0.02400000000000002,14.634146341463449,-150310.63065744343,-82996.1733479917
000014.SZ,20191224,9.28,9.32,9.41,9.3,9.35,0.07,0.7543,7849.0,7339.356,50.31,50.52,51.01,50.41,50.69,5.420942,9.3507,-1,10.21,8.35,7.65,1,1,0.007543103448275801,1,0.40266790960692833,0.9,1.0,49.99999999965615,59.6764196212202,55.88176378692974,56.60742731322542,8088.51775192412,0.7017543859649132,-2.8839217826699093,7.244608171248032,9.272413413251188,3.11792362045241,155.02,5.0,0.08502250905392739,-2075.3235100138836,0.0,0.032500000000000015,8.880308880308952,-172919.5593230801,-95842.3713444329
000014.SZ,20191225,9.35,9.35,9.35,9.19,9.26,-0.09,-0.9626,15923.52,14737.148,50.69,50.69,50.69,49.82,50.2,5.420942,9.255,-1,10.29,8.42,7.57,1,1,-0.009625668449197877,0,0.835667471990861,0.9,1.0,49.99999999965527,59.32081451707293,52.170904791599135,23.051173085166266,8010.660361798647,0.6818181818181825,-2.66700835050086,2.4371744059141194,9.271807891833005,3.03218419601235,155.43,5.0,0.05109437419524668,-2228.276874258089,0.0,0.02999999999999998,8.461538461538481,-222782.28696302423,-113976.64500423166
000014.SZ,20191226,9.26,9.31,9.39,9.24,9.39,0.13,1.4039,15024.11,14038.592,50.2,50.47,50.9,50.09,50.9,5.420942,9.344,-1,10.19,8.33,7.68,1,1,0.01403887688984895,1,0.7855486254123852,0.9,1.0,49.99999999965223,62.86476949238196,56.648959538549946,32.303064565859394,8010.660361798647,0.666666666666667,-3.438198799373637,8.662528582904683,9.277923631514895,2.793533236642404,155.81,7.0,0.04260664607951298,-2341.756000368251,0.0,0.03749999999999991,14.062500000000028,-174213.96114479098,-122581.97588145442
000014.SZ,20191227,9.39,9.39,9.43,9.29,9.29,-0.1,-1.065,12692.0,11880.39,50.9,50.9,51.12,50.36,50.36,5.420942,9.3605,-1,10.33,8.45,7.6,1,1,-0.010649627263045969,0,0.6573789361224183,0.9,1.0,49.9999999996473,61.98773385282815,52.57150633321967,2.5702633005737456,8010.660361798647,0.5935828877005346,-3.199560764815761,3.324089115809844,9.278517812359443,2.6177952072344657,156.64,5.0,0.02105617825982925,-2602.070473742764,0.0,0.03099999999999987,21.285140562248934,-191068.92331442708,-132365.82551473624
000014.SZ,20191230,9.29,9.22,9.3,9.11,9.27,-0.02,-0.2153,15983.3,14710.824,50.36,49.98,50.41,49.38,50.25,5.420942,9.2039,-1,10.22,8.36,7.58,1,1,-0.002152852529601623,0,0.8185240556826603,0.9,1.0,49.999999999642164,58.58442504738372,51.768939887193945,0.0,7993.414591374969,0.6065573770491803,1.5687275769128488,2.2663618197022815,9.278103009654364,2.5082309489836994,157.2,3.0,0.0026107843159447197,-2217.095960533437,0.0,0.030499999999999795,8.300395256916943,-219253.59814546222,-144778.36446198283
000014.SZ,20191231,9.27,9.27,9.32,9.22,9.31,0.04,0.4315,11795.81,10955.962,50.25,50.25,50.52,49.98,50.47,5.420942,9.288,-1,10.2,8.34,7.61,1,1,0.004314994606256839,1,0.5910393217589275,0.9,1.0,49.999999999637986,61.10941788062305,53.30434070709794,9.603471703535774,7993.414591374969,0.588235294117647,-0.07286050075662603,4.328236643501006,9.279687655729123,2.3671077479914553,166.42,4.0,-0.005269302295198258,-2397.3524137804584,0.0,0.03249999999999984,14.285714285714306,-169924.6177623998,-148370.6863620424
000014.SZ,20200102,9.31,9.38,9.48,9.37,9.42,0.11,1.1815,23834.12,22421.411,50.47,50.85,51.39,50.79,51.07,5.420942,9.4073,-1,10.24,8.38,7.7,1,1,0.011815252416756072,1,1.18332677436124,0.9,1.0,49.999999999628855,62.68092454848489,57.32744240363509,34.766766396550835,8087.858802443845,0.5252525252525251,-1.149660764411979,9.83462826797357,9.287026300574077,2.158120517473114,175.73,5.0,0.0028323109474532038,-845.9859950891017,0.0,0.03149999999999977,18.97810218978104,-83793.95342220108,-139145.43879920794
000014.SZ,20200103,9.42,9.41,9.45,9.35,9.42,0.0,0.0,14183.58,13330.049,51.07,51.01,51.23,50.69,51.07,5.420942,9.3982,-1,10.36,8.48,7.7,1,1,0.0,0,0.6792581538055723,0.8666666666666667,1.0,49.99999999958979,59.101035082214366,57.3274424036351,34.76676639655088,8087.858802443845,0.5025380710659894,0.04272284253280367,9.834628267973569,9.293981118119726,1.939498912507001,166.97,4.0,0.006479902638579144,-1056.9324011310914,0.0,0.03149999999999977,15.86715867158668,-111211.05706122403,-135154.81283663883
000014.SZ,20200106,9.42,9.36,9.45,9.2,9.34,-0.08,-0.8493,22953.37,21438.619,51.07,50.74,51.23,49.87,50.63,5.420942,9.3401,-1,10.36,8.48,7.64,1,1,-0.00849256900212314,0,1.0983070396001657,0.8666666666666667,1.0,49.999999999569205,53.625715418884575,53.443722771559486,10.475264719850902,8019.172103484661,0.49479166666666635,5.967513538058895,4.966263118740726,9.296281322912048,1.993174663864998,167.60999999999999,2.0,-0.003081008093555576,-7.910367427384017,0.0,0.02499999999999982,6.181818181818173,-148979.3563180648,-137129.7476196997
000014.SZ,20200107,9.34,9.34,10.09,9.33,9.99,0.65,6.9593,94994.9,93167.457,50.63,50.63,54.7,50.58,54.16,5.420942,9.8076,-1,10.27,8.41,8.17,1,1,0.06959314775160608,1,4.513544984820014,0.8666666666666667,1.0,49.99999999960121,61.71035196596138,70.77042363947521,100.0,8577.251532528027,0.4618473895582324,25.845121249070875,31.08958885506072,9.33958574965516,1.9893593001017618,168.09,2.0,0.0727612579003167,9851.571300515214,0.0,0.04899999999999984,20.858895705521434,-37332.345730201225,-122872.97592119992
000014.SZ,20200108,9.99,9.82,9.93,9.62,9.74,-0.25,-2.5025,45416.85,44303.446,54.16,53.23,53.83,52.15,52.8,5.420942,9.7548,-1,10.99,8.99,7.97,1,1,-0.025025025025025016,0,1.82455080477029,0.8666666666666667,1.0,49.99999999963243,53.50425365374397,61.31811746681628,50.25490484907995,8577.251532528027,0.3822393822393818,25.045428195466783,17.961704426100734,9.362077915106198,2.066561483153341,169.14000000000001,0.0,0.0831191711281368,9171.019395244122,0.0,0.034499999999999885,24.99999999999995,-174772.60221675923,-130287.20824913698
000014.SZ,20200109,9.74,9.74,9.82,9.66,9.69,-0.05,-0.5133,21882.28,21251.107,52.8,52.8,53.23,52.37,52.53,5.420942,9.7116,-1,10.71,8.77,7.93,1,1,-0.005133470225872738,0,0.8517777889580346,0.8666666666666667,1.0,49.99999999965722,47.46541534957912,59.6034801072672,41.23120237456543,8577.251532528027,0.40329218106995846,17.243847431096142,15.526065443909815,9.380117699982362,2.172919169102981,169.86,-2.0,0.07722740188066646,5223.019790354181,0.0,0.021499999999999807,15.915915915915875,-242704.82081135095,-146346.86718659612
000014.SZ,20200110,9.69,9.69,9.96,9.65,9.71,0.02,0.2064,24831.11,24364.627,52.53,52.53,53.99,52.31,52.64,5.420942,9.8121,-1,10.66,8.72,7.94,1,1,0.002063983488132193,1,0.993904133685858,0.8666666666666667,1.0,49.99999999967832,50.174636178974524,60.084288476940316,43.76157513882595,8594.954838064721,0.42982456140350805,16.310947873605077,16.25413294642484,9.39837969082185,2.2248885889908867,170.03,0.0,0.07021795881007353,2802.3210486595135,0.0,0.03099999999999987,16.913946587537083,-186162.59011639678,-152034.8276051391
000014.SZ,20200113,9.71,9.71,9.76,9.61,9.74,0.03,0.309,14524.74,14071.55,52.64,52.64,52.91,52.1,52.8,5.420942,9.688,-1,10.68,8.74,7.97,1,1,0.003089598352214118,1,0.5886321645719362,0.8666666666666667,1.0,49.99999999969437,50.54331333676199,60.8372574930837,47.72426050571464,8594.954838064721,0.4242424242424237,14.477164617612802,17.378503937468096,9.417474395967558,2.258101306976755,179.64,1.0,0.0639917383730001,-232.41692405731828,0.0,0.03299999999999983,14.868804664723001,-212553.48874926084,-160680.3506257279
000014.SZ,20200114,9.74,9.78,9.87,9.71,9.71,-0.03,-0.308,17396.41,17017.671,52.8,53.02,53.5,52.64,52.64,5.420942,9.7823,-1,10.71,8.77,7.94,1,1,-0.0030800821355235763,0,0.7114151343582307,0.8666666666666667,1.0,49.999999999704244,54.313744147064895,59.62595322084299,41.34947268370951,8568.481671212367,0.4260869565217385,16.042074150611274,15.742755697201785,9.433597119549797,2.322879019156725,180.34,-1.0,0.050778845698652014,-1810.423633491092,0.0,0.0254999999999999,19.884726224783826,-158088.03965103778,-160310.02048648646
000014.SZ,20200115,9.71,9.73,9.78,9.58,9.62,-0.09,-0.9269,12490.0,12033.005,52.64,52.75,53.02,51.93,52.15,5.420942,9.6341,-1,10.68,8.74,7.87,1,1,-0.009268795056642798,0,0.5131418440530713,0.9,1.0,49.99999999970849,49.7863118397261,56.022241515296464,22.3840500223667,8568.481671212367,0.43362831858407,13.806440678713711,10.863924528490225,9.443437764726047,2.466097725938682,180.88,-3.0,0.026105628968605465,-3381.289156934412,0.0,0.0134999999999998,10.850439882697863,-168112.29470938432,-161424.6310897576
000014.SZ,20200116,9.62,9.62,9.63,9.46,9.47,-0.15,-1.5593,14018.0,13350.271,52.15,52.15,52.2,51.28,51.34,5.420942,9.5237,-1,10.58,8.66,7.75,1,1,-0.015592515592515399,0,0.6001023658708283,0.9333333333333333,1.0,49.99999999971134,43.27773603862595,50.53971287946537,0.0,8434.877487149804,0.44343891402714863,0.9227468663503475,3.2299151985383134,9.444743487247386,2.7269664565767404,181.15,-5.0,-0.012174905731799163,-4036.366686432406,0.0,-0.0045000000000001705,-3.726708074534187,-193899.7371438351,-166063.93195462585
000014.SZ,20200117,9.47,9.47,9.6,9.41,9.42,-0.05,-0.528,11787.49,11150.142,51.34,51.34,52.04,51.01,51.07,5.420942,9.4593,-1,10.42,8.52,7.7,1,1,-0.0052798310454066355,0,0.5380289328128298,0.9333333333333333,1.0,49.99999999971387,43.97257241808907,48.82448614527453,0.0,8434.877487149804,0.4414414414414408,3.9547108616052777,0.7946018364142037,9.443555863463983,3.009216359356859,181.11999999999998,-5.0,-0.04418623299746288,-4553.624755645859,0.0,-0.00500000000000016,-6.394884621840902e-14,-213329.15353827545,-172816.10646657582
000014.SZ,20200120,9.42,9.42,9.48,9.37,9.44,0.02,0.2123,10280.0,9683.439,51.07,51.07,51.39,50.79,51.17,5.420942,9.4197,-1,10.36,8.48,7.72,1,1,0.002123142250530785,1,0.47666344122859167,0.9333333333333333,1.0,49.999999999713665,44.510058907155006,49.561867981605836,3.359992420128626,8434.877487149804,0.4414414414414408,0.02511834114727059,1.7703289131803506,9.443383538990506,3.2482764284692225,180.84,-3.0,-0.061554873528855525,-4854.72320793439,0.0,-0.0025000000000001245,-2.2082018927445333,-231590.21609109594,-181212.4078415073
000014.SZ,20200121,9.44,9.42,9.43,9.32,9.33,-0.11,-1.1653,10953.01,10255.693,51.17,51.07,51.12,50.52,50.58,5.420942,9.3634,-1,10.38,8.5,7.63,1,1,-0.01165254237288127,0,0.5139584787340313,0.9333333333333333,1.0,49.999999999710674,45.284145263997054,45.66462493170702,0.0,8336.58971982073,0.4688995215310999,-11.184229011855065,-3.7124683856939558,9.438184767040463,3.4990484660444214,180.67,-3.0,-0.08528756543876737,-4715.179193522247,0.0,0.007999999999999919,2.3102310231022614,-250950.31904078,-191174.96658426055
000014.SZ,20200122,9.33,9.35,9.43,9.21,9.37,0.04,0.4287,10827.02,10098.699,50.58,50.69,51.12,49.93,50.79,5.420942,9.3273,-1,10.26,8.4,7.66,1,1,0.004287245444801524,1,0.5170328757232334,0.9333333333333333,1.0,49.99999999970848,44.97416535506281,47.28782753199843,6.465448955380835,8336.58971982073,0.4757281553398055,-4.70243326388439,-1.616952870331919,9.43499037411224,3.725719996057347,180.6,-3.0,-0.0924253277754036,-4397.997925082231,0.0,0.007499999999999929,5.442176870748241,-264192.97162795335,-201606.11016193096
000014.SZ,20200123,9.37,9.36,9.46,9.06,9.12,-0.25,-2.6681,22776.0,20973.937,50.79,50.74,51.28,49.11,49.44,5.420942,9.2088,-1,10.31,8.43,7.46,1,1,-0.026680896478121663,0,1.0799645569060856,0.9333333333333333,1.0,49.999999999713054,44.29179174106089,39.37130319191609,0.0,8114.162032525619,0.46396396396396317,6.654404495685476,-13.16036758264614,9.421964827301329,4.137051151891345,180.71,-3.0,-0.12559112545296636,-2434.887554400323,0.0,-8.881784197001253e-17,4.026845637583861,-310675.43587305513,-217187.4424063773
000014.SZ,20200203,9.12,8.21,8.21,8.21,8.21,-0.91,-9.9781,8928.0,7329.888,49.44,44.51,44.51,44.51,44.51,5.420942,8.21,-1,10.03,8.21,6.72,1,1,-0.0997807017543858,0,0.41656936372155834,0.9333333333333333,0.0,49.999999999749335,41.5519208496441,23.771310805075014,0.0,8114.162032525619,0.6266666666666664,-0.6206084361968995,-40.092596803782584,9.387390700840006,5.726451795671362,180.58999999999997,-5.0,-0.25728525417717885,-2830.10659193441,0.0,-0.004000000000000092,-28.229665071770363,-317982.50196552847,-231586.7366291132
000014.SZ,20200204,8.21,7.39,8.0,7.39,7.9,-0.31,-3.7759,29994.37,23450.34,44.51,40.06,43.37,40.06,42.83,5.420942,7.8182,-1,9.03,7.39,6.46,1,1,-0.037758830694275325,0,1.419690577631194,0.9666666666666667,1.0,49.9999999997902,40.40760701947547,20.75441641632971,0.0,7807.780762113567,0.8411214953271031,18.518496961471254,-46.088224495335055,9.349205999148857,7.363308901985394,179.37,-5.0,-0.36666380642958707,-220.00533956348863,0.0,0.026500000000000013,-41.41414141414142,-378126.0500043316,-252520.92425414443
000014.SZ,20200205,7.9,7.88,8.23,7.85,8.06,0.16,2.0253,20407.31,16464.916,42.83,42.72,44.61,42.55,43.69,5.420942,8.0681,-1,8.69,7.11,6.59,1,1,0.020253164556962133,1,0.9279205773527162,0.9666666666666667,1.0,49.99999999982063,44.18407481691481,25.976227587201645,13.027547525567792,7807.780762113567,0.8059701492537314,23.084996391849383,-38.55450416433527,9.311484141124087,8.506266387727793,177.92,-3.0,-0.39549727825354497,224.9874826283085,0.0,0.0330000000000001,-26.95984703632889,-285734.5789250466,-257265.73206427332
000014.SZ,20200206,8.06,8.06,8.14,7.99,8.08,0.02,0.2481,24460.34,19712.894,43.69,43.69,44.13,43.31,43.8,5.420942,8.0591,-1,8.87,7.25,6.61,1,1,0.002481389578163684,1,1.1011366692163673,0.9666666666666667,1.0,49.999999999842245,45.33644085144906,26.62707119879746,14.651293732453485,7827.154907925263,0.8108108108108113,23.69496148549474,-37.62068153222109,9.274903597587326,9.499286432550523,176.69,-3.0,-0.3893026834153301,1030.0495909915046,0.0,0.03200000000000003,-26.23574144486696,-164003.45963217353,-243942.55028825908
000014.SZ,20200207,8.08,8.03,8.1,7.95,8.09,0.01,0.1238,21265.02,17080.328,43.8,43.53,43.91,43.1,43.86,5.420942,8.0321,-1,8.89,7.27,6.62,1,1,0.0012376237623761277,1,0.9307598893418793,0.9666666666666667,1.0,49.99999999985767,40.57028371387384,26.97280729666658,15.513847604837624,7827.154907925263,0.8359133126934989,23.87838456937347,-37.13423397065714,9.239432229809587,10.401111841714354,175.33,-3.0,-0.3618669596101992,1091.1002477621896,0.0,0.0330000000000001,-30.73929961089499,-189597.31623947667,-236178.94542414733
000014.SZ,20200210,8.09,8.06,8.25,7.93,8.23,0.14,1.7305,18829.6,15321.869,43.86,43.69,44.72,42.99,44.61,5.420942,8.1371,-1,8.9,7.28,6.73,1,1,0.017305315203955507,1,0.8288226902404165,0.9666666666666667,1.0,49.99999999986804,44.00785897127007,31.816753030183303,28.45870660963724,7827.154907925263,0.8011869436201783,29.579178725233078,-30.34454890592153,9.20595010727802,11.115875164097599,183.26,-2.0,-0.30513857306320835,777.1218115609679,0.0,0.041000000000000106,-26.615969581749084,-141157.22747276234,-222604.4142882352
000014.SZ,20200211,8.23,8.25,8.48,8.25,8.41,0.18,2.1871,24861.59,20864.856,44.61,44.72,45.97,44.72,45.59,5.420942,8.3924,-1,9.05,7.41,6.88,1,1,0.021871202916160293,1,1.083256346153821,0.9666666666666667,1.0,49.99999999987399,49.008371559526424,37.55212368339037,47.62898539936556,7998.344201172716,0.778097982708934,26.070351543982273,-22.1589598878689,9.176446495740935,11.651432358131606,182.04000000000002,0.0,-0.2272230231281906,1323.5111056247972,0.0,0.050000000000000086,-17.12707182320443,-51042.4920132953,-198095.56824895806
000014.SZ,20200212,8.41,8.41,8.42,8.31,8.41,0.0,0.0,19850.79,16629.185,45.59,45.59,45.64,45.05,45.59,5.420942,8.3771,-1,9.25,7.57,6.88,1,1,0.0,0,0.8613475660761805,0.9333333333333333,0.0,49.99999999986072,34.55836700645334,37.55212368339036,56.395971374166635,7998.344201172716,0.9113475177304974,-2.4462824168438195,-22.15895988786891,9.148036499351043,12.044869003218144,172.71,-1.0,-0.16256870326421702,968.0529260790487,0.0,0.01750000000000007,-33.60824742268045,-98098.5807809534,-183810.2843249574
000014.SZ,20200213,8.41,8.39,8.58,8.31,8.35,-0.06,-0.7134,21149.01,17768.081,45.59,45.48,46.51,45.05,45.26,5.420942,8.4014,-1,9.25,7.57,6.83,1,1,-0.007134363852556502,0,1.0964287333454592,0.9333333333333333,1.0,49.999999999859895,43.485857828934556,36.369440180345364,54.20480783811388,7941.281103423564,0.977186311787073,-3.8243778678209326,-23.92353012295269,9.119126118539775,12.447846513153129,171.29999999999998,-1.0,-0.11690314447863281,869.0153732246652,0.0,0.019500000000000028,-37.28813559322033,-56892.90396742849,-165679.2299881676
000014.SZ,20200214,8.35,8.36,8.44,8.31,8.39,0.04,0.479,16472.01,13780.744,45.26,45.32,45.75,45.05,45.48,5.420942,8.3662,-1,9.19,7.52,6.86,1,1,0.004790419161676773,1,0.9112840458530723,0.9333333333333333,1.0,49.99999999985284,44.58897044511357,37.7764028502813,59.08883121917498,7941.281103423564,0.9809160305343518,-4.902029255398718,-21.983024736319283,9.092038397418717,12.810287808995847,169.79,1.0,-0.07250325863697538,171.25918944732678,0.0,0.02350000000000012,-37.68421052631581,-93201.93278199877,-155325.33038728632
000014.SZ,20200217,8.39,8.39,8.57,8.31,8.56,0.17,2.0262,25029.03,21254.059,45.48,45.48,46.46,45.05,46.4,5.420942,8.4918,-1,9.23,7.55,7.0,1,1,0.020262216924910703,1,1.4057232282609506,0.9333333333333333,1.0,49.999999999847205,44.01052880905416,43.49485435775451,85.70491687740797,8102.189063802826,0.8953068592057767,-6.479751923137097,-13.99718606737672,9.07024944537195,13.078583156571073,168.45,1.0,-0.014466345274636527,823.5534433534519,0.0,0.03100000000000005,-37.974683544303794,-42616.37202483782,-139224.05062122227
000014.SZ,20200218,8.56,8.58,8.58,8.45,8.58,0.02,0.2336,19639.88,16752.703,46.4,46.51,46.51,45.81,46.51,5.420942,8.5299,-1,9.42,7.7,7.02,1,1,0.002336448598130758,1,1.102435831134763,0.9333333333333333,0.0,49.999999999840966,49.30899098193022,44.14520792340959,88.15599096969092,8102.189063802826,0.8985507246376816,-6.990529440931497,-13.08040432485277,9.049957881766382,13.323204073186284,167.29,1.0,0.029963274426456743,505.93779202825664,0.0,0.02950000000000008,-31.196581196581235,30834.594687958102,-114929.95843419651
000014.SZ,20200219,8.58,8.51,8.7,8.5,8.54,-0.04,-0.4662,17086.3,14698.873,46.51,46.13,47.16,46.08,46.29,5.420942,8.6027,-1,9.44,7.72,6.98,1,1,-0.004662004662004726,0,0.9455227742698364,0.9333333333333333,1.0,49.99999999983427,48.90530908483326,43.07732190207757,95.43458791888767,8102.189063802826,0.8628158844765343,-4.591971608457418,-14.527524169291247,9.029201994754972,13.54314666463711,166.12,1.0,0.055808619975084406,-42.18288892694409,0.0,0.034499999999999975,-30.91684434968021,87310.0676318834,-86038.52613904225
000014.SZ,20200220,8.54,8.54,8.62,8.5,8.61,0.07,0.8197,30084.2,25755.785,46.29,46.29,46.73,46.08,46.67,5.420942,8.5612,-1,9.39,7.69,7.04,1,1,0.00819672131147553,1,1.666231105172053,0.9333333333333333,1.0,49.99999999982683,46.70732857649093,45.5592443751427,100.0,8168.6004495717025,0.8145454545454555,-8.046605295483117,-11.119584835118266,9.01145968650175,13.669471809211583,164.84,3.0,0.0825635337071382,1278.968123343262,0.0,0.04350000000000005,-30.172413793103473,5009.616534194094,-73031.64861429422
000014.SZ,20200221,8.61,8.62,8.67,8.56,8.64,0.03,0.3484,25056.13,21569.676,46.67,46.73,47.0,46.4,46.84,5.420942,8.6085,-1,9.47,7.75,7.07,1,1,0.0034843205574914826,1,1.323274261876128,0.9333333333333333,1.0,49.99999999981744,52.361191997334615,46.63318935890917,100.0,8168.6004495717025,0.8403041825095054,-10.528506386392952,-9.647675627974225,8.995477664556066,13.751024457480368,163.77,5.0,0.10319241826744929,1398.8198859984973,0.0,0.052000000000000046,-26.15384615384619,66781.97413414618,-53058.273935945595
000014.SZ,20200224,8.64,8.61,8.63,8.41,8.56,-0.08,-0.9259,28022.01,23851.83,46.84,46.67,46.78,45.59,46.4,5.420942,8.5118,-1,9.5,7.78,7.0,1,1,-0.0092592592592593,0,1.4379955103068194,0.9666666666666667,1.0,49.99999999980599,50.31876089045951,44.13298990572616,87.89657704354488,8092.965260223816,0.7857142857142859,-7.978241662659412,-12.886741626001951,8.977412960599601,13.849474197610338,162.81,5.0,0.10462514377275506,1776.5599584629863,0.0,0.052000000000000136,-27.741935483871003,26750.53134244925,-41657.016039032045
000014.SZ,20200225,8.56,8.43,8.44,8.16,8.39,-0.17,-1.986,27545.07,22925.386,46.4,45.7,45.75,44.23,45.48,5.420942,8.3229,-1,9.42,7.7,6.86,1,1,-0.01985981308411211,0,1.3569948559458418,0.9666666666666667,1.0,49.99999999979447,48.357090107402634,39.30990260996545,63.394764089992606,8092.965260223816,0.7366548042704629,0.901420650674206,-19.35370245633309,8.954854541360781,13.991491965143835,162.0,3.0,0.08222534148200189,1852.6630704087302,0.0,0.049000000000000196,-29.707112970711336,-33531.829982176365,-40496.27517376695
000014.SZ,20200226,8.39,8.26,8.62,8.24,8.47,0.08,0.9535,35786.32,30533.224,45.48,44.78,46.73,44.67,45.92,5.420942,8.5321,-1,9.23,7.55,6.93,1,1,0.009535160905840279,1,1.691078342002911,0.9666666666666667,1.0,49.999999999782446,54.07084452011905,42.49479439903498,78.95058729391681,8170.132986185426,0.7446043165467627,12.294611383232075,-15.120339603988258,8.935257260974035,14.078082397930467,160.8,5.0,0.07778343085458406,2844.24297144207,0.0,0.06400000000000024,-24.236252545824883,40658.17702241702,-28902.78200288353
000014.SZ,20200227,8.47,8.48,8.58,8.4,8.52,0.05,0.5903,28962.54,24612.438,45.92,45.97,46.51,45.54,46.19,5.420942,8.498,-1,9.32,7.62,6.97,1,1,0.0059031877213693296,1,1.2927685406298124,0.9666666666666667,1.0,49.99999999976859,58.551081109436105,44.456678704543776,85.3101609180771,8170.132986185426,0.741935483870968,9.589690422374256,-12.49527324861562,8.917953940424958,14.086542572719706,159.99,5.0,0.080823687112624,2428.3330862734274,0.0,0.06500000000000021,-18.54838709677425,140488.42829852327,-4704.037674111132
000014.SZ,20200228,8.52,8.4,8.45,8.13,8.16,-0.36,-4.2254,27916.99,23092.447,46.19,45.54,45.81,44.07,44.23,5.420942,8.2718,-1,9.37,7.67,6.67,1,1,-0.04225352112676051,0,1.1976258882563209,0.9666666666666667,1.0,49.99999999976055,58.23408105710743,35.15653808609935,0.0,8170.132986185426,0.4517241379310343,4.974231827447207,-25.389544606092535,8.891024755347475,14.00649175064659,159.04999999999998,5.0,0.03587954750160571,1884.010171058202,0.0,0.06500000000000021,-20.472440944881924,90366.90396202574,8877.525416765562
000014.SZ,20200302,8.16,8.11,8.46,8.11,8.43,0.27,3.3088,23483.43,19673.696,44.23,43.96,45.86,43.96,45.7,5.420942,8.3777,-1,8.98,7.34,6.89,1,1,0.03308823529411753,1,0.9964401773124405,0.9666666666666667,1.0,49.999999999752774,61.43537653171478,44.5291986252295,81.66720689105198,8170.132986185426,0.5796460176991145,18.173397062327627,-12.322706501792744,8.871776468307218,13.43887865809182,158.04000000000002,7.0,0.043544243900988544,851.0109563924425,0.0,0.08100000000000022,4.935064935064823,135753.16566669213,27002.616881040787
000014.SZ,20200303,8.43,8.48,8.87,8.43,8.79,0.36,4.2705,49694.98,42827.688,45.7,45.97,48.08,45.7,47.65,5.420942,8.6181,-1,9.27,7.59,7.19,1,1,0.042704626334519435,1,2.045473619636094,0.9666666666666667,1.0,49.99999999974872,69.01582486396902,54.06330258892644,100.0,8519.035462463806,0.44155844155844126,8.982916366804321,2.0093627646660996,8.86780410382095,12.598381363411113,158.26000000000002,9.0,0.09516927680583331,3475.329459406512,0.0,0.07100000000000013,41.279069767441705,257226.7198537029,59891.77444856394
000014.SZ,20200304,8.79,8.66,8.99,8.56,8.86,0.07,0.7964,59399.96,52011.325,47.65,46.95,48.73,46.4,48.03,5.420942,8.7561,-1,9.67,7.91,7.25,1,1,0.007963594994311762,1,2.3496701114343668,0.9666666666666667,1.0,49.99999999974899,71.51647016361476,55.65917949865451,100.0,8586.877610629046,0.47747747747747754,9.376356322190665,4.503390201759459,8.867415744151058,11.834585249591692,158.97000000000003,9.0,0.134410372401018,6139.670292524805,0.0,0.07200000000000006,35.048231511253874,422078.6304783386,111632.7538813889
000014.SZ,20200305,8.86,8.84,8.93,8.7,8.85,-0.01,-0.1129,42385.1,37400.927,48.03,47.92,48.41,47.16,47.98,5.420942,8.8241,-1,9.75,7.97,7.24,1,1,-0.0011286681715575453,0,1.5565726616760487,0.9666666666666667,1.0,49.999999999751836,72.60572226359464,55.36327739183913,98.55676104916812,8586.877610629046,0.4796380090497738,11.429955281738739,4.104947049542699,8.866552379806928,11.035443316025898,159.91,7.0,0.1533151982953545,5265.038114416682,0.0,0.07150000000000008,35.04823151125382,545654.3744353044,173635.84253194826
000014.SZ,20200306,8.85,8.75,8.84,8.62,8.78,-0.07,-0.791,32312.06,28221.202,47.98,47.43,47.92,46.73,47.6,5.420942,8.734,-1,9.74,7.97,7.18,1,1,-0.007909604519774072,0,1.148832478762176,0.9666666666666667,1.0,49.99999999975542,70.89503997669212,53.229985282732926,88.15179875099399,8586.877610629046,0.46696035242290745,13.035059898312609,1.2601646549148018,8.862378899697156,10.185068458182199,160.80999999999997,5.0,0.15047506610057587,3092.117261424928,0.0,0.07000000000000002,32.91139240506316,428068.9092331985,209983.42348926974
000014.SZ,20200309,8.78,8.65,8.7,8.35,8.37,-0.41,-4.6697,35708.0,30384.504,47.6,46.89,47.16,45.26,45.37,5.420942,8.5092,-1,9.66,7.9,6.85,1,1,-0.046697038724373585,0,1.2451204480034592,0.9666666666666667,1.0,49.99999999975962,65.58802175676666,42.82201324177919,37.387744346861304,8185.895854324045,0.346456692913386,12.492289242005537,-13.340023779153388,8.84206006934506,9.473431486400989,161.66,3.0,0.09041552535850036,1931.4324352465965,0.0,0.047499999999999966,18.902439024390112,304985.5263963167,223555.15247599076
000014.SZ,20200310,8.37,8.25,8.5,8.17,8.47,0.1,1.1947,30177.02,25189.114,45.37,44.72,46.08,44.29,45.92,5.420942,8.3471,-1,9.21,7.53,6.93,1,1,0.011947431302270273,1,1.0221781726134203,0.9666666666666667,1.0,49.999999999762764,60.76621103987896,45.61512756346098,51.010936917411655,8185.895854324045,0.3577235772357723,14.495405894232352,-9.294177338619836,8.825989586169158,8.843511597606126,161.6,3.0,0.06252833005506098,322.2500727504048,0.0,0.05049999999999999,3.1645569620251948,186978.3678887696,218329.8975349592
000014.SZ,20200311,8.47,8.47,8.66,8.42,8.58,0.11,1.2987,30512.74,26134.496,45.92,45.92,46.95,45.64,46.51,5.420942,8.5651,-1,9.32,7.62,7.02,1,1,0.01298701298701288,1,1.0243285044436372,0.9666666666666667,1.0,49.99999999976526,62.740018840379925,48.590106690730586,65.52116058765456,8292.206190094486,0.3424124513618677,17.784496574150506,-4.956046570698847,8.81485633723013,8.32971005919702,170.01999999999998,4.0,0.05740186901384306,-735.6221546409215,0.0,0.05599999999999996,12.238805970149166,246576.02240065014,222365.05823005788
000014.SZ,20200312,8.58,8.4,8.47,8.28,8.35,-0.23,-2.6807,25638.71,21433.904,46.51,45.54,45.92,44.89,45.26,5.420942,8.36,-1,9.44,7.72,6.83,1,1,-0.026806526806526842,0,0.845572127089289,0.9666666666666667,1.0,49.99999999976859,58.894829872811016,43.26135196776393,39.53058397978638,8292.206190094486,0.3211678832116789,13.733658180019464,-12.59208200451964,8.795507706466184,7.8011298259327235,170.02,4.0,0.02328329095164633,-2055.7599762465516,0.0,0.05549999999999997,1.775147928993995,163221.24248431815,213915.94169495223
000014.SZ,20200313,8.35,7.96,8.36,7.86,8.2,-0.15,-1.7964,30113.05,24361.522,45.26,43.15,45.32,42.61,44.45,5.420942,8.09,-1,9.19,7.52,6.71,1,1,-0.017964071856287456,0,0.985838429753473,0.9666666666666667,1.0,49.99999999977081,57.71187120891415,40.167491688258856,24.44052696103321,8143.244402248477,0.39649122807017523,23.640893144987064,-17.161047302591953,8.772016642310518,7.350283716002034,170.07,2.0,-0.01706067326733751,-2273.209224714302,0.0,0.06599999999999988,-6.010928961748689,88760.78791247559,196036.6340117413
000014.SZ,20200316,8.2,8.2,8.48,8.06,8.15,-0.05,-0.6098,26551.15,21889.596,44.45,44.45,45.97,43.69,44.18,5.420942,8.2443,-1,9.02,7.38,6.67,1,1,-0.0060975609756096505,0,0.8502441872395501,0.9666666666666667,1.0,49.99999999977591,57.76154481212431,39.16211191837577,19.536867234206877,8143.244402248477,0.41391941391941384,25.554855528533622,-18.653029386735103,8.74792179968052,7.063912958168862,170.24,0.0,-0.04638927416509925,-2808.64261095439,0.0,0.05499999999999994,-4.02144772117969,142395.17525220796,188373.5684746651
000014.SZ,20200317,8.15,8.18,8.2,7.77,8.0,-0.15,-1.8405,23704.38,18884.335,44.18,44.34,44.45,42.12,43.37,5.420942,7.9666,-1,8.97,7.34,6.54,1,1,-0.018404907975460127,0,0.7572369370576374,0.9666666666666667,1.0,49.99999999978327,54.3988928126942,36.2321905855304,5.246409366416314,8143.244402248477,0.4265734265734266,31.316273497447817,-23.030710622117947,8.720508938046407,6.916513787973722,169.99,-2.0,-0.0799340072380191,-3417.63667501309,0.0,0.04599999999999995,-14.948453608247476,78827.83088797002,172724.17739085155
000014.SZ,20200318,8.0,8.11,8.15,7.88,7.89,-0.11,-1.375,17827.0,14331.939,43.37,43.96,44.18,42.72,42.77,5.420942,8.0395,-1,8.8,7.2,6.45,1,1,-0.01375000000000004,0,0.5658106465015861,0.9666666666666667,1.0,49.999999999790624,51.70649918387977,34.21084853292671,0.0,8143.244402248477,0.4163822525597271,30.869218664589877,-26.100591567619063,8.691283166989534,6.894153114475552,169.44,-2.0,-0.10907526106364807,-4419.8360866541325,0.0,0.033499999999999995,-15.245478036175733,13086.849649400392,149918.84485635854
000014.SZ,20200319,7.89,7.89,7.93,7.75,7.92,0.03,0.3802,16495.03,12919.626,42.77,42.77,42.99,42.01,42.93,5.420942,7.8324,-1,8.68,7.1,6.48,1,1,0.0038022813688212143,1,0.5229206200017106,0.9666666666666667,1.0,49.99999999979504,52.975377839572154,35.271455110592406,4.944937577475999,8143.244402248477,0.42906574394463665,31.011130497820723,-24.67307326298677,8.66361726669748,7.002420460263908,168.69,-2.0,-0.11581131627490338,-5025.7234482228,0.0,0.03149999999999999,-18.204488778054902,-49631.98414001271,121411.58357116266
000014.SZ,20200320,7.92,7.98,8.05,7.89,8.04,0.12,1.5152,10956.02,8733.486,42.93,43.26,43.64,42.77,43.58,5.420942,7.9714,-1,8.71,7.13,6.58,1,1,0.015151515151515138,1,0.35497060895054683,0.9666666666666667,1.0,49.99999999979458,51.79017708132287,39.47467251597834,24.54188156394394,8143.244402248477,0.41610738255033586,31.02392221244661,-19.00087873935281,8.639563718790118,7.051651900412725,168.01999999999998,-2.0,-0.09639997500732655,-5876.960766408667,0.0,0.03349999999999986,-15.892420537897365,-20790.711284262172,101096.97002038769
000014.SZ,20200323,8.04,7.95,7.96,7.78,7.9,-0.14,-1.7413,17254.01,13627.009,43.58,43.1,43.15,42.17,42.83,5.420942,7.8979,-1,8.84,7.24,6.46,1,1,-0.01741293532338295,0,0.5720905643971543,0.9666666666666667,1.0,49.99999999979484,52.85978484193941,36.49701446652091,10.658945617946932,8001.446614149624,0.4078947368421057,27.699789517693603,-23.287057470825562,8.6125474763824,7.158971457556557,167.42000000000002,-2.0,-0.09458299691346794,-5313.1412617684355,0.0,0.03349999999999982,-15.061728395061763,-54182.466858889034,78914.19332334817
000014.SZ,20200324,7.9,7.98,8.03,7.87,8.02,0.12,1.519,10943.0,8721.815,42.83,43.26,43.53,42.66,43.48,5.420942,7.9702,-1,8.69,7.11,6.56,1,1,0.015189873417721378,1,0.36943162760103593,0.9666666666666667,1.0,49.99999999979305,56.20669884701759,40.630866173535516,30.351207813677526,8001.446614149624,0.4147157190635457,21.76478964232909,-17.669056056231593,8.589316527305227,7.090537450920654,166.73,0.0,-0.07048831482421014,-5489.192027368143,0.0,0.037499999999999735,-6.940874035989751,-24804.470569133227,64097.24133870798
000014.SZ,20200325,8.02,8.12,8.3,8.04,8.18,0.16,1.995,26032.4,21245.695,43.48,44.02,44.99,43.58,44.34,5.420942,8.1613,-1,8.82,7.22,6.69,1,1,0.01995012468827939,1,0.9041829960184363,1.0,1.0,49.9999999997854,55.384922087372196,45.705877201532786,60.43927660766831,8161.07647178852,0.40390879478827413,15.37816583275757,-10.595819247405233,8.571890523118457,6.971946653945974,166.51,0.0,-0.02842741227795198,-3375.79095178227,0.0,0.029999999999999714,-4.522613065326624,40349.032780238806,60704.64011606953
000014.SZ,20200326,8.18,8.11,8.17,7.99,8.01,-0.17,-2.0782,18823.01,15179.806,44.34,43.96,44.29,43.31,43.42,5.420942,8.0645,-1,9.0,7.36,6.55,1,1,-0.020782396088019572,0,0.665044634159134,1.0,1.0,49.99999999977438,51.233455539579765,41.63362962080143,51.62144671452501,8161.07647178852,0.3887147335423201,14.345936632048748,-16.2278002572753,8.549475854005971,7.144637639448053,166.29,-2.0,-0.019365399123406513,-2776.6130498958983,0.0,0.022999999999999778,-11.898734177215204,-11387.015215646723,50405.83221153864
000014.SZ,20200327,8.01,8.1,8.14,8.02,8.04,0.03,0.3745,15777.39,12762.574,43.42,43.91,44.13,43.48,43.58,5.420942,8.0892,-1,8.81,7.21,6.58,1,1,0.0037453183520599342,1,0.5676054764210131,1.0,1.0,49.99999999976163,55.17608321525195,42.60545835143818,58.37999239171854,8161.07647178852,0.433566433566434,5.81514488043081,-14.883458822794598,8.528825938526785,7.3338572043334915,165.78,0.0,-0.0058902930597991565,-2620.1581826781353,0.0,0.031999999999999765,-6.199460916442064,29837.746540276305,47467.53425850117
000014.SZ,20200330,8.04,8.0,8.0,7.72,7.83,-0.21,-2.6119,18078.3,14089.774,43.58,43.37,43.37,41.85,42.45,5.420942,7.7937,-1,8.84,7.24,6.4,1,1,-0.026119402985074536,0,0.6649019607698906,1.0,1.0,49.99999999974916,51.49663110957579,37.854052278967636,25.336520883476137,7947.9140266298655,0.4535714285714292,2.4757171999924275,-21.56793883510523,8.502725767691476,7.761922490677835,165.70999999999998,-2.0,-0.02097458664613583,-2061.017180525222,0.0,0.007499999999999752,-12.781954887218035,3443.7735109147543,41178.42558027454
000014.SZ,20200331,7.83,7.9,7.93,7.81,7.82,-0.01,-0.1277,11424.02,8997.49,42.45,42.83,42.99,42.34,42.39,5.420942,7.8759,-1,8.61,7.05,6.4,1,1,-0.0012771392081736277,0,0.4243823977381469,1.0,1.0,49.999999999738286,47.512929007693984,37.638794921055826,29.821120824962666,7947.9140266298655,0.5183673469387762,-10.665588886104494,-21.87547638067042,8.477326898470745,8.193695614925696,165.20999999999998,-4.0,-0.027593744197380143,-2417.0925402226258,0.0,-0.012000000000000188,-22.615803814713836,36955.36461702293,40575.131156952884
000014.SZ,20200401,7.82,7.85,7.89,7.78,7.79,-0.03,-0.3836,10047.0,7872.879,42.39,42.55,42.77,42.17,42.23,5.420942,7.836,-1,8.6,7.04,6.37,1,1,-0.0038363171355498826,0,0.401789717850399,1.0,1.0,49.99999999972919,39.143305987480886,36.95977750431219,23.914067990913725,7947.9140266298655,0.502074688796681,-23.87548752742071,-22.831007847396172,8.452069601311525,8.620298992577414,164.54,-6.0,-0.031049946130327633,-2649.067874154942,0.0,-0.025000000000000133,-27.932960893854712,10610.73539618196,36294.503191128475
000014.SZ,20200402,7.79,7.78,7.87,7.7,7.87,0.08,1.027,10147.05,7908.788,42.23,42.17,42.66,41.74,42.66,5.420942,7.7942,-1,8.57,7.01,6.44,1,1,0.010269576379974277,1,0.45022023834045916,1.0,1.0,49.999999999720785,31.60175998372023,40.06490758744907,50.926876507148734,8029.53573678781,0.459677419354839,-24.7263676793934,-18.753914341120495,8.429550136222197,8.926366796944693,163.31,-4.0,-0.01823183379406168,-2596.535110902085,0.0,-0.02100000000000013,-34.65909090909082,-15902.914679236848,28837.729209647718
000014.SZ,20200403,7.87,7.85,8.66,7.81,8.41,0.54,6.8615,63112.57,52150.106,42.66,42.55,46.95,42.34,45.59,5.420942,8.263,-1,8.66,7.08,6.88,1,1,0.06861499364675994,1,3.015978587854086,1.0,1.0,49.999999999722746,43.78612515106942,55.86698313730396,100.0,8580.482280353937,0.3389830508474576,4.105062983692876,3.908568461744235,8.428582790189779,8.935074002959878,162.27,-2.0,0.06286856156008569,4384.987574361052,0.0,0.005499999999999927,-8.05687203791463,30109.399976295957,29019.396462026038
000014.SZ,20200407,8.41,8.26,8.42,8.2,8.32,-0.09,-1.0702,47523.17,39464.132,45.59,44.78,45.64,44.45,45.1,5.420942,8.3042,-1,9.25,7.57,6.81,1,1,-0.010701545778834753,0,2.1153286892235483,1.0,1.0,49.999999999727834,53.20672002053095,53.34268159917384,88.34371145061178,8580.482280353937,0.36501901140684445,-0.7620222706446611,0.542414254213491,8.423384135012569,8.87498603409816,161.91,-2.0,0.10196200574662434,6583.460001430252,0.0,0.02250000000000001,7.373271889400975,194336.7896502957,52636.16691749313
000014.SZ,20200408,8.32,8.28,8.33,8.15,8.26,-0.06,-0.7212,26048.07,21436.529,45.1,44.89,45.16,44.18,44.78,5.420942,8.2296,-1,9.15,7.49,6.76,1,1,-0.007211538461538547,0,1.129732329883209,1.0,1.0,49.999999999733895,53.75045101181605,51.66662182504225,79.6054691736283,8580.482280353937,0.3706563706563712,-6.1383316729925435,-1.692467637329223,8.415735615421953,8.859575585714033,162.07,-4.0,0.11627363160124804,4902.533347411474,0.0,0.010499999999999999,10.165484633569768,114318.42393345977,61447.91791977408
000014.SZ,20200409,8.26,8.28,8.41,8.25,8.32,0.06,0.7264,29477.11,24534.965,44.78,44.89,45.59,44.72,45.1,5.420942,8.3234,-1,9.09,7.43,6.81,1,1,0.007263922518159882,1,1.2900039161234067,1.0,1.0,49.99999999974078,53.55673996616509,53.24857700977342,86.48213545394088,8642.810238806873,0.3779527559055122,-8.775418906503111,0.6325476725883515,8.411147939763422,8.83458971872183,161.9,-4.0,0.12935348294296514,4045.6656618162347,0.0,0.007000000000000073,6.862745098039241,169613.58929830702,76900.15668813593
000014.SZ,20200410,8.32,8.32,8.35,8.14,8.18,-0.14,-1.6827,27780.46,22841.816,45.1,45.1,45.26,44.13,44.34,5.420942,8.2223,-1,9.15,7.49,6.69,1,1,-0.016826923076923128,0,1.2185148733989273,1.0,1.0,49.99999999974689,53.356303474037695,49.20197037217817,65.59099873414326,8642.810238806873,0.3918367346938779,-7.307437205456605,-4.718033102441851,8.400660211027718,8.761691988793508,161.67,-4.0,0.11515372618245961,3086.7805800348724,0.0,0.00250000000000008,9.000000000000028,101175.04047826864,80367.99722958347
000014.SZ,20200413,8.18,8.2,8.26,8.14,8.14,-0.04,-0.489,16425.95,13467.297,44.34,44.45,44.78,44.13,44.13,5.420942,8.1988,-1,9.0,7.36,6.66,1,1,-0.004889975550122161,0,0.7171116004941912,1.0,1.0,49.99999999975218,54.991780492708045,48.07776946131995,58.80293562581047,8642.810238806873,0.4102564102564109,-22.22555255645203,-6.217689401651212,8.389019583946178,8.631805369966568,161.57,-4.0,0.09710108839904616,874.4997885093735,0.0,-0.012499999999999822,18.80108991825613,37073.507543189655,74183.07013152722
000014.SZ,20200414,8.14,8.15,8.24,8.14,8.19,0.05,0.6143,18429.0,15085.854,44.13,44.18,44.67,44.13,44.4,5.420942,8.1859,-1,8.95,7.33,6.7,1,1,0.006142506142505999,1,0.8293373835514843,1.0,1.0,49.9999999997548,54.13391891482947,49.627131173564486,66.99749246471744,8695.898753787258,0.4102564102564109,-34.888926082178166,-4.0626155010012175,8.379927479970998,8.464004663247438,161.23,-2.0,0.08884575500154276,-304.5103517638425,0.0,-0.007999999999999919,13.46704871060173,74955.42378724419,74293.40636805822
000014.SZ,20200415,8.19,8.19,8.25,8.1,8.12,-0.07,-0.8547,14537.0,11884.226,44.4,44.4,44.72,43.91,44.02,5.420942,8.1752,-1,9.01,7.37,6.64,1,1,-0.008547008547008628,0,0.666368801600092,1.0,1.0,49.99999999975395,55.23725346585705,47.490550002886614,55.697138450744674,8695.898753787258,0.4247787610619476,-44.88520557156412,-6.847855387375028,8.368397574160019,8.21724121775073,161.28,-2.0,0.07164520364225638,-1525.8034033249837,0.0,-0.0024999999999999467,22.222222222222236,41242.72265378319,69571.8801231618
000014.SZ,20200416,8.12,8.12,8.29,8.06,8.22,0.1,1.2315,19665.1,16088.222,44.02,44.02,44.94,43.69,44.56,5.420942,8.1811,-1,8.93,7.31,6.72,1,1,0.012315270935960854,1,0.9207853320134152,1.0,1.0,49.99999999974739,59.5479240269388,50.75245603768227,72.94932313690398,8802.991102971833,0.42666666666666714,-42.124541637362896,-2.3783327719846534,8.361499089111403,7.860358244567108,161.19,0.0,0.07127435607357974,-1554.8153312734657,0.0,0.013500000000000113,17.98107255520509,68696.11411758984,69446.77069379439
000014.SZ,20200417,8.22,8.25,8.34,8.2,8.22,0.0,0.0,21905.0,18077.319,44.56,44.72,45.21,44.45,44.56,5.420942,8.2526,-1,9.04,7.4,6.72,1,1,0.0,0,1.0212700645999355,0.9666666666666667,1.0,49.999999999720785,63.79075261395433,50.75245603768228,72.94932313690403,8802.991102971833,0.432432432432433,-41.2669258193236,-2.378332771984653,8.354921290544594,7.510817548559727,153.44,-1.0,0.06854549979931865,-1200.1003106918718,0.0,0.01050000000000013,30.097087378640822,128851.63837928238,77933.18036314982
000014.SZ,20200420,8.22,8.23,8.34,8.14,8.3,0.08,0.9732,22633.66,18668.616,44.56,44.61,45.21,44.13,44.99,5.420942,8.2482,-1,9.04,7.4,6.79,1,1,0.009732360097323589,1,1.0420998503104257,0.9666666666666667,1.0,49.9999999997039,64.77818008007009,53.43620388781319,87.14363562403305,8888.664982319491,0.44036697247706463,-35.7016180554412,1.2821128339324512,8.352272459903679,7.226001295454692,153.69,-1.0,0.07453633765718591,-813.6197614878702,0.0,0.01100000000000021,24.25249169435226,184734.0916177844,93190.45339952619
000014.SZ,20200421,8.3,8.27,8.52,8.2,8.46,0.16,1.9277,35505.07,29688.756,44.99,44.83,46.19,44.45,45.86,5.420942,8.3618,-1,9.13,7.47,6.92,1,1,0.01927710843373487,1,1.5919297726531036,0.9666666666666667,1.0,49.999999999691944,69.8496846653706,58.327473915116265,100.0,9060.012741014805,0.4363636363636365,-24.70511329324522,8.192619514882066,8.357822614549828,6.80771629229218,153.85,1.0,0.0957194040687824,1124.2091352966665,0.0,0.023000000000000263,33.1168831168832,270452.6439055605,118513.6234718168
000014.SZ,20200422,8.46,8.37,8.75,8.35,8.61,0.15,1.773,56175.85,48238.714,45.86,45.37,47.43,45.26,46.67,5.420942,8.5871,-1,9.31,7.61,7.04,1,1,0.017730496453900457,1,2.419733631740377,0.9666666666666667,1.0,49.999999999690445,72.67900844202033,62.323262562179,100.0,9220.65126479166,0.4708520179372199,-11.10801643110546,14.124993139494316,8.371527253780513,6.469212525460415,154.33,1.0,0.12381969651055272,4925.721774128632,0.0,0.03300000000000032,36.024844720496986,416367.525753372,161064.18094061041
000014.SZ,20200423,8.61,8.62,8.65,8.44,8.5,-0.11,-1.2776,32847.0,27991.069,46.67,46.73,46.89,45.75,46.08,5.420942,8.5217,-1,9.47,7.75,6.95,1,1,-0.012775842044134622,0,1.2892623603568958,0.9666666666666667,1.0,49.99999999969191,66.54559920607082,57.936059422593914,70.42211178806538,9220.65126479166,0.4816513761467894,-12.190294558275934,8.702865785988726,8.378177423156444,6.243963791697076,154.96,-1.0,0.12131511313608973,4068.939795515077,0.0,0.024000000000000334,25.90163934426237,281993.5231911044,178339.80126210957
000014.SZ,20200424,8.5,8.5,8.54,8.31,8.36,-0.14,-1.6471,21431.37,17986.354,46.08,46.08,46.29,45.05,45.32,5.420942,8.3925,-1,9.35,7.65,6.84,1,1,-0.016470588235294237,0,0.8300912588844201,0.9666666666666667,1.0,49.9999999996925,66.10502823272338,52.838009903809755,36.051800232406364,9220.65126479166,0.48837209302325607,-9.017800289924459,2.1979330931577405,8.377292806453802,5.899719852463024,155.32,-1.0,0.09565371940267782,1848.6167249700743,0.0,0.022000000000000287,25.901639344262435,184857.7752555377,179270.9404040279
000014.SZ,20200427,8.36,8.35,8.68,8.3,8.56,0.2,2.3923,40392.35,34386.585,45.32,45.26,47.05,44.99,46.4,5.420942,8.5131,-1,9.2,7.52,7.0,1,1,0.02392344497607679,1,1.5566348383743234,0.9666666666666667,1.0,49.99999999969388,67.73185044353103,58.46134735163767,73.96352693343388,9441.241007968496,0.4525862068965516,2.2760680466715306,10.272269697967063,8.386886871654985,5.526366958299322,155.61,-1.0,0.10000129544192862,2762.960716798675,0.0,0.03550000000000035,30.37974683544317,228136.96083407896,186251.80046546378
000014.SZ,20200428,8.56,8.51,8.51,7.93,8.14,-0.42,-4.9065,38736.32,31791.674,46.4,46.13,46.13,42.99,44.13,5.420942,8.2072,-1,9.42,7.7,6.66,1,1,-0.0490654205607477,0,1.425216401258975,0.9666666666666667,1.0,49.99999999969617,65.19696204798095,46.04512103933209,0.0,9441.241007968496,0.41501976284584957,12.039749318319025,-6.7462178613573895,8.375923474253934,5.0272537597853475,156.13000000000002,-1.0,0.043568178929926066,2956.3656992230203,0.0,0.02550000000000039,27.554179566563548,136035.6935898625,179078.07091180646
000014.SZ,20200429,8.14,8.14,8.23,8.05,8.07,-0.07,-0.86,18778.44,15256.35,44.13,44.13,44.61,43.64,43.75,5.420942,8.1244,-1,8.95,7.33,6.6,1,1,-0.008599508599508643,0,0.6656152050201338,0.9666666666666667,1.0,49.999999999699554,62.448203535084545,44.35432880572067,0.0,9441.241007968496,0.4054054054054051,13.390459566537743,-9.204568290879237,8.362696591437343,4.511189712879017,156.43,-1.0,-0.0034297169570020464,345.0606921746421,0.0,0.026000000000000377,15.204678362573183,49962.68770736945,160633.01616831546
000014.SZ,20200430,8.07,8.11,8.47,8.07,8.29,0.22,2.7261,32350.35,26773.807,43.75,43.96,45.92,43.75,44.94,5.420942,8.2762,-1,8.88,7.26,6.78,1,1,0.027261462205699916,1,1.1319275446846744,0.9666666666666667,1.0,49.99999999970189,65.47657363601866,50.505689938108056,34.23331186902775,9698.623042882133,0.37769784172661863,21.35831812043759,-0.44455490874925846,8.359250238333933,3.7240548742601707,156.60999999999999,1.0,-0.005028029951049839,391.50599251075573,0.0,0.038000000000000346,22.09944751381225,82403.92401109275,149457.4315744265
000014.SZ,20200506,8.29,8.21,8.33,8.13,8.3,0.01,0.1206,25314.06,20821.58,44.94,44.51,45.16,44.07,44.99,5.420942,8.2253,-1,9.12,7.46,6.79,1,1,0.0012062726176118588,1,0.8524674883043196,0.9666666666666667,1.0,49.99999999970317,63.80227256720941,50.77207713808334,35.71579938657198,9698.623042882133,0.34686346863468626,20.91750136096742,-0.0605114295446153,8.3564305057069,3.024176837850755,157.04,1.0,-0.00487893662177679,-529.8837233799281,0.0,0.038000000000000346,20.108695652173992,-3622.649695703003,127588.84853583659
000014.SZ,20200507,8.3,8.25,8.29,8.2,8.26,-0.04,-0.4819,15166.42,12515.921,44.99,44.72,44.94,44.45,44.78,5.420942,8.2524,-1,9.13,7.47,6.76,1,1,-0.004819277108433884,0,0.49802066403433837,0.9666666666666667,1.0,49.999999999704656,58.037802636454856,49.62161158950849,29.313273982629447,9698.623042882133,0.37104072398190013,-7.927386425968973,-1.6439149876835917,8.351914064270192,3.126593279811989,157.53,-1.0,-0.010013064878917219,-2405.5033703783183,0.0,0.01050000000000031,0.6756756756756985,-66024.146993231,99929.84917454122
000014.SZ,20200508,8.26,8.28,8.48,8.25,8.44,0.18,2.1792,26619.0,22290.999,44.78,44.89,45.97,44.72,45.75,5.420942,8.3741,-1,9.09,7.43,6.9,1,1,0.021791767554479424,1,0.9487780503963712,0.9666666666666667,1.0,49.999999999705764,56.4362774470117,54.60633569057522,57.05406355104298,9909.973181831137,0.3565217391304345,-6.871118519082937,5.4518076690674,8.356337312438253,3.0840510732156554,157.36,1.0,0.009913119293641123,-2018.4589850195034,0.0,0.015500000000000291,-6.521739130434717,-34017.60471729937,80794.498618564
000014.SZ,20200511,8.44,8.44,8.49,8.35,8.45,0.01,0.1185,17726.0,14913.966,45.75,45.75,46.02,45.26,45.81,5.420942,8.4136,-1,9.28,7.6,6.91,1,1,0.0011848341232227888,1,0.6562540967289514,0.9666666666666667,1.0,49.9999999997035,60.63804418085685,54.87347691160737,58.540747316773555,9909.973181831137,0.3644444444444443,-8.058624977526838,5.83622503488148,8.361057743523089,2.998089152490707,157.38,3.0,0.022781458595322844,-2825.724418418528,0.0,0.017000000000000258,0.3610108303249646,15913.944724715722,71525.84806229996
000014.SZ,20200512,8.45,8.48,8.48,8.23,8.33,-0.12,-1.4201,18857.42,15688.442,45.81,45.97,45.97,44.61,45.16,5.420942,8.3195,-1,9.3,7.61,6.81,1,1,-0.014201183431952535,0,0.7090648311733257,0.9666666666666667,1.0,49.99999999969957,56.21940583056259,50.995182746063314,36.95741789885452,9769.239834870223,0.354978354978355,-3.7638881929022525,0.6662176856169882,8.359568950394365,3.075721508998633,157.61,1.0,0.013906981710054167,-3053.331392038202,0.0,0.007500000000000196,-7.526881720430019,-20580.700417940883,58367.76970797985
000014.SZ,20200513,8.33,8.32,8.43,8.24,8.43,0.1,1.2005,12040.33,10047.47,45.16,45.1,45.7,44.67,45.7,5.420942,8.3448,-1,9.16,7.5,6.89,1,1,0.01200480192076836,1,0.46195620583360264,0.9666666666666667,1.0,49.999999999696584,60.309132400626034,53.918071909406876,53.22376515662115,9769.239834870223,0.36123348017621165,-4.275697171169737,4.747785795198137,8.363082043964566,3.0503482208056862,157.5,3.0,0.019917818865221232,-3913.2396574536306,0.0,0.020000000000000195,-5.494505494505447,4611.366253130604,50688.28350014425
000014.SZ,20200514,8.43,8.4,8.51,8.31,8.5,0.07,0.8304,22274.35,18747.383,45.7,45.54,46.13,45.05,46.08,5.420942,8.4166,-1,9.27,7.59,6.95,1,1,0.008303677342823335,1,0.8812177039369862,0.9666666666666667,1.0,49.99999999969212,63.9523184075579,55.90090419373737,64.25854502283235,9850.360450343642,0.3565217391304348,-0.6925680490223846,7.5469335942739555,8.370093999357712,2.978402502833781,157.55,5.0,0.031068927901151844,-2939.1412345085455,0.0,0.028000000000000115,0.7352941176471077,63816.9668802697,52563.80969730503
000014.SZ,20200515,8.5,8.95,8.95,8.5,8.52,0.02,0.2353,71872.45,62989.84,46.08,48.52,48.52,46.08,46.19,5.420942,8.7641,-1,9.35,7.65,6.97,1,1,0.0023529411764704466,1,2.810898946817059,0.9666666666666667,1.0,49.99999999968739,67.53337315991624,56.47712581016467,85.93450816687775,9873.537769050332,0.4493392070484577,12.454104862113327,8.356884963111492,8.377828926627652,2.929736898049161,157.91,5.0,0.03840472145328068,4164.359346398737,0.0,0.0045000000000001705,15.286624203821681,232744.30216775974,78303.88005022713
000014.SZ,20200518,8.52,8.42,8.52,8.26,8.3,-0.22,-2.5822,35513.91,29602.185,46.19,45.64,46.19,44.78,44.99,5.420942,8.3354,-1,9.37,7.67,6.79,1,1,-0.025821596244131273,0,1.2575133995767984,0.9666666666666667,1.0,49.99999999967501,65.08663183076186,48.9069221665644,32.27183225162335,9873.537769050332,0.42148760330578494,15.339400132885588,-1.62247307229672,8.37418291837762,2.93887652495348,158.18,5.0,0.012244583994133251,3756.677889089119,0.0,0.002000000000000224,2.5495750708215823,108530.34413388884,82621.94634789308
000014.SZ,20200519,8.3,8.34,8.39,8.26,8.34,0.04,0.4819,22313.0,18567.384,44.99,45.21,45.48,44.78,45.21,5.420942,8.3213,-1,9.13,7.47,6.82,1,1,0.004819277108433662,1,0.7617900478564136,0.9666666666666667,0.0,49.999999999662016,61.504384304225034,50.213597566055036,41.53442303391752,9873.537769050332,0.4322033898305087,10.661437364145831,0.13772385581991697,8.372552918548532,2.9788391015934326,158.38,5.0,-0.00038151916423792565,1609.6738451570195,0.0,-0.0029999999999998474,4.263256414560601e-14,11014.202023462392,72392.26858726014
000014.SZ,20200520,8.34,8.32,8.34,8.19,8.21,-0.13,-1.5588,17958.11,14827.787,45.21,45.1,45.21,44.4,44.51,5.420942,8.2569,-1,9.17,7.51,6.72,1,1,-0.015587529976019088,0,0.6103505237085041,0.9666666666666667,1.0,49.99999999965236,58.23457564615145,46.0882206394097,14.302737504005178,9873.537769050332,0.40963855421686785,10.418817928008,-5.464082576886957,8.365235256984347,3.114070385666132,166.72,4.0,-0.025560006768150012,-389.5585113811137,0.0,-0.006999999999999851,-5.915492957746409,-62142.87434655099,53172.962453858556
000014.SZ,20200521,8.21,8.19,8.49,8.19,8.37,0.16,1.9488,27944.41,23305.541,44.51,44.4,46.02,44.4,45.37,5.420942,8.34,-1,9.03,7.39,6.85,1,1,0.019488428745432218,1,0.9561727618421219,0.9666666666666667,1.0,49.99999999964109,58.625095817204134,51.38238325608433,57.97386896594327,10065.957506327803,0.3968871595330745,13.13106670227738,1.6628251291204863,8.365465922334817,3.162339512696018,166.77,4.0,-0.02021368639682418,-360.03700639196586,0.0,-0.0014999999999998793,4.263256414560601e-14,-23306.467692083243,42247.32957586687
000014.SZ,20200522,8.37,8.32,8.37,8.16,8.2,-0.17,-2.0311,19715.0,16253.645,45.37,45.1,45.37,44.23,44.45,5.420942,8.2443,-1,9.21,7.53,6.71,1,1,-0.020310633213859064,0,0.6685133323141458,0.9666666666666667,1.0,49.99999999963403,54.09499435655973,46.192058312687884,0.9995054490485796,10065.957506327803,0.395348837209303,7.635031470026418,-5.480850005776856,8.35801844693858,3.336791578991869,166.94,2.0,-0.03808885773821257,-1384.6269673591805,0.0,-0.016999999999999994,-8.379888268156392,-77571.74299264385,25130.319208936766
000014.SZ,20200525,8.2,8.15,8.28,8.11,8.21,0.01,0.122,10081.27,8272.234,44.45,44.18,44.89,43.96,44.51,5.420942,8.2055,-1,9.02,7.38,6.72,1,1,0.0012195121951221743,1,0.35124776721840584,0.9666666666666667,1.0,49.99999999962881,48.091706273846995,46.53418915246726,4.292738317729355,10065.957506327803,0.41803278688524614,-2.344516769229095,-5.023893243025259,8.351324058453608,3.459781235793496,166.7,2.0,-0.046520593005311285,-3192.287873211636,0.0,-0.025999999999999978,-18.023255813953476,-109452.93712319415,5904.139732918065
000014.SZ,20200526,8.21,8.25,8.64,8.2,8.59,0.38,4.6285,55742.33,47376.595,44.51,44.72,46.84,44.45,46.57,5.420942,8.4992,-1,9.03,7.39,7.03,1,1,0.04628501827040177,1,2.111725618373715,0.9666666666666667,1.0,49.999999999630276,56.31981494463082,57.573688947875276,100.0,10531.860533417273,0.3763837638376386,6.74839726650977,10.487328254950024,8.36388151897751,3.4479668109743216,166.25,4.0,-0.0012602589286441895,1668.8426029629954,0.0,-0.0030000000000000248,-4.32432432432428,-39233.852669240994,-544.1448959617992
000014.SZ,20200527,8.59,8.59,8.64,8.48,8.59,0.0,0.0,35168.92,30105.188,46.57,46.57,46.84,45.97,46.57,5.420942,8.5602,-1,9.45,7.73,7.03,1,1,0.0,0,1.2769500051095908,0.9333333333333333,0.0,49.99999999959137,61.23729870544893,57.573688947875276,100.0,10531.860533417273,0.3968871595330743,3.5813455581766434,10.487328254950015,8.375778293661911,3.3862856268611057,157.71,5.0,0.026782050406602254,1997.3519201688903,0.0,0.0040000000000000036,6.49350649350653,77515.45340887585,10607.22629044358
000014.SZ,20200528,8.59,8.58,8.69,8.48,8.61,0.02,0.2328,31708.0,27263.422,46.57,46.51,47.11,45.97,46.67,5.420942,8.5983,-1,9.45,7.73,7.04,1,1,0.002328288707799775,1,1.1232730137944926,0.9333333333333333,1.0,49.99999999960568,60.64448557345241,58.101750901870815,100.0,10531.860533417273,0.42677824267782494,-3.468118028317733,11.25172179921376,8.388186659429941,3.3837949931061635,157.89,5.0,0.04505407605179808,1647.2870039108266,0.0,-0.005000000000000071,4.255319148936181,170870.97631207725,33502.04772210553
000014.SZ,20200529,8.61,8.58,8.85,8.52,8.66,0.05,0.5807,47088.15,41052.255,46.67,46.51,47.98,46.19,46.95,5.420942,8.7182,-1,9.47,7.75,7.08,1,1,0.005807200929152323,1,1.694183722248444,0.9333333333333333,1.0,49.99999999962235,68.06666244180123,59.46023792518979,100.0,10593.021163692636,0.4455445544554457,-12.6138156021787,13.202272523266034,8.402838986979784,3.155972223374069,157.85,7.0,0.05997079986074705,3291.2875278064766,0.0,0.017499999999999894,19.436619718309892,299597.3817723667,71515.66687214284
000014.SZ,20200601,8.66,8.71,8.85,8.67,8.81,0.15,1.7321,43633.9,38360.705,46.95,47.22,47.98,47.0,47.76,5.420942,8.7915,-1,9.53,7.79,7.21,1,1,0.01732101616628179,1,1.546665420843259,0.9333333333333333,1.0,49.99999999964463,72.59633721357113,63.304222624109286,100.0,10593.021163692636,0.41904761904761934,-11.719912398437977,18.835545977168277,8.425879559019249,2.8272603940275705,158.28,9.0,0.0846293733507542,3687.5120892288696,0.0,0.02599999999999989,32.74853801169592,429463.7946718731,122651.11370067573
000014.SZ,20200602,8.81,8.9,9.5,8.82,9.23,0.42,4.7673,100874.56,93119.427,47.76,48.25,51.5,47.81,50.04,5.420942,9.2312,-1,9.69,7.93,7.55,1,1,0.047673098751418896,1,3.4247740971806255,0.9333333333333333,1.0,49.99999999968354,75.79143351653592,71.46338572125383,100.0,11098.023307705225,0.6043478260869575,0.3582354275790465,31.868298281540998,8.476373841955217,2.7023586666730375,159.02,9.0,0.14836995732206035,11019.294242259046,0.0,0.033499999999999905,39.94778067885119,679094.3668504362,202143.00700778438
000014.SZ,20200603,9.23,9.17,9.49,9.09,9.24,0.01,0.1083,81861.39,75983.112,50.04,49.71,51.44,49.28,50.09,5.420942,9.2819,-1,10.15,8.31,7.56,1,1,0.0010834236186347823,1,2.489657762874891,0.9666666666666667,1.0,49.99999999971851,81.31043529004972,71.6251558754881,100.0,11098.023307705225,0.604347826086958,6.775129080493277,32.14138611895278,8.524424612907945,2.579646313967203,159.98000000000002,9.0,0.1805963521052091,12556.007617922141,0.0,0.03249999999999993,48.98989898989902,904052.2955654818,302415.76251602685
000014.SZ,20200604,9.24,9.25,9.5,9.18,9.37,0.13,1.4069,54610.21,51127.73,50.09,50.14,51.5,49.76,50.79,5.420942,9.3623,-1,10.16,8.32,7.66,1,1,0.014069264069263898,1,1.529357359283561,0.9666666666666667,1.0,49.999999999749996,84.30488046638024,73.71151715053105,100.0,11098.023307705225,0.5815899581589976,13.452609666042724,35.669863531049614,8.579052754513656,2.414197036426752,160.85999999999999,11.0,0.2062855264693018,9299.848312025952,0.0,0.0379999999999999,49.24623115577893,1018634.311660246,404732.6981080582
000014.SZ,20200605,9.37,9.37,9.37,9.12,9.18,-0.19,-2.0277,38485.0,35499.937,50.79,50.79,50.79,49.44,49.76,5.420942,9.2244,-1,10.31,8.43,7.51,1,1,-0.02027748132337237,0,1.0213604460100736,0.9666666666666667,1.0,49.99999999976997,79.32726198663983,66.06565117923027,72.32095029562278,11098.023307705225,0.5791666666666685,13.008964095907842,25.620693653634014,8.615001044907578,2.4164050048556094,161.98,9.0,0.18521715746682083,4609.173104807363,0.0,0.020499999999999918,41.83673469387754,820007.1982516525,464057.62670000026
000014.SZ,20200608,9.18,9.21,9.34,9.05,9.06,-0.12,-1.3072,42731.0,39029.297,49.76,49.93,50.63,49.06,49.11,5.420942,9.1337,-1,10.1,8.26,7.41,1,1,-0.013071895424836555,0,1.1164662759370008,0.9666666666666667,1.0,49.99999999977919,74.4254305866922,61.71181598474939,56.55948897717372,10952.951107604504,0.5537848605577708,16.66611471893072,19.72498995737092,8.640371280826379,2.4927162378674743,162.97,7.0,0.14445883041028162,1854.8448919991552,0.0,0.01249999999999991,37.78920308483296,608961.9201231773,484758.24004616844
000014.SZ,20200609,9.06,9.12,9.19,8.99,9.04,-0.02,-0.2208,25502.0,23115.878,49.11,49.44,49.82,48.73,49.01,5.420942,9.0643,-1,9.97,8.15,7.39,1,1,-0.002207505518763919,0,0.6452333500123616,0.9666666666666667,1.0,49.99999999978487,73.64227650999302,60.990391102935305,53.77406902310743,10952.951107604504,0.5767634854771799,13.867483055842309,18.747250440072825,8.66296881015912,2.5109818432701037,163.67999999999998,7.0,0.10593011982559408,-2286.628329434825,0.0,0.015999999999999924,36.734693877551045,448546.25123804784,479585.0987878655
000014.SZ,20200610,9.04,9.05,9.41,8.92,9.37,0.33,3.6504,43717.03,40037.928,49.01,49.06,51.01,48.35,50.79,5.420942,9.1584,-1,9.94,8.14,7.66,1,1,0.036504424778761146,1,1.096876851238729,0.9666666666666667,1.0,49.99999999978877,74.73084887112255,67.69995822704652,78.15524295405918,11352.782287417502,0.5265151515151527,21.15540821781165,28.84051169155988,8.706347029340543,2.46708350117699,164.36,7.0,0.1152495568269617,-2551.3122288167597,0.0,0.026499999999999878,41.80929095354528,444763.1355436833,474610.5326101252
000014.SZ,20200611,9.36,9.1,9.4,9.1,9.2,-0.16,-1.7094,40865.93,37859.506,50.79,49.38,51.01,49.38,49.93,5.426734,9.2643,2,10.3,8.42,7.53,1,1,-0.018143009605122717,0,0.9861529206396386,0.9666666666666667,1.0,49.99999999978826,74.06612480424516,61.80270155562858,56.18106535068165,11352.782287417502,0.5072992700729938,22.303985834321757,20.709470356001795,8.734722547734814,2.4838426541504517,165.45,5.0,0.08999040460509339,-3055.1919675630015,0.0,0.026499999999999878,43.19809069212414,508176.10272207204,479405.61405468907
000014.SZ,20200612,9.2,8.96,9.78,8.92,9.59,0.39,4.2391,72599.26,68558.506,49.93,48.62,53.07,48.41,52.04,5.426734,9.4434,-1,10.12,8.28,7.85,1,1,0.04239130434782612,1,1.7134862073634234,0.9666666666666667,1.0,49.99999999978628,74.2907313209177,68.56732133927123,68.12336984469044,11834.041536558027,0.5369774919614155,28.14118056976836,31.195323384537048,8.788155120084069,2.4728206822804717,165.87,5.0,0.11565286619544157,738.5776387244714,0.0,0.07949999999999982,42.372881355932236,609227.7572040041,497951.63450459123
000014.SZ,20200615,9.59,9.61,10.28,9.61,10.11,0.52,5.4223,117209.66,117480.448,52.04,52.15,55.79,52.15,54.86,5.426734,10.0231,-1,10.55,8.63,8.28,1,1,0.054223149113659996,1,2.7640092177298277,0.9666666666666667,1.0,49.999999999793104,80.74658973572205,74.93992056813994,100.0,12475.720535412058,0.636363636363637,33.60666404396011,41.96677603447162,8.877516099140896,2.3380921428668624,166.94,7.0,0.18821573648228174,8669.04060410238,0.0,0.11049999999999978,65.37585421412302,902129.0613777083,555691.2669150366
000014.SZ,20200616,10.11,10.07,10.63,9.98,10.47,0.36,3.5608,110403.76,113416.319,54.86,54.65,57.69,54.16,56.82,5.426734,10.2729,-1,11.12,9.1,8.57,1,1,0.035608308605341366,1,2.374761796542049,0.9666666666666667,1.0,49.99999999981034,84.84186045407645,78.23046794603192,100.0,12475.720535412058,0.6756032171581775,40.593653689134385,47.90955942886049,8.98967971446167,2.2304674473678885,168.66,7.0,0.2655203746060528,12194.280059376775,0.0,0.13049999999999978,72.78617710583151,1173956.1689573657,644014.8243496551
000014.SZ,20200617,10.47,10.36,11.28,10.14,10.74,0.27,2.5788,121482.0,128590.116,56.82,56.22,61.21,55.03,58.28,5.426734,10.5851,-1,11.52,9.42,8.79,1,1,0.025787965616045794,1,2.3869144931335047,0.9666666666666667,1.0,49.999999999831495,88.01015386426488,80.3178597501048,100.0,12797.44398761466,0.8191214470284239,51.044391965172316,51.8057989426728,9.116207699867246,1.9737858013367036,170.46,9.0,0.32965226994624675,15028.466721923753,0.0,0.1549999999999998,78.5028790786948,1425490.1297830455,755654.1536972823
000014.SZ,20200618,10.74,10.71,11.17,10.39,10.41,-0.33,-3.0726,89396.12,95461.282,58.28,58.12,60.62,56.38,56.49,5.426734,10.6785,-1,11.81,9.67,8.52,1,1,-0.030726256983240274,0,1.594332518969769,0.9666666666666667,1.0,49.99999999984877,80.07274266156661,71.3170218887809,53.42981522496443,12797.44398761466,0.7846534653465345,52.575954486477336,38.47977650441882,9.201523922993687,1.9948398812293247,173.44,7.0,0.30483330459525937,11737.422619888282,0.0,0.13099999999999978,78.90772128060263,1040862.3239602502,796398.1780205634
000014.SZ,20200619,10.41,10.29,10.5,10.23,10.29,-0.12,-1.1527,52602.06,54419.627,56.49,55.84,56.98,55.52,55.84,5.426734,10.3455,-1,11.45,9.37,8.43,1,1,-0.011527377521613924,0,0.8893930163351342,0.9666666666666667,0.0,49.99999999986133,77.36948159402796,68.31880489463141,37.91709056927821,12797.44398761466,0.7944862155388467,50.97071187509871,33.97794544815985,9.270967631787391,1.9296064096092989,175.57,7.0,0.25167135624348,4152.042452819784,0.0,0.13699999999999984,62.116040955631405,718878.2439885507,785323.901730276
000014.SZ,20200622,10.29,10.49,10.51,10.08,10.26,-0.03,-0.2915,43647.94,44822.914,55.84,56.93,57.03,54.7,55.68,5.426734,10.2692,-1,11.32,9.26,8.4,1,1,-0.002915451895043719,0,0.7180339614836795,0.9666666666666667,1.0,49.99999999986946,74.9403746031654,67.55418287725372,33.960949021017726,12797.44398761466,0.7680798004987531,51.779269760166684,32.84148853283379,9.33353169464478,1.9713429756357777,177.97,5.0,0.1944449819786107,-2183.4096834665324,0.0,0.12249999999999979,60.47297297297297,465950.73858976504,739699.1641387744
000014.SZ,20200623,10.26,10.21,10.4,10.13,10.2,-0.06,-0.5848,45347.0,46341.196,55.68,55.41,56.44,54.97,55.35,5.426734,10.2192,-1,11.29,9.23,8.35,1,1,-0.005847953216374324,0,0.7259415576624391,0.9666666666666667,1.0,49.99999999987333,70.93777691954247,65.96406747205776,25.733718470426037,12722.60513388592,0.7588075880758802,45.376177232919055,30.510861872345433,9.38738099241477,2.2694049044960374,180.17,3.0,0.13339876611832535,-6038.617723381023,0.0,0.10499999999999972,54.85008818342152,215216.1933558206,664773.0254554953
000014.SZ,20200624,10.2,10.21,10.28,10.03,10.16,-0.04,-0.3922,38733.21,39279.509,55.35,55.41,55.79,54.43,55.14,5.426734,10.141,-1,11.22,9.18,8.32,1,1,-0.0039215686274508554,0,0.6252667767446414,0.9666666666666667,1.0,49.9999999998748,67.81650124338842,64.86784352597729,20.061874081010806,12722.60513388592,0.7506702412868629,44.869636646962725,28.923571289209765,9.43481375513087,2.5706807940319356,190.45,2.0,0.0754071548390779,-9184.410540176035,0.0,0.10249999999999967,49.18330308529943,10217.821869387291,571265.1392289085
000014.SZ,20200629,10.16,10.03,10.8,9.14,10.69,0.53,5.2165,104589.58,109229.965,55.14,54.43,58.61,49.6,58.01,5.426734,10.4437,-1,11.18,9.14,8.75,1,1,0.05216535433070857,1,1.6835369529474882,0.9666666666666667,1.0,49.999999999872585,69.85740441618637,71.60196202915631,54.90409075259356,13386.28433870477,0.6509433962264151,56.93024719223893,39.23168598665201,9.518033610892957,2.5727877010329814,191.11,2.0,0.09495039521650672,-2449.9622363230483,0.0,0.13399999999999973,27.874015748031496,35269.04516890156,494694.26864890754
000014.SZ,20200630,10.69,10.8,11.22,10.69,10.82,0.13,1.2161,82865.91,89981.098,58.01,58.61,60.89,58.01,58.72,5.426734,10.8586,-1,11.76,9.62,8.86,1,1,0.012160898035547207,1,1.2599541595500907,0.9666666666666667,1.0,49.99999999986823,71.00294343332698,72.97052781200857,61.98502725719207,13386.28433870477,0.6041666666666665,55.182301863229185,41.425043838467914,9.605714874538517,2.5727877010329814,193.28,2.0,0.11079594734707654,-1048.5242585648448,0.0,0.1309999999999997,40.826873385012924,277301.56780648,463638.1685285608
000014.SZ,20200701,10.82,10.82,11.69,10.7,11.62,0.8,7.3937,138337.62,156748.214,58.72,58.72,63.44,58.07,63.06,5.426734,11.3308,-1,11.9,9.74,9.51,1,1,0.07393715341959317,1,2.047690486894526,0.9666666666666667,1.0,49.99999999987013,73.4194541521656,79.51351545847751,95.65575252893463,14376.028097573882,0.5774647887323944,59.39757505536237,52.52498023121688,9.752014302605682,2.5727877010329814,195.32,2.0,0.20875635323437347,6792.0678869291005,0.0,0.16599999999999965,43.17617866004961,640543.0419385303,488910.2933014136
000014.SZ,20200702,11.62,11.52,11.79,11.18,11.19,-0.43,-3.7005,108038.64,123642.387,63.06,62.52,63.98,60.67,60.73,5.426734,11.4443,-1,12.78,10.46,9.16,1,1,-0.037005163511187544,0,1.4944537831306688,0.9666666666666667,1.0,49.99999999987304,73.97538281391714,69.74132581785373,42.87635125144947,14376.028097573882,0.5763052208835341,52.50235580006692,37.755281408571626,9.846342933275231,2.7025779577713274,198.29999999999998,0.0,0.19558226133125833,7294.7297051159985,0.0,0.13299999999999965,41.95183776932825,940845.9119553515,553472.5245376904
000014.SZ,20200703,11.19,11.3,11.3,10.91,10.93,-0.26,-2.3235,66558.18,73549.91,60.73,61.32,61.32,59.21,59.31,5.426734,11.0505,-1,12.31,10.07,8.95,1,1,-0.0232350312779267,0,0.9161324181191831,0.9666666666666667,1.0,49.99999999987578,68.86304011303947,64.57364359648685,0.0,14376.028097573882,0.5487571701720841,48.96010624839099,29.757935580145613,9.913301554158584,3.0111363806019664,200.51,-2.0,0.13469406107504467,1727.9905625442843,0.0,0.11099999999999959,31.44266337854502,644843.2925604843,566525.4913980896
000014.SZ,20200706,10.93,10.99,11.53,10.8,11.48,0.55,5.032,101224.98,113801.788,59.31,59.64,62.57,58.61,62.3,5.426734,11.2425,-1,12.02,9.84,9.4,1,1,0.050320219579140124,1,1.4081299758268304,0.9666666666666667,1.0,49.999999999879705,70.15966301447028,69.69004809792787,32.497041780421036,15099.432988119688,0.5079646017699113,49.80625249387971,37.79878980926347,10.016105911221919,3.023164199495177,202.13000000000002,-2.0,0.15016906252302498,2364.028184663126,0.0,0.12949999999999964,32.606060606060616,699471.4251568201,585517.7676493368
000014.SZ,20200707,11.48,11.55,11.98,11.1,11.31,-0.17,-1.4808,114611.25,131302.388,62.3,62.68,65.01,60.24,61.38,5.426734,11.4563,-1,12.63,10.33,9.26,1,1,-0.014808362369338024,0,1.544275447767625,0.9666666666666667,1.0,49.99999999988296,74.14345812662118,66.49344908535058,12.19371907837131,14875.835112860075,0.5435168738898757,52.75399927844564,32.85076786044498,10.097960588947757,3.047916544122376,204.74,-2.0,0.12045611268400047,4132.968454751208,0.0,0.1269999999999996,38.156359393232236,871715.149690371,626403.1079409132
000014.SZ,20200708,11.31,11.19,11.25,11.0,11.25,-0.06,-0.5305,82783.17,92157.358,61.38,60.73,61.05,59.69,61.05,5.426734,11.1324,-1,12.44,10.18,9.21,1,1,-0.0053050397877985045,0,1.0610077022454223,0.9666666666666667,1.0,49.999999999884906,71.76464034979156,65.35404729597032,4.956764388071097,14875.835112860075,0.5493716337522441,49.951861134535356,31.10183273322723,10.16988176902864,3.041291638954131,206.71,-2.0,0.07774317453657087,738.8911374313466,0.0,0.13749999999999965,28.277356446370526,475177.56689609354,604799.4592202246
000014.SZ,20200709,11.25,11.24,11.53,11.09,11.26,0.01,0.0889,97063.83,109951.595,61.05,61.0,62.57,60.18,61.11,5.426734,11.3278,-1,12.38,10.13,9.22,1,1,0.000888888888888939,1,1.2129072430610317,0.9333333333333333,1.0,49.99999999988479,74.4836021920604,65.46027806031101,5.934685866214824,14889.058077404841,0.5503597122302158,50.28929440303098,31.260592539460653,10.238019657093101,3.0181429295060886,208.61,0.0,0.037878458880407306,170.07761640494937,0.0,0.14249999999999963,32.47863247863248,540695.3079736973,595641.7233278636
000014.SZ,20200710,11.26,11.26,12.39,11.1,12.39,1.13,10.0355,155060.03,187059.801,61.11,61.11,67.24,60.24,67.24,5.426734,12.0637,-1,12.39,10.13,10.14,1,1,0.10035523978685612,1,1.8546994898494902,0.9666666666666667,1.0,49.99999999988596,76.43808483648102,74.84600468737173,68.75802674733345,16383.253070963232,0.5455974842767296,52.54386234416689,46.04808652299317,10.387682805339123,3.0181429295060886,210.79,0.0,0.1447539624523022,6981.162482496235,0.0,0.18299999999999975,36.79999999999999,680022.4374407497,607696.1110582759
000014.SZ,20200713,12.39,12.52,13.63,12.39,13.63,1.24,10.0081,158190.9,205943.134,67.24,67.94,73.97,67.24,73.97,5.426734,13.0186,-1,13.63,11.15,11.16,1,1,0.10008071025020171,1,1.7740172081605918,0.9666666666666667,1.0,49.999999999895046,78.78030786796509,80.96020067147231,100.0,18022.900674514032,0.6339165545087483,56.489686648211006,56.78625746517607,10.629754604608584,2.9907528055929005,213.78,2.0,0.3517107645839841,11042.110509965918,0.0,0.23349999999999982,43.114311431143136,990608.2771740411,662397.8490748139
000014.SZ,20200714,13.63,13.98,14.85,13.23,14.39,0.76,5.5759,310119.0,434931.801,73.97,75.87,80.59,71.8,78.09,5.426734,14.0247,-1,14.99,12.27,11.78,1,1,0.055759354365370495,1,3.263130863785997,0.9666666666666667,1.0,49.9999999999078,81.95893543518734,83.59258414706439,100.0,19027.845979916136,0.7320512820512819,54.60567585124397,61.70379318096042,10.919300292097171,2.9907528055929005,218.09,2.0,0.5484809909671353,32133.060438831126,0.0,0.22249999999999986,47.112970711297066,1738306.9464347316,816099.1486976594
000014.SZ,20200715,14.39,13.99,13.99,12.95,12.95,-1.44,-10.0069,180659.38,240776.444,78.09,75.92,75.92,70.28,70.28,5.426734,13.3276,-1,15.83,12.95,10.6,1,1,-0.10006949270326626,0,1.689775528460731,0.9666666666666667,1.0,49.99999999991739,73.56301447484711,65.19916703171819,3.2889499473846806,19027.845979916136,0.6548165137614677,52.27470318669245,31.79213828008494,11.046743271482532,3.735177911305743,222.89,0.0,0.4465036286810542,26804.211607767145,0.0,0.14549999999999982,33.663366336633665,1058792.7627761094,850769.6649945809
000014.SZ,20200716,12.95,12.34,12.65,11.66,11.67,-1.28,-9.8842,151789.19,184317.474,70.28,66.97,68.65,63.28,63.33,5.426734,12.143,-1,14.25,11.66,9.56,1,1,-0.0988416988416988,0,1.3788271446049756,0.9666666666666667,1.0,49.99999999992416,67.4020535287066,53.855426179198595,0.0,19027.845979916136,0.592323651452282,50.22752033310351,12.347207999189433,11.080086677823317,5.640555214448461,225.86,-2.0,0.18202686769379883,17972.96444627842,0.0,0.09199999999999982,18.10542398777693,436285.8999796617,791557.6985638782
000014.SZ,20200717,11.67,11.63,12.0,11.35,11.84,0.17,1.4567,78221.04,91693.673,63.33,63.11,65.12,61.59,64.25,5.426734,11.7224,-1,12.84,10.5,9.69,1,1,0.014567266495286946,1,0.6974369430584323,0.9666666666666667,1.0,49.99999999992872,63.43038796982907,54.97585270181491,3.7677659843185247,19027.845979916136,0.5985324947589097,40.61686503134191,14.118666615567493,11.121382056428178,6.89325148573043,227.07,-2.0,0.014219289594725293,1663.427642399176,0.0,0.08349999999999973,8.174178762414058,58945.481629693415,686898.8104304232
000014.SZ,20200720,11.84,11.85,12.49,11.68,12.45,0.61,5.152,91038.89,110858.775,64.25,64.31,67.78,63.38,67.56,5.426734,12.1771,-1,13.02,10.66,10.19,1,1,0.051520270270270174,1,0.8276868330679632,0.9666666666666667,1.0,49.99999999993214,67.25600311066349,58.83796726489305,16.755269925520892,20008.165747462488,0.5814663951120161,37.0977914973838,20.20946133082911,11.197435602766866,7.492163943313407,227.58,0.0,-0.028074031408205746,-7456.269236261942,0.0,0.12849999999999975,9.82745686421606,174016.04548277613,613629.8440093308
000014.SZ,20200721,12.45,12.35,13.69,12.28,13.47,1.02,8.1928,142330.73,184733.231,67.56,67.02,74.29,66.64,73.1,5.426734,12.9792,-1,13.7,11.21,11.03,1,1,0.08192771084337358,1,1.2930448028232622,0.9666666666666667,1.0,49.999999999934914,70.78268961243742,64.34541145428207,35.27568198150959,21647.388965326885,0.5326492537313432,43.879177925929305,29.064410949413823,11.337105690992345,7.5695753880104695,229.36,2.0,0.0629141088217211,-6663.80949525255,0.0,0.1844999999999998,22.943722943722953,414884.76171969343,585237.6893965256
000014.SZ,20200722,13.47,13.25,14.01,12.79,13.38,-0.09,-0.6682,160768.58,216106.943,73.1,71.9,76.03,69.41,72.61,5.426734,13.4421,-1,14.82,12.12,10.96,1,1,-0.006681514476614692,0,1.4033506053243552,0.9666666666666667,1.0,49.99999999993667,73.99768350303795,63.53759795847621,32.559169876759064,21502.751622574146,0.5296846011131724,46.57389460890358,27.747651766718445,11.46137947707964,7.665696503824993,232.86,2.0,0.09085213054435592,-3878.2856725077145,0.0,0.20249999999999985,27.004219409282697,806209.0209234804,616805.0224718049
000014.SZ,20200723,13.38,13.04,13.5,12.82,13.12,-0.26,-1.9432,101233.48,133495.066,72.61,70.76,73.26,69.57,71.2,5.426734,13.1868,-1,14.72,12.04,10.74,1,1,-0.019431988041853643,0,0.8406940356303416,0.9666666666666667,1.0,49.9999999999371,71.8829957752433,61.14923634817533,24.527596675036946,21502.751622574146,0.5200364298724952,47.584616264131334,23.903584695895074,11.559240919193932,7.835396263912872,235.96,2.0,0.05590192612529288,-9932.833279445746,0.0,0.20699999999999993,23.529411764705884,398281.9937570547,585587.4469411263
000014.SZ,20200724,13.12,13.17,13.86,12.68,12.85,-0.27,-2.0579,139325.88,185459.148,71.2,71.47,75.21,68.81,69.73,5.426734,13.3112,-1,14.43,11.81,10.52,1,1,-0.020579268292682862,0,1.1307920255532304,0.9666666666666667,1.0,49.999999999937344,68.63221706137426,58.682335037417,16.231910471856114,21060.24072790227,0.5093666369313111,51.45069539188636,19.957800439902375,11.632972643113611,8.103193278486502,239.54,2.0,-0.018037017697654978,-8727.420122677351,0.0,0.19349999999999995,26.37954239569315,-63176.70313823642,492906.8540726459
000014.SZ,20200727,12.85,12.87,13.18,12.22,12.52,-0.33,-2.5681,85069.91,107999.05,69.73,69.84,71.52,66.31,67.94,5.426734,12.6953,-1,14.14,11.57,10.25,1,1,-0.025680933852140098,0,0.663362209101581,0.9666666666666667,1.0,49.99999999993737,65.25388517700631,55.72341440204175,6.281663583526425,21060.24072790227,0.3778383287920072,38.99304473457398,15.23645346011614,11.681647827270604,8.60782096967011,243.57999999999998,0.0,-0.12015435607432079,-14801.816863262102,0.0,0.14299999999999996,28.191126279863482,-392202.0334482298,366462.7272839494
000014.SZ,20200728,12.52,12.63,12.85,12.28,12.55,0.03,0.2396,70539.91,88412.242,67.94,68.54,69.73,66.64,68.11,5.426734,12.5336,-1,13.77,11.27,10.28,1,1,0.0023961661341853624,1,0.5542778516302928,0.9666666666666667,1.0,49.99999999993585,62.44287595654169,55.94091148495616,7.013061934200832,21060.24072790227,0.38038496791933996,37.02077176475512,15.554505085709799,11.729429734680055,9.070254253348425,245.17,0.0,-0.18835763260148708,-20016.453968235273,0.0,0.13799999999999998,16.753536857781086,-677529.4125997578,217320.99301484838
000014.SZ,20200729,12.55,12.45,13.26,12.33,13.18,0.63,5.0199,112525.73,146082.619,68.11,67.56,71.96,66.91,71.52,5.426734,12.9822,-1,13.81,11.3,10.79,1,1,0.05019920318725091,1,0.8884903519318444,0.9666666666666667,1.0,49.99999999993453,62.30740892679559,60.346142913200026,21.82695717262339,22117.448031374654,0.37709497206703885,32.66933368584371,22.02227758921399,11.81371634781221,9.263085570859955,246.8,0.0,-0.15471840200309805,-17159.813746312062,0.0,0.13450000000000006,16.37995512341064,-487370.98129575676,116650.71097047626
000014.SZ,20200730,13.18,13.16,13.5,12.95,13.34,0.16,1.214,126083.02,166725.225,71.52,71.42,73.26,70.28,72.39,5.426734,13.2234,-1,14.5,11.86,10.92,1,1,0.012139605462822445,1,1.0057865242910813,0.9666666666666667,1.0,49.99999999993251,62.826999773939185,61.401661647651785,25.37645149750932,22385.94512432002,0.3868194842406874,29.993173354163783,23.58687299501343,11.903539502039495,9.369214453120874,247.96,2.0,-0.1186456544639296,-12983.37711746326,0.0,0.16000000000000006,17.246484085862335,-101361.30170024838,85506.13773180131
000014.SZ,20200731,13.34,13.34,13.66,12.95,13.4,0.06,0.4498,130851.05,174157.896,72.39,72.39,74.13,70.28,72.72,5.426734,13.3096,-1,14.67,12.01,10.97,1,1,0.004497751124437732,1,1.0363630707192169,0.9666666666666667,1.0,49.999999999929415,66.18448396157893,61.81216947889606,26.756905647458257,22486.631534174532,0.3943524829600776,31.207811699568765,24.18732868777571,11.992035421910208,9.401368612662353,249.60999999999999,4.0,-0.09543173400219063,-9290.881715831598,0.0,0.18150000000000013,22.610015174506827,270945.92741489643,111997.53625795778
000014.SZ,20200803,13.4,13.48,14.59,13.48,14.25,0.85,6.3433,184435.97,259250.128,72.72,73.15,79.18,73.15,77.33,5.426734,14.0564,-1,14.74,12.06,11.67,1,1,0.06343283582089554,1,1.4244965113689665,0.9666666666666667,1.0,49.99999999992742,67.61478368627924,67.14340375332306,100.0,23913.022340446798,0.36423841059602635,31.57762526168316,32.13930974890855,12.134114412760812,9.400025469515452,252.20999999999998,4.0,0.019555027752059084,156.6575376372857,0.0,0.1955000000000001,26.512968299711815,756084.2267278666,204009.9206108019
000014.SZ,20200804,14.25,14.2,14.81,13.73,13.86,-0.39,-2.7368,196135.62,279234.513,77.33,77.06,80.37,74.51,75.21,5.426734,14.2368,-1,15.68,12.83,11.35,1,1,-0.027368421052631597,0,1.467695970503905,0.9666666666666667,1.0,49.99999999992589,68.92662638898622,62.81062735612078,67.39325925986327,23258.560676392462,0.35681186283595906,30.06087454614657,25.768041207225068,12.237476912596458,9.417158987159045,255.04,4.0,0.027723056303668336,7369.693950964469,0.0,0.1905000000000001,25.438596491228054,1289078.1471275333,359019.66725604923
000014.SZ,20200805,13.86,13.71,13.8,13.01,13.7,-0.16,-1.1544,117698.57,158522.427,75.21,74.4,74.89,70.6,74.35,5.426734,13.4685,-1,15.25,12.47,11.22,1,1,-0.011544011544011523,0,0.8546764098976347,0.9666666666666667,1.0,49.99999999992464,67.67661746696601,61.06951244404741,50.08123423059075,23258.560676392462,0.34527089072543604,33.348009097518755,23.202695745884338,12.323280144481558,9.451218840022463,257.59,4.0,-0.0021960703440775386,1282.643726123064,0.0,0.187,22.92263610315186,822530.8664955227,425235.5528616883
000014.SZ,20200806,13.7,13.57,13.75,13.18,13.38,-0.32,-2.3358,79288.34,106290.355,74.35,73.64,74.62,71.52,72.61,5.426734,13.4055,-1,15.07,12.33,10.96,1,1,-0.023357664233576547,0,0.5685503045129623,0.9666666666666667,1.0,49.99999999992346,64.74120975362709,57.628798645374744,16.684641156160225,23258.560676392462,0.3348214285714285,32.67265666413731,18.129962591574362,12.38272313353021,9.55556256979962,260.25,2.0,-0.07483572507519853,-7715.63702647022,0.0,0.17650000000000005,22.310469314079427,427573.2652795492,425569.5117785256
000014.SZ,20200807,13.38,13.3,13.44,12.78,13.0,-0.38,-2.8401,70990.26,93032.791,72.61,72.18,72.94,69.35,70.55,5.426734,13.105,-1,14.72,12.04,10.64,1,1,-0.02840059790732441,0,0.5123125561920705,0.9666666666666667,1.0,49.999999999922224,61.227203727305366,53.75563044375527,0.0,23258.560676392462,0.3349282296650717,22.963083504254275,12.347722853631309,12.41574677653883,9.796635099713468,262.59,0.0,-0.17793144234543834,-14205.956299395446,0.0,0.10499999999999998,13.666915608663174,88568.20350064104,377426.4677388278
000014.SZ,20200810,13.0,12.87,13.8,12.6,13.45,0.45,3.4615,80586.27,107495.474,70.55,69.84,74.89,68.38,72.99,5.426734,13.3392,-1,14.3,11.7,11.01,1,1,0.03461538461538449,1,0.5997574252581718,0.9666666666666667,1.0,49.99999999992015,60.086695137780076,57.40640247613189,27.26944913062976,24063.664699806046,0.3623188405797101,19.487739099302676,17.38832879875855,12.473560708661132,9.904928856714506,262.8,0.0,-0.18836911804005663,-16467.804355259985,0.0,0.07849999999999993,7.223113964686981,142189.58199939132,343821.19834747975
000014.SZ,20200811,13.45,13.47,13.67,12.67,12.71,-0.74,-5.5019,77498.3,102013.223,72.99,73.1,74.18,68.76,68.97,5.426734,13.1633,-1,14.8,12.11,10.41,1,1,-0.05501858736059473,0,0.5939270614440066,0.9666666666666667,1.0,49.99999999991776,52.55292051401332,50.365008383040475,0.0,24063.664699806046,0.3589211618257262,10.64491580571392,6.760918538268595,12.485580935290596,10.195449821672423,263.24,-2.0,-0.29164007671515657,-17542.149244556203,0.0,0.019999999999999928,-3.957783641160951,-113064.32493200153,278551.8378789825
000014.SZ,20200812,12.71,12.74,13.17,12.56,12.99,0.28,2.203,69701.79,90065.088,68.97,69.14,71.47,68.16,70.49,5.426734,12.9215,-1,13.98,11.44,10.64,1,1,0.02202989771833197,1,0.5864512738900608,0.9666666666666667,1.0,49.9999999999157,55.20250112449669,52.72774667289545,14.08202773693001,24063.664699806046,0.40801886792452846,5.11337941101302,10.005950850340676,12.512004315690787,10.141468663637134,261.41,0.0,-0.31683076346636097,-18376.86515948286,0.0,0.08449999999999998,-0.8174386920981149,-397616.25093133166,181956.3966203662
000014.SZ,20200813,12.99,12.92,12.94,12.66,12.75,-0.24,-1.8476,38816.37,49631.762,70.49,70.11,70.22,68.7,69.19,5.426734,12.7863,-1,14.29,11.69,10.44,1,1,-0.018475750577367167,0,0.342581133868052,0.9666666666666667,1.0,49.99999999991438,57.769476552396426,50.508380296966706,0.8545031319274257,24063.664699806046,0.46505376344086036,-3.5348224373090207,6.656766469313224,12.524091863367964,9.51447548540563,261.45,0.0,-0.3574099599889289,-21922.70508773275,0.0,0.10949999999999997,10.303030303030283,-572921.4656583436,74116.70200912195
000014.SZ,20200814,12.75,12.68,12.7,12.2,12.42,-0.33,-2.5882,58063.76,71779.967,69.19,68.81,68.92,66.21,67.4,5.426734,12.3623,-1,14.03,11.48,10.17,1,1,-0.025882352941176467,0,0.5393403849302468,0.9666666666666667,1.0,49.99999999991428,58.16822626379139,47.5450344646748,0.0,23440.840436987535,0.411842105263158,-5.172985247441206,2.1552120922803453,12.519028279377757,9.114284076305886,262.84999999999997,-2.0,-0.4161797176673141,-20533.262327040004,0.0,0.08600000000000003,12.46138002059729,-794041.9757915284,-49905.96624811379
000014.SZ,20200817,12.42,12.3,12.78,12.27,12.68,0.26,2.0934,48722.2,61280.19,67.4,66.75,69.35,66.59,68.81,5.426734,12.5775,-1,13.66,11.18,10.38,1,1,0.02093397745571668,1,0.45684576970472285,0.9666666666666667,1.0,49.999999999912816,57.41765955715069,50.03246473655894,12.692026745944162,23440.840436987535,0.36000000000000015,-8.672651695752695,5.464281081815318,12.527112454039628,8.947168933048424,263.44,-2.0,-0.40701675779260893,-19725.47741639773,0.0,0.075,8.602150537634373,-675902.9839100604,-139334.11162839187
000014.SZ,20200818,12.68,12.76,12.94,12.5,12.89,0.21,1.6562,58549.55,74534.266,68.81,69.25,70.22,67.83,69.95,5.426734,12.7301,-1,13.95,11.41,10.55,1,1,0.016561514195583715,1,0.5601043617809512,0.9666666666666667,1.0,49.999999999910216,55.623867292694044,52.01184393570665,22.791740502711676,23829.056248641118,0.4052795031055903,-21.07439226517777,8.106538217491451,12.545793652304397,9.086383338435123,263.65999999999997,-2.0,-0.36120931698850234,-16833.021336051228,0.0,0.025499999999999988,-2.0408163265306314,-495701.1659756303,-190243.6908208545
000014.SZ,20200819,12.89,12.86,12.93,12.38,12.45,-0.44,-3.4135,43638.08,55339.477,69.95,69.79,70.17,67.18,67.56,5.426734,12.6815,-1,14.18,11.6,10.19,1,1,-0.03413498836307227,0,0.43488380816483035,0.9666666666666667,1.0,49.99999999990687,50.59122172420411,47.74427592631938,1.0166226521713067,23829.056248641118,0.3843888070692196,-28.61490219183638,1.8293943104565038,12.541148600117282,9.384937388426716,262.58,-2.0,-0.3769748210639837,-15904.742616031224,0.0,-0.0015000000000000568,-10.075566750629733,-588756.5182429355,-247174.09473829466
000014.SZ,20200820,12.45,12.29,12.5,11.79,11.87,-0.58,-4.6586,64503.58,77967.767,67.56,66.69,67.83,63.98,64.42,5.426734,12.0874,-1,13.7,11.21,9.72,1,1,-0.04658634538152606,0,0.6826663994572923,1.0,1.0,49.99999999990493,51.73378833260418,42.76335167347606,0.0,22718.94760412611,0.4247538677918427,-25.446182686317012,-5.763073344449731,12.511030989924793,9.906055852174333,261.58,-2.0,-0.44751634434650367,-11653.57870406645,0.0,-0.026500000000000058,-10.972568578553648,-750027.1555121628,-319010.2462774187
000014.SZ,20200821,11.87,11.95,12.63,11.93,12.29,0.42,3.5383,81183.09,100249.63,64.42,64.85,68.54,64.74,66.69,5.426734,12.3486,-1,13.06,10.68,10.06,1,1,0.035383319292333626,1,0.8762226823853176,1.0,1.0,49.999999999903224,57.765073321620285,47.06960652543455,21.480498997110576,23522.819381188703,0.4159779614325071,-29.549126393597437,-0.07539789188602664,12.50051364053346,10.092699905860826,259.59000000000003,0.0,-0.420037204158004,-6050.267107739968,0.0,0.00649999999999995,-14.10256410256411,-558935.6418602013,-353285.3027892448
000014.SZ,20200824,12.29,12.49,12.49,11.88,12.17,-0.12,-0.9764,44458.76,53536.787,66.69,67.78,67.78,64.47,66.04,5.426734,12.0419,-1,13.52,11.06,9.96,1,1,-0.009764035801464566,0,0.4953949686379551,1.0,1.0,49.99999999990012,59.09767958059877,46.00462117906537,17.705894459311825,23522.819381188703,0.42836879432624136,-31.88508312655478,-1.6658242934229701,12.4850370755803,10.20155830504115,258.9,0.0,-0.40052684018750495,-6695.617224024991,0.0,0.007999999999999919,-7.713498622589562,-661069.1765725849,-397254.42761543626
000014.SZ,20200825,12.17,12.12,12.36,11.95,11.96,-0.21,-1.7256,36737.01,44297.948,66.04,65.77,67.07,64.85,64.9,5.426734,12.0581,-1,13.39,10.95,9.79,1,1,-0.01725554642563676,0,0.4188295461117729,1.0,1.0,49.999999999897796,60.24815477939857,44.12317187249971,9.147523122542001,23522.819381188703,0.41770401106500726,-32.30415471171659,-4.466803605367562,12.461152089839407,10.431173874882193,258.98,-2.0,-0.39760821408842334,-7506.662658987116,0.0,0.0040000000000000036,-5.099150141643101,-770678.2383149841,-450600.68628680025
000014.SZ,20200826,11.96,11.97,12.09,11.0,11.19,-0.77,-6.4381,81310.06,93020.202,64.9,64.96,65.61,59.69,60.73,5.426734,11.4402,-1,13.16,10.76,9.16,1,1,-0.06438127090301016,0,0.9452090028655702,1.0,1.0,49.999999999898066,55.11601156375721,37.98840290969331,0.0,22008.390374205814,0.5169606512890096,-25.392595594057596,-13.929355997938641,12.40905262365034,11.328287691174094,258.74,-4.0,-0.47581152098268686,-1687.2732334890607,0.0,-0.07150000000000008,-22.631578947368446,-962145.5953634651,-523678.53044060955
000014.SZ,20200827,11.19,11.12,11.39,11.01,11.17,-0.02,-0.1787,47085.0,52528.046,60.73,60.35,61.81,59.75,60.62,5.426734,11.156,-1,12.31,10.07,9.15,1,1,-0.0017873100983020196,0,0.5574657866990984,1.0,1.0,49.999999999899735,50.16496188048402,37.84123242747652,0.0,22008.390374205814,0.5269709543568466,-26.43027792194749,-14.16181703414827,12.358405944691665,12.207633325666547,257.18,-6.0,-0.5039499708823502,-2070.694649988549,0.0,-0.07800000000000003,-39.583333333333314,-1098716.4696830497,-605826.8074752439
000014.SZ,20200828,11.17,11.21,11.32,10.9,11.25,0.08,0.7162,36942.0,41130.077,60.62,60.83,61.43,59.15,61.05,5.426734,11.1337,-1,12.29,10.05,9.21,1,1,0.0071620411817368,1,0.45883455018201075,1.0,1.0,49.99999999990206,44.698752895077675,38.861534771487285,6.853870067835029,22008.390374205814,0.5393103448275863,-29.051262250349314,-12.878182154024923,12.312421972876034,12.993090826532846,255.13,-6.0,-0.4853215376091591,-3243.3769994107242,0.0,-0.0790000000000001,-43.38138925294887,-1182790.3871813715,-688250.1760046908
000014.SZ,20200831,11.25,11.19,11.41,11.06,11.08,-0.17,-1.5111,42058.77,47043.399,61.05,60.73,61.92,60.02,60.13,5.426734,11.1852,-1,12.38,10.13,9.07,1,1,-0.015111111111111075,0,0.5547389499027984,1.0,1.0,49.99999999990423,37.98675019372139,37.4545959181236,0.0,21675.819141884484,0.5951293759512939,-39.13456384806666,-15.015627593822089,12.262547397683438,13.743678161660887,253.14000000000001,-8.0,-0.46915974719668385,-2894.2008087021495,0.0,-0.12300000000000004,-59.47521865889209,-1018592.9364570773,-735441.9989264603
000014.SZ,20200901,11.08,11.05,11.17,10.93,11.02,-0.06,-0.5415,30280.5,33346.199,60.13,59.97,60.62,59.31,59.8,5.426734,11.0124,-1,12.19,9.97,9.02,1,1,-0.005415162454873723,0,0.4407746565278719,1.0,1.0,49.99999999990484,25.78028065229242,36.946188442126605,0.0,21675.819141884484,0.4647435897435899,-51.27176453845937,-15.783245914620933,12.212717250716707,14.399447944809426,249.5,-8.0,-0.4402820324970004,-3759.265057974524,0.0,-0.10750000000000011,-66.71532846715326,-1042532.0585699412,-779312.0074469576
000014.SZ,20200902,11.02,11.07,11.09,10.69,11.09,0.07,0.6352,41199.0,44958.796,59.8,60.07,60.18,58.01,60.18,5.426734,10.9126,-1,12.12,9.92,9.08,1,1,0.006352087114337657,1,0.6820392667813835,1.0,1.0,49.99999999990442,27.87788387153087,38.00350593075099,7.018064956250601,21813.50583334836,0.5056910569105694,-54.373499984297354,-14.513010327382503,12.167013575470378,14.88584660674637,246.32999999999998,-6.0,-0.3873519559206513,-2434.5657931808128,0.0,-0.10600000000000005,-62.49999999999995,-1090412.0621890533,-823754.8724101142
000014.SZ,20200903,11.09,10.99,11.05,10.74,10.78,-0.31,-2.7953,31254.0,33917.036,60.18,59.64,59.97,58.28,58.5,5.426734,10.8521,-1,12.2,9.98,8.83,1,1,-0.027953110910730383,0,0.552379807617746,1.0,1.0,49.99999999990456,29.404421186244974,35.18931702676883,0.0,21813.50583334836,0.5065146579804561,-55.976672385349396,-18.672281107349928,12.113298027772215,15.454092832466753,243.67,-6.0,-0.36973957800926593,-2464.1788951766466,0.0,-0.10700000000000012,-65.77181208053685,-1128496.3790959264,-867289.3733652303
000014.SZ,20200904,10.78,10.72,10.88,10.49,10.73,-0.05,-0.4638,25149.02,26839.552,58.5,58.17,59.04,56.93,58.23,5.426734,10.6722,-1,11.86,9.7,8.79,1,1,-0.004638218923933124,0,0.46418461572252717,1.0,1.0,49.99999999990355,30.942236466328538,34.74244521749447,0.0,21813.50583334836,0.5697074010327025,-56.907940058542124,-19.338577942530204,12.060165272510595,15.956575014864713,241.10999999999999,-6.0,-0.34115902288264943,-2845.3578105651723,0.0,-0.0915000000000001,-64.88812392426843,-1141723.008364034,-906494.1783650594
000014.SZ,20200907,10.73,10.78,10.99,10.52,10.58,-0.15,-1.3979,34223.89,36902.339,58.23,58.5,59.64,57.09,57.41,5.426734,10.7826,-1,11.8,9.66,8.66,1,1,-0.013979496738117492,0,0.6595868967237762,1.0,1.0,49.99999999990103,23.775923346823376,33.37321612132388,0.0,21508.56399970416,0.5771324863883848,-65.32991398303405,-21.3728057517487,12.004745633271925,16.422208276456512,239.5,-8.0,-0.3191880290343019,-1482.9390640015263,0.0,-0.13050000000000006,-72.30215827338128,-1183268.218420769,-946033.3269444465
000014.SZ,20200908,10.58,10.68,10.75,10.34,10.56,-0.02,-0.189,34770.68,36655.696,57.41,57.96,58.34,56.11,57.31,5.426734,10.5421,-1,11.64,9.52,8.65,1,1,-0.001890359168241873,0,0.7014639156678927,1.0,1.0,49.9999999998962,25.13211558362481,33.185420060975176,0.0,21467.905088551604,0.5908141962421711,-71.31897463742158,-21.65012954178944,11.950842950790058,16.773382776228324,236.58,-8.0,-0.2851914492737089,-184.19169081707514,0.0,-0.09850000000000003,-72.83950617283946,-1229110.9612621085,-986472.9889898269
000014.SZ,20200909,10.56,10.47,10.54,10.2,10.3,-0.26,-2.4621,40606.01,42089.227,57.31,56.82,57.2,55.35,55.9,5.426734,10.3653,-1,11.62,9.5,8.43,1,1,-0.024621212121212155,0,0.8560825110192979,1.0,1.0,49.99999999989261,26.250521504863713,30.761987993271244,0.0,20939.339243568327,0.5744234800838574,-71.8474427196278,-25.257586934302097,11.89208676710694,17.251778246521113,234.58,-10.0,-0.275422091756654,1681.9895614062298,0.0,-0.11950000000000002,-71.37546468401484,-1296730.8676780968,-1030795.5430881511
000014.SZ,20200910,10.3,10.35,10.48,10.06,10.07,-0.23,-2.233,35388.0,36221.645,55.9,56.17,56.87,54.59,54.65,5.426734,10.2356,-1,11.33,9.27,8.25,1,1,-0.022330097087378653,0,0.7696797089076038,1.0,1.0,49.99999999989063,26.583917448674995,28.761076668600253,0.0,20939.339243568327,0.6050420168067223,-63.23745864902755,-28.33035013534176,11.829901852525236,17.77680430486484,232.07,-10.0,-0.27689321115836474,2391.36880422361,0.0,-0.125,-70.88846880907369,-1334404.7507513603,-1074168.2870400383
000014.SZ,20200911,10.07,10.18,10.42,10.07,10.38,0.31,3.0785,32847.86,33853.626,54.65,55.24,56.55,54.65,56.33,5.426734,10.3062,-1,11.08,9.06,8.5,1,1,0.030784508440913738,1,0.7171059221133372,1.0,1.0,49.999999999888054,30.876086988881468,34.90673020218467,40.00530820837789,20939.339243568327,0.6075949367088603,-61.80858848263081,-21.25770951314266,11.775535855930487,18.07560846601064,229.39,-8.0,-0.2157783526575413,2674.8405280081497,0.0,-0.10199999999999995,-68.50715746421264,-1156612.5414671302,-1085946.03767248
000014.SZ,20200914,10.38,10.46,10.46,10.13,10.26,-0.12,-1.1561,27092.01,27777.853,56.33,56.76,56.76,54.97,55.68,5.426734,10.2532,-1,11.42,9.34,8.4,1,1,-0.011560693641618602,0,0.6081893660153507,1.0,1.0,49.999999999885276,25.73965221770537,33.69496097597088,48.848124086177485,20939.339243568327,0.6260869565217385,-61.314058579786035,-22.98717232709353,11.719956950356732,18.478995424583438,227.57999999999998,-10.0,-0.17303094593942814,2259.966911828964,0.0,-0.13099999999999995,-69.1991786447638,-1129155.3257174361,-1092118.793107474
000014.SZ,20200915,10.26,10.28,10.44,10.14,10.32,0.06,0.5848,27999.01,28739.397,55.68,55.79,56.66,55.03,56.0,5.426734,10.2644,-1,11.29,9.23,8.45,1,1,0.005847953216374213,1,0.6441908433615632,1.0,1.0,49.99999999988181,22.131710334080353,34.91162005014143,60.893707185252865,21061.7915198465,0.6449438202247185,-60.37614577093025,-21.58171440777779,11.667679700856786,18.749771579803557,225.22,-10.0,-0.1206680603582364,2274.3964472629377,0.0,-0.13549999999999995,-77.68240343347635,-979270.5676419318,-1075997.618040968
000014.SZ,20200916,10.32,10.32,10.33,10.11,10.18,-0.14,-1.3566,21989.01,22369.507,56.0,56.0,56.06,54.86,55.24,5.426734,10.173,-1,11.35,9.29,8.34,1,1,-0.013565891472868241,0,0.5243429045562453,1.0,1.0,49.999999999876614,22.918544119636465,33.37283846781306,45.65893697331035,21061.7915198465,0.6192771084337347,-64.79814183133884,-23.722665367436864,11.613643394967108,18.929179690000062,222.62,-10.0,-0.09027536650504708,1669.1110902327891,0.0,-0.12199999999999997,-77.6344086021505,-958222.633062252,-1059172.6201868658
000014.SZ,20200917,10.18,10.18,10.29,10.02,10.18,0.0,0.0,24689.58,25050.084,55.24,55.24,55.84,54.38,55.24,5.426734,10.146,-1,11.2,9.16,8.34,1,1,0.0,0,0.6043389336278923,0.9666666666666667,0.0,49.99999999986363,24.32016529731142,33.37283846781306,49.897723514084426,21061.7915198465,0.7310924369747899,-70.95590066799157,-23.722665367436864,11.561569824975836,18.95004386629587,210.12,-9.0,-0.05717169673691558,1815.1027171202113,0.0,-0.10099999999999998,-74.93975903614452,-952410.9316433986,-1043920.950394942
000014.SZ,20200918,10.18,10.18,11.2,10.13,11.2,1.02,10.0196,75869.15,82032.295,55.24,55.24,60.78,54.97,60.78,5.426734,10.8123,-1,11.2,9.16,9.17,1,1,0.10019646365422386,1,1.9522124331465252,0.9666666666666667,1.0,49.999999999862084,22.754386987128044,51.45326000152538,100.0,23172.108548357643,0.5923261390887289,-48.20900131589415,-1.378667539753391,11.544589587872725,18.78354026463478,208.38,-9.0,0.10621415119344979,8607.823142735378,0.0,-0.06699999999999999,-47.56097560975607,-810018.6033138914,-1010506.3293833634
000014.SZ,20200921,11.2,11.31,11.63,10.82,11.05,-0.15,-1.3393,107908.97,120658.303,60.78,61.38,63.11,58.72,59.97,5.426734,11.1815,-1,12.32,10.08,9.05,1,1,-0.013392857142856984,0,2.7957527056309863,0.9666666666666667,1.0,49.99999999986272,34.33837189397423,49.333086987081955,90.65681347917206,22861.767808870714,0.5571428571428569,-37.0708298397636,-4.06076975378262,11.52199409056401,18.575874664224294,207.52,-9.0,0.19311797141104536,16747.971549474758,0.0,-0.06399999999999997,-27.605118829981706,-456185.47229514795,-931317.6355136184
000014.SZ,20200922,11.05,10.98,11.03,10.7,10.71,-0.34,-3.0769,58138.67,63081.242,59.97,59.59,59.86,58.07,58.12,5.426734,10.8501,-1,12.16,9.95,8.77,1,1,-0.03076923076923077,0,1.39187701003375,0.9666666666666667,1.0,49.999999999863604,33.6558426941324,44.824445777986156,70.7881162147973,22861.767808870714,0.4780600461893763,-36.24506630563886,-9.906793252805059,11.48715830414559,18.256576694703927,206.21,-9.0,0.2028378293325095,14825.908195313106,0.0,-0.06950000000000003,-33.33333333333333,-598829.2382388494,-883819.2930457942
000014.SZ,20200923,10.71,10.76,11.29,10.73,10.91,0.2,1.8674,82088.37,90032.292,58.12,58.39,61.27,58.23,59.21,5.426734,10.9677,-1,11.78,9.64,8.93,1,1,0.01867413632119508,1,1.9161591033737944,0.9666666666666667,1.0,49.999999999865025,43.49333820121149,47.844030168128754,84.09483221405219,23288.691577477075,0.4281914893617025,-42.536033219088274,-5.910735249721684,11.461299065821029,17.626778726952946,204.83,-7.0,0.2321315124551976,16073.288293465144,0.0,-0.022999999999999955,-14.666666666666693,-419812.3103568938,-817532.5812330943
000014.SZ,20200924,10.91,10.79,11.05,10.73,10.74,-0.17,-1.5582,50253.66,54658.32,59.21,58.55,59.97,58.23,58.28,5.426734,10.8765,-1,12.0,9.82,8.79,1,1,-0.015582034830430747,0,1.1719883695913909,0.9666666666666667,1.0,49.99999999986528,43.40953119160485,45.56157225137212,74.03648796718146,23288.691577477075,0.41176470588235325,-41.0207837881287,-8.87515282987307,11.429999890993935,16.981535802331262,204.49,-7.0,0.22440392083385952,12085.12869665489,0.0,-0.027999999999999935,-6.471816283924852,-523697.1221696787,-775556.0870811779
000014.SZ,20200925,10.74,10.82,10.9,10.52,10.61,-0.13,-1.2104,32757.12,34954.749,58.28,58.72,59.15,57.09,57.58,5.426734,10.6709,-1,11.81,9.67,8.69,1,1,-0.012104283054003795,0,0.7611313395081785,0.9666666666666667,1.0,49.99999999986525,43.703675225699314,43.839239159667976,66.44650393419892,23288.691577477075,0.4065656565656568,-38.66785257585064,-11.129029022237885,11.395297897415702,16.358465983391945,204.49,-9.0,0.19847115572386698,6827.012737258545,0.0,-0.04049999999999994,-8.384458077709638,-578071.8134395095,-747344.0479895109
000014.SZ,20200928,10.61,10.73,10.9,10.13,10.17,-0.44,-4.147,43280.01,45341.776,57.58,58.23,59.15,54.97,55.19,5.426734,10.4764,-1,11.67,9.55,8.33,1,1,-0.041470311027332674,0,1.010550207102037,0.9666666666666667,1.0,49.999999999865594,38.682123704745926,38.53022379136338,43.05071477449518,22322.902294339478,0.38061465721040216,-24.93336663607705,-18.3261985432153,11.3476432606543,15.865450436642746,203.98,-9.0,0.12246787148549299,4609.260845366869,0.0,-0.06299999999999999,-18.75000000000002,-643409.2247886192,-732496.2161036693
000014.SZ,20200929,10.17,10.16,10.5,10.05,10.37,0.2,1.9666,37231.94,38490.675,55.19,55.14,56.98,54.54,56.28,5.426734,10.3381,-1,11.19,9.15,8.49,1,1,0.019665683382497523,1,0.8680954046594359,0.9666666666666667,1.0,49.99999999986577,38.47514754529172,41.970264394716175,58.21029881664188,22322.902294339478,0.3684210526315793,-18.711055021173753,-13.91226286611587,11.307565595876241,15.340299019109874,202.86,-7.0,0.10047305426864395,2287.863121525179,0.0,-0.050999999999999976,-21.212121212121225,-716982.8093436221,-730280.0151379482
000014.SZ,20200930,10.37,10.49,10.65,10.27,10.49,0.12,1.1572,35124.0,36835.557,56.28,56.93,57.79,55.73,56.93,5.426734,10.4873,-1,11.41,9.33,8.59,1,1,0.011571841851494735,1,0.8123635797451977,0.9666666666666667,0.0,49.999999999864976,42.84298478399379,43.995433576128804,58.75192173207415,22322.902294339478,0.36425339366515863,-17.70212804345257,-11.29027930026273,11.273029397941054,14.89765664444753,202.44,-7.0,0.10304287790111188,520.8789834170129,0.0,-0.051999999999999956,-12.547528517110301,-570186.0082866726,-707409.4427306232
000014.SZ,20201009,10.49,10.62,11.35,10.61,11.02,0.53,5.0524,88334.13,97348.363,56.93,57.63,61.59,57.58,59.8,5.426734,11.0205,-1,11.54,9.44,9.02,1,1,0.05052430886558623,1,2.057485646022617,0.9666666666666667,1.0,49.999999999863405,49.99875805601158,51.968355025077905,100.0,23450.751504634987,0.34698275862069,-7.162258707178764,-0.5321787496560126,11.261044501309872,14.225526742641737,201.84,-5.0,0.17297025688882406,6253.371568430876,0.0,-0.021499999999999898,-0.16920473773271283,-317032.24094169156,-651641.2710464902
000014.SZ,20201012,11.02,11.8,11.81,11.29,11.57,0.55,4.9909,140928.4,162734.801,59.8,64.04,64.09,61.27,62.79,5.426734,11.5473,-1,12.12,9.92,9.47,1,1,0.0499092558983667,1,3.0779092811047715,0.9666666666666667,1.0,49.99999999986454,58.51078768683968,58.56119811283534,100.0,24621.161062488824,0.34824902723735424,-4.027824333608621,9.069579771609432,11.277090999600473,13.487662025848966,201.98000000000002,-3.0,0.2836088102334342,16293.02594907963,0.0,-0.033499999999999905,14.511041009463675,167346.34866320773,-534643.0396593905
000014.SZ,20201013,11.57,11.6,11.6,11.13,11.41,-0.16,-1.3829,80808.13,91659.942,62.79,62.95,62.95,60.4,61.92,5.426734,11.3429,-1,12.73,10.41,9.34,1,1,-0.01382886776145209,0,1.5667770509682666,0.9666666666666667,1.0,49.999999999867015,55.74298955568762,56.14678197382423,90.41455587804327,24621.161062488824,0.34757281553398073,-3.6704733936772587,5.970280899852234,11.283797858698785,12.83754068602551,202.59,-3.0,0.32269699870279495,14082.538283222599,0.0,-0.03299999999999992,9.316770186335347,-28218.421841732867,-462296.6656854394
000014.SZ,20201014,11.41,11.41,11.49,10.8,10.81,-0.6,-5.2585,89461.0,98438.85,61.92,61.92,62.35,58.61,58.66,5.426734,11.0035,-1,12.55,10.27,8.85,1,1,-0.05258545135845749,0,1.6595976099575709,0.9666666666666667,1.0,49.99999999986914,52.93706267336365,48.13262775669356,58.597659779712274,23326.44619504857,0.3123909249563701,1.89812162745014,-4.717346925596821,11.262300374414123,12.22549890036058,203.33,-3.0,0.2579947013050537,13055.561626465067,0.0,-0.05699999999999994,7.810107197549712,-249994.05085573602,-431967.72070976754
000014.SZ,20201015,10.81,10.86,10.86,10.4,10.42,-0.39,-3.6078,53421.06,56340.267,58.66,58.93,58.93,56.44,56.55,5.426734,10.5465,-1,11.89,9.73,8.53,1,1,-0.03607770582793712,0,0.9431725702398253,0.9666666666666667,1.0,49.99999999987146,52.325580661713424,43.7603142222914,26.110015154488437,23326.44619504857,0.3054607508532424,3.950740758509249,-10.867992156181097,11.226549934614535,11.585157784989418,203.63,-3.0,0.1578457361589149,7090.084842029628,0.0,-0.07049999999999992,1.2949640287769242,-404918.3790973674,-428103.5290508532
000014.SZ,20201016,10.42,10.39,10.46,10.3,10.4,-0.02,-0.1919,35128.56,36483.02,56.55,56.38,56.76,55.9,56.44,5.426734,10.3856,-1,11.46,9.38,8.52,1,1,-0.0019193857965450478,0,0.6132725368477903,0.9666666666666667,1.0,49.999999999873936,52.309663442928844,43.5418758497589,25.019512171324287,23326.44619504857,0.31681415929203555,-1.3078005300303213,-11.177499966358695,11.191589824331151,10.742336191712893,203.61,-3.0,0.08759476948888201,591.012584291786,0.0,-0.05599999999999996,-2.357836338418906,-505290.1378149134,-439130.18744571897
000014.SZ,20201019,10.4,10.51,10.69,10.33,10.4,0.0,0.0,41455.96,43550.209,56.44,57.03,58.01,56.06,56.44,5.426734,10.5052,-1,11.44,9.36,8.52,1,1,0.0,0,0.7238998879853945,0.9333333333333333,1.0,49.99999999986066,52.67469311849511,43.54187584975891,25.019512171324322,23326.44619504857,0.3352059925093635,-1.0101990533127978,-11.177499966358694,11.15810840185578,10.077298454309112,193.54000000000002,-4.0,0.04211902115469668,-2760.7929060716924,0.0,-0.07149999999999998,1.6260162601625439,-400770.2373825158,-433650.1945795471
000014.SZ,20201020,10.4,10.35,10.44,10.2,10.42,0.02,0.1923,24872.02,25663.875,56.44,56.17,56.66,55.35,56.55,5.426734,10.3184,-1,11.44,9.36,8.53,1,1,0.0019230769230769162,1,0.43107295153377845,0.9333333333333333,1.0,49.999999999864094,52.7632429450412,43.866841417879705,26.641827506092902,23326.44619504857,0.34160305343511477,-2.8689517640174547,-10.751372205534839,11.126739277079972,9.256168847902641,193.28,-2.0,0.017012522354161397,-6882.249358914053,0.0,-0.05799999999999992,-2.5099075297226463,-423548.37477054633,-432207.0774639756
000014.SZ,20201021,10.42,10.42,10.44,10.16,10.18,-0.24,-2.3033,26886.39,27498.656,56.55,56.55,56.66,55.14,55.24,5.426734,10.2277,-1,11.46,9.38,8.34,1,1,-0.02303262955854124,0,0.4668834837761602,0.9333333333333333,1.0,49.99999999986774,50.514752656249655,40.829778061898146,11.479992104376988,22789.176800920774,0.33025830258302613,-3.1323779087409123,-14.872811025685827,11.088361537389785,8.846374438205462,193.57999999999998,-4.0,-0.027234761467889,-8880.567138041115,0.0,-0.07199999999999998,-2.766798418972364,-458001.00472368347,-435891.92421536247
000014.SZ,20201022,10.18,10.19,10.27,10.06,10.25,0.07,0.6876,17539.42,17869.856,55.24,55.3,55.73,54.59,55.62,5.426734,10.1884,-1,11.2,9.16,8.39,1,1,0.006876227897838927,1,0.3048674029330448,0.9333333333333333,1.0,49.99999999987145,50.69943488729661,42.08913551542067,17.767042515961677,22789.176800920774,0.33457943925233674,-3.211588149079181,-13.266929031227232,11.05373597990411,8.368312012580933,193.31,-2.0,-0.0415305776923115,-10873.255352884014,0.0,-0.06199999999999992,-3.5294117647059338,-470512.80378263164,-440837.7641535438
000014.SZ,20201023,10.25,10.2,10.3,10.1,10.12,-0.13,-1.2683,19407.0,19757.942,55.62,55.35,55.9,54.81,54.92,5.426734,10.1808,-1,11.28,9.23,8.29,1,1,-0.012682926829268415,0,0.33863893253302846,0.9333333333333333,1.0,49.999999999875065,50.91758211229977,40.37066639488064,9.187983439948868,22500.143339055434,0.3211678832116789,-4.7589540161512724,-15.574172436843705,11.016197202366538,7.946317634553474,203.61,-3.0,-0.06173639291342131,-11301.799944997758,0.0,-0.06599999999999992,-1.8421052631579542,-490519.08458362776,-447935.0956435558
000014.SZ,20201026,10.12,10.13,10.15,9.86,9.92,-0.2,-1.9763,28285.0,28152.748,54.92,54.97,55.08,53.51,53.83,5.426734,9.9532,-1,11.13,9.11,8.12,1,1,-0.019762845849802257,0,0.49583924521784656,0.9333333333333333,1.0,49.99999999987553,46.313930873904035,37.812777740314566,0.0,22055.476474647225,0.41845493562231795,-23.8785248593819,-19.06099300847282,10.973947148544424,8.374748912443067,203.63000000000002,-5.0,-0.09338102199456605,-9806.968259472453,0.0,-0.12749999999999995,-18.61471861471869,-536401.4944258381,-460573.1526124533
000014.SZ,20201027,9.92,9.92,9.92,9.77,9.82,-0.1,-1.0081,19434.0,19097.998,53.83,53.83,53.83,53.02,53.29,5.426734,9.8271,-1,10.91,8.93,8.04,1,1,-0.010080645161290258,0,0.3555076488337739,0.9333333333333333,1.0,49.99999999987196,39.55328954945004,36.565281275589086,0.0,22055.476474647225,0.44251626898047747,-40.40987191248051,-20.78293850423828,10.93041748081628,8.870207345260123,201.92,-5.0,-0.11756004724813274,-9425.457791398705,0.0,-0.11949999999999994,-34.15765069551787,-554117.4285600146,-473936.6206049621
000014.SZ,20201028,9.82,9.9,9.9,9.5,9.69,-0.13,-1.3238,30241.0,29068.347,53.29,53.72,53.72,51.55,52.59,5.426734,9.6122,-1,10.8,8.84,7.93,1,1,-0.013238289205702691,0,0.601909862122217,0.9333333333333333,1.0,49.99999999986808,40.81172940341388,34.950967405117034,0.0,21763.49969850627,0.525,-34.3398998285681,-23.023913964449,10.884949631900414,9.525226915317567,200.77,-5.0,-0.13935338889904408,-7231.217107424061,0.0,-0.1165,-30.618892508143396,-598292.0484637835,-491701.68172765087
000014.SZ,20201029,9.69,9.57,9.7,9.5,9.6,-0.09,-0.9288,21574.47,20728.917,52.59,51.93,52.64,51.55,52.1,5.426734,9.6081,-1,10.66,8.72,7.86,1,1,-0.009287925696594423,0,0.44167569138555757,0.9333333333333333,1.0,49.99999999986558,34.53850137375592,33.837193011592746,0.0,21763.49969850627,0.5384615384615384,-42.31535184722088,-24.578760708149186,10.838800825393017,10.235665154637134,199.76,-7.0,-0.1530859596380464,-6484.84694026137,0.0,-0.12250000000000005,-38.48684210526326,-616493.7954641194,-509529.1265471464
000014.SZ,20201030,9.6,9.64,9.64,9.22,9.27,-0.33,-3.4375,29505.04,27668.732,52.1,52.31,52.31,50.03,50.31,5.426734,9.3776,-1,10.56,8.64,7.59,1,1,-0.034375000000000044,0,0.6439173025364142,0.9333333333333333,1.0,49.999999999865665,35.50495472297537,30.055253820264216,0.0,21015.379396370117,0.5820224719101121,-34.859328132522364,-30.033450359192432,10.78653245357092,11.113055947751116,198.35,-7.0,-0.19132987604677254,-4551.943346381326,0.0,-0.13850000000000015,-38.88888888888899,-654396.796973893,-530224.5080366817
000014.SZ,20201102,9.27,9.26,9.38,9.19,9.23,-0.04,-0.4315,17920.75,16592.017,50.31,50.25,50.9,49.87,50.09,5.426734,9.2586,-1,10.2,8.34,7.56,1,1,-0.004314994606256617,0,0.40016204544808764,0.9333333333333333,1.0,49.9999999998668,36.19891119454454,29.623057731052356,0.0,21015.379396370117,0.6009174311926608,-38.33585151988634,-30.673185304334122,10.735147007391635,11.940036000361832,196.83,-7.0,-0.20548189526056992,-4457.080338177846,0.0,-0.1295000000000001,-39.384116693679175,-652224.0430980201,-547653.0130454444
000014.SZ,20201103,9.23,9.31,9.56,9.08,9.44,0.21,2.2752,22434.0,21134.285,50.09,50.52,51.88,49.27,51.23,5.426734,9.4206,-1,10.15,8.31,7.73,1,1,0.022751895991332427,1,0.5093784071237231,0.9333333333333333,1.0,49.99999999986661,39.44129164063531,34.914664546528826,37.15028907922933,21493.51912261472,0.6610169491525426,-41.19959125974599,-24.387921287376813,10.688514265740535,12.461202230662368,195.01000000000002,-5.0,-0.17141454110506338,-3454.465056268509,0.0,-0.09500000000000011,-31.208053691275268,-549812.5974595146,-547961.5251045973
000014.SZ,20201104,9.44,9.44,9.49,9.27,9.35,-0.09,-0.9534,14235.67,13335.211,51.23,51.23,51.5,50.31,50.74,5.426734,9.3675,-1,10.38,8.5,7.66,1,1,-0.009533898305084776,0,0.3310650687592808,0.9333333333333333,1.0,49.999999999865956,42.047519269462484,33.743663448339085,28.929151185421787,21493.51912261472,0.6791044776119405,-45.10484144579283,-25.993771122756883,10.641343602356798,13.074545429339814,194.45,-7.0,-0.14680999476246226,-3550.0202385381745,0.0,-0.11000000000000006,-22.086956521739232,-436916.031982973,-532097.8832300797
000014.SZ,20201105,9.35,9.39,9.63,9.39,9.59,0.24,2.5668,23744.73,22647.473,50.74,50.96,52.26,50.96,52.04,5.426734,9.5379,-1,10.29,8.42,7.85,1,1,0.025668449197860932,1,0.567379772424241,0.9333333333333333,1.0,49.99999999986309,41.113296416036064,39.56461686690492,69.79577445455394,22045.22442629681,0.6594202898550727,-46.02012583534058,-18.90518417570444,10.600744309118141,13.549078660585108,193.53000000000003,-7.0,-0.0869720962139684,-2060.698493670483,0.0,-0.10000000000000009,-23.80952380952388,-299159.81891519716,-498821.01689938223
000014.SZ,20201106,9.59,9.59,9.65,9.4,9.46,-0.13,-1.3556,25153.02,23805.825,52.04,52.04,52.37,51.01,51.34,5.426734,9.4644,-1,10.55,8.63,7.75,1,1,-0.013555787278414888,0,0.6093146877001875,0.9666666666666667,1.0,49.999999999858055,32.77161449560445,37.635826803613405,56.25449844461804,21746.384053469013,0.7299465240641715,-57.086011101401176,-21.425757320776874,10.558061870937383,14.14487420098813,192.69,-9.0,-0.055214260830793616,-685.3269862398665,0.0,-0.12650000000000006,-40.681362725450995,-306252.6518397536,-471311.25046229246
000014.SZ,20201109,9.46,9.46,9.83,9.46,9.77,0.31,3.277,36740.82,35646.323,51.34,51.34,53.34,51.34,53.02,5.426734,9.7021,-1,10.41,8.51,8.0,1,1,0.032769556025369795,1,0.963775013554587,0.9666666666666667,1.0,49.999999999852164,20.115022055153062,44.5747017292967,100.0,22459.003404058374,0.7200000000000006,-55.30415260487064,-12.637853128028839,10.525277691454987,14.505417446930917,191.13,-9.0,0.013564125382138359,1847.3505656811067,0.0,-0.0995000000000001,-56.34743875278408,-195784.79158634297,-431950.3277657283
000014.SZ,20201110,9.77,9.77,9.78,9.4,9.5,-0.27,-2.7636,39315.0,37595.628,53.02,53.02,53.07,51.01,51.55,5.426734,9.5627,-1,10.75,8.79,7.78,1,1,-0.02763561924257929,0,1.1945345101217468,0.9666666666666667,1.0,49.999999999845116,21.874346109481962,40.36241621510093,71.82727521675619,21838.334937416024,0.6675900277008319,-51.85975009492859,-18.07380663878807,10.48527907316971,14.753111814390083,189.31,-9.0,0.02788139357775732,3817.971155721705,0.0,-0.1035000000000001,-54.838709677419466,-241564.999119926,-404752.42367347085
000014.SZ,20201111,9.5,9.53,9.53,9.33,9.42,-0.08,-0.8421,23676.0,22263.686,51.55,51.72,51.72,50.63,51.12,5.426734,9.4035,-1,10.45,8.55,7.71,1,1,-0.008421052631578996,0,0.767760405831224,0.9666666666666667,1.0,49.999999999837414,24.938561250203904,39.18096606728877,63.92546757639981,21838.334937416024,0.5760517799352756,-63.36919622739478,-19.633467888052138,10.444511080387768,14.835833697952125,187.35,-9.0,0.03150011814525411,2999.6550181411876,0.0,-0.0790000000000001,-53.99061032863861,-279678.2506434368,-386884.6846691803
000014.SZ,20201112,9.42,9.4,9.44,9.26,9.28,-0.14,-1.4862,18773.01,17507.043,51.12,51.01,51.23,50.25,50.36,5.426734,9.3256,-1,10.36,8.48,7.6,1,1,-0.014861995753715607,0,0.6814531849842761,0.9666666666666667,1.0,49.999999999829846,26.85446385010445,37.13256082936744,50.22526686160311,21838.334937416024,0.5669014084507048,-68.52797325781752,-22.35634426746039,10.40145541494855,14.871012263862625,185.93,-9.0,0.020493588511198868,1839.6421877980774,0.0,-0.06300000000000017,-47.31182795698934,-301292.453642118,-374657.2230938857
000014.SZ,20201113,9.28,9.3,9.43,9.18,9.36,0.08,0.8621,31337.03,29147.146,50.36,50.47,51.17,49.82,50.79,5.426734,9.3012,-1,10.21,8.35,7.66,1,1,0.008620689655172376,1,1.2138564111928167,0.9666666666666667,1.0,49.99999999982191,27.2456297098463,39.09213081438627,63.331317174524735,22026.596445497195,0.5551724137931039,-60.25894653732398,-19.912599417279235,10.361737578279014,14.873071361578054,184.65,-7.0,0.028930276398843047,2751.4849070854507,0.0,-0.06050000000000022,-42.35294117647072,-362660.6206438914,-372943.42274388653
000014.SZ,20201116,9.36,9.64,9.64,9.22,9.41,0.05,0.5342,36799.0,34394.983,50.79,52.31,52.31,50.03,51.07,5.426734,9.3467,-1,10.3,8.42,7.7,1,1,0.005341880341880323,1,1.4359735549699078,0.9666666666666667,1.0,49.9999999998129,25.948750982463295,40.34370327768298,71.70211882980536,22144.259888047927,0.46101694915254254,-50.71141662645886,-18.357417282878178,10.324736476393472,14.859100739570486,193.87,-6.0,0.04521633345036724,4001.3825749715434,0.0,-0.06650000000000027,-43.1952662721894,-248896.85260467627,-355222.48415257083
000014.SZ,20201117,9.41,9.41,9.5,9.29,9.38,-0.03,-0.3188,24352.02,22851.959,51.07,51.07,51.55,50.41,50.9,5.426734,9.384,-1,10.35,8.47,7.68,1,1,-0.0031880977683315104,0,0.9589799914100635,0.9666666666666667,1.0,49.99999999980409,26.102276839252823,39.81505617106536,68.16640659187559,22144.259888047927,0.4594594594594597,-48.303630592708814,-19.02072942400314,10.288305966514956,14.814024930693492,193.17000000000002,-8.0,0.0552545976231027,3102.710173178537,0.0,-0.07150000000000026,-41.28440366972482,-273380.95423622103,-343530.8370216637
000014.SZ,20201118,9.38,9.37,9.55,9.34,9.43,0.05,0.533,26582.0,25167.257,50.9,50.85,51.83,50.69,51.17,5.426734,9.4678,-1,10.32,8.44,7.72,1,1,0.005330490405117239,1,1.0478692592502146,0.9666666666666667,1.0,49.99999999979502,31.41022635643739,41.19803449901397,77.41608059502202,22262.29965290959,0.44043321299639077,-47.28437678663429,-17.348089801000967,10.254524715244642,14.67783125819395,192.07000000000002,-6.0,0.07093553366988348,2770.692462909885,0.0,-0.05650000000000022,-38.41463414634149,-168544.95081279986,-318532.8532775403
000014.SZ,20201119,9.43,9.39,9.5,9.37,9.4,-0.03,-0.3181,18936.0,17853.882,51.17,50.96,51.55,50.85,51.01,5.426734,9.4285,-1,10.37,8.49,7.7,1,1,-0.0031813361611876534,0,0.7469100914077373,0.9666666666666667,1.0,49.99999999978546,31.41246026894096,40.595282011301826,73.38473469230443,22262.29965290959,0.4468864468864479,-47.918840366139406,-18.07523745845098,10.221188175062593,14.541718279535624,191.51000000000002,-8.0,0.0789586639106643,1544.4089407722113,0.0,-0.059000000000000254,-36.07594936708866,-179971.93327507982,-298738.4361343317
000014.SZ,20201120,9.4,9.39,9.39,9.26,9.34,-0.06,-0.6383,18791.57,17487.16,51.01,50.96,50.96,50.25,50.69,5.426734,9.3059,-1,10.34,8.46,7.65,1,1,-0.00638297872340432,0,0.7391772680638612,0.9666666666666667,1.0,49.999999999776335,31.556316875527628,39.35511997045865,51.809035999671835,22262.29965290959,0.40225563909774525,-48.19676956245802,-19.565013877604652,10.187436575713843,14.328912804497998,190.61,-8.0,0.07775242148796835,775.8460654821993,0.0,-0.05750000000000029,-39.93808049535603,-198128.74234806816,-284365.62273629406
000014.SZ,20201123,9.34,9.33,9.38,9.26,9.33,-0.01,-0.1071,20805.0,19368.583,50.69,50.63,50.9,50.25,50.63,5.426734,9.3096,-1,10.27,8.41,7.64,1,1,-0.0010706638115631772,0,0.8193684766203219,0.9666666666666667,0.0,49.99999999975975,32.14369985063318,39.14050366499666,49.82754262946264,22238.464214309046,0.34008097165991963,-52.46410881325627,-19.82080927000741,10.154699161074303,14.014057988132258,189.84,-8.0,0.07702917318898417,608.1138179968602,0.0,-0.04700000000000024,-35.33333333333332,-227001.8703794179,-276170.80097102607
000014.SZ,20201124,9.33,9.3,9.37,9.28,9.28,-0.05,-0.5359,15874.0,14794.28,50.63,50.47,50.85,50.36,50.36,5.426734,9.3198,-1,10.26,8.4,7.6,1,1,-0.005359056806002238,0,0.6345156740540869,0.9666666666666667,1.0,49.99999999974162,32.440623394914056,38.02396550955453,11.977799025486876,22238.464214309046,0.3388429752066122,-52.98200926768364,-21.140727094323932,10.121852427810719,13.645978827615881,189.29000000000002,-8.0,0.07136559194802439,-61.97724311708589,0.0,-0.04300000000000033,-29.03225806451615,-240787.670016387,-271116.0679775062
000014.SZ,20201125,9.28,9.31,9.35,9.16,9.17,-0.11,-1.1853,20805.02,19245.094,50.36,50.52,50.74,49.71,49.76,5.426734,9.2502,-1,10.21,8.35,7.51,1,1,-0.011853448275861989,0,0.83757783191063,0.9666666666666667,1.0,49.99999999972606,33.1556707744963,35.61678199179138,0.0,21974.861729010125,0.31250000000000067,-57.49427674829752,-24.03665908019333,10.087421051392084,13.22486731562001,188.74,-8.0,0.0550816237385201,247.07361691054575,0.0,-0.03950000000000031,-25.0,-263494.51426712656,-270027.2745903091
000014.SZ,20201126,9.17,9.18,9.21,9.07,9.12,-0.05,-0.5453,14946.0,13632.857,49.76,49.82,49.98,49.22,49.49,5.426734,9.1214,-1,10.09,8.25,7.47,1,1,-0.005452562704471142,0,0.6133527333254472,0.9666666666666667,1.0,49.99999999971426,33.67313171436899,34.54621399832736,0.0,21974.861729010125,0.3220338983050852,-56.61565095639212,-25.348341695921263,10.053030772456516,12.752045489899512,188.25,-8.0,0.04052721274549376,-224.1227141355721,0.0,-0.0440000000000003,-23.2558139534883,-269085.24365148996,-269892.69874190644
000014.SZ,20201127,9.12,9.11,9.18,9.08,9.18,0.06,0.6579,12465.0,11364.367,49.49,49.44,49.82,49.27,49.82,5.426734,9.117,-1,10.03,8.21,7.52,1,1,0.006578947368421018,1,0.5185909768747948,0.9666666666666667,1.0,49.99999999970403,37.54294281085628,36.99364177519893,36.7933526862149,21974.861729010125,0.3636363636363642,-68.532656838398,-22.67268603989201,10.020883570247667,12.028272929454777,187.69,-6.0,0.04176733730717408,-727.9964678986998,0.0,-0.02200000000000024,-15.021459227467794,-187281.1161388671,-258091.04408432942
000014.SZ,20201130,9.18,9.19,9.37,9.19,9.27,0.09,0.9804,25554.0,23777.678,49.82,49.87,50.85,49.87,50.31,5.426734,9.3049,-1,10.1,8.26,7.59,1,1,0.009803921568627416,1,1.1022122660516294,1.0,1.0,49.99999999969302,42.28982162955625,40.582571131380654,90.74744473983041,22190.301549882774,0.3551401869158882,-63.33191209052419,-18.672952770255982,9.991803978065965,11.20432652652965,187.49,-4.0,0.056576025003476915,763.003400121137,0.0,-0.01650000000000027,4.42477876106193,-81105.2081327003,-232807.35323409672
000014.SZ,20201201,9.27,9.24,9.43,9.18,9.4,0.13,1.4024,27174.84,25371.773,50.31,50.14,51.17,49.82,51.01,5.426734,9.3365,-1,10.2,8.34,7.7,1,1,0.014023732470334505,1,1.1531402868236407,1.0,1.0,49.99999999968272,42.853747900558446,45.41882345152467,100.0,22501.49240225438,0.36893203883495157,-66.55728228937606,-13.067653894657234,9.967305450328942,10.455057352581226,187.58999999999997,-4.0,0.08408939422685979,1960.7093322452092,0.0,-0.015000000000000213,-0.9345794392523246,26019.52312119631,-195832.0851833406
000014.SZ,20201202,9.4,9.44,9.44,9.32,9.36,-0.04,-0.4255,18348.01,17212.06,51.01,51.23,51.23,50.58,50.79,5.426734,9.3809,-1,10.34,8.46,7.66,1,1,-0.004255319148936287,0,0.7708280639490342,1.0,1.0,49.999999999671154,43.3422495410362,44.226005586536374,89.0291482452032,22501.49240225438,0.37810945273631835,-67.50221188834146,-14.377522845747883,9.942544023163968,9.580221906222796,187.54000000000002,-4.0,0.09623385298546488,1573.8379466657389,0.0,-0.014500000000000225,-3.3492822966506424,117045.31949712336,-151135.31308613147
000014.SZ,20201203,9.36,9.34,9.36,9.2,9.3,-0.06,-0.641,19342.25,17966.67,50.79,50.69,50.79,49.93,50.47,5.426734,9.2888,-1,10.3,8.42,7.61,1,1,-0.0064102564102562765,0,0.8056382787945162,1.0,1.0,49.999999999658115,38.72825758103708,42.426109605909765,72.47474161104131,22357.252066342495,0.4153005464480877,-66.16075764962375,-16.367236358829462,9.916954626774293,8.848426155074623,187.54999999999998,-6.0,0.09533670084436902,1463.9930261647532,0.0,-0.026500000000000145,-15.942028985507228,97349.16419630079,-115637.5306172126
000014.SZ,20201204,9.3,9.3,9.32,9.17,9.21,-0.09,-0.9677,23502.05,21662.684,50.47,50.47,50.58,49.76,49.98,5.426734,9.2174,-1,10.23,8.37,7.54,1,1,-0.009677419354838679,0,0.9879593187113956,1.0,1.0,49.999999999645155,38.92020477215678,39.80897178510618,48.403815196647194,22140.891562474666,0.4245810055865923,-66.19797989685075,-19.32727343134317,9.88979655186848,7.95664887915684,187.22,-6.0,0.08226599839211574,1934.2417308305921,0.0,-0.02450000000000019,-18.660287081339646,49182.534956680145,-92091.80696379936
000014.SZ,20201207,9.21,9.19,9.23,9.11,9.12,-0.09,-0.9772,18478.26,16910.169,49.98,49.87,50.09,49.44,49.49,5.426734,9.1514,-1,10.13,8.29,7.47,1,1,-0.009771986970684265,0,0.7794783507975281,1.0,1.0,49.99999999963425,32.270837294242796,37.329119494315464,25.595562021863422,22140.891562474666,0.45222929936305617,-74.87989655478188,-22.22486950993692,9.861286538881636,7.333388864518202,186.99,-8.0,0.06206283741551499,1566.8716206422469,0.0,-0.043500000000000136,-32.999999999999886,8962.795934634283,-77655.435121166
000014.SZ,20201208,9.12,9.12,9.16,9.1,9.13,0.01,0.1096,12190.19,11124.528,49.49,49.49,49.71,49.38,49.55,5.426734,9.1258,-1,10.03,8.21,7.48,1,1,0.0010964912280704286,1,0.5348262782774019,1.0,1.0,49.999999999625075,34.40805534489506,37.79280937187101,29.860314467461357,22140.891562474666,0.4351145038167928,-89.85005663947904,-21.713559894444337,9.8340247199168,6.851411937463203,186.31,-6.0,0.0510703517001142,528.8184035109698,0.0,-0.02950000000000008,-33.33333333333321,-12813.40533424355,-68392.28800874851
000014.SZ,20201209,9.13,9.13,9.14,8.84,8.87,-0.26,-2.8478,21383.8,19218.396,49.55,49.55,49.6,47.97,48.14,5.426734,8.9874,-1,10.04,8.22,7.26,1,1,-0.02847754654983592,0,0.9975386678717728,1.0,1.0,49.99999999962995,34.68417121366721,31.307035585885085,0.0,21510.373292349424,0.5369127516778508,-71.01920625944429,-29.75592554982739,9.801778517917922,6.640789026218264,185.92,-6.0,0.011849244939889092,1099.6144882171975,0.0,-0.037000000000000186,-33.663366336633544,-46913.13941857987,-65323.83821015299
000014.SZ,20201210,8.87,8.87,8.93,8.75,8.82,-0.05,-0.5637,20701.4,18279.935,48.14,48.14,48.46,47.48,47.86,5.426734,8.8303,-1,9.76,7.98,7.22,1,1,-0.005636978579481311,0,0.9708960753007964,1.0,1.0,49.99999999964437,34.61627438921806,30.232530537901702,0.0,21510.373292349424,0.6357142857142843,-64.48225916555495,-31.186930872806094,9.76960747362217,6.340943764112325,185.41,-6.0,-0.016232567408439535,1385.8500568410418,0.0,-0.033500000000000085,-37.383177570093366,-90457.2822986492,-68914.33022279531
000014.SZ,20201211,8.82,8.81,8.87,8.46,8.57,-0.25,-2.8345,26918.0,23185.041,47.86,47.81,48.14,45.91,46.51,5.426734,8.6132,-1,9.7,7.94,7.02,1,1,-0.028344671201814053,0,1.2567715230644048,1.0,1.0,49.99999999967286,35.14535218552089,25.516814392868177,0.0,20900.668833949498,0.751592356687896,-45.009384319605864,-37.85062035992707,9.734105159194925,6.260343147324344,185.1,-8.0,-0.06135045903952424,2356.121158096582,0.0,-0.04850000000000003,-42.97872340425521,-139623.4128812102,-79015.62774542601
000014.SZ,20201214,8.57,8.56,8.7,8.46,8.6,0.03,0.3501,14972.0,12827.542,46.51,46.45,47.21,45.91,46.67,5.426734,8.5677,-1,9.43,7.71,7.04,1,1,0.003500583430571691,1,0.7063123553170066,1.0,1.0,49.99999999970112,27.831351232680717,26.988550867001987,7.394914100361485,20900.668833949498,0.7032258064516117,-48.26367680565887,-36.18479266449013,9.699641751635738,6.194172723390486,184.34,-8.0,-0.07890335884429234,1380.7097863874278,0.0,-0.03500000000000005,-60.17316017316011,-155524.4384327666,-89945.45784361754
000014.SZ,20201215,8.6,8.5,8.54,8.43,8.48,-0.12,-1.3953,16199.17,13754.907,46.67,46.13,46.34,45.75,46.02,5.426734,8.4911,-1,9.46,7.74,6.94,1,1,-0.013953488372092981,0,0.8056855266671824,1.0,1.0,49.99999999972525,28.536469824096315,24.87155763455261,0.0,20609.031594406017,0.6829268292682923,-50.48571208868324,-39.274577819241046,9.664373532456041,6.3119046915554975,183.44,-8.0,-0.09722436621238362,915.1299627070593,0.0,-0.034500000000000065,-60.5150214592274,-179645.76396988984,-102759.78729022786
000014.SZ,20201216,8.48,8.53,8.53,8.27,8.3,-0.18,-2.1226,16421.0,13713.387,46.02,46.29,46.29,44.88,45.04,5.426734,8.3511,-1,9.33,7.63,6.8,1,1,-0.021226415094339535,0,0.8336198198150634,1.0,1.0,49.99999999974669,22.27091744998326,22.07446966902153,0.0,20171.575735090795,0.6949152542372872,-42.132839389134915,-43.58727375632622,9.627722089322443,6.594477266874849,182.63,-10.0,-0.12250291670124214,663.1064733625553,0.0,-0.04900000000000002,-66.3934426229508,-197616.64018085995,-116310.76627460387
000014.SZ,20201217,8.3,8.24,8.4,8.13,8.38,0.08,0.9639,17384.0,14370.757,45.04,44.72,45.58,44.12,45.48,5.426734,8.2667,-1,9.13,7.47,6.86,1,1,0.009638554216867545,1,0.9058706399634233,1.0,1.0,49.99999999976191,22.49077427648521,26.054766752700985,17.050363101773815,20366.00056145312,0.7197802197802176,-30.77081489252391,-38.96992173017594,9.59146086228895,6.844232290200037,181.26,-8.0,-0.11735278292859608,651.235566864596,0.0,-0.04249999999999998,-67.58893280632407,-217899.1951834762,-130823.39897587134
000014.SZ,20201218,8.38,8.4,8.48,8.28,8.34,-0.04,-0.4773,15027.01,12556.226,45.48,45.58,46.02,44.93,45.26,5.426734,8.3558,-1,9.22,7.54,6.83,1,1,-0.004773269689737569,0,0.7862284593061251,1.0,1.0,49.99999999977209,26.51179316649508,25.35734703170848,14.062832465928027,20366.00056145312,0.7277777777777753,-24.847354546642624,-39.98565230542796,9.555696287376778,7.175817570015797,180.34,-8.0,-0.10844928647088703,365.27763031624363,0.0,-0.04299999999999997,-56.42023346303506,-132847.6285024283,-131112.57462252234
000014.SZ,20201221,8.34,8.38,8.44,8.2,8.39,0.05,0.5995,14696.01,12260.651,45.26,45.48,45.8,44.5,45.53,5.426734,8.3428,-1,9.17,7.51,6.87,1,1,0.00599520383693064,1,0.7765579630691352,1.0,1.0,49.99999999977719,27.07943691961829,27.953409645786387,26.539649434044343,20366.00056145312,0.7119565217391277,-16.860778495333385,-36.98582241676934,9.5207175288716,7.484641113134515,179.16,-6.0,-0.08592563364546257,180.27299666575072,0.0,-0.04249999999999998,-57.575757575757635,-120874.19594267034,-129649.94909682921
000014.SZ,20201222,8.39,8.38,8.38,8.15,8.19,-0.2,-2.3838,15732.0,12981.621,45.53,45.48,45.48,44.23,44.44,5.426734,8.2517,-1,9.23,7.55,6.71,1,1,-0.023837902264600808,0,0.8449387767148042,1.0,1.0,49.99999999977693,27.227759409663264,24.311096231948927,10.989908281904176,19880.517830548393,0.6582914572864297,-8.967581333574708,-42.20100784115306,9.4840917517207,7.94021546604023,178.18,-6.0,-0.08775884778349596,242.3075239821237,0.0,-0.050999999999999976,-59.70149253731344,-125390.57083042595,-129041.46648734304
000014.SZ,20201223,8.19,8.14,8.26,8.11,8.21,0.02,0.2442,18805.0,15389.429,44.44,44.17,44.82,44.01,44.55,5.426734,8.1837,-1,9.01,7.37,6.72,1,1,0.0024420024420026554,1,1.010369626843713,1.0,1.0,49.99999999977402,27.542563658222846,25.35848438410507,18.51765949552674,19929.06610363887,0.6999999999999973,-10.17473616200141,-40.97288035907133,9.448279386833873,8.31712186639086,176.94,-4.0,-0.0764825819032795,715.3716299050466,0.0,-0.04049999999999994,-59.70149253731347,-150813.45011337707,-132151.74986249077
000014.SZ,20201224,8.21,8.2,8.26,8.02,8.03,-0.18,-2.1924,19384.0,15724.381,44.55,44.5,44.82,43.52,43.58,5.426734,8.112,-1,9.03,7.39,6.57,1,1,-0.02192448233861166,0,1.0471046090942258,1.0,1.0,49.99999999976959,27.370756705338735,22.35955773403673,1.813728869617955,19492.131645824615,0.6995073891625587,-4.5949376260517365,-45.437209941982054,9.411429253297001,8.808072362911584,175.99,-4.0,-0.08293341466311521,1101.3093268266512,0.0,-0.04599999999999991,-58.93536121673009,-172034.4864918145,-137849.28366667987
000014.SZ,20201225,8.03,8.03,8.26,7.98,8.14,0.11,1.3699,16446.9,13379.87,43.58,43.58,44.82,43.31,44.17,5.426734,8.1352,-1,8.83,7.23,6.66,1,1,0.013698630136986356,1,0.877921865653224,1.0,1.0,49.99999999976462,27.800916267923142,27.96597114810749,37.481703477994735,19492.131645824615,0.7019230769230734,3.7998234182769433,-38.68967172730394,9.374309374775502,9.20556513196209,174.89,-4.0,-0.06295381906482911,961.1177044744418,0.0,-0.04399999999999986,-59.0909090909091,-94179.8723649215,-131610.79633785726
000014.SZ,20201228,8.14,8.14,8.2,8.0,8.08,-0.06,-0.7371,14161.0,11438.773,44.17,44.17,44.5,43.41,43.85,5.426734,8.0777,-1,8.95,7.33,6.62,1,1,-0.0073710073710073765,0,0.7479535263161885,1.0,1.0,49.99999999975751,21.445806310660345,26.828006500965323,51.486627604372885,19492.131645824615,0.7121951219512157,4.344020918371362,-40.28049158127331,9.337501984488197,9.658806759738882,173.91,-6.0,-0.04901002764025186,579.433037812998,0.0,-0.05099999999999989,-72.11155378486056,-91138.35414579348,-125829.01888184815
000014.SZ,20201229,8.08,8.07,8.27,8.05,8.19,0.11,1.3614,16538.19,13557.554,43.85,43.79,44.88,43.69,44.44,5.426734,8.1977,-1,8.89,7.27,6.71,1,1,0.013613861386138515,1,0.9006088188347171,1.0,1.0,49.99999999974798,18.41679630022304,32.26939736145136,100.0,19757.494824171234,0.7192118226600952,2.610314923281491,-33.591157248844006,9.301214232657474,10.01937824529612,172.78,-6.0,-0.017770608461584958,660.2481252492489,0.0,-0.052999999999999936,-71.42857142857144,-19033.1506338825,-110572.46627499592
000014.SZ,20201230,8.19,8.19,8.28,8.11,8.21,0.02,0.2442,12992.22,10658.559,44.44,44.44,44.93,44.01,44.55,5.426734,8.2038,-1,9.01,7.37,6.72,1,1,0.0024420024420026554,1,0.7286101144984228,1.0,1.0,49.99999999973832,16.6432211227976,33.24145913628405,100.0,19757.494824171234,0.686567164179101,4.649509227260326,-32.3829777163932,9.266078681664242,10.31386569280624,171.45,-4.0,0.011225076471445106,269.2033317523592,0.0,-0.04799999999999986,-77.04918032786901,52448.439528499264,-87283.7654459252
000014.SZ,20201231,8.21,8.26,8.32,8.19,8.28,0.07,0.8526,13038.39,10771.712,44.55,44.82,45.15,44.44,44.93,5.426734,8.2615,-1,9.03,7.39,6.78,1,1,0.008526187576126443,1,0.7423477568607679,1.0,1.0,49.99999999972731,20.71677352481845,36.66746816675398,100.0,19925.950931076466,0.6633663366336605,2.9742292958622807,-28.11427676908625,9.23232392966709,10.50318559642941,170.28,-2.0,0.04365061269227044,60.7755175422144,0.0,-0.04499999999999993,-70.00000000000014,123483.59919870156,-57174.14192526424
000014.SZ,20210104,8.28,8.27,8.27,8.13,8.25,-0.03,-0.3623,16433.77,13467.874,44.93,44.88,44.88,44.12,44.77,5.426734,8.1952,-1,9.11,7.45,6.75,1,1,-0.0036231884057970065,0,0.9527635384801934,1.0,1.0,49.99999999971514,21.31124982526913,35.819062080513746,94.18621137820263,19853.75545668851,0.6377551020408138,2.2954364514850925,-29.144980425494964,9.199179843350391,10.645153782779168,169.24,-2.0,0.06366309172419649,405.07361447315,0.0,-0.04149999999999991,-70.24793388429765,108115.06137086242,-33561.398597246145
000014.SZ,20210105,8.25,8.23,8.23,8.06,8.21,-0.04,-0.4848,23588.39,19185.642,44.77,44.66,44.66,43.74,44.55,5.426734,8.1335,-1,9.08,7.43,6.72,1,1,-0.004848484848484769,0,1.3961662469842244,1.0,1.0,49.999999999698886,21.13735608606021,34.66729097957059,86.29358327218227,19757.494824171234,0.617801047120417,4.53546784646513,-30.542713096870568,9.166462820408306,10.844181079894053,168.26,-2.0,0.07342476543098131,1556.6495136147078,0.0,-0.03899999999999988,-70.00000000000014,65798.14640587824,-19367.177882514094
000014.SZ,20210106,8.21,8.13,8.17,8.05,8.1,-0.11,-1.3398,21947.0,17755.798,44.55,44.12,44.34,43.69,43.96,5.426734,8.0903,-1,9.03,7.39,6.63,1,1,-0.013398294762484886,0,1.279662043743953,1.0,1.0,49.9999999996832,20.659475661667898,31.653006027750862,64.95321827332123,19757.494824171234,0.5771144278606951,7.288230723698586,-34.29471366241394,9.133095084701964,10.993550852959844,167.37,-4.0,0.06714788705776542,2027.614450737009,0.0,-0.041000000000000016,-69.87447698744785,15321.255284155486,-14411.687430132726
000014.SZ,20210107,8.1,8.09,8.1,7.76,7.8,-0.3,-3.7037,36624.98,28944.579,43.96,43.9,43.96,42.11,42.33,5.426734,7.903,-1,8.91,7.29,6.39,1,1,-0.03703703703703698,0,2.076427012841964,1.0,1.0,49.99999999967969,19.998033764945816,25.213993274251706,19.9500517817603,19025.735756609338,0.5707317073170722,8.001726325341386,-43.116145121076165,9.096984805017206,11.215253151874476,166.33,-4.0,0.026743643427625696,4125.603655529178,0.0,-0.04249999999999994,-70.24793388429767,-54366.227947190404,-20119.47893256954
000014.SZ,20210108,7.8,7.76,7.94,7.54,7.85,0.05,0.641,17679.08,13746.582,42.33,42.11,43.09,40.92,42.6,5.426734,7.7756,-1,8.58,7.02,6.43,1,1,0.0064102564102563875,1,0.9607923340650971,1.0,1.0,49.99999999968113,20.300644179713004,27.848405252887137,38.362327921059034,19025.735756609338,0.6487804878048763,16.07008728799953,-39.82276557461199,9.061251425523674,11.291254118796795,164.94,-2.0,0.011678496126634852,2832.4020642950536,0.0,-0.0355,-70.3703703703705,-72401.79831412737,-27588.381701363513
000014.SZ,20210111,7.85,7.86,7.87,7.59,7.6,-0.25,-3.1847,17163.01,13192.274,42.6,42.65,42.71,41.19,41.24,5.426734,7.6865,-1,8.64,7.07,6.22,1,1,-0.031847133757961776,0,0.9404695402269404,1.0,1.0,49.99999999969451,21.004327782476423,23.408346015361733,7.330128925931673,19025.735756609338,0.5658536585365839,8.742238380440096,-46.323784642585146,9.023901689234275,11.405887310814002,163.94,-2.0,-0.02503207252521511,1827.3013177945083,0.0,-0.03650000000000002,-67.42081447963818,-96717.83214906487,-37464.01747960656
000014.SZ,20210112,7.6,7.6,7.75,7.51,7.67,0.07,0.9211,11845.43,9067.922,41.24,41.24,42.06,40.75,41.62,5.426734,7.6552,-1,8.36,6.84,6.28,1,1,0.009210526315789558,1,0.6669102250375754,1.0,1.0,49.99999999971058,21.283528722501913,26.92168206050094,31.885329083639004,19025.735756609338,0.4928229665071755,7.86825506278191,-41.80849223261364,8.986384746060297,11.43602637111042,162.98999999999998,-2.0,-0.03248478526816245,438.45854999130097,0.0,-0.03499999999999996,-66.66666666666683,-102179.32414443255,-46709.06128886742
000014.SZ,20210113,7.67,7.7,7.72,7.45,7.5,-0.17,-2.2164,19098.88,14362.888,41.62,41.79,41.89,40.43,40.7,5.426734,7.5203,-1,8.44,6.9,6.14,1,1,-0.022164276401564487,0,1.084835257963818,1.0,1.0,49.999999999729084,21.23230300532707,24.037853183684803,11.72984313495834,18604.04409055672,0.50467289719626,13.550246280882138,-46.0633241466255,8.948208244992843,11.460128012485956,162.10999999999999,-2.0,-0.05176699646511529,485.407347433106,0.0,-0.044,-65.04854368932055,-134142.71697833273,-59199.58353021961
000014.SZ,20210114,7.5,7.5,8.1,7.42,7.86,0.36,4.8,38331.73,29573.89,40.7,40.7,43.96,40.27,42.65,5.426734,7.7153,-1,8.25,6.75,6.44,1,1,0.04800000000000004,1,2.159496004380317,1.0,1.0,49.99999999974212,29.964978025129,38.95140897035148,100.0,19497.038206903442,0.45689655172413685,24.896975667147792,-25.593263973710584,8.909651090884836,11.246457076904662,161.0,0.0,-0.00968819164122836,2957.7096508664345,0.0,-0.014500000000000046,-35.08771929824571,-44961.65810719086,-57165.594184072645
000014.SZ,20210115,7.86,7.74,7.95,7.7,7.78,-0.08,-1.0178,30433.01,23732.292,42.65,42.0,43.14,41.79,42.22,5.426734,7.7982,-1,8.65,7.07,6.37,1,1,-0.010178117048346036,0,1.6148388535098934,1.0,1.0,49.999999999749384,36.68246045484697,37.20341877078886,88.75388844126459,19497.038206903442,0.45689655172413685,22.025649105414562,-27.95507535706055,8.870896030067877,11.101286850860356,160.82,-2.0,0.01250720597222399,3350.8863281295885,0.0,-0.019500000000000073,-15.702479338843062,92777.14205316105,-35745.20329303926
000014.SZ,20210118,7.78,7.78,8.08,7.68,7.92,0.14,1.7995,31235.88,24643.351,42.22,42.22,43.85,41.68,42.98,5.426734,7.8894,-1,8.56,7.0,6.48,1,1,0.01799485861182526,1,1.6019796597652105,1.0,1.0,49.99999999975127,39.04176781955039,42.100251101374354,100.0,19847.884652786026,0.42148760330578405,25.766186886790784,-20.886602834094795,8.835072879929665,10.883453371310845,160.02,0.0,0.04912781536015176,3523.2893139922257,0.0,-0.009500000000000064,-16.6666666666667,214963.85675598297,70.37671396391306
000014.SZ,20210119,7.92,7.9,8.71,7.85,8.71,0.79,9.9747,125017.11,106647.033,42.98,42.87,47.27,42.6,47.27,5.426734,8.5306,-1,8.71,7.13,7.13,1,1,0.09974747474747492,1,6.155826922527235,1.0,1.0,49.999999999766345,55.57106664270861,60.715946558236276,100.0,21827.661025980597,0.4082278481012654,36.93686606195133,8.979715830817074,8.828582209971152,10.614949314807701,159.67,0.0,0.17572114590294108,15407.571130341526,0.0,0.03049999999999997,10.508474576271205,573694.0274020011,82016.61252654064
000014.SZ,20210120,8.71,8.64,8.64,8.23,8.43,-0.28,-3.2147,102520.05,85865.042,47.27,46.89,46.89,44.66,45.75,5.426734,8.3754,-1,9.58,7.84,6.9,1,1,-0.032146957520092,0,3.969829619386963,1.0,1.0,49.999999999782,64.86510179781651,54.07929209601786,82.21098552132439,21827.661025980597,0.39814814814814775,37.72211808338605,-0.21767177396535647,8.8096434190662,10.24250970188931,159.99,0.0,0.2151010988256733,19133.303397921492,0.0,0.02949999999999999,22.935779816513758,926799.3537738416,202699.86127615508
000014.SZ,20210121,8.43,8.3,8.43,8.25,8.29,-0.14,-1.6607,57068.06,47433.156,45.75,45.04,45.75,44.77,44.99,5.426734,8.3117,-1,9.27,7.59,6.79,1,1,-0.016607354685646558,0,1.8919135302141765,1.0,1.0,49.99999999979568,60.88416179502974,51.07325287008058,74.1535409733088,21827.661025980597,0.3839285714285712,36.630071478800666,-4.461367505417209,8.786002456379345,9.902442574696934,160.31,-2.0,0.2151317210098026,14576.637143646585,0.0,0.0254999999999999,19.64285714285714,699380.6928656332,273654.2657889377
000014.SZ,20210122,8.29,8.3,8.3,7.99,8.05,-0.24,-2.8951,46462.89,37429.946,44.99,45.04,45.04,43.36,43.69,5.426734,8.0559,-1,9.12,7.46,6.59,1,1,-0.028950542822677727,0,1.4484639225542106,1.0,1.0,49.999999999806576,58.42716500826789,46.31990901171024,61.41258795246867,21827.661025980597,0.3771929824561404,35.367660706785365,-11.270885223143885,8.754904910461187,9.503080347157915,160.35,-2.0,0.17724347827231252,9482.054110328016,0.0,0.021499999999999898,13.881019830028336,530610.0221766185,310362.2309871778
000014.SZ,20210125,8.05,7.86,7.89,7.58,7.61,-0.44,-5.4658,45202.03,34741.352,43.69,42.65,42.82,41.13,41.3,5.426734,7.6858,-1,8.86,7.25,6.23,1,1,-0.05465838509316778,0,1.3520871766318021,1.0,1.0,49.999999999815415,53.85809501505508,39.129744269825636,42.1399340233543,21827.661025980597,0.34400000000000014,33.0467712157619,-21.999693233668573,8.712379703682972,9.449847593729148,160.42000000000002,-4.0,0.09164355063736829,5488.434271126778,0.0,0.0034999999999998366,3.0769230769230305,362530.72496616165,317814.8729841755
000014.SZ,20210126,7.61,7.59,7.78,7.56,7.64,0.03,0.3942,22404.0,17195.31,41.3,41.19,42.22,41.03,41.46,5.426734,7.6751,-1,8.37,6.85,6.26,1,1,0.003942181340341522,1,0.6425181296137793,1.0,1.0,49.99999999982291,53.321355523385016,39.81571800689541,43.9786310370672,21827.661025980597,0.34677419354838734,31.461544856382396,-20.95006284372132,8.672012299785921,9.326611621394665,159.78,-2.0,0.04040588269055706,-367.184017276104,0.0,0.008999999999999852,1.7721518987341653,271822.1157241496,311244.4790898861
000014.SZ,20210127,7.64,7.61,7.86,7.56,7.75,0.11,1.4398,25027.33,19328.445,41.46,41.3,42.65,41.03,42.06,5.426734,7.7229,-1,8.4,6.88,6.35,1,1,0.014397905759162333,1,0.7093672112389585,1.0,1.0,49.99999999982767,53.791333771674026,42.379807511636095,50.851465171210975,22141.933632375607,0.3467741935483873,31.02670070994039,-17.062795812481056,8.635598431990326,9.23294121807652,159.29000000000002,-2.0,0.02351050965957896,-3837.4051749209666,0.0,0.009999999999999875,2.0202020202019995,315421.0895971947,311841.13773378736
000014.SZ,20210128,7.75,7.67,7.76,7.59,7.61,-0.14,-1.8065,17370.03,13292.24,42.06,41.62,42.11,41.19,41.3,5.426734,7.6524,-1,8.53,6.98,6.23,1,1,-0.01806451612903226,0,0.48647830699792094,1.0,1.0,49.99999999983279,51.71129797773551,40.041607616361595,44.58410983007238,22141.933632375607,0.33593750000000033,29.359099720723503,-20.48645962859663,8.596765592787035,9.292661940176313,158.94,-4.0,-0.0029365119824343866,-6934.016252202953,0.0,0.0059999999999998275,-2.0,261520.82419565518,304652.5215140542
000014.SZ,20210129,7.61,7.66,7.69,7.46,7.53,-0.08,-1.0512,19676.03,14860.75,41.3,41.57,41.73,40.48,40.86,5.426734,7.5527,-1,8.37,6.85,6.17,1,1,-0.010512483574244391,0,0.5477042476729528,1.0,1.0,49.99999999983826,49.50542427699717,38.72674526470412,40.04813426646375,21909.16691876325,0.33506493506493523,30.409456880991403,-22.412960667398696,8.557352648022162,9.509590145354398,158.44,-6.0,-0.026319112788633747,-8346.653214090118,0.0,-0.0015000000000001457,-7.160493827160479,202879.88611719577,290113.5736002173
000014.SZ,20210201,7.53,7.39,7.65,7.39,7.53,0.0,0.0,13987.44,10472.13,40.86,40.1,41.51,40.1,40.86,5.426734,7.4868,-1,8.28,6.78,6.17,1,1,0.0,0,0.3857919343944314,0.9666666666666667,1.0,49.99999999982123,49.75907521404792,38.72674526470412,40.04813426646375,21909.16691876325,0.3455497382198955,31.74841099220984,-22.4129606673987,8.519395862159996,9.744955335434868,150.16,-5.0,-0.0362844266177868,-9631.123463564576,0.0,0.006499999999999862,-7.389162561576384,162058.49223952286,271819.99054868956
000014.SZ,20210202,7.53,7.55,7.67,7.46,7.65,0.12,1.5936,16989.01,12843.704,40.86,40.97,41.62,40.48,41.51,5.426734,7.56,-1,8.28,6.78,6.26,1,1,0.015936254980079667,1,0.47016534345739386,0.9666666666666667,1.0,49.99999999982412,52.55222089329976,42.03785705944167,20.561116747446285,22258.31698918179,0.3384615384615386,30.852215682993396,-17.674318688171333,8.485313192311422,9.863697960111649,149.37,-3.0,-0.02191870782385774,-9636.804550383837,0.0,0.012499999999999867,-3.940886699507402,208602.26182958233,262788.88644596
000014.SZ,20210203,7.65,7.65,7.67,7.52,7.61,-0.04,-0.5229,12450.01,9441.158,41.51,41.51,41.62,40.81,41.3,5.426734,7.5833,-1,8.42,6.89,6.23,1,1,-0.005228758169934622,0,0.3477253432276802,0.9666666666666667,1.0,49.99999999982195,54.99350919124205,41.237906886424156,17.158887177537675,22258.31698918179,0.34464751958224565,30.279571898485212,-18.777527798934106,8.451458382106784,10.074690163470084,148.82999999999998,-3.0,-0.01342753912243927,-9781.146447966841,0.0,0.011999999999999922,-0.9852216748768683,250663.67146271875,261056.71287692554
000014.SZ,20210204,7.61,7.57,7.58,7.2,7.34,-0.27,-3.548,21857.01,16099.111,41.3,41.08,41.13,39.07,39.83,5.426734,7.3657,-1,8.37,6.85,6.01,1,1,-0.03547963206307492,0,0.6186652526184392,0.9666666666666667,1.0,49.999999999815756,56.260760623857124,36.22672771808701,0.0,21468.60009206233,0.3973684210526316,27.736749741773814,-25.838747581319804,8.412207360379032,10.352898117299464,148.34,-3.0,-0.03838906698273237,-8202.536124165581,0.0,0.014999999999999902,-1.7114914425427656,221434.2725872231,255396.36426411092
000014.SZ,20210205,7.34,7.32,7.75,7.32,7.55,0.21,2.861,24692.01,18602.891,39.83,39.72,42.06,39.72,40.97,5.426734,7.534,-1,8.07,6.61,6.18,1,1,0.028610354223433276,1,0.7138296282019366,0.9666666666666667,1.0,49.999999999804494,59.10127721076641,42.118221183066574,24.05749854021743,22082.824345377467,0.3813131313131313,24.857874679443263,-17.47715737059317,8.378325549753091,10.594727842667455,148.12,-3.0,-0.02165711871015047,-6446.890223025488,0.0,0.021999999999999888,7.920792079207928,270563.9828900633,257563.16692496126
000014.SZ,20210208,7.55,7.55,7.63,7.44,7.47,-0.08,-1.0596,12027.0,9048.247,40.97,40.97,41.41,40.37,40.54,5.426734,7.5233,-1,8.31,6.8,6.12,1,1,-0.01059602649006619,0,0.34420341571878005,0.9666666666666667,1.0,49.999999999793445,59.54401316522167,40.58022067617312,24.38581296179416,22082.824345377467,0.39841688654353563,20.27664251972915,-19.618939598062024,8.343557849334363,10.752755811091491,147.88,-3.0,-0.01663450777094516,-6635.970798774336,0.0,0.030999999999999917,6.6014669926650384,229285.974653629,253523.56802905665
000014.SZ,20210209,7.47,7.48,7.57,7.42,7.51,0.04,0.5355,10481.94,7860.39,40.54,40.59,41.08,40.27,40.75,5.426734,7.499,-1,8.22,6.72,6.15,1,1,0.0053547523427042165,1,0.30220603886774783,0.9666666666666667,1.0,49.99999999978217,59.67225543729427,41.72603879601694,37.04106531077062,22082.824345377467,0.4015957446808511,16.066619900216065,-18.00697606862889,8.311012169006432,10.979548509313178,147.79000000000002,-3.0,-0.0038602234653780654,-6599.633157095165,0.0,0.02899999999999987,8.188585607940468,190865.76499657863,244572.45331013124
000014.SZ,20210210,7.51,7.51,7.75,7.45,7.6,0.09,1.1984,15053.01,11414.672,40.75,40.75,42.06,40.43,41.24,5.426734,7.583,-1,8.26,6.76,6.22,1,1,0.011984021304926706,1,0.43484981073732826,0.9666666666666667,1.0,49.999999999768704,62.07409433846875,44.32735821371641,80.25844637059375,22347.465382805425,0.41032608695652173,15.436386723542261,-14.35710658379078,8.282015435955076,11.092546396593995,147.52,-1.0,0.019493575051439782,-5628.236467686825,0.0,0.04349999999999987,13.734939759036152,213220.95983168774,240093.66852749648
000014.SZ,20210218,7.6,7.6,7.81,7.6,7.74,0.14,1.8421,20457.66,15816.072,41.24,41.24,42.38,41.24,42.0,5.426734,7.7311,-1,8.36,6.84,6.34,1,1,0.018421052631579116,1,0.5944526689052531,0.9666666666666667,1.0,49.99999999975713,61.07840517688276,48.20092755621143,100.0,22759.129218804475,0.43641618497109824,-2.362318624297854,-8.84472877614758,8.258488024492218,11.280538710208095,147.7,-1.0,0.05459149998912649,-4002.462956086296,0.0,0.03249999999999988,8.673469387755091,271385.36980033654,244563.91156647366
000014.SZ,20210219,7.74,7.7,8.06,7.66,7.99,0.25,3.23,31614.1,25066.642,42.0,41.79,43.74,41.57,43.36,5.426734,7.9289,-1,8.51,6.97,6.54,1,1,0.03229974160206717,1,0.9431252157350342,0.9666666666666667,1.0,49.99999999975357,61.166520707414215,54.31387280227311,100.0,23494.243211659916,0.41597796143250687,3.0355427221473428,0.1980749231295024,8.245677556304582,11.314775168700447,147.41,1.0,0.10912598559275655,-1308.5104398313506,0.0,0.04499999999999989,7.969151670951163,348295.85287566937,259382.7603249302
000014.SZ,20210222,7.99,7.99,8.22,7.95,7.95,-0.04,-0.5006,39648.02,32034.005,43.36,43.36,44.61,43.14,43.14,5.426734,8.0796,-1,8.79,7.19,6.51,1,1,-0.005006257822277815,0,1.1807164045583587,0.9666666666666667,1.0,49.999999999753705,61.68107844118322,53.23143887918128,94.01545175839708,23376.624972803045,0.4277620396600566,-1.660835605719997,-1.1845894057756121,8.2317644614809,11.413232503137708,147.95,-1.0,0.135721177814412,1518.1730367562022,0.0,0.0359999999999999,11.604938271604944,468574.75579133,289267.33110584447
000014.SZ,20210223,7.95,7.92,8.02,7.85,7.9,-0.05,-0.6289,25916.0,20472.972,43.14,42.98,43.52,42.6,42.87,5.426734,7.8997,-1,8.75,7.16,6.47,1,1,-0.0062893081761006275,0,0.7622299809263094,0.9666666666666667,1.0,49.99999999975566,50.16124984165385,51.84066700071433,86.32616817055809,23376.624972803045,0.5161290322580645,-25.92247093287749,-2.946783422479535,8.216431695703362,11.499488624389612,148.12,-3.0,0.14182470900140892,1498.3071825020343,0.0,-0.005500000000000105,-9.94475138121549,373393.3505677451,301285.33388611604
000014.SZ,20210224,7.9,7.9,8.18,7.88,8.09,0.19,2.4051,42188.18,33876.178,42.87,42.87,44.39,42.76,43.9,5.426734,8.0298,-1,8.69,7.11,6.62,1,1,0.02405063291139231,1,1.452501854739658,0.9666666666666667,1.0,49.99999999976136,43.74434472721906,56.49246118450638,100.0,23938.847598731216,0.4555555555555555,-27.048456752048992,3.907742607814751,8.210175870896403,11.489671183683487,147.29,-1.0,0.16507373828337435,3521.5017076982854,0.0,0.014499999999999912,-17.05882352941181,419647.7485380962,318194.25026497035
000014.SZ,20210225,8.09,8.04,8.57,8.01,8.33,0.24,2.9666,86728.6,72691.941,43.9,43.63,46.51,43.47,45.2,5.426734,8.3815,-1,8.9,7.28,6.82,1,1,0.02966625463535233,1,3.3320516656531662,0.9666666666666667,1.0,49.99999999976927,57.92374677205249,61.54526231317209,100.0,24649.023547272067,0.4892857142857145,-10.176247535662986,11.723048994918916,8.216550688537648,11.438965804286823,146.87,1.0,0.20385601101684392,10319.18755725159,0.0,0.029500000000000037,0.5586592178770786,565054.9191923024,353460.0601117321
000014.SZ,20210226,8.33,8.2,8.2,7.94,8.0,-0.33,-3.9616,51435.42,41421.089,45.2,44.5,44.5,43.09,43.41,5.426734,8.053,-1,9.16,7.5,6.55,1,1,-0.03961584633853543,0,1.8695892625714627,0.9666666666666667,1.0,49.99999999977496,57.43325613892573,52.51432445971095,64.3307245150979,24649.023547272067,0.47404844290657433,-10.933221414182388,-0.043467004113409556,8.206243233278554,11.347410417123577,146.9,1.0,0.17712442315835197,9539.978938659493,0.0,0.03200000000000007,-2.4390243902439437,375952.9370212285,356673.3282416602
000014.SZ,20210301,8.0,7.93,8.12,7.93,8.06,0.06,0.75,22895.0,18410.443,43.41,43.03,44.07,43.03,43.74,5.426734,8.0413,-1,8.8,7.2,6.6,1,1,0.007500000000000062,1,0.8247406637294565,0.9666666666666667,1.0,49.99999999977696,59.67486291194135,53.84056026716046,69.56892581173601,24649.023547272067,0.5458167330677289,-14.236606552434134,1.9332325999677675,8.199144640176671,11.014274231083286,146.78,3.0,0.16010540609142368,4892.714252942567,0.0,0.051000000000000115,7.14285714285711,274137.00199321617,344882.42449188256
000014.SZ,20210302,8.06,8.08,8.11,7.86,7.92,-0.14,-1.737,26216.0,20865.919,43.74,43.85,44.01,42.65,42.98,5.426734,7.9592,-1,8.87,7.25,6.48,1,1,-0.017369727047146455,0,0.9839034801795015,0.9666666666666667,1.0,49.99999999977436,59.15108388786751,50.30976993596219,55.62344915731823,24220.876736277267,0.5229007633587783,-12.026439981704783,-2.784575776767655,8.186222180836474,10.722863231262117,147.32999999999998,1.0,0.12417422709657758,2120.135550266584,0.0,0.04050000000000011,8.433734939759006,170609.32619835762,319986.2675928076
000014.SZ,20210303,7.92,7.88,7.99,7.8,7.99,0.07,0.8838,20781.03,16445.567,42.98,42.76,43.36,42.33,43.36,5.426734,7.9137,-1,8.71,7.13,6.54,1,1,0.008838383838383868,1,0.774386083503599,0.9666666666666667,1.0,49.99999999976738,54.9554218147734,52.00456419913924,54.49234836149579,24220.876736277267,0.5310077519379841,-15.05765345728125,-0.3403214807687767,8.176910066807661,10.475627090153484,147.57,1.0,0.10479324379314757,-454.4864573722757,0.0,0.039000000000000146,2.3809523809523796,88805.81795360358,286960.48907292134
000014.SZ,20210304,7.99,7.94,8.02,7.9,7.93,-0.06,-0.7509,19079.0,15182.192,43.36,43.09,43.52,42.87,43.03,5.426734,7.9575,-1,8.79,7.19,6.49,1,1,-0.007509386733416834,0,0.716631280829578,0.9666666666666667,1.0,49.9999999997578,58.30330408883938,50.41724956150608,46.921103500088634,24220.876736277267,0.5479999999999995,-16.231036348402245,-2.4337005504379987,8.16543858989563,10.144796626448281,147.82999999999998,1.0,0.0799701480961568,-2292.5762171062256,0.0,0.04150000000000009,8.333333333333364,141756.9351529797,266217.1242272154
000014.SZ,20210305,7.93,7.92,8.05,7.85,8.02,0.09,1.1349,18646.85,14892.397,43.03,42.98,43.69,42.6,43.52,5.426734,7.9865,-1,8.72,7.14,6.57,1,1,0.01134930643127352,1,0.6981584056550125,0.9666666666666667,1.0,49.99999999974838,61.825071667019465,52.74708939870094,55.607882887764944,24220.876736277267,0.5458167330677286,-16.138550019548724,0.8545788469413611,8.158453757642288,9.7176353262366,147.99,3.0,0.07200034047826576,-3405.3593355527983,0.0,0.05300000000000007,10.975609756097562,188070.4086438891,255053.30771531165
000014.SZ,20210308,8.02,8.08,8.23,8.0,8.01,-0.01,-0.1247,31288.83,25360.871,43.52,43.85,44.66,43.41,43.47,5.426734,8.1054,-1,8.82,7.22,6.56,1,1,-0.0012468827930174342,0,1.1737493685796927,0.9666666666666667,1.0,49.999999999738904,65.52196015401675,52.45217152141136,47.18816681033672,24190.676141843007,0.5436507936507932,-15.86875655134941,0.4773300872525025,8.151350787542613,9.27326104373381,156.22,2.0,0.06208400170706812,-2328.718004053271,0.0,0.042500000000000024,17.994100294985245,273635.0321906505,257707.8397832172
000014.SZ,20210309,8.01,8.01,8.09,7.71,7.9,-0.11,-1.3733,26577.0,21025.676,43.47,43.47,43.9,41.84,42.87,5.426734,7.9112,-1,8.81,7.21,6.47,1,1,-0.013732833957552981,0,0.9656556222870571,0.9666666666666667,1.0,49.9999999997297,61.43233387120117,49.19387221167153,7.440945341558983,24190.676141843007,0.5458167330677288,-7.546427189883075,-3.693816502853911,8.139823818462979,8.939819285387246,156.85,0.0,0.038562411022182136,-2145.878766879115,0.0,0.03200000000000003,6.92520775623268,215507.29734474735,251679.1908634358
000014.SZ,20210310,7.9,7.96,7.96,7.71,7.73,-0.17,-2.1519,19077.0,14841.622,42.87,43.2,43.2,41.84,41.95,5.426734,7.7799,-1,8.69,7.11,6.33,1,1,-0.021518987341772156,0,0.6812816830846673,0.9666666666666667,1.0,49.999999999724935,58.59354813375185,44.5843985707857,0.0,24190.676141843007,0.5189393939393937,-3.229863765408758,-9.786275442398777,8.122218231283949,8.633635225499711,157.14000000000001,0.0,3.414734023321486e-07,-2883.820201220861,0.0,0.022500000000000055,1.6304347826087167,147173.59446680773,236749.8199496318
000014.SZ,20210311,7.73,7.71,7.85,7.63,7.84,0.11,1.423,10468.01,8144.717,41.95,41.84,42.6,41.41,42.55,5.426734,7.7806,-1,8.5,6.96,6.42,1,1,0.014230271668822736,1,0.3694637447811267,0.9666666666666667,1.0,49.99999999971244,59.64986040711225,47.98089858087291,20.02551321486722,24190.676141843007,0.504032258064516,-8.868680078380617,-5.251188619745313,8.109484973205857,7.993723470513483,157.16,2.0,-0.010229430478617107,-4295.178505023112,0.0,0.04050000000000007,7.780979827089311,107012.73692746126,218215.9509464646
000014.SZ,20210312,7.84,7.86,8.05,7.71,7.86,0.02,0.2551,17256.0,13605.768,42.55,42.65,43.69,41.84,42.65,5.426734,7.8847,-1,8.62,7.06,6.44,1,1,0.0025510204081633514,1,0.621534730468201,0.9666666666666667,0.0,49.99999999970021,59.185859076735376,48.59778245615339,23.66261498427088,24252.387050368117,0.5021834061135371,-11.011237692806734,-4.425610296225158,8.098130509370423,7.524817488272283,157.55,2.0,-0.013628670181101726,-4079.6475543733104,0.0,0.02900000000000009,8.571428571428584,135058.37809844402,206336.29768246168
000014.SZ,20210315,7.86,7.82,8.14,7.8,8.08,0.22,2.799,36212.38,29089.775,42.65,42.44,44.17,42.33,43.85,5.426734,8.0331,-1,8.65,7.07,6.62,1,1,0.027989821882951516,1,1.3220186054314014,0.9666666666666667,1.0,49.99999999968878,62.94139584028228,54.92935662468072,60.99310867077038,24931.20704414432,0.4732510288065844,-4.473923096305841,4.269051879787566,8.09723029459797,6.851228206837368,157.72,4.0,0.012989657186408522,-1293.2976392477458,0.0,0.04600000000000008,14.697406340057647,227794.26509892088,209401.7215990987
000014.SZ,20210316,8.08,8.08,8.31,8.0,8.28,0.2,2.4752,45887.2,37662.728,43.85,43.85,45.1,43.41,44.93,5.426734,8.2077,-1,8.89,7.27,6.78,1,1,0.024752475247524774,1,1.6043913707007775,0.9666666666666667,1.0,49.999999999687006,66.81750396548506,59.77964679947062,89.59006132872189,25548.316129395418,0.4324324324324325,1.5130228576685458,11.333661592064075,8.10692001866012,6.12100378619532,158.29999999999998,4.0,0.05444472474220488,1776.619466355761,0.0,0.05450000000000008,21.329639889196663,361352.5946107977,231108.98917219855
000014.SZ,20210317,8.28,8.2,8.62,8.15,8.35,0.07,0.8454,71089.37,59946.419,44.93,44.5,46.78,44.23,45.31,5.426734,8.4325,-1,9.11,7.45,6.84,1,1,0.008454106280193274,1,2.340678637203268,0.9666666666666667,1.0,49.99999999969339,69.79799501971635,61.34749612709767,100.0,25764.304309233303,0.39688715953307374,6.771650512674116,13.680531468976229,8.120078809835446,5.417217520653837,159.0,4.0,0.08630934733675188,6841.129995289636,0.0,0.05750000000000011,24.064171122994622,555202.609700697,277408.0778191269
000014.SZ,20210318,8.35,8.2,8.33,8.13,8.14,-0.21,-2.515,36421.0,29837.435,45.31,44.5,45.2,44.12,44.17,5.426734,8.1924,-1,9.19,7.52,6.66,1,1,-0.025149700598802283,0,1.0979082212212263,0.9666666666666667,1.0,49.999999999699426,65.13616147862005,54.485572211440804,59.06529868596344,25764.304309233303,0.3749999999999999,5.987539833149002,4.91151203936087,8.121074029922012,4.843684449479358,159.75,2.0,0.07455786045812732,5233.134721955889,0.0,0.04750000000000014,11.855670103092798,401384.81707754615,295119.04057032964
000014.SZ,20210319,8.14,8.06,8.22,8.05,8.11,-0.03,-0.3686,20645.01,16768.605,44.17,43.74,44.61,43.69,44.01,5.426734,8.1224,-1,8.95,7.33,6.64,1,1,-0.0036855036855037993,0,0.6077200663461024,0.9666666666666667,1.0,49.999999999705025,61.50743406599948,53.5638344937588,53.56668654351405,25764.304309233303,0.40909090909090884,-2.3329600006697224,3.7085337598627937,8.120527138776286,4.523019934674332,160.31,0.0,0.058889100035631886,1926.6435875192872,0.0,0.03550000000000009,2.6737967914438627,299640.78073564137,295765.0034510885
000014.SZ,20210322,8.11,8.09,8.25,8.07,8.23,0.12,1.4797,25472.01,20774.073,44.01,43.9,44.77,43.79,44.66,5.426734,8.1556,-1,8.92,7.3,6.74,1,1,0.014796547472256671,1,0.7621148979311874,1.0,1.0,49.99999999971142,60.706452603464186,56.71795505409945,72.38254411246913,26145.52706103454,0.3959999999999996,-5.406404682874957,8.143408439265462,8.126164647511683,4.093185639329472,160.16,2.0,0.0605975297330658,354.17805012254075,0.0,0.044500000000000116,-4.5977011494252835,330120.848039794,300672.98124947504
000014.SZ,20210323,8.23,8.22,8.33,8.1,8.33,0.1,1.2151,27612.0,22668.813,44.66,44.61,45.2,43.96,45.2,5.426734,8.2098,-1,9.05,7.41,6.82,1,1,0.012150668286755817,1,0.8440424479499132,1.0,1.0,49.99999999971838,64.72949773891696,59.204723010263585,87.21732001119777,26463.212687535568,0.3882352941176467,-2.7779616325539678,11.710369751475634,8.13700775350925,3.8445643109062515,160.24,4.0,0.07041726625717781,-392.7672399899541,0.0,0.051000000000000066,3.571428571428598,375546.0886549746,311369.1394502607
000014.SZ,20210324,8.33,8.3,8.3,8.14,8.17,-0.16,-1.9208,18112.0,14839.406,45.2,45.04,45.04,44.17,44.34,5.426734,8.1931,-1,9.16,7.5,6.69,1,1,-0.019207683073229287,0,0.552215417551398,1.0,1.0,49.999999999718284,60.52252047469618,53.871483452608594,55.401961663856916,26463.212687535568,0.3928571428571424,-7.886803488720011,4.852885240106863,8.138655054573588,3.836926593904009,160.69,2.0,0.05146056556425317,-2067.915067046614,0.0,0.03500000000000005,4.973799150320701e-14,298891.6279512923,309586.63780755096
000014.SZ,20210325,8.17,8.18,8.23,8.11,8.16,-0.01,-0.1224,13264.0,10852.027,44.34,44.39,44.66,44.01,44.28,5.426734,8.1816,-1,8.99,7.35,6.68,1,1,-0.001223990208078285,0,0.4198134542584297,1.0,1.0,49.999999999712884,52.78504741289199,53.546820207790404,53.465188082914885,26463.212687535568,0.43231441048034885,-24.967176513524834,4.4311326615388325,8.13971651972953,3.8705153555761957,160.91000000000003,0.0,0.03448910319768672,-3638.555503950101,0.0,0.019500000000000028,-15.753424657534225,230895.991183515,298345.11686126015
000014.SZ,20210326,8.16,8.15,8.2,8.1,8.16,0.0,0.0,12021.0,9805.756,44.28,44.23,44.5,43.96,44.28,5.426734,8.1572,-1,8.98,7.34,6.68,1,1,0.0,0,0.43052450624030414,0.9666666666666667,1.0,49.99999999968266,56.74956069576316,53.546820207790404,53.465188082914885,26463.212687535568,0.5051020408163259,-30.639430360370664,4.43113266153884,8.14072519916713,3.801981707995871,152.58,1.0,0.020849367488623538,-4592.938806164471,0.0,0.02999999999999998,-4.651162790697647,169001.60017814726,279867.47162081546
000014.SZ,20210329,8.16,8.16,8.18,8.07,8.17,0.01,0.1225,15407.73,12505.182,44.28,44.28,44.39,43.79,44.34,5.426734,8.1162,-1,8.98,7.34,6.69,1,1,0.001225490196078427,1,0.5937231519614372,0.9666666666666667,1.0,49.999999999667736,57.55119271388258,53.86924919554349,55.3886332377853,26495.64309524088,0.5183246073298425,-32.68445846675129,4.85518093087096,8.142186920375723,3.763258484846879,152.72,1.0,0.011241744337130544,-4509.648383486299,0.0,0.02399999999999993,-2.7667984189722716,99511.49922457601,254102.332707067
000014.SZ,20210330,8.17,8.14,8.16,8.02,8.07,-0.1,-1.224,15875.8,12806.023,44.34,44.17,44.28,43.52,43.79,5.426734,8.0664,-1,8.99,7.35,6.61,1,1,-0.012239902080783294,0,0.6207140874588409,0.9666666666666667,1.0,49.99999999965448,58.68954742876971,50.12264916197998,16.02315453652587,26171.33901818775,0.5294117647058822,-35.6202090931382,0.1763180677551801,8.138743387091965,3.676010666775889,152.78,1.0,-0.009400489546033064,-4142.576119195965,0.0,0.028499999999999925,-1.9920318725099477,35110.879883867965,222817.83944661
000014.SZ,20210331,8.07,8.07,8.1,7.98,8.07,0.0,0.0,8780.0,7056.272,43.79,43.79,43.96,43.31,43.79,5.426734,8.0368,-1,8.88,7.26,6.61,1,1,0.0,0,0.35036387762787374,0.9333333333333333,0.0,49.99999999961811,60.07893944619393,50.12264916197998,11.960007457278476,26171.33901818775,0.5499999999999999,-36.91819384760798,0.1763180677551775,8.13546412070607,3.6389967027004877,144.98,0.0,-0.023091945269312714,-4572.852685711634,0.0,0.02299999999999991,0.4081632653060794,429.24542969641334,191048.04030133667
000014.SZ,20210401,8.07,8.03,8.09,7.91,7.97,-0.1,-1.2392,13526.0,10790.133,43.79,43.58,43.9,42.93,43.25,5.426734,7.9773,-1,8.88,7.26,6.53,1,1,-0.01239157372986377,0,0.5529932928814747,0.9333333333333333,1.0,49.99999999960872,56.88522259635369,46.3814558185407,0.0,25847.034941134618,0.5380434782608695,-30.838341376077665,-4.54332871667821,8.127942856811107,3.622831568260271,145.04999999999998,0.0,-0.04441996071709735,-3958.4817644918767,0.0,0.020499999999999963,-6.611570247933962,-47056.063418571575,157033.1683413498
000014.SZ,20210402,7.97,7.97,8.06,7.9,8.03,0.06,0.7528,8290.0,6625.448,43.25,43.25,43.74,42.87,43.58,5.426734,7.9921,-1,8.77,7.17,6.57,1,1,0.007528230865746499,1,0.3428175454516,0.9333333333333333,1.0,49.99999999960166,55.96180315578555,48.8484648638802,16.48404651114675,25847.034941134618,0.5469613259668509,-30.380832119666362,-1.5224440713202119,8.123349917211378,3.628605022251697,145.1,0.0,-0.0488934795454504,-3986.5860348306796,0.0,0.01849999999999996,-5.833333333333357,-22350.206197183405,131406.9719787022
000014.SZ,20210406,8.03,8.04,8.09,8.0,8.05,0.02,0.2491,8210.0,6607.922,43.58,43.63,43.9,43.41,43.69,5.426734,8.0486,-1,8.83,7.23,6.59,1,1,0.0024906600249068322,1,0.3469387849967104,0.9333333333333333,1.0,49.99999999959427,53.71466813912558,49.67958417568078,22.037414634346163,25847.034941134618,0.5439560439560435,-36.195917730984036,-0.5034447261771203,8.119874648596067,3.6158429148322675,144.87,2.0,-0.047562392144873206,-3748.734050869727,0.0,0.022500000000000055,-9.48275862068968,9169.587254237762,113944.48844663586
000014.SZ,20210407,8.05,8.07,8.27,8.01,8.16,0.11,1.3665,24588.01,20029.802,43.69,43.79,44.88,43.47,44.28,5.426734,8.1462,-1,8.86,7.25,6.68,1,1,0.013664596273291751,1,1.0923064549185766,0.9333333333333333,1.0,49.999999999577554,59.34430511774167,54.09723068633342,60.17011696342932,26200.224238466886,0.5439560439560435,-37.48220327510724,5.016071957313273,8.121881223258137,3.4642254187813233,144.79,4.0,-0.031067284015208765,-1247.486811405187,0.0,0.032500000000000015,11.312217194570096,75656.73332226068,108474.8091431537
000014.SZ,20210408,8.16,8.12,8.19,8.01,8.01,-0.15,-1.8382,14442.0,11669.89,44.28,44.07,44.44,43.47,43.47,5.426734,8.0805,-1,8.98,7.34,6.56,1,1,-0.018382352941176516,0,0.6444235675363663,0.9333333333333333,1.0,49.99999999956147,59.873354958068845,47.91933236292825,11.992860488629715,26200.224238466886,0.5499999999999994,-37.60873393703329,-2.657499959418828,8.116695128982164,3.1993411178833275,145.01999999999998,4.0,-0.039046738854137356,-841.2654965737838,0.0,0.03850000000000002,13.888888888888843,33707.62304962347,97793.78255836367
000014.SZ,20210409,8.01,8.01,8.06,7.97,7.98,-0.03,-0.3745,14164.01,11328.356,43.47,43.47,43.74,43.25,43.31,5.426734,7.998,-1,8.81,7.21,6.53,1,1,-0.0037453183520598232,0,0.6386232619576305,0.9333333333333333,1.0,49.99999999954646,59.34862510481466,46.768960840181215,3.0218899430765944,26200.224238466886,0.5290697674418599,-42.66793549694121,-4.132257712364275,8.110454817840623,3.080167018044227,145.45,2.0,-0.04654284467018607,-508.0352564287905,0.0,0.030500000000000062,12.844036697247724,-18321.57846769769,81205.87384035492
000014.SZ,20210412,7.98,8.04,8.04,7.9,7.92,-0.06,-0.7519,11072.0,8799.536,43.31,43.63,43.63,42.87,42.98,5.426734,7.9476,-1,8.78,7.18,6.48,1,1,-0.007518796992481258,0,0.4950863396235055,0.9333333333333333,1.0,49.99999999953411,56.364502414852126,44.46960938866752,0.0,26200.224238466886,0.4659090909090904,-50.21094027075714,-7.095461450705989,8.102029047856826,3.0367164049471245,145.77999999999997,0.0,-0.057066017700521755,-596.0333372084024,0.0,0.024500000000000098,0.48780487804877026,-52729.63236789865,62072.2300963187
000014.SZ,20210413,7.92,7.9,7.9,7.81,7.84,-0.08,-1.0101,12120.0,9504.563,42.98,42.87,42.87,42.38,42.55,5.426734,7.842,-1,8.71,7.13,6.42,1,1,-0.010101010101010055,0,0.5495458176117284,0.9333333333333333,1.0,49.999999999526395,51.07756482366986,41.53730296872949,0.0,25935.575508785405,0.49999999999999944,-61.766223407962535,-10.9582235403122,8.09091879456863,3.261370546384165,145.9,-2.0,-0.07135749725286827,-413.66615088630533,0.0,0.008500000000000086,-10.476190476190439,-92160.78634765762,40038.94203289352
000014.SZ,20210414,7.84,7.8,7.87,7.75,7.86,0.02,0.2551,7466.03,5836.592,42.55,42.33,42.71,42.06,42.65,5.426734,7.8175,-1,8.62,7.06,6.44,1,1,0.0025510204081633514,1,0.35808371211508977,0.9333333333333333,1.0,49.999999999522956,44.155889577624556,42.55708463937917,8.119327543743406,25935.575508785405,0.6041666666666652,-68.48926008987499,-9.757312335152625,8.08099558854282,3.512883323088949,145.65,-2.0,-0.07433552442138533,-798.2292225278579,0.0,0.0015000000000001457,-24.489795918367335,-109665.14235421352,18652.644263306807
000014.SZ,20210415,7.86,7.85,7.92,7.81,7.86,0.0,0.0,11049.02,8683.188,42.65,42.6,42.98,42.38,42.65,5.426734,7.8588,-1,8.65,7.07,6.44,1,1,0.0,0,0.58371172522268,0.9,1.0,49.99999999947274,33.15755640146213,42.55708463937918,8.119327543743463,25935.575508785405,0.4233576642335761,-85.54020544307991,-9.757312335152623,8.071498809556067,3.7325731592929587,137.5,-3.0,-0.0724496665646053,-464.8273507385802,0.0,-0.005499999999999838,-42.69005847953211,-73016.12026422791,5557.106473658992
000014.SZ,20210416,7.86,7.86,7.98,7.82,7.98,0.12,1.5267,14118.0,11192.29,42.65,42.65,43.31,42.44,43.31,5.426734,7.9277,-1,8.65,7.07,6.53,1,1,0.01526717557251911,1,0.8864259110117041,0.9,1.0,49.999999999475904,40.41696716130773,48.774822959663375,57.62389843048072,26331.53849365236,0.453124999999999,-79.7416138283389,-2.3899382368872994,8.067245855055106,3.8076967700902116,136.97,-1.0,-0.05213271282676166,236.55716206053876,0.0,0.003500000000000103,-25.675675675675592,-28569.44132805025,681.8853591291013
000014.SZ,20210419,7.98,7.96,8.05,7.91,8.0,0.02,0.2506,18502.01,14775.382,43.31,43.2,43.69,42.93,43.41,5.426734,7.9858,-1,8.78,7.18,6.55,1,1,0.0025062656641603454,1,1.249145694044808,0.9,1.0,49.99999999947789,46.980620750682505,49.75106225633944,65.39654902709022,26397.532324463515,0.45669291338582635,-74.79799589504907,-1.1982099877544552,8.064082040364465,3.856189343135603,136.66,1.0,-0.03397326531307969,1299.1234533696597,0.0,0.003000000000000158,-12.328767123287605,34564.85821339443,5522.310052595577
000014.SZ,20210420,8.0,8.01,8.15,7.97,8.12,0.12,1.5,26706.0,21511.898,43.41,43.47,44.23,43.25,44.07,5.426734,8.0551,-1,8.8,7.2,6.65,1,1,0.014999999999999902,1,1.816168716402052,0.9,1.0,49.999999999484125,47.14397420261333,55.26041638751016,100.0,26793.495309330465,0.45669291338582696,-66.755738541015,5.731487147742528,8.06689741609329,3.8839031782155704,136.56,1.0,-0.005277084441328961,3016.9734391215625,0.0,0.0015000000000001013,-7.189542483660034,118984.04142954623,21731.128820731385
000014.SZ,20210421,8.12,8.11,8.3,8.08,8.26,0.14,1.7241,52916.74,43583.059,44.07,44.01,45.04,43.85,44.82,5.426734,8.2362,-1,8.93,7.31,6.76,1,1,0.017241379310344973,1,3.583620126950724,0.9,1.0,49.99999999950018,51.36520285322913,60.67729015819731,100.0,27255.45212500858,0.4198473282442752,-58.865914575238136,13.043961469110082,8.077292216595547,3.8835338782203173,136.54,1.0,0.031083749644920333,7346.911157888511,0.0,0.0035000000000001475,-2.4999999999998934,283193.7744628658,59082.9353410363
000014.SZ,20210422,8.26,8.26,8.32,8.17,8.25,-0.01,-0.1211,26600.0,21961.8,44.82,44.82,45.15,44.34,44.77,5.426734,8.2563,-1,9.09,7.43,6.75,1,1,-0.001210653753026647,0,1.6592315730560132,0.9,1.0,49.999999999525,58.246671410071606,60.11738622881698,97.0746901560706,27255.45212500858,0.4913793103448278,-54.312240305858786,12.388468841191797,8.08653524675449,3.8535981306599862,136.53,1.0,0.051126399572438606,6365.965156745735,0.0,0.009500000000000198,0.6060606060606446,356941.58221232763,101634.17060836364
000014.SZ,20210423,8.25,8.27,8.47,8.22,8.45,0.2,2.4242,53338.04,44624.186,44.77,44.88,45.96,44.61,45.86,5.426734,8.3663,-1,9.08,7.43,6.92,1,1,0.024242424242424176,1,3.2412680727160916,0.9,1.0,49.999999999565404,66.57617985555034,66.729767069485,100.0,27916.190358342123,0.533333333333334,-39.59331980129911,21.920077581965145,8.107636985284968,3.819860615504555,136.51999999999998,3.0,0.0865773503739031,8864.837844820886,0.0,0.019500000000000163,13.294797687861369,510720.02023239026,160075.0062689389
000014.SZ,20210426,8.45,8.41,8.74,8.34,8.44,-0.01,-0.1183,60485.02,51416.76,45.86,45.64,47.43,45.26,45.8,5.426734,8.5007,-1,9.3,7.61,6.91,1,1,-0.0011834319526626835,0,3.2766125000572193,0.9,1.0,49.99999999960441,73.52372426543309,66.13930964037318,97.65621406961094,27883.153446675446,0.7279411764705886,-17.054824424128647,21.225937874811084,8.126823184415315,3.7859149418248728,145.26,2.0,0.10282678213611599,10893.082316062713,0.0,0.02050000000000014,26.903553299492543,663153.229567186,231943.3238829742
000014.SZ,20210427,8.44,8.41,8.44,7.91,7.93,-0.51,-6.0427,77792.18,63177.258,45.8,45.64,45.8,42.93,43.03,5.426734,8.1213,-1,9.28,7.6,6.49,1,1,-0.06042654028436012,0,3.725175916730213,0.9,1.0,49.999999999631584,64.06421149801312,44.5087002782783,11.794786320484205,26198.270951674916,0.5322580645161293,4.480224720273617,-7.152497880478949,8.118121022019043,3.999286611269505,145.63,0.0,0.04213722484200827,13791.99257697111,0.0,-0.00399999999999987,5.48523206751063,457708.0133022452,264195.4223714415
000014.SZ,20210428,7.93,7.86,7.96,7.6,7.77,-0.16,-2.0177,57409.76,44433.385,43.03,42.65,43.2,41.24,42.17,5.426734,7.7397,-1,8.72,7.14,6.36,1,1,-0.020176544766708715,0,2.391869725422957,0.9,1.0,49.99999999965607,59.253890438515846,40.080045820942104,0.0,26198.270951674916,0.5937500000000003,12.620981272791845,-13.815191210148416,8.10383400120074,4.320884912459248,145.42000000000002,0.0,-0.019018427945127453,12242.696988490205,0.0,-0.004999999999999893,-10.714285714285637,236003.20970686793,260167.96341935958
000014.SZ,20210429,7.77,7.74,7.87,7.69,7.78,0.01,0.1287,13779.76,10710.6,42.17,42.0,42.71,41.73,42.22,5.426734,7.7727,-1,8.55,6.99,6.37,1,1,0.0012870012870014325,1,0.5283905384849675,0.9,1.0,49.99999999967763,61.25611750746458,40.47867052286554,1.4957931387189782,26198.270951674916,0.5906735751295338,14.145305805007522,-13.280392002796551,8.090461259467267,4.609909429615949,153.11,1.0,-0.0555189874411725,4991.452711609349,0.0,-0.0029999999999998916,-5.3003533568903265,250700.91829299275,258815.52840130718
000014.SZ,20210430,7.78,7.78,7.83,7.61,7.65,-0.13,-1.671,20777.0,15945.336,42.22,42.22,42.49,41.3,41.51,5.426734,7.6745,-1,8.56,7.0,6.26,1,1,-0.016709511568123392,0,0.7891379792773134,0.9,1.0,49.9999999997013,60.521916711888956,37.02983453211399,0.0,25760.510640143075,0.5816326530612248,14.510318052624612,-18.519574854704718,8.073371273428494,4.969644557043768,152.85,1.0,-0.09239519933402741,996.9075033248482,0.0,-0.006499999999999906,-5.633802816901266,184111.52902104956,248143.52848984185
000014.SZ,20210506,7.65,7.78,7.85,7.63,7.65,0.0,0.0,20202.01,15581.275,41.51,42.22,42.6,41.41,41.51,5.426734,7.7127,-1,8.42,6.89,6.26,1,1,0.0,0,0.7568768060908584,0.8666666666666667,1.0,49.99999999966987,61.32195565860314,37.02983453211399,0.0,25760.510640143075,0.6000000000000002,15.669970941156985,-18.519574854704725,8.056944382307895,5.333353833808027,144.95,0.0,-0.11077057096762755,-1715.7573718514504,0.0,-0.015999999999999882,-3.8869257950529033,206553.75565459323,242202.13237052062
000014.SZ,20210507,7.65,7.65,7.73,7.54,7.72,0.07,0.915,16533.01,12615.092,41.51,41.51,41.95,40.92,41.89,5.426734,7.6302,-1,8.42,6.89,6.32,1,1,0.009150326797385588,1,0.6058959581655352,0.8666666666666667,1.0,49.99999999970247,59.014951122931734,40.21103746284896,10.711145308940027,25760.510640143075,0.615384615384616,18.619952884481684,-14.396085380891208,8.043209259386717,5.615239034798941,144.49,0.0,-0.10739976553037857,-3873.7565351060102,0.0,-0.012999999999999989,-11.57894736842092,145226.13963117707,228348.41912204298
000014.SZ,20210510,7.72,7.72,7.73,7.64,7.67,-0.05,-0.6477,9496.01,7286.079,41.89,41.89,41.95,41.46,41.62,5.426734,7.6728,-1,8.49,6.95,6.28,1,1,-0.006476683937823857,0,0.34277875019447335,0.8666666666666667,1.0,49.99999999972674,57.81421502067494,38.706853160774365,5.64654019516781,25760.510640143075,0.6349206349206354,10.29692209344142,-16.57832320678605,8.028383667856815,5.9609043790998895,144.21,-2.0,-0.10564703431544933,-5992.022802478092,0.0,-0.019999999999999973,-14.801444043321176,154807.8023515335,217842.61672625592
000014.SZ,20210511,7.67,7.71,7.76,7.65,7.75,0.08,1.043,16371.01,12634.663,41.62,41.84,42.11,41.51,42.06,5.426734,7.7177,-1,8.44,6.9,6.35,1,1,0.010430247718383301,1,0.6074940172767022,0.8666666666666667,1.0,49.99999999974348,60.58391084614489,42.41831347153687,18.143067943479778,26029.199147471816,0.65934065934066,6.4969108566198575,-11.779158370211888,8.016688790964285,6.175324505046569,143.67000000000002,0.0,-0.08816697818830613,-6185.022532369339,0.0,-0.0125,-11.02941176470577,185959.75038362143,213287.92153445102
000014.SZ,20210512,7.75,7.81,7.85,7.72,7.81,0.06,0.7742,13229.0,10302.814,42.06,42.38,42.6,41.89,42.38,5.426734,7.7881,-1,8.53,6.98,6.39,1,1,0.00774193548387081,1,0.48914987810724475,0.8666666666666667,0.0,49.99999999974837,63.098334672826624,45.10319966020756,27.183109314928462,26029.199147471816,0.6486486486486491,8.023957798388558,-8.260669127361213,8.007659509353838,6.326225618491167,143.33,2.0,-0.0640974290967801,-6425.6125662444065,0.0,-0.011000000000000032,-2.9850746268655755,206052.53048922587,212254.29424227602
000014.SZ,20210513,7.81,7.8,8.0,7.75,7.9,0.09,1.1524,20586.01,16202.676,42.38,42.33,43.41,42.06,42.87,5.426734,7.8707,-1,8.59,7.03,6.47,1,1,0.011523687580025754,1,0.7624976248354979,0.9,1.0,49.99999999973553,65.70931012101197,48.948464455216794,40.130158235564195,26329.151506405553,0.638297872340426,12.267320852102047,-3.134791419759659,8.002693575625644,6.388539186143854,143.04000000000002,4.0,-0.03318432817574461,-5328.728025191105,0.0,-4.4408920985006264e-17,5.072463768116037,240959.28783100448,216355.0076120944
000014.SZ,20210514,7.9,7.9,7.97,7.84,7.95,0.05,0.6329,23059.02,18195.398,42.87,42.87,43.25,42.55,43.14,5.426734,7.8908,-1,8.69,7.11,6.51,1,1,0.006329113924050667,1,0.8393085194290618,0.9,1.0,49.9999999997233,68.48454477863248,51.0018526331367,47.04393884882369,26495.791705813182,0.6486486486486491,13.44193855958709,-0.35606962546249177,8.000193292301441,6.379562710974949,142.96,6.0,-0.004632116690362342,-4062.2665230295142,0.0,0.005499999999999972,13.65313653136537,297172.89725347736,227900.42041800625
000014.SZ,20210517,7.95,7.85,7.9,7.74,7.77,-0.18,-2.2642,14190.0,11049.624,43.14,42.6,42.87,42.0,42.17,5.426734,7.7869,-1,8.75,7.16,6.36,1,1,-0.02264150943396237,0,0.5064098586971959,0.9,1.0,49.999999999711235,67.69940803118416,44.121650711500735,23.87822319280763,26495.791705813182,0.5970149253731347,14.360763487267562,-9.5870804774078,7.990282602962636,6.497305321222272,143.16,4.0,-0.00840198689678226,-4194.292459550323,0.0,-0.0015000000000000568,12.00000000000005,235863.60151184618,229038.01771712626
000014.SZ,20210518,7.77,7.76,7.84,7.63,7.75,-0.02,-0.2574,17714.07,13658.945,42.17,42.11,42.55,41.41,42.06,5.426734,7.7108,-1,8.55,6.99,6.35,1,1,-0.002574002574002532,0,0.6246811190754444,0.9333333333333333,1.0,49.999999999699355,65.07818317107944,43.420752817689376,21.9547699221897,26427.591469762185,0.5911330049261089,17.799605971289072,-10.556211472008728,7.98004841899771,6.637354570645905,151.0,3.0,-0.011792286649873113,-3604.5864681808353,0.0,-0.00250000000000008,5.714285714285765,162870.29600043804,219585.48604331366
000014.SZ,20210519,7.75,7.71,7.76,7.65,7.75,0.0,0.0,12705.45,9786.59,42.06,41.84,42.11,41.51,42.06,5.426734,7.7027,-1,8.53,6.98,6.35,1,1,0.0,0,0.44284932162888535,0.9,1.0,49.99999999966769,62.8399254402621,43.420752817689376,45.74083886355395,26427.591469762185,0.6282722513089012,14.226949787523434,-10.556211472008728,7.970250132264363,6.826640614534851,143.18,2.0,-0.012187370321740082,-3674.283351258041,0.0,-0.006500000000000084,0.7092198581560467,95572.97451767197,201869.412968222
000014.SZ,20210520,7.75,7.74,7.74,7.63,7.67,-0.08,-1.0323,11710.84,8984.774,42.06,42.0,42.0,41.41,41.62,5.426734,7.6722,-1,8.53,6.98,6.28,1,1,-0.010322580645161339,0,0.4091894350044314,0.9,1.0,49.999999999654705,60.38558844934395,40.440527034759754,24.410879502053557,26427.591469762185,0.609137055837564,11.788500259694924,-14.612769550018411,7.958041785961365,7.076628396987038,143.02,0.0,-0.020867448370559094,-3632.9236390322394,0.0,-0.012000000000000099,-3.2727272727272663,36303.52762683929,178217.14363373874
000014.SZ,20210521,7.67,7.7,7.73,7.64,7.72,0.05,0.6519,6503.0,5007.893,41.62,41.79,41.95,41.46,41.89,5.426734,7.7009,-1,8.44,6.9,6.32,1,1,0.006518904823989535,1,0.2299501169490651,0.9,1.0,49.999999999642,58.88469908508799,43.070515077425085,43.23413054316711,26427.591469762185,0.6315789473684214,6.148261886479711,-11.292080683899389,7.9479864566552125,7.313860632880769,142.69,0.0,-0.017645222624893875,-4053.600772467604,0.0,-0.01650000000000009,-7.518796992481185,40192.62772726751,158499.3556471
000014.SZ,20210524,7.72,7.75,7.83,7.69,7.78,0.06,0.7772,8178.01,6346.061,41.89,42.06,42.49,41.73,42.22,5.426734,7.7599,-1,8.49,6.95,6.37,1,1,0.007772020725388629,1,0.29989149390427644,0.9,1.0,49.999999999627704,55.073247170679934,46.14381164215845,65.23021258738093,26632.98725838728,0.6593406593406597,1.0962297290121314,-7.362855897055547,7.940576082563541,7.525689650489771,142.3,0.0,-0.0058152075368734235,-3854.0872682171303,0.0,-0.022500000000000096,-9.578544061302686,48934.84020494594,142847.28201250656
000014.SZ,20210525,7.78,7.74,7.83,7.74,7.82,0.04,0.5141,14499.0,11287.181,42.22,42.0,42.49,42.0,42.44,5.426734,7.7848,-1,8.56,7.0,6.4,1,1,0.005141388174807249,1,0.5791963874827428,0.9,1.0,49.999999999613635,53.847538197765466,48.15328336317513,79.61232765828534,26769.917784137342,0.6486486486486489,-2.540719927159316,-4.767165193803797,7.935108081538612,7.708085775600071,141.72,2.0,0.008250401692823817,-2674.533690954546,0.0,-0.018000000000000106,-11.284046692607014,85299.24202630552,134626.13344304927
000014.SZ,20210526,7.82,7.84,7.88,7.77,7.84,0.02,0.2558,12159.1,9529.622,42.44,42.55,42.76,42.17,42.55,5.426734,7.8374,-1,8.6,7.04,6.42,1,1,0.002557544757033181,1,0.4977544128826413,0.9,0.0,49.99999999960035,49.268079404678204,49.17441875149913,85.13677136997512,26769.917784137342,0.7185628742514971,-10.972907157125931,-3.450791774603675,7.930735410125093,7.870291210825911,141.27,2.0,0.02040838465467984,-2041.8838595785883,0.0,-0.02700000000000009,-15.78947368421057,110549.59972156305,131186.6286256941
000014.SZ,20210527,7.84,7.86,7.92,7.79,7.9,0.06,0.7653,15045.67,11833.78,42.55,42.65,42.98,42.27,42.87,5.426734,7.8652,-1,8.62,7.06,6.47,1,1,0.007653061224489832,1,0.6726136566992399,0.9,1.0,49.999999999587516,42.886538525545234,52.21501964454374,100.0,26974.789603913905,0.5232558139534879,-26.93448404131749,0.49729288991606746,7.929264540832982,7.8715031084461415,140.32,4.0,0.03579226114033281,-1113.4511732302972,0.0,-0.026500000000000058,-27.67857142857146,143755.97811317537,132982.24998104858
000014.SZ,20210528,7.9,7.84,8.05,7.84,7.97,0.07,0.8861,20754.0,16522.057,42.87,42.55,43.69,42.55,43.25,5.426734,7.9609,-1,8.69,7.11,6.53,1,1,0.008860759493670711,1,1.032691677718692,0.9,1.0,49.999999999576616,56.45647935485701,55.555626202086216,100.0,27213.806726986557,0.39843750000000044,-42.808014965060984,4.951996574922373,7.9313003826286845,7.7502948371024525,139.72,6.0,0.05358639243791684,314.3965433279345,0.0,0.003999999999999959,-3.092783505154621,189403.20999857667,141042.38712640974
000014.SZ,20210531,7.97,7.95,8.08,7.87,7.98,0.01,0.1255,15561.15,12355.413,43.25,43.14,43.85,42.71,43.31,5.426734,7.9399,-1,8.77,7.17,6.53,1,1,0.0012547051442912682,1,0.9023526788340552,0.9,1.0,49.999999999572005,69.41496404084621,56.028550193221605,100.0,27213.806726986557,0.47787610619468995,-46.31964632090608,5.587607397143154,7.9337489902855385,7.538507027166373,139.63,8.0,0.06417817310529647,588.3255346065462,0.0,0.010000000000000009,30.20134228187922,216640.34523088776,151842.09542704947
000014.SZ,20210601,7.98,7.97,8.0,7.9,7.99,0.01,0.1253,11320.01,9008.769,43.31,43.25,43.41,42.87,43.36,5.426734,7.9583,-1,8.78,7.18,6.54,1,1,0.0012531328320801727,1,0.7470644090382571,0.9333333333333333,1.0,49.99999999957119,65.34850225504923,56.52672481315986,100.0,27213.806726986557,0.47787610619469034,-48.36268620937716,6.247551719891807,7.936594957935031,7.327048576360814,139.84,8.0,0.06955414624729535,244.77171839590756,0.0,0.00900000000000003,18.918918918918898,154255.24868745764,152186.83160710777
000014.SZ,20210602,7.99,7.94,8.09,7.94,7.94,-0.05,-0.6258,23183.28,18581.826,43.36,43.09,43.9,43.09,43.09,5.426734,8.0152,-1,8.79,7.19,6.5,1,1,-0.006257822277847325,0,1.5425010870998253,0.9333333333333333,0.0,49.99999999957002,72.46481101413515,53.27658615695259,79.79548243170662,27043.50756098539,0.5238095238095237,-48.20770773930772,2.4774505469131545,7.936761119853995,7.015952195754734,140.10000000000002,8.0,0.06356248725711572,1587.135062287609,0.0,0.015500000000000024,30.201342281879185,169828.24168824998,154707.03304727096
000014.SZ,20210603,7.94,7.9,8.15,7.9,8.05,0.11,1.3854,26649.18,21430.931,43.09,42.87,44.23,42.87,43.69,5.426734,8.0419,-1,8.73,7.15,6.59,1,1,0.01385390428211597,1,1.7590238140539105,0.9333333333333333,1.0,49.999999999566214,73.12604057678051,58.87836324347655,100.0,27418.16572618796,0.5258620689655175,-39.533247307274664,9.882725647914329,7.94268635642531,6.688942324168281,148.0,9.0,0.07103668999495345,2840.4112427749706,0.0,0.029500000000000037,32.026143790849694,201002.98442315566,161320.74038668306
000014.SZ,20210604,8.05,7.99,8.1,7.9,7.93,-0.12,-1.4907,16382.44,13035.463,43.69,43.36,43.96,42.87,43.03,5.426734,7.957,-1,8.86,7.25,6.49,1,1,-0.014906832298136719,0,1.0588210277940489,0.9333333333333333,1.0,49.99999999955503,73.00642646231037,51.609094288046705,60.57417544476734,27418.16572618796,0.42975206611570227,-34.501080449721044,1.0697550821650101,7.942075781693504,6.412596524340314,148.56,7.0,0.05704119158690052,2212.906629347399,0.0,0.02300000000000004,38.35616438356153,132825.1461317694,157249.9412074097
000014.SZ,20210607,7.93,7.9,7.97,7.87,7.92,-0.01,-0.1261,12426.01,9849.872,43.03,42.87,43.25,42.71,42.98,5.426734,7.9268,-1,8.72,7.14,6.48,1,1,-0.0012610340479192184,0,0.8035021439800838,0.9333333333333333,1.0,49.999999999538176,69.28281492835573,51.043533646451365,57.50678383116812,27418.16572618796,0.4444444444444442,-31.8854887290874,0.3636578228447186,7.941020731122047,6.082058480337544,148.8,7.0,0.04423244521685885,1239.834702308165,0.0,0.026500000000000013,22.147651006711335,66001.9830852435,144214.51861852882
000014.SZ,20210608,7.92,7.92,8.1,7.85,7.98,0.06,0.7576,17031.0,13631.278,42.98,42.98,43.96,42.6,43.31,5.426734,8.0038,-1,8.71,7.13,6.53,1,1,0.007575757575757569,1,1.0909396631449149,0.9333333333333333,1.0,49.999999999516604,69.40065034538216,54.2808630948997,75.06486066730919,27625.879102901505,0.4521739130434778,-19.60646024816488,4.5741883475920835,7.942961790838854,5.796377328511498,149.0,7.0,0.04167264592772486,1191.0917288333408,0.0,0.027500000000000035,27.044025157232653,69538.76540017093,133546.55387304912
000014.SZ,20210609,7.98,7.93,8.02,7.91,8.0,0.02,0.2506,10956.0,8734.487,43.31,43.03,43.52,42.93,43.41,5.426734,7.9723,-1,8.78,7.18,6.55,1,1,0.0025062656641603454,1,0.7003184288321532,0.9333333333333333,1.0,49.99999999948876,68.06649677271557,55.340969727935665,77.62254875943393,27625.879102901505,0.468468468468468,-19.51581989439329,5.968461062671486,7.945840005718177,5.5451810253252924,149.19,7.0,0.04047048352741532,358.39666166347206,0.0,0.03100000000000005,16.45569620253162,19151.005718145403,117204.3327080629
000014.SZ,20210610,8.0,8.0,8.02,7.91,7.92,-0.08,-1.0,11970.01,9512.179,43.41,43.41,43.52,42.93,42.98,5.426734,7.9467,-1,8.8,7.2,6.48,1,1,-0.010000000000000009,0,0.7707340485550455,0.9333333333333333,1.0,49.99999999945899,62.99148365013877,50.31527553521335,32.757053594436215,27349.620311872488,0.47272727272727255,-26.595486801989075,-0.17292765379117164,7.944611657089483,5.3629428150755905,149.45999999999998,5.0,0.02732650778489817,-18.02188330216086,0.0,0.02200000000000002,7.692307692307637,-33386.3134034574,95691.38326356001
000014.SZ,20210611,7.91,7.94,7.99,7.88,7.88,-0.03,-0.3793,14461.0,11447.317,42.98,43.14,43.41,42.82,42.82,5.433595,7.916,2,8.7,7.12,6.46,1,1,-0.005050505050505083,0,0.9576908716119391,0.9333333333333333,1.0,49.999999999434124,56.724914466766656,47.96958897869379,0.0,27211.49091635798,0.47706422018348593,-26.02588092816213,-3.1277788569381766,7.941631145311392,5.2185727817936485,149.60999999999999,3.0,0.012429794185254,99.83324016223196,0.0,0.016500000000000004,-0.7299270072993167,-92012.3005225528,68876.57129411533
000014.SZ,20210615,7.88,7.87,7.87,7.65,7.7,-0.18,-2.2843,16481.0,12722.429,42.82,42.76,42.76,41.57,41.84,5.433595,7.7195,-1,8.67,7.09,6.31,1,1,-0.022842639593908642,0,1.1234522027700005,0.9333333333333333,1.0,49.9999999994381,56.299794542338724,39.1292512238949,0.0,26589.908636542696,0.4770642201834863,-19.087886834801264,-15.039950599771009,7.931855433862683,4.994066439247515,149.54,3.0,-0.020681867088698548,460.968859896524,0.0,0.01200000000000001,-9.333333333333364,-146113.43256829918,38163.71359948469
000014.SZ,20210616,7.7,7.72,7.79,7.63,7.7,0.0,0.0,9549.0,7358.603,41.84,41.95,42.33,41.46,41.84,5.433595,7.7062,-1,8.47,6.93,6.31,1,1,0.0,0,0.6458786496218913,0.9,1.0,49.99999999937894,57.938145374861115,39.129251223894904,3.5978465009241045e-14,26589.908636542696,0.48598130841121484,-20.239935718922652,-15.039950599771016,7.922475219998548,4.738631318915911,141.7,4.0,-0.0404530395513598,-187.98543863600207,0.0,0.01150000000000002,-7.4829931972789225,-177897.85786177532,7297.77481930469
000014.SZ,20210617,7.7,7.71,7.72,7.66,7.67,-0.03,-0.3896,7478.01,5746.401,41.84,41.89,41.95,41.62,41.68,5.433595,7.6844,-1,8.47,6.93,6.29,1,1,-0.003896103896103953,0,0.5201638882720346,0.9,1.0,49.99999999941751,59.03712515900804,37.78332531092698,0.0,26589.908636542696,0.47272727272727255,-22.623452476328314,-16.92644713653195,7.9124875945055635,4.487485812344017,149.42,3.0,-0.054563073713627105,-815.1602117405855,0.0,0.007500000000000018,-6.849315068493183,-202492.51180852775,-22672.266127528514
000014.SZ,20210618,7.67,7.71,7.84,7.64,7.8,0.13,1.6949,14414.0,11140.554,41.68,41.89,42.6,41.51,42.38,5.433595,7.729,-1,8.44,6.9,6.39,1,1,0.016949152542372836,1,1.0211914223462883,0.9333333333333333,1.0,49.99999999944065,63.60824278842045,46.3889211418825,40.79440794783835,27040.585054111216,0.45217391304347815,-14.361484842727883,-6.172862114867458,7.907461694962687,4.044676546783122,149.31,5.0,-0.04383913205354729,-244.33970396578388,0.0,0.015500000000000024,2.564102564102562,-180021.31353098428,-45150.70147087934
000014.SZ,20210621,7.8,7.8,7.85,7.74,7.76,-0.04,-0.5128,8517.0,6618.533,42.38,42.38,42.65,42.06,42.16,5.433595,7.771,-1,8.58,7.02,6.36,1,1,-0.00512820512820511,0,0.59768238602219,0.9333333333333333,1.0,49.999999999459746,63.87931122533001,44.35596726155881,31.157289082141276,27040.585054111216,0.4561403508771928,-12.111587832780366,-8.886890719625566,7.901063745663732,3.643712533943193,149.52,3.0,-0.03970998965268847,-589.9483009955911,0.0,0.012500000000000044,9.090909090909108,-147829.428384076,-59819.09102990744
000014.SZ,20210622,7.76,7.8,7.8,7.71,7.76,0.0,0.0,8951.01,6939.419,42.16,42.38,42.38,41.89,42.16,5.433595,7.7527,-1,8.54,6.98,6.36,1,1,0.0,0,0.6237314463881262,0.9,1.0,49.999999999402874,60.80102510223488,44.3559672615588,31.157289082141244,27040.585054111216,0.48148148148148145,-14.667871463352403,-8.886890719625558,7.8949433854379425,3.283609049551563,141.82999999999998,2.0,-0.034734875928418424,-682.434385862638,0.0,0.00900000000000003,4.973799150320701e-14,-165007.86107479985,-74846.05817917778
000014.SZ,20210623,7.76,7.7,7.96,7.7,7.85,0.09,1.1598,18095.01,14163.982,42.16,41.84,43.25,41.84,42.65,5.433595,7.8276,-1,8.54,6.98,6.44,1,1,0.011597938144329856,1,1.2575241618070976,0.9,1.0,49.999999999418336,61.31004136733811,50.0662701650635,58.22670190691612,27354.200086955287,0.4601769911504426,-2.0065495053279303,-1.5627652386474906,7.892836669922073,2.8829505734242415,141.79,2.0,-0.017923980154668867,501.8379228488111,0.0,0.0125,6.432748538011758,-139249.21199830953,-84046.50872476803
000014.SZ,20210624,7.85,7.89,7.89,7.75,7.75,-0.1,-1.2739,8910.01,6945.105,42.65,42.87,42.87,42.11,42.11,5.433595,7.7947,-1,8.64,7.07,6.35,1,1,-0.01273885350318471,0,0.6115650598104466,0.9,1.0,49.999999999416204,57.68178961539005,44.590726229396154,38.77172106227765,27354.200086955287,0.42975206611570255,0.009602053038691058,-8.742105077286707,7.886629539534045,2.5453731049203063,141.91,0.0,-0.018785760298950092,83.70443602948762,0.0,0.005500000000000016,-0.5780346820808688,-160307.86847692644,-94940.9886893621
000014.SZ,20210625,7.75,7.87,7.92,7.74,7.85,0.1,1.2903,14198.26,11112.987,42.11,42.76,43.03,42.06,42.65,5.433595,7.827,-1,8.53,6.98,6.44,1,1,0.012903225806451646,1,0.9855290296600421,0.9,1.0,49.99999999940694,57.54326590113653,50.42911950673149,72.02443502930323,27707.15750743213,0.41600000000000037,3.0345784717021296,-0.9890016130623884,7.884902526543702,2.601495072620562,141.86,0.0,-0.005109373318080493,530.2405149990041,0.0,0.002499999999999991,-1.1627906976743319,-127684.41657422873,-99618.62124434306
000014.SZ,20210628,7.85,7.91,7.91,7.75,7.81,-0.04,-0.5096,10361.0,8096.373,42.65,42.98,42.98,42.11,42.44,5.433595,7.8143,-1,8.64,7.07,6.4,1,1,-0.005095541401273884,0,0.721298652241529,0.9,1.0,49.999999999392145,51.97957357239119,48.23954964188767,59.5536854638165,27707.15750743213,0.42622950819672145,-0.2800049352352819,-3.874706458444476,7.881473942090837,2.6855546747736505,141.93,-2.0,-0.0008949842125964905,329.3805831665404,0.0,-0.00900000000000003,-9.999999999999943,-147893.0150507665,-106514.96321668927
000014.SZ,20210629,7.81,7.81,7.85,7.78,7.78,-0.03,-0.3841,10361.77,8089.221,42.44,42.44,42.65,42.27,42.27,5.433595,7.8068,-1,8.59,7.03,6.38,1,1,-0.003841229193341733,0,0.7484276134459644,0.9,1.0,49.999999999374964,47.033088498316985,46.605153562429216,50.244941986387595,27600.727965150065,0.41935483870967805,-9.19975757952121,-6.036748641040185,7.876933550887472,2.788311713321689,141.91,-4.0,-0.0015537241804906912,222.39227498863738,0.0,-0.01200000000000001,-15.337423312883416,-179282.1718965469,-116910.27874238323
000014.SZ,20210630,7.78,7.81,7.82,7.7,7.75,-0.03,-0.3856,8391.0,6517.446,42.27,42.44,42.49,41.84,42.11,5.433595,7.7672,-1,8.56,7.0,6.35,1,1,-0.003856041131105381,0,0.6176779108927289,0.9,1.0,49.9999999993546,47.61378363312035,44.96453049466665,56.78730076219469,27600.727965150065,0.4126984126984131,-7.181677503157204,-8.209942751638472,7.871385342362377,2.910171792916501,141.82999999999998,-6.0,-0.005228773554052851,-72.29564499985099,0.0,-0.016000000000000014,-15.337423312883416,-198448.21438261928,-128558.55526241695
000014.SZ,20210701,7.75,7.82,7.87,7.71,7.75,0.0,0.0,14801.26,11532.911,42.11,42.49,42.76,41.89,42.11,5.433595,7.7918,-1,8.53,6.98,6.35,1,1,0.0,0,1.101423584137264,0.9,1.0,49.99999999928667,45.73889205722383,44.964530494666654,56.78730076219475,27600.727965150065,0.4297520661157029,-5.796609028547436,-8.20994275163846,7.86607964354116,3.0238944009499056,133.74,-5.0,-0.006760757804910096,600.6982687594068,0.0,-0.019500000000000028,-18.2389937106918,-160463.4648560062,-133116.39949007257
000014.SZ,20210702,7.75,7.79,7.8,7.67,7.68,-0.07,-0.9032,9366.0,7225.485,42.11,42.33,42.38,41.68,41.73,5.433595,7.7146,-1,8.53,6.98,6.3,1,1,-0.00903225806451613,0,0.7193991243009314,0.9,1.0,49.99999999926815,37.529531814931325,41.053664368332704,25.861080820773765,27600.727965150065,0.4017094017094015,-13.128888170084636,-13.38891447589739,7.858405091197809,3.153400917754701,133.64,-7.0,-0.015788265008886394,331.6610166962323,0.0,-0.032500000000000064,-26.250000000000014,-174933.06893854102,-139090.20941128235
000014.SZ,20210705,7.68,7.68,7.76,7.63,7.7,0.02,0.2604,11219.01,8638.087,41.73,41.73,42.16,41.46,41.84,5.433595,7.6995,-1,8.45,6.91,6.31,1,1,0.0026041666666667407,1,0.9229924756723332,0.9,1.0,49.99999999925592,38.46764903860303,42.59007224899007,38.01063708325903,27672.604860892647,0.4392523364485981,-16.616454402220743,-11.496923186906383,7.851729215981683,3.2459136654436453,133.17,-5.0,-0.01751741980581431,415.7650641876753,0.0,-0.028500000000000015,-25.78616352201255,-198784.49479671926,-147617.96446634477
000014.SZ,20210706,7.7,7.71,7.8,7.7,7.75,0.05,0.6494,10182.0,7881.359,41.84,41.89,42.38,41.84,42.11,5.433595,7.7405,-1,8.47,6.93,6.35,1,1,0.006493506493506551,1,0.8558555075167684,0.9,1.0,49.99999999924476,43.39467871877235,46.35457076402595,67.77941598909342,27672.604860892647,0.42342342342342343,-15.48853869447216,-6.807011117649889,7.847214716127401,3.30058185319856,132.9,-3.0,-0.010712477982633195,346.9861013566815,0.0,-0.02749999999999999,-13.725490196078411,-162200.55585920098,-149701.19180818138
000014.SZ,20210707,7.75,7.67,7.77,7.6,7.69,-0.06,-0.7742,12998.86,10004.018,42.11,41.68,42.22,41.3,41.78,5.433595,7.6961,-1,8.53,6.98,6.3,1,1,-0.007741935483870921,0,1.1030315450138921,0.9,1.0,49.99999999923038,36.394501082960275,42.733365395353964,17.915941170063903,27458.36533938896,0.3783783783783788,-19.05961153431398,-11.508763174530865,7.840589894852506,3.4068775493549515,132.82,-5.0,-0.012930726161548278,677.0876449760208,0.0,-0.02949999999999999,-29.333333333333314,-173905.5974844515,-153158.96404764854
000014.SZ,20210708,7.69,7.67,7.73,7.62,7.63,-0.06,-0.7802,10229.0,7830.363,41.78,41.68,42.0,41.4,41.46,5.433595,7.6551,-1,8.46,6.92,6.26,1,1,-0.007802340702210753,0,0.8830999371884486,0.9,1.0,49.99999999923105,34.80696301690459,39.4172361816224,0.0,27458.36533938896,0.36521739130434794,-17.63315151054794,-15.971287403210404,7.832163419733292,3.5011279472166477,132.64,-7.0,-0.020658779049978676,525.2892367449267,0.0,-0.03500000000000001,-27.397260273972535,-194708.06838019646,-159094.55038086965
000014.SZ,20210709,7.63,7.57,7.63,7.55,7.59,-0.04,-0.5242,15567.0,11807.306,41.46,41.13,41.46,41.02,41.24,5.433595,7.5848,-1,8.39,6.87,6.22,1,1,-0.005242463958060273,0,1.3481761753704657,0.9,1.0,49.999999999234575,34.36707231555023,37.337070113143625,0.0,27314.415848749963,0.39639639639639696,-18.760520488809565,-18.843322332458506,7.822804763257976,3.578364908977962,132.25,-7.0,-0.02883536139626225,1113.054925137647,0.0,-0.030000000000000027,-32.05128205128201,-237188.49460140726,-170250.82812666075
000014.SZ,20210712,7.59,7.6,7.67,7.6,7.65,0.06,0.7905,11904.0,9101.692,41.24,41.3,41.68,41.3,41.57,5.433595,7.6459,-1,8.35,6.83,6.27,1,1,0.007905138339921125,1,1.0151314622532097,0.9,1.0,49.999999999230056,39.882105976999064,42.25938284231687,37.59772500999011,27314.415848749963,0.3628318584070798,-20.75734256100961,-12.7580872337239,7.815625802266666,3.5925293282895514,131.85,-5.0,-0.024035188974566107,982.1709515665661,0.0,-0.024499999999999966,-26.582278481012622,-193004.82218771885,-173501.39870681195
000014.SZ,20210713,7.65,7.65,7.72,7.63,7.68,0.03,0.3922,9749.01,7484.133,41.57,41.57,41.95,41.46,41.73,5.433595,7.6768,-1,8.42,6.89,6.3,1,1,0.0039215686274509665,1,0.8405253687694579,0.9,1.0,49.99999999921745,45.38218479160973,44.60254842416028,55.49534753951582,27314.415848749963,0.41836734693877586,-29.271991342615937,-9.799069048364698,7.809800291016421,3.492217012442287,131.6,-3.0,-0.015127349807639828,597.9492307602036,0.0,-0.014500000000000002,-10.000000000000021,-153535.58441743284,-170649.13952261495
000014.SZ,20210714,7.68,7.69,7.96,7.6,7.82,0.14,1.8229,33727.0,26201.512,41.73,41.78,43.25,41.3,42.49,5.433595,7.7687,-1,8.45,6.91,6.41,1,1,0.01822916666666674,1,2.994731760090615,0.9,1.0,49.99999999922013,54.54023267550191,53.986724939216636,100.0,27812.33488765947,0.36607142857142866,-9.478973726395258,2.7387745237663794,7.810299293683789,3.3552500063864463,139.2,-2.0,0.009962495977876906,3409.2104725933536,0.0,-0.007000000000000029,11.538461538461497,-85633.1652620886,-158504.00034253977
000014.SZ,20210715,7.82,7.77,8.0,7.6,7.68,-0.14,-1.7903,23577.0,18255.623,42.49,42.22,43.47,41.3,41.73,5.433595,7.743,-1,8.6,7.04,6.3,1,1,-0.017902813299232823,0,1.8905444751249307,0.9,1.0,49.999999999219135,51.21386966091285,45.657522674943245,49.973724072465245,27812.33488765947,0.36585365853658536,11.564007073071798,-8.285240931514219,7.8046086420995024,3.221496597909316,139.48,-2.0,0.008119060557851027,3712.2601034660656,0.0,-0.009500000000000019,18.954248366013047,-129403.42980791094,-154346.77598044992
000014.SZ,20210716,7.68,7.68,7.68,7.61,7.61,-0.07,-0.9115,10363.0,7906.197,41.73,41.73,41.73,41.35,41.35,5.433595,7.6293,-1,8.45,6.91,6.24,1,1,-0.00911458333333326,0,0.780583852316518,0.9,1.0,49.99999999922351,46.51855879261119,42.15545231237622,28.939832384315313,27812.33488765947,0.3846153846153848,3.416260521626233,-13.187904273711512,7.7965636973056425,3.219187414200149,139.52,-4.0,-0.0015930298534498621,2027.7892907429746,0.0,-0.01749999999999998,-8.670520231213885,-161738.66286957,-155402.75982175278
000014.SZ,20210719,7.61,7.57,7.64,7.38,7.42,-0.19,-2.4967,24704.0,18392.575,41.35,41.13,41.51,40.1,40.32,5.433595,7.4452,-1,8.37,6.85,6.08,1,1,-0.024967148488830526,0,1.8896370572023673,0.9,1.0,49.999999999268326,40.85435716409325,34.43485317509924,0.0,27117.940192698192,0.46969696969696967,11.284696659324,-24.690010752938896,7.783059407784251,3.3488112206510112,139.30999999999997,-4.0,-0.031040525423239776,2698.2516231208374,0.0,-0.023,-25.806451612903274,-230759.92438940745,-166168.06904570345
000014.SZ,20210720,7.42,7.39,7.59,7.35,7.51,0.09,1.2129,9512.0,7142.728,40.32,40.15,41.24,39.94,40.81,5.433595,7.5092,-1,8.16,6.68,6.16,1,1,0.0121293800539084,1,0.6851663502070193,0.9,1.0,49.99999999930693,44.139075315827604,40.036996558125686,28.652721594194308,27117.940192698192,0.46099290780141866,17.883686817062312,-16.96300953476525,7.772262249955383,3.3916973566279656,146.66,-3.0,-0.03550546485640478,1033.9896925584108,0.0,-0.01499999999999999,-25.806451612903274,-191223.9494972669,-169747.48053878397
000014.SZ,20210721,7.51,7.53,7.57,7.49,7.51,0.0,0.0,5411.0,4072.885,40.81,40.91,41.13,40.7,40.81,5.433595,7.527,-1,8.26,6.76,6.16,1,1,0.0,0,0.38897808211664464,0.8666666666666667,1.0,49.99999999923398,41.376434867713634,40.036996558125686,28.652721594194308,27117.940192698192,0.4924242424242426,6.876437833134632,-16.96300953476525,7.761892027122556,3.4832384323556864,138.96,-4.0,-0.03548401794338232,-593.1420672876586,0.0,-0.023499999999999986,-27.173913043478265,-156095.02577073954,-167797.12985763478
000014.SZ,20210722,7.51,7.45,7.59,7.44,7.5,-0.01,-0.1332,12843.28,9622.409,40.81,40.48,41.24,40.43,40.75,5.433595,7.4922,-1,8.26,6.76,6.15,1,1,-0.0013315579227696217,0,0.9673614700862246,0.8666666666666667,1.0,49.99999999928737,40.83734952337757,39.60096908596659,26.422615559234952,27081.83108458541,0.5284552845528456,6.858428046956744,-17.59173402031607,7.751614851965854,3.5259732632317773,138.66,-4.0,-0.03384719328871322,-638.2985576391565,0.0,-0.014000000000000012,-26.373626373626365,-162974.46199725408,-167108.17730615183
000014.SZ,20210723,7.5,7.47,7.47,7.3,7.36,-0.14,-1.8667,17016.02,12548.262,40.75,40.59,40.59,39.67,39.99,5.433595,7.3744,-1,8.25,6.75,6.03,1,1,-0.01866666666666661,0,1.2629463257720053,0.8666666666666667,1.0,49.99999999934806,35.22270961672207,34.01569566133313,0.0,26576.303571006483,0.5511811023622046,5.621281385079003,-25.863963401013674,7.737789721966784,3.7220909702705165,138.42,-6.0,-0.04779913420627685,-104.11406349668243,0.0,-0.01849999999999996,-33.67875647668396,-191683.6050423435,-170618.95269703635
000014.SZ,20210726,7.36,7.37,7.41,7.01,7.11,-0.25,-3.3967,19792.38,14169.036,39.99,40.05,40.26,38.09,38.63,5.433595,7.1588,-1,8.1,6.62,5.83,1,1,-0.03396739130434778,0,1.4538083343442296,0.8666666666666667,1.0,49.999999999433534,34.22192257803657,26.75812912073902,0.0,25673.57586818697,0.6689189189189189,16.584674007577107,-37.63195366410906,7.719144951267346,4.187028025712462,137.92000000000002,-6.0,-0.0847213697268111,587.1971803530591,0.0,-0.026499999999999923,-42.081447963800926,-217874.2060046557,-177369.70316955342
000014.SZ,20210727,7.11,7.13,7.17,7.01,7.03,-0.08,-1.1252,13552.02,9563.98,38.63,38.74,38.96,38.09,38.2,5.433595,7.0572,-1,7.82,6.4,5.76,1,1,-0.011251758087201136,0,0.9621099141510564,0.8666666666666667,1.0,49.999999999513996,33.985108632248654,24.925438575035034,0.0,25673.57586818697,0.6470588235294115,19.83084606601142,-40.79743551955015,7.6997167853560216,4.698036873178982,137.24,-6.0,-0.11221431346185831,188.562396580238,0.0,-0.029999999999999936,-46.44351464435147,-247229.46013258304,-187349.66844998623
000014.SZ,20210728,7.03,7.01,7.01,6.73,6.84,-0.19,-2.7027,10250.02,7014.608,38.2,38.09,38.09,36.57,37.17,5.433595,6.8435,-1,7.73,6.33,5.61,1,1,-0.027027027027027084,0,0.7195398997082676,0.9,1.0,49.999999999580396,33.90308702997925,21.20991064278763,0.0,25673.57586818697,0.7514792899408276,24.92995310455008,-47.46362699386536,7.678208975015497,5.406444815844832,136.45,-6.0,-0.14614006116186096,-497.7235779983071,0.0,-0.035499999999999955,-50.579150579150564,-259023.4395183368,-197588.77860260775
000014.SZ,20210729,6.84,6.84,6.94,6.71,6.83,-0.01,-0.1462,10627.28,7269.708,37.17,37.17,37.71,36.46,37.11,5.433595,6.8406,-1,7.52,6.16,5.6,1,1,-0.0014619883040934978,0,0.7411868427213946,0.9,1.0,49.999999999631754,29.163177881111153,21.032208086931362,0.0,25636.041400543425,0.7588235294117642,25.53757010827333,-47.78932817958909,7.657120612906135,6.045561481220185,143.39,-7.0,-0.15901188027405666,-857.5895331541001,0.0,-0.03249999999999993,-54.78927203065131,-273627.7520902624,-208451.48910084413
000014.SZ,20210730,6.83,6.83,6.83,6.63,6.74,-0.09,-1.3177,12271.25,8229.561,37.11,37.11,37.11,36.02,36.62,5.433595,6.7064,-1,7.51,6.15,5.53,1,1,-0.013177159590043952,0,0.8684847454551451,0.9,1.0,49.999999999672,29.021731114384153,19.452565228267858,0.0,25298.23119175149,0.7965116279069765,26.4451149223874,-50.68567931606037,7.635583860520085,6.729460819546986,142.42000000000002,-7.0,-0.16786114877314506,-830.365410035264,0.0,-0.0314999999999999,-55.47169811320751,-294220.7488972014,-220704.24050032377
000014.SZ,20210802,6.74,6.74,6.94,6.66,6.86,0.12,1.7804,11193.37,7633.13,36.62,36.62,37.71,36.19,37.27,5.433595,6.8193,-1,7.41,6.07,5.62,1,1,0.017804154302670572,1,0.7841373686479346,0.9,1.0,49.9999999997021,32.751969396320376,27.293546548422327,22.70500103602796,25298.23119175149,0.7527472527472527,29.95064314994695,-39.80096043950906,7.613350811233453,7.219265229512554,141.45000000000002,-7.0,-0.14653925888395625,-907.4595043436062,0.0,-0.026499999999999923,-48.52941176470584,-246062.21463861823,-224326.80823436583
000014.SZ,20210803,6.86,6.83,7.04,6.76,6.94,0.08,1.1662,11997.1,8304.297,37.27,37.11,38.25,36.73,37.71,5.433595,6.9219,-1,7.55,6.17,5.69,1,1,0.011661807580174877,1,0.8405171424799197,0.9333333333333333,1.0,49.999999999721105,32.879282513542464,32.04302752254884,48.04610852698916,25593.254296028474,0.7405405405405404,34.24189085574179,-33.05621538282145,7.591885739005352,7.613227388064926,140.51,-7.0,-0.11219582062278127,-803.6686439375048,0.0,-0.02299999999999991,-46.90909090909091,-189289.90109838196,-219321.53578636816
000014.SZ,20210804,6.94,6.97,6.97,6.87,6.91,-0.03,-0.4323,8668.91,5988.572,37.71,37.87,37.87,37.33,37.55,5.433595,6.9081,-1,7.63,6.25,5.66,1,1,-0.004322766570605263,0,0.6035067874681339,0.9333333333333333,1.0,49.99999999973065,36.379403709306615,31.219431698684975,51.82982422818693,25593.254296028474,0.7527472527472523,29.340926958646683,-34.30728155075414,7.570554820973431,7.9988273551475135,139.71,-7.0,-0.08527523696465322,-1117.4907262070312,0.0,-0.026999999999999913,-39.13043478260866,-136928.07137408794,-207551.04087032814
000014.SZ,20210805,6.91,7.22,7.24,6.93,6.93,0.02,0.2894,12354.0,8730.032,37.55,39.23,39.34,37.65,37.65,5.433595,7.0666,-1,7.6,6.22,5.68,1,1,0.0028943560057885787,1,0.8732141660585597,0.9333333333333333,1.0,49.99999999972938,40.37490431286178,32.465663007986464,63.21815536795052,25667.330285307857,0.7696629213483146,34.2211267301119,-32.56869571267469,7.549986512856396,8.353879929319653,138.89,-5.0,-0.057842250350426894,-778.9241603110722,0.0,-0.03949999999999991,-25.75250836120398,-82957.15960608123,-189751.91497543573
000014.SZ,20210806,6.93,6.9,6.9,6.8,6.84,-0.09,-1.2987,6884.15,4702.599,37.65,37.49,37.49,36.95,37.17,5.433595,6.8311,-1,7.62,6.24,5.61,1,1,-0.012987012987012991,0,0.4829632870309503,0.9333333333333333,1.0,49.99999999971807,41.7902517883345,29.84505269812639,50.48712448414435,25667.330285307857,0.7486338797814208,33.55082441834227,-36.46454063933925,7.528505884649632,8.772834655302823,138.19,-5.0,-0.04543423383044237,-1215.919688112627,0.0,-0.043499999999999914,-31.26934984520119,-94943.27448626206,-176207.82347698236
000014.SZ,20210809,6.84,6.77,7.07,6.77,6.99,0.15,2.193,15231.0,10646.492,37.17,36.79,38.42,36.79,37.98,5.433595,6.99,-1,7.52,6.16,5.73,1,1,0.021929824561403466,1,1.102111207586745,0.9333333333333333,1.0,49.999999999703476,42.21261007351422,38.72293811418729,93.6162509282812,26230.210335424257,0.7135416666666667,39.37849214310939,-23.905516683880233,7.508992871766249,9.070320834190463,137.37,-5.0,-0.012357993770964304,-349.84412517747614,0.0,-0.03499999999999992,-26.567164179104424,-67020.63969717268,-160609.654365581
000014.SZ,20210810,6.99,6.98,7.05,6.96,6.99,0.0,0.0,11101.2,7777.136,37.98,37.93,38.31,37.82,37.98,5.433595,7.0057,-1,7.69,6.29,5.73,1,1,0.0,0,0.7937258393360106,0.9,1.0,49.99999999967227,42.29372221291165,38.72293811418729,95.64218099865117,26230.210335424257,0.7248677248677247,37.689360028358166,-23.905516683880236,7.490186922041581,9.363165954241994,129.74,-6.0,0.012821644455499104,-304.0939043955684,0.0,-0.0359999999999999,-21.489971346704806,-18977.970289797522,-140376.5566404691
000014.SZ,20210811,6.99,7.07,7.21,7.0,7.09,0.1,1.4306,18070.34,12890.584,37.98,38.42,39.18,38.04,38.52,5.433595,7.1336,-1,7.69,6.29,5.81,1,1,0.014306151645207432,1,1.2857975270601207,0.9,1.0,49.99999999966104,38.22675932153461,44.18412544765899,100.0,26605.463702168523,0.7405405405405407,26.820692112363822,-16.018294442740462,7.4741829314440755,9.519057433474035,129.13,-6.0,0.04446619703468552,642.4039169202831,0.0,-0.04149999999999991,-24.34017595307911,40113.37342419104,-114592.28091694623
000014.SZ,20210812,7.09,7.1,7.12,7.02,7.12,0.03,0.4231,12129.74,8561.245,38.52,38.58,38.69,38.14,38.69,5.433595,7.0581,-1,7.8,6.38,5.84,1,1,0.004231311706629048,1,0.9140058078665864,0.9333333333333333,1.0,49.99999999965358,40.27297884650569,45.74628210386062,100.0,26605.463702168523,0.6034482758620691,10.54102300721483,-13.732094952286781,7.459633112634867,9.615140735166914,128.15,-4.0,0.06946815255550565,454.65284100457416,0.0,-0.0359999999999999,-27.745664739884326,4330.000151285407,-97603.38362148457
000014.SZ,20210813,7.12,7.1,7.15,7.02,7.15,0.03,0.4213,14714.05,10438.638,38.69,38.58,38.85,38.14,38.85,5.433595,7.0943,-1,7.83,6.41,5.86,1,1,0.004213483146067398,1,1.1587140727212275,0.9333333333333333,1.0,49.99999999964493,45.40551861155006,47.333675409858316,100.0,26717.565375070917,0.5941176470588233,12.91966998421221,-11.420930637768755,7.44657263027252,9.650518314114736,127.49,-2.0,0.08883768113482166,652.8621871204919,0.0,-0.029999999999999895,-19.242902208201812,34420.36332070321,-78742.84834402917
000014.SZ,20210816,7.15,7.15,7.18,7.09,7.12,-0.03,-0.4196,13955.28,9949.832,38.85,38.85,39.01,38.52,38.69,5.433595,7.1298,-1,7.87,6.44,5.84,1,1,-0.004195804195804231,0,1.080451532191603,0.9333333333333333,1.0,49.999999999636366,53.293895312557616,45.887780349916305,94.81406927297782,26717.565375070917,0.6233766233766234,3.107146686267181,-13.276013913128518,7.433086115870564,9.642647037676854,127.03,-2.0,0.09580093222724917,654.4104709250936,0.0,-0.02399999999999989,-10.299003322259033,77277.5465600919,-56454.22050058331
000014.SZ,20210817,7.12,7.08,7.12,6.94,6.95,-0.17,-2.3876,11984.28,8426.974,38.69,38.47,38.69,37.71,37.76,5.433595,7.0317,-1,7.83,6.41,5.7,1,1,-0.023876404494381998,0,0.9681356783308647,0.9333333333333333,1.0,49.99999999962809,48.87604358491456,38.677707953776405,68.95400721239093,26717.565375070917,0.5925925925925926,-0.4294384574756827,-22.90661655941592,7.415351476267881,9.73770043295141,126.8,-4.0,0.07653584823991111,376.39934017917005,0.0,-0.03649999999999989,-13.183279742765166,55977.24214478499,-40392.58297981642
000014.SZ,20210818,6.95,7.05,7.06,6.94,6.99,0.04,0.5755,10655.0,7435.584,37.76,38.31,38.36,37.71,37.98,5.433595,6.9785,-1,7.65,6.26,5.73,1,1,0.0057553956834532904,1,0.8522409036681032,0.9333333333333333,1.0,49.999999999618765,45.69352796027919,41.025723404127675,77.37553503197408,26717.565375070917,0.5783132530120482,1.8238449341812366,-19.616636362449576,7.399069960843781,9.807998808928104,133.74,-3.0,0.06847023761219129,18.78783944027066,0.0,-0.03849999999999985,-20.13201320132005,22003.77759713128,-31478.817183109604
000014.SZ,20210819,6.99,6.9,7.01,6.9,6.95,-0.04,-0.5722,4889.0,3399.931,37.98,37.49,38.09,37.49,37.76,5.433595,6.9542,-1,7.69,6.29,5.7,1,1,-0.005722460658083017,0,0.3830143890491572,0.9333333333333333,1.0,49.999999999609386,47.33712624396403,39.40101774016757,60.41613442438549,26717.565375070917,0.497041420118343,-0.5947350568552653,-21.81952587375874,7.382351626341582,9.836386215884657,133.16,-3.0,0.057480168820872646,-936.2940774137546,0.0,-0.03849999999999985,-20.13201320132005,6341.260322982445,-26075.948967953602
000014.SZ,20210820,6.95,6.91,6.94,6.8,6.86,-0.09,-1.295,10355.0,7098.013,37.76,37.55,37.71,36.95,37.27,5.433595,6.8547,-1,7.65,6.26,5.62,1,1,-0.012949640287769792,0,0.8373211883621331,0.9333333333333333,1.0,49.99999999959931,48.86862892302665,35.951179066067276,34.914849891779646,26371.582514098776,0.47560975609756095,-2.2990310410848616,-26.58463050855825,7.364090370316667,9.790144232393345,132.60999999999999,-3.0,0.03872044856149642,-780.0579002885304,0.0,-0.035499999999999865,-19.06354515050159,-26239.316372852598,-26099.28716865346
000014.SZ,20210823,6.86,6.91,7.0,6.88,6.98,0.12,1.7493,12253.02,8518.199,37.27,37.55,38.04,37.38,37.93,5.433595,6.9519,-1,7.55,6.17,5.72,1,1,0.017492711370262315,1,1.0182196873739096,0.9333333333333333,1.0,49.999999999589875,55.820563869278644,43.10428016117832,75.81630458616515,26832.892995394963,0.40397350993377484,-18.916097930390386,-16.609402252514734,7.348838215283449,9.59207530746769,132.06,-1.0,0.04278944388887529,-389.0816167913397,0.0,-0.01899999999999986,-7.194244604316452,7139.463777007506,-21350.89417641618
000014.SZ,20210824,6.98,6.95,7.1,6.93,7.1,0.12,1.7192,14496.53,10158.659,37.93,37.76,38.58,37.65,38.58,5.433595,7.0076,-1,7.68,6.28,5.82,1,1,0.017191977077363862,1,1.2436114009157144,0.9333333333333333,1.0,49.999999999581775,61.86388165872874,49.212626593119694,100.0,27294.20347669115,0.3935483870967744,-16.406007364700283,-7.677514040586318,7.337898518789795,9.323600951587183,131.82,1.0,0.06085620662352115,173.51311992214482,0.0,-0.006499999999999906,5.303030303030383,46761.89419929621,-11620.495837028697
000014.SZ,20210825,7.1,7.06,7.15,7.01,7.01,-0.09,-1.2676,27955.0,19793.313,38.58,38.36,38.85,38.09,38.09,5.433595,7.0804,-1,7.81,6.39,5.75,1,1,-0.012676056338028152,0,2.388494352285273,0.9333333333333333,1.0,49.99999999957343,68.6161518547268,45.28571404158184,79.72429291955356,26948.22061571901,0.42068965517241425,-23.45796436848816,-12.942000937336404,7.324305095484343,8.903298174342138,131.94,1.0,0.059807286822503136,2245.2124550861085,0.0,-0.0004999999999999005,20.491803278688586,135505.5968689533,9397.517406683013
000014.SZ,20210826,7.01,7.01,7.12,7.01,7.03,0.02,0.2853,14495.22,10222.944,38.09,38.09,38.69,38.09,38.2,5.433595,7.0526,-1,7.71,6.31,5.76,1,1,0.0028530670470756636,1,1.1513943416122057,0.9333333333333333,1.0,49.99999999956337,67.47678704609555,46.31097025574777,78.11961076305772,26948.22061571901,0.4178082191780824,-29.30318624210327,-11.455335302501968,7.3118959783422355,8.44961364998203,132.01,3.0,0.060735586785120005,1713.3504624096709,0.0,0.001000000000000112,22.500000000000014,90744.02535717073,21018.447113895545
000014.SZ,20210827,7.03,7.05,7.05,6.91,6.93,-0.1,-1.4225,12907.03,8971.805,38.2,38.31,38.31,37.55,37.65,5.433595,6.9511,-1,7.73,6.33,5.68,1,1,-0.01422475106685639,0,1.009728638894904,0.9333333333333333,1.0,49.999999999549686,67.20431431235382,42.066506683794955,46.11357549960397,26948.22061571901,0.3945578231292516,-30.490618452146457,-17.192210665562683,7.296836948950697,7.895094319666037,132.23,3.0,0.04739983876841675,1088.836960247281,0.0,-0.0004999999999999005,23.012552301255276,49191.997825026265,25043.240072628505
000014.SZ,20210830,6.93,6.93,7.04,6.82,6.98,0.05,0.7215,15454.02,10678.829,37.65,37.65,38.25,37.06,37.93,5.433595,6.9101,-1,7.62,6.24,5.72,1,1,0.00721500721500723,1,1.2059828345491863,0.9333333333333333,1.0,49.99999999953065,61.88314575157509,44.791106132052725,66.65883982840201,27142.65222189303,0.34285714285714286,-30.065645496904633,-13.327691561915367,7.283760287158298,7.421583132507545,132.39,3.0,0.04486000909086546,964.3026910896817,0.0,-0.00399999999999987,14.767932489451532,4427.315945653274,22098.10805448919
000014.SZ,20210831,6.98,6.96,7.12,6.91,7.07,0.09,1.2894,21332.05,15045.006,37.93,37.82,38.69,37.55,38.42,5.433595,7.0528,-1,7.68,6.28,5.8,1,1,0.012893982808023008,1,1.637463875917497,0.9333333333333333,1.0,49.99999999951434,63.23385277579104,49.403735797918216,100.0,27492.629113006267,0.33333333333333354,-30.465261015434116,-6.6632982413641475,7.274259487077186,6.986470416619324,132.54,3.0,0.054223162015614945,1582.634552019492,0.0,-0.00399999999999987,14.40677966101702,52838.296020426395,26489.563478194505
000014.SZ,20210901,7.07,7.07,7.4,6.99,7.28,0.21,2.9703,39689.59,28622.308,38.42,38.42,40.21,37.98,39.56,5.433595,7.2115,-1,7.78,6.36,5.97,1,1,0.02970297029702973,1,2.9412243341437283,0.9666666666666667,1.0,49.999999999519574,67.16564581241398,58.18292923610397,100.0,28309.24185893715,0.3962264150943399,-8.317288756774143,6.798434528339876,7.274551428883637,6.4838244761269355,132.56,5.0,0.08574869564999074,4223.385736984934,0.0,0.009500000000000109,20.15810276679847,137044.4412896911,42283.11745126545
000014.SZ,20210902,7.28,7.22,7.29,7.14,7.18,-0.1,-1.3736,14173.44,10206.41,39.56,39.23,39.61,38.8,39.01,5.433595,7.2011,-1,8.01,6.55,5.89,1,1,-0.013736263736263798,0,0.9420525713222258,0.9666666666666667,1.0,49.999999999527404,62.61826968851374,53.42873976696109,78.61531623564912,28309.24185893715,0.377245508982036,-15.97438790698006,0.4441355968041744,7.270028982910466,5.971421928331209,132.94,3.0,0.08975016940039149,2383.8588846138696,0.0,0.02200000000000011,16.182572614107904,81776.72705725254,47925.06168069218
000014.SZ,20210903,7.18,7.18,7.33,7.18,7.3,0.12,1.6713,18078.79,13133.446,39.01,39.01,39.83,39.01,39.67,5.433595,7.2646,-1,7.9,6.46,5.98,1,1,0.01671309192200554,1,1.1944037382582355,0.9666666666666667,1.0,49.99999999953684,66.1614166550868,57.876777113888046,98.62290588966518,28782.376820367852,0.37058823529411766,-12.067572719689108,7.403282248086922,7.271561833199861,5.273079471000677,133.19,5.0,0.1041655450681649,1582.4010885445282,0.0,0.03100000000000014,36.49289099526068,114574.38028678083,57446.39291013342
000014.SZ,20210906,7.3,7.35,7.6,7.23,7.48,0.18,2.4658,28879.03,21375.166,39.67,39.94,41.3,39.28,40.64,5.433595,7.4016,-1,8.03,6.57,6.13,1,1,0.024657534246575352,1,1.8398998877355783,0.9666666666666667,1.0,49.99999999956175,67.74546611191238,63.50711631833173,100.0,29492.079262513907,0.4624277456647392,-6.563077025695206,16.607440904222237,7.2831358528271615,4.7087915843101635,133.65,5.0,0.13177318020454296,2350.0235402336552,0.0,0.026500000000000145,39.36651583710408,160837.56281621958,72216.56003957431
000014.SZ,20210907,7.48,7.6,7.96,7.6,7.7,0.22,2.9412,57848.6,44861.986,40.64,41.3,43.25,41.3,41.84,5.433595,7.7551,-1,8.23,6.73,6.31,1,1,0.02941176470588225,1,3.5320097734937828,0.9666666666666667,1.0,49.99999999960545,72.17606323216248,68.9668738272193,100.0,30359.493358470198,0.5948717948717943,6.5191262352515205,26.062800900643595,7.308160168059383,4.066948396703808,141.13,6.0,0.1710073055187573,6374.567264183727,0.0,0.031000000000000184,43.93305439330541,308422.8940853139,105960.32204610854
000014.SZ,20210908,7.7,7.6,7.63,7.45,7.47,-0.23,-2.987,36690.19,27545.662,41.84,41.3,41.46,40.48,40.59,5.433595,7.5076,-1,8.47,6.93,6.12,1,1,-0.029870129870129936,0,1.96039106206294,0.9666666666666667,1.0,49.99999999963919,63.93044146834421,59.02455410540141,69.88608056336727,30359.493358470198,0.557692307692307,4.631303533854906,12.078103014008473,7.316797644895578,3.746371755191158,141.84,4.0,0.15764631427721054,5816.882833049414,0.0,0.023500000000000208,21.874999999999957,175876.4967637239,115948.3470057679
000014.SZ,20210909,7.47,7.46,7.58,7.38,7.42,-0.05,-0.6693,20224.28,15037.782,40.59,40.53,41.19,40.1,40.32,5.433595,7.4355,-1,8.22,6.72,6.08,1,1,-0.00669344042838016,0,1.0293960683457812,0.9666666666666667,1.0,49.99999999966372,62.50526291575519,57.097511928669384,55.87658028878866,30359.493358470198,0.5523809523809519,8.755406190058503,9.30338837965296,7.322169248277327,3.5529549879089157,142.4,2.0,0.1346351792896644,3002.052228547195,0.0,0.020500000000000185,22.834645669291277,96587.98023700036,113182.5803245154
000014.SZ,20210910,7.42,7.42,7.45,7.32,7.38,-0.04,-0.5391,16082.0,11870.032,40.32,40.32,40.48,39.77,40.1,5.433595,7.3809,-1,8.16,6.68,6.05,1,1,-0.005390835579514808,0,0.8020359604557671,0.9666666666666667,1.0,49.999999999676874,58.628875550572566,55.53543172756622,50.069669948960794,30359.493358470198,0.549763033175355,8.218678260032647,7.0711709897147745,7.325117822708833,3.5125641695767698,142.83,0.0,0.10775129534547795,486.132470765976,0.0,0.016000000000000146,15.90909090909085,28928.676545912895,101146.30835614362
000014.SZ,20210913,7.38,7.38,7.48,7.32,7.44,0.06,0.813,13350.0,9891.975,40.1,40.1,40.64,39.77,40.43,5.433595,7.4097,-1,8.12,6.64,6.1,1,1,0.008130081300813163,1,0.6635232563037505,0.9666666666666667,1.0,49.99999999968098,58.62133609954686,57.41732515179405,57.065460802647536,30359.493358470198,0.5420560747663546,10.953608670551498,9.974110179355772,7.331134044243624,3.3999683016517688,142.97,2.0,0.09236729076834797,-1531.6535324705865,0.0,0.020500000000000185,14.61538461538455,51626.72681648843,94072.08242190717
000014.SZ,20210914,7.44,7.44,7.47,7.32,7.44,0.0,0.0,15350.5,11332.969,40.43,40.43,40.59,39.77,40.43,5.433595,7.3828,-1,8.18,6.7,6.1,1,1,0.0,0,0.7641016907078332,0.9333333333333333,0.0,49.999999999647386,58.02988896093493,57.41732515179406,57.065460802647564,30359.493358470198,0.588832487309644,8.6671838844415,9.974110179355772,7.336835204535592,3.057732298446666,135.85,3.0,0.07712899933183376,-2523.918136033756,0.0,0.02700000000000018,21.138211382113695,12555.256582192946,82426.82158766229
000014.SZ,20210915,7.44,7.43,7.5,7.3,7.5,0.06,0.8065,12449.55,9243.566,40.43,40.37,40.75,39.67,40.75,5.433595,7.4248,-1,8.18,6.7,6.15,1,1,0.008064516129032251,1,0.6145524012355762,0.9333333333333333,1.0,49.99999999964578,60.79112449625542,59.40970665651471,64.47198240920368,30359.493358470198,0.5829145728643211,11.743100570334903,12.985935087173248,7.3456139316731415,2.7157046639157247,136.21,3.0,0.07026318155315922,-3441.235300444424,0.0,0.033500000000000175,25.102880658436113,33828.03422393734,75484.13767855872
000014.SZ,20210916,7.5,7.49,7.64,7.46,7.58,0.08,1.0667,38248.68,28896.716,40.75,40.7,41.51,40.53,41.19,5.433595,7.555,-1,8.25,6.75,6.21,1,1,0.010666666666666602,1,1.8797598267160391,0.9333333333333333,1.0,49.99999999963798,64.94296535208761,61.965031096291554,71.03776467736486,30683.327954293876,0.571428571428571,14.15812167732047,16.88840056087073,7.358660128168607,2.43821257154322,136.66,5.0,0.07139754812380114,-592.5021951141607,0.0,0.03550000000000018,32.28346456692904,138484.32026454754,84484.16376227142
000014.SZ,20210917,7.58,7.61,7.8,7.32,7.4,-0.18,-2.3747,24274.02,18155.529,41.19,41.35,42.38,39.77,40.21,5.433595,7.4794,-1,8.34,6.82,6.07,1,1,-0.0237467018469657,0,1.1025814119480408,0.9333333333333333,1.0,49.99999999962702,62.78224128079049,53.763767765505634,22.28697646081672,30683.327954293876,0.5377358490566031,25.931840907333903,5.664644454972889,7.360740205720453,2.4251448850008535,137.51000000000002,5.0,0.04413889524558631,-607.8073235131924,0.0,0.02750000000000017,41.53846153846148,96730.27349572183,86233.6080099072
000014.SZ,20210922,7.4,7.24,7.52,7.13,7.52,0.12,1.6216,18850.03,13835.73,40.21,39.34,40.86,38.74,40.86,5.433595,7.3399,-1,8.14,6.66,6.17,1,1,0.01621621621621605,1,0.8299745103565463,0.9333333333333333,1.0,49.99999999961673,59.27086884624088,57.77600691113924,27.978051465633385,30683.327954293876,0.5377358490566033,32.73951000515091,11.619977427419979,7.369205241264538,2.4232017177617546,137.78,5.0,0.03870298828763763,-1324.6809282629092,0.0,0.038000000000000124,25.71428571428565,36163.325666664416,79080.71053230109
000014.SZ,20210923,7.52,7.47,7.7,7.42,7.56,0.04,0.5319,36981.01,27918.638,40.86,40.59,41.84,40.32,41.08,5.433595,7.5495,-1,8.27,6.77,6.2,1,1,0.005319148936170137,1,1.6049791185897664,0.9666666666666667,1.0,49.99999999959824,61.294929297561296,59.051578871822855,36.187350958975614,30846.53714554012,0.558823529411764,33.465631912522106,13.535229284659152,7.379520444445177,2.4520898735078496,138.26999999999998,5.0,0.03693107677087279,565.7611657704292,0.0,0.03500000000000014,30.4347826086956,124058.1135773831,85506.05382445567
000014.SZ,20210924,7.56,7.55,7.64,7.5,7.52,-0.04,-0.5291,19580.69,14828.972,41.08,41.02,41.51,40.75,40.86,5.433595,7.5733,-1,8.32,6.8,6.17,1,1,-0.005291005291005346,0,0.8102694851823051,0.9666666666666667,1.0,49.99999999958049,56.55283398821752,57.19095871072019,22.542702335316392,30846.53714554012,0.5728643216080395,31.532698797111298,11.003114762329213,7.386946000743754,2.468659877855463,138.76,5.0,0.02725357353772853,-545.0204716223143,0.0,0.03600000000000012,30.4347826086956,55517.21325261827,81221.93374276461
000014.SZ,20210927,7.52,7.52,7.52,7.27,7.37,-0.15,-1.9947,13726.0,10140.934,40.86,40.86,40.86,39.5,40.05,5.433595,7.3881,-1,8.27,6.77,6.04,1,1,-0.019946808510638236,0,0.5780114116616981,0.9666666666666667,1.0,49.999999999565205,56.566490175471664,50.73514400090843,0.0,30846.53714554012,0.5377358490566033,34.03648534400546,2.021544738979388,7.386122735423267,2.621413885039122,139.27,3.0,-0.0009736931624877709,-2003.8095118880437,0.0,0.027500000000000125,22.25705329153599,12156.652953180019,71355.46505853823
000014.SZ,20210928,7.37,7.39,7.47,7.18,7.18,-0.19,-2.578,14605.34,10684.638,40.05,40.15,40.59,39.01,39.01,5.433595,7.3156,-1,8.11,6.63,5.89,1,1,-0.02578018995929454,0,0.6160387793816346,0.9666666666666667,1.0,49.999999999565944,56.30420019787759,43.965271832624545,0.0,30051.307558341658,0.5158371040723978,36.08795734425193,-7.91312773405574,7.377084069705157,2.945972685060523,139.69000000000003,3.0,-0.0444510661331963,-2740.183505662763,0.0,0.02300000000000013,22.6415094339622,-34100.66432241289,56290.30371840236
000014.SZ,20210929,7.18,7.18,7.19,6.99,7.01,-0.17,-2.3677,15279.0,10800.21,39.01,39.01,39.07,37.98,38.09,5.433595,7.0687,-1,7.9,6.46,5.75,1,1,-0.0236768802228412,0,0.6421531223135265,0.9666666666666667,1.0,49.99999999958876,56.29518079478611,38.95649736890582,0.0,29339.78634874304,0.4506437768240342,32.344363732798016,-15.649233641430808,7.362339392277704,3.522940762439398,140.06,1.0,-0.0925537350125673,-3005.166403944577,0.0,0.012000000000000099,15.727002967358999,-86593.38069039537,35878.34880285984
000014.SZ,20210930,7.01,7.0,7.22,6.98,7.16,0.15,2.1398,16271.02,11615.759,38.09,38.04,39.23,37.93,38.9,5.433595,7.1389,-1,7.71,6.31,5.87,1,1,0.021398002853067144,1,0.6840978186783113,0.9666666666666667,1.0,49.9999999996119,55.86875731489413,44.91927214335287,25.91549224777371,29967.599180741825,0.4100418410041838,30.414394800222812,-7.278632551171958,7.353405494591631,3.8480665547731734,140.13,1.0,-0.09997957484497308,-2913.3162895198984,0.0,0.014500000000000091,14.199395770392684,-48253.860901657376,23859.461702214525
000014.SZ,20211008,7.16,7.32,7.45,7.24,7.42,0.26,3.6313,17710.01,12999.326,38.9,39.77,40.48,39.34,40.32,5.433595,7.3401,-1,7.88,6.44,6.08,1,1,0.03631284916201105,1,0.7526058164880329,0.9666666666666667,1.0,49.99999999962971,53.809987774583064,53.41369701373766,62.83407633066277,31055.80808953971,0.4016393442622948,19.612040918654223,5.235940221404338,7.356742701920312,3.9330361344332023,140.29999999999998,1.0,-0.06725293176249378,-2538.935890988016,0.0,0.009000000000000074,13.677811550151915,6383.98014767548,21362.96433728038
000014.SZ,20211011,7.42,7.42,7.5,7.35,7.41,-0.01,-0.1348,7558.0,5611.754,40.32,40.32,40.75,39.94,40.26,5.433595,7.4249,-1,8.16,6.68,6.07,1,1,-0.0013477088948786742,0,0.3369202396386439,0.9666666666666667,1.0,49.99999999964125,56.258562763089124,53.07467105283068,61.360597121062135,31055.80808953971,0.41702127659574456,18.365550593111337,4.741261027942178,7.359399005044029,4.010443442206502,140.51,1.0,-0.045383330406603126,-3480.730957175819,0.0,0.010500000000000087,12.615384615384542,30986.329817235848,22737.730834416878
000014.SZ,20211012,7.41,7.34,7.41,7.13,7.19,-0.22,-2.969,15554.33,11251.342,40.26,39.88,40.26,38.74,39.07,5.433595,7.2336,-1,8.15,6.67,5.89,1,1,-0.029689608636977005,0,0.70375733926551,0.9666666666666667,1.0,49.99999999965254,52.57651116447805,46.13667603975109,31.206589502481474,30133.77330145621,0.3999999999999999,21.618826433033092,-5.541285106194788,7.351779380129387,4.275173972821659,140.73999999999998,-1.0,-0.05816513412328596,-2873.8062406135805,0.0,-0.0029999999999998916,4.373177842565532,3719.1296160258353,20020.78780321816
000014.SZ,20211013,7.19,7.2,7.25,7.04,7.11,-0.08,-1.1127,15150.5,10780.838,39.07,39.12,39.39,38.25,38.63,5.433595,7.1158,-1,7.91,6.47,5.83,1,1,-0.011126564673157202,0,0.6894232852834056,0.9666666666666667,1.0,49.99999999966207,47.580785909483275,43.889882926114026,21.441546930634175,30133.77330145621,0.4170212765957447,13.043625909524515,-8.96224595711236,7.341297926919454,4.605722898794026,140.76,-3.0,-0.07399420798321785,-2393.59715250503,0.0,-0.013999999999999924,-8.433734939759091,-41450.695621648265,11239.147313951533
000014.SZ,20211014,7.11,7.11,7.17,7.01,7.09,-0.02,-0.2813,13055.0,9246.353,38.63,38.63,38.96,38.09,38.52,5.433595,7.0826,-1,7.82,6.4,5.81,1,1,-0.002812939521800395,0,0.6132220875033395,0.9666666666666667,1.0,49.99999999966687,37.68233968907429,43.32188232885118,18.972895064362547,30133.77330145621,0.3813953488372091,3.552636439210637,-9.821703645992722,7.3305066798114105,4.82722423609913,140.45000000000002,-5.0,-0.08307669809986089,-2228.4456819435,0.0,-0.019999999999999973,-24.092409240924127,-83568.44634410273,-2304.7946371990747
000014.SZ,20211015,7.09,7.09,7.18,7.02,7.07,-0.02,-0.2821,18839.0,13345.228,38.52,38.52,39.01,38.14,38.42,5.433595,7.0838,-1,7.8,6.38,5.8,1,1,-0.0028208744710859213,0,0.9889494518427838,0.9666666666666667,1.0,49.999999999666386,41.766793752872665,42.72640476388932,18.760348866643078,30048.76970963264,0.422680412371134,2.4189351187478274,-10.709037124145416,7.319430064441908,5.011929460443699,139.92999999999998,-5.0,-0.08726509248957809,-1258.6420927868835,0.0,-0.014499999999999957,-14.391143911439158,-144212.81267167287,-22577.3686421239
000014.SZ,20211018,7.07,7.03,7.28,7.01,7.06,-0.01,-0.1414,11768.0,8306.972,38.42,38.2,39.56,38.09,38.36,5.433595,7.0589,-1,7.78,6.36,5.79,1,1,-0.0014144271570014633,0,0.6481265463777284,0.9666666666666667,1.0,49.999999999664446,46.27925943930186,42.41249372982786,17.198220173530316,30048.76970963264,0.43157894736842084,5.1549511414746085,-11.16907693369245,7.308456058682133,5.177969533949221,139.63,-5.0,-0.08669115186310061,-1473.2202878904682,0.0,-0.010999999999999987,-8.029197080291993,-113006.97985759453,-35495.88453004828
000014.SZ,20211019,7.06,7.15,7.15,7.01,7.07,0.01,0.1416,8166.0,5766.781,38.36,38.85,38.85,38.09,38.42,5.433595,7.0619,-1,7.77,6.35,5.8,1,1,0.0014164305949009304,1,0.46046793150429566,0.9666666666666667,1.0,49.999999999663416,47.44665061212006,42.86455833347187,19.447848290631452,30048.76970963264,0.4385026737967911,5.279260408298673,-10.569424840579074,7.298301171787756,5.311428422019162,139.19,-3.0,-0.08041206560264183,-1972.7727779143547,0.0,-0.012999999999999989,-8.029197080291993,-126217.66445849661,-48456.138805540904
000014.SZ,20211020,7.07,7.06,7.08,6.94,6.98,-0.09,-1.273,14293.23,9996.826,38.42,38.36,38.47,37.71,37.93,5.433595,6.9941,-1,7.78,6.36,5.72,1,1,-0.012729844413012725,0,0.8243715918726681,0.9666666666666667,1.0,49.99999999966327,43.33133133237179,39.83380094567126,4.81123933589223,29666.253546426567,0.4526315789473683,4.014442068406742,-14.917285294628918,7.285405015697469,5.547432097908295,138.95,-5.0,-0.08346652206364907,-1378.464461225124,0.0,-0.019999999999999973,-11.510791366906517,-160588.20264250762,-64475.005067964725
000014.SZ,20211021,6.98,7.0,7.18,6.94,6.96,-0.02,-0.2865,17990.0,12646.569,37.93,38.04,39.01,37.71,37.82,5.433595,7.0298,-1,7.68,6.28,5.71,1,1,-0.002865329512894088,0,1.0347706224421387,0.9666666666666667,1.0,49.9999999996658,48.30750954416161,39.17099020250948,1.483640254496548,29581.249954602994,0.4479166666666664,7.668480709648416,-15.874002709973013,7.272369291188551,5.79215579882627,146.13,-6.0,-0.08308623260496853,-436.7707655649974,0.0,-0.021999999999999974,-7.317073170731732,-117440.25516936887,-72041.46936816532
000014.SZ,20211022,6.96,7.0,7.15,6.97,7.03,0.07,1.0057,9843.01,6945.132,37.82,38.04,38.85,37.87,38.2,5.433595,7.0559,-1,7.66,6.26,5.76,1,1,0.010057471264367956,1,0.5618967647183992,0.9666666666666667,1.0,49.99999999966106,47.81035273726676,42.76089827429805,26.314922660366154,29581.249954602994,0.4455958549222794,6.110650482942469,-11.2646087801626,7.262127989344126,5.9870004707818945,145.79,-6.0,-0.06889649652983298,-837.3944830504506,0.0,-0.023999999999999976,-9.407665505226497,-77751.35484889269,-72857.16729398351
000014.SZ,20211025,7.03,6.96,7.0,6.84,6.92,-0.11,-1.5647,12659.01,8747.749,38.2,37.82,38.04,37.17,37.6,5.433595,6.9103,-1,7.73,6.33,5.67,1,1,-0.015647226173541973,0,0.7280672641828717,0.9666666666666667,1.0,49.999999999645325,39.06817496962846,38.87800153017698,0.0,29118.38544606724,0.4897959183673467,4.708214757377612,-16.74295941975791,7.2485639113000975,6.269454838120921,145.36,-8.0,-0.06961244618386653,-657.1819808887631,0.0,-0.03049999999999997,-20.279720279720316,-98855.38205672818,-76571.19797437561
000014.SZ,20211026,6.92,6.97,6.97,6.85,6.91,-0.01,-0.1445,7982.0,5502.0,37.6,37.87,37.87,37.22,37.55,5.433595,6.893,-1,7.61,6.23,5.66,1,1,-0.0014450867052022698,0,0.4955406309792981,0.9666666666666667,1.0,49.999999999628066,41.45673134892587,38.535422211112405,0.0,29118.38544606724,0.4804469273743016,-13.206801948951432,-17.231948765550882,7.235219970749324,6.499481733716451,144.53,-8.0,-0.06671126600837346,-1077.2345617262035,0.0,-0.022999999999999955,-28.20512820512827,-114403.5461047036,-81975.81913585104
000014.SZ,20211027,6.91,6.88,6.88,6.75,6.76,-0.15,-2.1708,9012.0,6123.247,37.55,37.38,37.38,36.68,36.73,5.433595,6.7945,-1,7.6,6.22,5.54,1,1,-0.02170767004341534,0,0.5892869438351084,0.9666666666666667,1.0,49.99999999961941,43.07440912848375,33.733699047837234,0.0,28486.293142607024,0.5219780219780215,-25.49184233148599,-24.256098374183573,7.218079487551677,6.897026674194958,144.31,-10.0,-0.07941192098936595,-1120.6304904924673,0.0,-0.04299999999999993,-23.13725490196083,-133134.34618902806,-89284.18014344777
000014.SZ,20211028,6.76,6.76,6.88,6.76,6.78,0.02,0.2959,6057.79,4130.711,36.73,36.73,37.38,36.73,36.84,5.433595,6.8188,-1,7.44,6.08,5.56,1,1,0.002958579881656931,1,0.4092781257141544,0.9666666666666667,1.0,49.99999999961439,35.37361398920898,34.89849919466501,6.022448853796205,28486.293142607024,0.4944444444444436,-32.272941505672264,-22.79351182640759,7.201973497658938,7.228097012410426,143.65,-10.0,-0.07934671313840691,-1431.642245648046,0.0,-0.046499999999999896,-38.325991189427384,-106279.42727755848,-91712.07259117787
000014.SZ,20211029,6.78,6.8,7.05,6.79,7.01,0.23,3.3923,11879.51,8255.522,36.84,36.95,38.31,36.89,38.09,5.433595,6.9494,-1,7.46,6.1,5.75,1,1,0.03392330383480813,1,0.8962288296341686,0.9666666666666667,1.0,49.99999999960814,41.60246055535737,46.53694488937833,100.0,29452.642320011095,0.38693467336683357,-22.008885878681827,-7.479044553461761,7.193515606504739,7.314285303642762,142.79,-8.0,-0.044299262070689405,-770.7049629525363,0.0,-0.034499999999999885,-33.050847457627206,-70189.74059331568,-88637.45373434042
000014.SZ,20211101,7.01,7.01,7.01,6.85,6.94,-0.07,-0.9986,10913.0,7538.245,38.09,38.09,38.09,37.22,37.71,5.433595,6.9076,-1,7.71,6.31,5.69,1,1,-0.00998573466476449,0,0.8479450657782914,0.9666666666666667,1.0,49.99999999960008,42.24302510306178,43.96105677557047,79.8809759205732,29452.642320011095,0.3926701570680624,-24.807742308608603,-11.033708586562168,7.1827754430160935,7.39410589252087,142.27999999999997,-8.0,-0.02735249528303582,-399.87764522567795,0.0,-0.03049999999999988,-22.37442922374437,-91144.15323528188,-88995.55366304635
000014.SZ,20211102,6.94,6.87,6.93,6.77,6.82,-0.12,-1.7291,7883.0,5393.41,37.71,37.33,37.65,36.79,37.06,5.433595,6.8418,-1,7.63,6.25,5.59,1,1,-0.01729106628242072,0,0.619280537107831,0.9666666666666667,1.0,49.99999999959054,43.60962788603745,39.885286210828134,48.04709086372153,29452.642320011095,0.40760869565217356,-29.4844404675713,-16.80179810648903,7.168402936087493,7.460687605167722,141.75,-8.0,-0.028958688763986606,-492.78783411732184,0.0,-0.022499999999999874,-22.0183486238533,-105521.18023624487,-91356.35745921757
000014.SZ,20211103,6.82,6.8,6.94,6.8,6.89,0.07,1.0264,9426.01,6494.186,37.06,36.95,37.71,36.95,37.44,5.433595,6.8896,-1,7.5,6.14,5.65,1,1,0.01026392961876832,1,0.7605809990268432,0.9666666666666667,1.0,49.99999999958048,48.91738566036269,43.19384226822579,73.88863212869352,29754.942167870446,0.43103448275862044,-30.47652997117433,-12.329868646215148,7.156780258956031,7.361920197000484,141.35999999999999,-6.0,-0.017792604034203685,-286.68840965618256,0.0,-0.009499999999999887,-8.808290155440517,-72367.54063814285,-88643.6693419212
000014.SZ,20211104,6.89,6.93,6.95,6.82,6.92,0.03,0.4354,6671.51,4586.637,37.44,37.65,37.76,37.06,37.6,5.433595,6.875,-1,7.58,6.2,5.67,1,1,0.004354136429608246,1,0.5513407232630728,1.0,1.0,49.999999999570264,46.54773815981707,44.60107822648848,84.8798758779685,29754.942167870446,0.4629629629629627,-34.307008111110584,-10.422638315388369,7.146680187100659,7.349093054687524,141.2,-6.0,-0.004271307536442948,-451.840300707142,0.0,-0.017999999999999884,-9.375000000000036,-43674.23311049302,-82219.46416600289
000014.SZ,20211105,6.92,6.93,6.94,6.82,6.9,-0.02,-0.289,7355.0,5074.884,37.6,37.65,37.71,37.06,37.49,5.433595,6.8999,-1,7.61,6.23,5.66,1,1,-0.0028901734104045396,0,0.6329307001981964,1.0,1.0,49.99999999955582,40.00019162381957,43.82168962252091,78.79244606826516,29668.94522518874,0.5434782608695649,-37.046672532060676,-11.47738282825252,7.1362817224499135,7.464349583816124,140.98000000000002,-8.0,0.003645350156263827,-401.18897345826736,0.0,-0.024499999999999834,-26.946107784431163,-53836.7946826109,-78164.79709694689
000014.SZ,20211108,6.9,6.89,6.99,6.89,6.98,0.08,1.1594,7168.7,4990.491,37.49,37.44,37.98,37.44,37.93,5.433595,6.9615,-1,7.59,6.21,5.72,1,1,0.011594202898550732,1,0.645666248903992,1.0,1.0,49.99999999954396,39.736673892468346,47.7544936907468,100.0,29668.94522518874,0.4551724137931032,-37.803008766957426,-6.211664680524833,7.129302006931133,7.445389182485381,140.37,-6.0,0.020389348821100967,-328.033136855116,0.0,-0.019499999999999806,-30.061349693251564,-29817.41587778469,-71258.02835135229
000014.SZ,20211109,6.98,6.93,7.03,6.91,7.01,0.03,0.4298,8929.92,6243.387,37.93,37.65,38.2,37.55,38.09,5.433595,6.9915,-1,7.68,6.28,5.75,1,1,0.004297994269340855,1,0.8057073099871609,1.0,1.0,49.9999999995361,45.7515644791843,49.19094434507157,100.0,29796.46218174399,0.4206349206349206,-44.66938460508686,-4.267524525264541,7.123863399096551,7.303374017762753,139.87,-4.0,0.03536016788302543,4.713147537003351,0.0,-0.00799999999999983,-15.862068965517267,87.10674503358314,-61065.86619472574
000014.SZ,20211110,7.01,6.96,7.06,6.95,7.04,0.03,0.428,11356.01,7954.592,38.09,37.82,38.36,37.76,38.25,5.433595,7.0047,-1,7.71,6.31,5.77,1,1,0.004279600570613384,1,1.0561657691451152,1.0,1.0,49.99999999952648,52.66366718811705,50.65209557354986,100.0,29923.979138299244,0.4380165289256197,-47.80809170219465,-2.296497790506717,7.119961614430396,7.101307470155811,139.57000000000002,-2.0,0.048354204273478196,567.5727435038443,0.0,0.000500000000000167,-2.2556390977443783,39283.83091499817,-46730.195179050905
000014.SZ,20211111,7.04,7.06,7.27,7.06,7.17,0.13,1.8466,19719.25,14156.74,38.25,38.36,39.5,38.36,38.96,5.433595,7.1791,-1,7.74,6.34,5.88,1,1,0.01846590909090917,1,1.866931568959094,1.0,1.0,49.99999999952295,60.986387411338185,56.491101474796736,100.0,30476.55261670534,0.4015151515151516,-38.8355596581378,5.823991950808898,7.122483167626468,6.952636721459245,139.44,0.0,0.0720813864738292,2001.6533474075686,0.0,0.007000000000000206,17.80821917808219,95690.02466050029,-26384.449487686452
000014.SZ,20211112,7.17,7.15,7.24,7.04,7.16,-0.01,-0.1395,16202.0,11563.576,38.96,38.85,39.34,38.25,38.9,5.433595,7.1371,-1,7.89,6.45,5.87,1,1,-0.001394700139469962,0,1.4870226254227912,1.0,1.0,49.99999999952715,56.2950877116931,55.94275459410469,97.59046805780238,30476.55261670534,0.4045801526717558,-31.980489269408096,5.148133007830441,7.124361655664776,6.787980152793113,139.5,0.0,0.0832588445046962,2385.689119278127,0.0,0.008500000000000174,14.86486486486492,53591.778413131724,-14959.27407328386
000014.SZ,20211115,7.16,7.17,7.25,7.12,7.23,0.07,0.9777,15562.8,11198.993,38.9,38.96,39.39,38.69,39.28,5.433595,7.196,-1,7.88,6.44,5.93,1,1,0.009776536312849249,1,1.4458533145635382,1.0,1.0,49.99999999954011,57.101698748453465,58.94679084881459,100.0,30476.55261670534,0.3795620437956201,-37.82843999656632,9.411187893122067,7.129865473160385,6.6123812618357825,139.34,2.0,0.09600550019750641,2453.348730051431,0.0,0.010000000000000231,13.698630136986338,91195.5922636549,205.70683199310406
000014.SZ,20211116,7.23,7.23,7.31,7.13,7.17,-0.06,-0.8299,10218.79,7392.472,39.28,39.28,39.72,38.74,38.96,5.433595,7.2342,-1,7.95,6.51,5.88,1,1,-0.008298755186722073,0,0.932925700604488,1.0,1.0,49.9999999995473,61.26948742612333,55.456374780550235,85.48580448681446,30476.55261670534,0.39436619718309834,-31.480521408577687,5.147328370759618,7.131875015194962,6.441627527309514,139.64,0.0,0.09225608928268655,1713.071419845629,0.0,0.01100000000000021,28.05755395683456,113113.21628863018,16335.351040084113
000014.SZ,20211117,7.17,7.17,7.27,7.15,7.25,0.08,1.1158,9046.24,6535.623,38.96,38.96,39.5,38.85,39.39,5.433595,7.2247,-1,7.89,6.45,5.94,1,1,0.01115760111576014,1,0.8182105722917257,1.0,1.0,49.999999999554205,66.98752369885852,58.94686762792589,100.0,30476.55261670534,0.39716312056737557,-30.410034976117426,10.066347569035381,7.138066246449313,6.193686699417678,139.71,2.0,0.0960224892958675,1033.722687293693,0.0,0.019000000000000173,30.88235294117652,135856.61219212227,33409.81691894671
000014.SZ,20211118,7.25,7.26,7.31,7.15,7.16,-0.09,-1.2414,8145.02,5872.531,39.39,39.45,39.72,38.85,38.9,5.433595,7.21,-1,7.98,6.53,5.87,1,1,-0.012413793103448256,0,0.7546032887930106,1.0,1.0,49.99999999955581,61.38603589723172,53.83582211673726,73.18666589434102,30476.55261670534,0.37837837837837823,-32.29543212912427,3.6979794270446913,7.139149334984769,5.92399028289206,139.84,2.0,0.08238535270642877,460.4506203057781,0.0,0.01600000000000019,27.692307692307757,109912.1229324752,44338.71777802221
000014.SZ,20211119,7.16,7.12,7.25,7.1,7.22,0.06,0.838,8833.24,6346.745,38.9,38.69,39.39,38.58,39.23,5.433595,7.1851,-1,7.88,6.44,5.92,1,1,0.008379888268156277,1,0.8574688697895658,1.0,1.0,49.99999999954922,56.821251927991675,56.54115446578862,87.3792572111598,30731.942722431915,0.380952380952381,-31.18045575766681,7.455566415387903,7.143286408320137,5.698227027462759,139.98,2.0,0.07751242403295668,185.53645633899077,0.0,0.019500000000000163,24.812030075187998,76408.8449169237,48920.164512151
000014.SZ,20211122,7.22,7.27,7.27,7.09,7.15,-0.07,-0.9695,10736.0,7663.234,39.23,39.5,39.5,38.52,38.85,5.433595,7.1379,-1,7.94,6.5,5.86,1,1,-0.00969529085872567,0,1.047308370662879,1.0,1.0,49.99999999953578,57.24323157205498,52.66360308135036,60.11391841817522,30433.98759908424,0.3916083916083919,-26.640008425199316,2.5419807678790263,7.143614229743432,5.3834551891165034,140.22,2.0,0.06161891897737057,266.63403629405275,0.0,0.015500000000000203,41.66666666666676,38008.891730584655,47361.41125764152
000014.SZ,20211123,7.15,7.14,7.2,7.12,7.15,0.0,0.0,8505.0,6089.505,38.85,38.8,39.12,38.69,38.85,5.433595,7.1599,-1,7.87,6.44,5.86,1,1,0.0,0,0.8375275772326227,0.9666666666666667,1.0,49.99999999948692,57.0155683475714,52.66360308135036,58.45824396691262,30433.98759908424,0.39436619718309884,-27.810262615149504,2.5419807678790347,7.143926043805735,5.037909735838371,133.25,3.0,0.04844512490120445,38.40008622802179,0.0,0.019000000000000218,37.096774193548555,3229.084735602897,41056.79318306458
000014.SZ,20211124,7.15,7.18,7.21,7.13,7.14,-0.01,-0.1399,8833.02,6325.206,38.85,39.01,39.18,38.74,38.8,5.433595,7.1609,-1,7.87,6.44,5.85,1,1,-0.0013986013986014845,0,0.8675951016593149,0.9666666666666667,1.0,49.99999999945559,61.33413927957686,52.071948750588085,54.54652583340802,30391.422581463143,0.4296875000000004,-29.63025492364863,1.805105600759013,7.143735714613241,4.460570387150104,133.55,3.0,0.03627981551607133,-45.218638745151566,0.0,0.02300000000000022,49.565217391304515,22753.07512410358,38441.976317498724
000014.SZ,20211125,7.14,7.14,7.35,7.11,7.35,0.21,2.9412,21210.01,15368.177,38.8,38.8,39.94,38.63,39.94,5.433595,7.2457,-1,7.85,6.43,6.03,1,1,0.02941176470588225,1,2.08511809838892,0.9666666666666667,1.0,49.99999999944048,64.15004239899643,61.782140685685704,100.0,31285.287951506172,0.3945578231292523,-17.830325953365424,15.2652430878781,7.155057192230123,3.8800759588263616,133.9,3.0,0.053381413459431065,1504.1653854866045,0.0,0.032500000000000195,54.68750000000015,57889.65072198486,41220.2155181396
000014.SZ,20211126,7.35,7.36,7.42,7.22,7.42,0.07,0.9524,20818.0,15217.321,39.94,39.99,40.32,39.23,40.32,5.433595,7.3097,-1,8.09,6.62,6.08,1,1,0.00952380952380949,1,1.9047180748714867,0.9666666666666667,1.0,49.9999999994434,65.70901652286733,64.37320518857625,100.0,31285.287951506172,0.496183206106871,-19.291832871940798,19.153687924674188,7.170090007770551,3.6780936779462383,134.34,3.0,0.06993983499066092,2362.6588298631796,0.0,0.02500000000000018,52.45901639344277,112837.09230992678,51451.19791696635
000014.SZ,20211129,7.42,7.42,7.42,7.18,7.18,-0.24,-3.2345,35614.0,25951.449,40.32,40.32,40.32,39.01,39.01,5.433595,7.2869,-1,8.16,6.68,5.89,1,1,-0.03234501347708896,0,3.1304536160369514,0.9666666666666667,1.0,49.999999999446615,59.04926711032804,51.48504681324375,6.070582212838686,30273.364891080095,0.4391891891891896,-12.061255812064704,2.2237368329066305,7.170572406074208,3.458189303450361,134.75,3.0,0.04556342565341369,4676.253453702549,0.0,0.016500000000000136,45.000000000000135,33706.20724221128,48916.1992491442
000014.SZ,20211130,7.18,7.16,7.28,7.15,7.18,0.0,0.0,13945.01,10024.737,39.01,38.9,39.56,38.85,39.01,5.433595,7.1888,-1,7.9,6.46,5.89,1,1,0.0,0,1.1057221895012208,0.9333333333333333,1.0,49.99999999938835,57.56493221204258,51.48504681324375,0.0,30273.364891080095,0.45588235294117674,-12.898510047138581,2.2237368329066247,7.1710313222077495,3.0352592194591383,127.81,4.0,0.027336339393711245,3115.7157802205707,0.0,0.020000000000000108,38.095238095238244,-15063.035297669136,39776.30859959944
000014.SZ,20211201,7.18,7.16,7.24,7.16,7.2,0.02,0.2786,13121.01,9444.981,39.01,38.9,39.34,38.9,39.12,5.433595,7.1984,-1,7.9,6.46,5.9,1,1,0.0027855153203342198,1,1.0159688013183967,0.9333333333333333,1.0,49.999999999397176,53.210836781305865,52.40597608225174,7.145545873882334,30273.364891080095,0.45801526717557206,-15.951114792968628,3.4899081959559637,7.172458924972168,2.664831586303259,128.17000000000002,4.0,0.01640942519304775,1862.2087824001221,0.0,0.017500000000000116,32.28346456692924,-62550.55351715602,25158.185440062953
000014.SZ,20211202,7.2,7.2,7.25,7.18,7.21,0.01,0.1389,9166.01,6611.207,39.12,39.12,39.39,39.01,39.18,5.433595,7.2127,-1,7.92,6.48,5.91,1,1,0.001388888888888884,1,0.6997207112791444,0.9333333333333333,1.0,49.999999999403634,53.70575575643452,52.88752593938148,10.88192032790373,30273.364891080095,0.46511627906976716,-19.11702552144577,4.143231626930803,7.1743206625303335,2.2872312300458324,128.53,4.0,0.00931717063376955,462.98301073213315,0.0,0.018500000000000093,32.283464566929204,-35334.96789260174,16516.306392539427
000014.SZ,20211203,7.21,7.22,7.37,7.18,7.37,0.16,2.2191,19764.48,14406.572,39.18,39.23,40.05,39.01,40.05,5.433595,7.2891,-1,7.93,6.49,6.04,1,1,0.02219140083217752,1,1.4945632272646963,0.9333333333333333,1.0,49.999999999416886,58.42137720820827,59.8816943131837,65.15009557929433,30945.173265916823,0.3706293706293706,-12.41151477542391,13.953585251644604,7.184938930180017,1.6987135375809272,128.77,6.0,0.02412425758015925,902.2549414676882,0.0,0.02750000000000008,39.13043478260875,5900.045526591319,14999.697697403983
000014.SZ,20211206,7.37,7.37,7.48,7.26,7.26,-0.11,-1.4925,29228.0,21476.26,40.05,40.05,40.64,39.45,39.45,5.433595,7.3478,-1,8.11,6.63,5.95,1,1,-0.014925373134328401,0,2.1111288916490256,0.9333333333333333,1.0,49.9999999994257,61.589092516450194,53.9515964836365,19.138108010168807,30483.305008216572,0.39041095890410954,-3.5086707914022086,6.095648182348937,7.188731145825641,1.640605175041598,129.36,4.0,0.01736469303187302,2323.9181173601487,0.0,0.017500000000000026,40.845070422535315,82060.83944686483,24579.86080446982
000014.SZ,20211207,7.26,7.26,7.38,7.13,7.16,-0.1,-1.3774,25902.01,18743.806,39.45,39.45,40.1,38.74,38.9,5.433595,7.2364,-1,7.99,6.53,5.87,1,1,-0.01377410468319551,0,1.7328436121954758,0.9333333333333333,1.0,49.99999999943283,55.49467080825963,49.18315797061759,0.0,30483.305008216572,0.3464052287581698,4.434721959085685,-0.47199516316962276,7.1873694536253065,1.7906963429460165,129.83,2.0,-0.0013213076861173095,2649.1091821534837,0.0,0.00850000000000004,27.15231788079477,23123.590729571137,24371.822222341438
000014.SZ,20211208,7.16,7.17,7.23,7.1,7.19,0.03,0.419,8107.0,5814.774,38.9,38.96,39.28,38.58,39.07,5.433595,7.1725,-1,7.88,6.44,5.89,1,1,0.0041899441340782495,1,0.5132216130428053,0.9333333333333333,1.0,49.999999999436184,52.500590641542836,50.59393408495241,9.287503153162715,30483.305008216572,0.28758169934640526,5.266865391040396,1.454406519037142,7.187496539587814,1.9136726923324203,129.98,2.0,-0.009907412386941372,417.20975298748544,0.0,0.00550000000000006,13.580246913580325,-5763.262680274136,20066.810093396358
000014.SZ,20211209,7.19,7.19,7.28,7.16,7.25,0.06,0.8345,9406.0,6794.926,39.07,39.07,39.56,38.9,39.39,5.433595,7.224,-1,7.91,6.47,5.94,1,1,0.008344923504867818,1,0.6016434409335465,0.9333333333333333,1.0,49.99999999943526,50.90968359513817,53.381489427882926,27.638699189175618,30737.685856685694,0.3013698630136987,-0.5087362007645277,5.27789303094903,7.190629983692261,1.9810606520800285,130.1,2.0,-0.007861359309470656,-864.3052857989906,0.0,0.0030000000000000248,4.761904761904859,16163.34358225299,19509.172020375878
000014.SZ,20211210,7.25,7.22,7.35,7.21,7.33,0.08,1.1034,10293.6,7519.417,39.39,39.23,39.94,39.18,39.83,5.433595,7.3049,-1,7.98,6.53,6.01,1,1,0.011034482758620623,1,0.6808755179690258,0.9333333333333333,1.0,49.99999999942352,55.36994496113331,56.87525071429022,50.63903115836621,31076.86032131119,0.25490196078431393,-4.104375578933712,10.169604108738552,7.197941573940477,1.9992972873553108,130.07,4.0,0.0033120909818084854,-1533.4979119763398,0.0,0.008000000000000052,11.258278145695378,43382.84761720152,22919.697105636682
000014.SZ,20211213,7.33,7.33,7.55,7.29,7.44,0.11,1.5007,27729.1,20542.201,39.83,39.83,41.02,39.61,40.43,5.433595,7.4082,-1,8.06,6.6,6.1,1,1,0.01500682128240105,1,1.8707107352867165,0.9333333333333333,1.0,49.999999999427104,57.238655594846655,61.182944326329746,78.99768962880661,31543.225210171247,0.2929936305732482,3.925529510228474,16.41709996525207,7.211360497742383,1.9992972873553108,130.23999999999998,4.0,0.02344219719585998,331.7732607786552,0.0,0.010500000000000042,17.791411042944837,111066.11898291393,35512.04308810487
000014.SZ,20211214,7.44,7.54,7.54,7.35,7.41,-0.03,-0.4032,23059.28,17022.371,40.43,40.97,40.97,39.94,40.26,5.433595,7.382,-1,8.18,6.7,6.07,1,1,-0.0040322580645161255,0,1.4943402848679972,0.9333333333333333,1.0,49.99999999943432,59.02583971465674,59.439115649863275,67.51761552867607,31543.225210171247,0.2987012987012985,4.068712159502139,14.13823403215933,7.22215686059796,1.9927078378305132,130.47,4.0,0.030208533013655753,865.640705835076,0.0,0.007000000000000073,17.791411042944837,177544.68076744274,55802.41989943885
000014.SZ,20211215,7.41,7.5,7.62,7.42,7.57,0.16,2.1592,41949.0,31677.112,40.26,40.75,41.4,40.32,41.13,5.433595,7.5513,-1,8.15,6.67,6.21,1,1,0.021592442645074206,1,2.609888328024308,0.9333333333333333,1.0,49.99999999945827,62.99250437791125,65.14498843668498,100.0,32224.32049136253,0.32716049382716045,8.047916069576296,22.639725519654526,7.242470854474227,1.9927078378305132,130.73,4.0,0.052425874835344166,3542.080510870438,0.0,0.006500000000000084,24.55089820359288,306359.5425767306,91596.29456762338
000014.SZ,20211216,7.57,7.53,7.72,7.51,7.62,0.05,0.6605,24636.0,18729.829,41.13,40.91,41.95,40.81,41.4,5.433595,7.6026,-1,8.33,6.81,6.25,1,1,0.006605019815059343,1,1.3904315945159222,0.9333333333333333,1.0,49.99999999949054,66.9053122273024,66.72051583709413,100.0,32224.32049136253,0.39873417721518956,9.842933968599413,25.079895600828824,7.2649571907164345,1.9732798578365789,130.93,6.0,0.06900356290053157,2792.3206189656867,0.0,0.01600000000000006,27.16763005780352,365487.5484974326,130723.61655759613
000014.SZ,20211217,7.62,7.62,7.69,7.56,7.66,0.04,0.5249,13880.02,10607.873,41.4,41.4,41.78,41.08,41.62,5.433595,7.6425,-1,8.38,6.86,6.28,1,1,0.005249343832020914,1,0.7485400591178613,0.9333333333333333,1.0,49.999999999528356,69.7136178358965,67.96795691089244,100.0,32224.32049136253,0.4038461538461534,8.019265461950418,27.018465513888568,7.288851348548574,1.9711093730994433,131.39000000000001,6.0,0.07974376909349531,764.9319184827282,0.0,0.013000000000000077,33.72093023255817,384537.0012437431,166982.67151276
000014.SZ,20211220,7.66,7.68,8.18,7.61,7.86,0.2,2.611,79355.21,62792.512,41.62,41.73,44.45,41.35,42.71,5.433595,7.9128,-1,8.43,6.89,6.44,1,1,0.026109660574412663,1,4.222116077690881,0.9333333333333333,1.0,49.99999999957455,77.05710216868039,73.34740417976546,100.0,33065.6865616331,0.6390532544378691,23.68967387681933,35.76615595851605,7.325776423257361,1.946830066891577,131.73,8.0,0.10650203562516658,7771.076222748759,0.0,0.02800000000000007,47.945205479452085,587871.3538857535,227109.62613747336
000014.SZ,20211221,7.86,8.0,8.65,7.91,8.65,0.79,10.0509,208734.85,174347.963,42.71,43.47,47.0,42.98,47.0,5.433595,8.3526,-1,8.65,7.07,7.09,1,1,0.10050890585241734,1,9.391434516051588,0.9333333333333333,1.0,49.99999999965868,86.03660243756427,84.45358963152117,100.0,36389.08253920182,0.6249999999999998,41.45826304106572,57.13091897360838,7.424860455419308,1.9222441202890028,139.59,9.0,0.2169595031307188,28210.743902707323,0.0,0.06000000000000005,61.38996138996142,1179344.0132838842,363143.110015532
000014.SZ,20211222,8.65,8.66,8.7,7.92,8.05,-0.6,-6.9364,177262.67,144988.364,47.0,47.05,47.27,43.03,43.74,5.433595,8.1793,-1,9.52,7.79,6.6,1,1,-0.06936416184971095,0,5.498634427605384,0.9333333333333333,1.0,49.99999999970971,66.29786749210943,62.98618454437415,39.13483879772551,36389.08253920182,0.5211726384364818,53.053755263357694,24.12487074149714,7.461810629308107,2.4465516267570386,141.07999999999998,9.0,0.19618004530763095,35404.12989098203,0.0,0.031500000000000083,61.97718631178708,696356.0516474727,410744.958820095
000014.SZ,20211223,8.05,7.68,7.97,7.66,7.78,-0.27,-3.354,85387.36,66530.062,43.74,41.73,43.31,41.62,42.27,5.433595,7.7916,-1,8.86,7.25,6.38,1,1,-0.03354037267080756,0,2.1000818439913385,0.9333333333333333,1.0,49.99999999974068,59.15354704599114,56.07818098194721,19.549017935532063,36389.08253920182,0.5111821086261977,50.14592407220065,12.892160110969527,7.478915908061325,3.323189039558606,142.02,7.0,0.13590564279906903,26127.647496728227,0.0,0.026000000000000113,23.60248447204969,321707.7058399706,398025.35125150584
000014.SZ,20211224,7.78,7.8,7.83,7.58,7.63,-0.15,-1.928,43709.57,33507.035,42.27,42.38,42.55,41.19,41.46,5.433595,7.6658,-1,8.56,7.0,6.26,1,1,-0.019280205655527016,0,0.9963900622118473,0.9333333333333333,1.0,49.99999999976092,55.472543052510765,52.62505821312654,9.758599712076146,36389.08253920182,0.4984423676012457,47.78287067230871,7.218052527165093,7.486629690016325,4.242173916061268,142.63,5.0,0.06904274074951977,13361.885928402131,0.0,0.014500000000000134,15.6923076923077,119570.50858129724,358246.0880129046
000014.SZ,20211227,7.63,7.63,7.76,7.6,7.63,0.0,0.0,33383.0,25572.743,41.46,41.46,42.16,41.3,41.46,5.433595,7.6604,-1,8.39,6.87,6.26,1,1,0.0,0,0.7416382854819311,0.9,0.0,49.99999999973575,55.49392154637652,52.62505821312654,5.998655613553526,36389.08253920182,0.5387205387205384,42.64579105691083,7.218052527165093,7.493949635457595,4.9422053505659,135.20999999999998,6.0,0.02054329541249139,3049.3828837756737,0.0,0.026500000000000145,14.634146341463413,-32492.569926963828,302426.2797357806
000014.SZ,20211228,7.63,7.63,7.67,7.54,7.58,-0.05,-0.6553,17868.22,13557.567,41.46,41.46,41.68,40.97,41.19,5.433595,7.5875,-1,8.39,6.87,6.21,1,1,-0.006553079947575369,0,0.3979474024151689,0.9,1.0,49.99999999975362,55.21910278042217,51.40145220119736,0.0,36389.08253920182,0.5298013245033109,40.72447813029201,5.263960451681012,7.498262969824283,5.6172116994130254,142.88,5.0,-0.020332458657798813,-5854.015839118514,0.0,0.023000000000000177,16.40866873065015,-110206.41259125358,243478.75226049003
000014.SZ,20211229,7.58,7.57,7.65,7.45,7.57,-0.01,-0.1319,24295.22,18424.344,41.19,41.13,41.57,40.48,41.13,5.433595,7.5835,-1,8.34,6.82,6.21,1,1,-0.0013192612137202797,0,0.5387310823699062,0.9,0.0,49.99999999976782,54.53702445843458,51.14531682508624,0.0,36341.07583400499,0.5315614617940198,42.096063359139805,4.861614127659811,7.501845094003784,6.237624938337857,143.36999999999998,3.0,-0.049135301273663334,-10593.595633369827,0.0,0.021000000000000175,14.634146341463413,-204279.52164428373,179513.2845598081
000014.SZ,20211230,7.57,7.52,7.62,7.52,7.57,0.0,0.0,21820.01,16507.584,41.13,40.86,41.4,40.86,41.13,5.433595,7.5653,-1,8.33,6.81,6.21,1,1,0.0,0,0.4779238489367075,0.8666666666666667,1.0,49.999999999743395,55.1527759672657,51.145316825086255,4.266464009642843e-14,36341.07583400499,0.5333333333333331,41.638400519223055,4.861614127659816,7.5052483480292524,6.804550927940127,136.19,2.0,-0.06747284170968715,-13587.009327842356,0.0,0.02300000000000022,15.915915915915917,-131030.01066427142,135149.9566706539
000014.SZ,20211231,7.57,7.57,8.1,7.55,7.92,0.35,4.6235,79409.0,62436.95,41.13,41.13,44.01,41.02,43.03,5.433595,7.8627,-1,8.33,6.81,6.49,1,1,0.04623513870541607,1,1.7155221822771214,0.8666666666666667,1.0,49.99999999975984,57.911934252764105,59.36463436751874,24.67650481367675,38021.31051589425,0.5015673981191221,46.09184388127565,17.143566308621104,7.5283842945265125,7.059766563466888,136.56,2.0,-0.03346350038800516,-7631.758858805195,0.0,0.03300000000000018,24.119241192411913,-6393.774939216091,114929.42358352961
000014.SZ,20220104,7.92,7.78,8.3,7.77,8.18,0.26,3.2828,92614.91,74688.13,43.03,42.27,45.1,42.22,44.45,5.433595,8.0644,-1,8.71,7.13,6.71,1,1,0.03282828282828287,1,1.8797135972502634,0.8666666666666667,1.0,49.9999999997748,60.61226946422874,64.18504420814713,39.14861469653181,39269.48485101199,0.47904191616766456,48.15106476391036,24.74075922140812,7.567090503012873,7.147305458044837,136.85,4.0,0.020162117021106152,-2027.2977617655015,0.0,0.05850000000000018,26.315789473684198,231302.40292778076,131554.13491842264
000014.SZ,20220105,8.18,8.17,8.27,8.03,8.19,0.01,0.1222,60592.01,49357.39,44.45,44.39,44.94,43.63,44.5,5.433595,8.1459,-1,9.0,7.36,6.71,1,1,0.0012224938875304847,1,1.1554518062860728,0.9,1.0,49.99999999977794,64.18170786278401,64.36016062646605,39.67435921452762,39269.48485101199,0.4923076923076922,44.13595199211288,25.019102411082976,7.604174115487476,7.203059944454407,137.5,6.0,0.05131690732277966,-2704.6731200408103,0.0,0.06450000000000014,35.368956743002535,423668.4142825359,173284.7462561531
000014.SZ,20220106,8.19,8.13,8.45,8.13,8.34,0.15,1.8315,64770.1,53922.357,44.5,44.18,45.91,44.18,45.32,5.433595,8.3252,-1,9.01,7.37,6.84,1,1,0.01831501831501825,1,1.1955805526322145,0.9,1.0,49.99999999978458,66.70537811545302,66.9690710992066,47.506979320354674,39988.70618527961,0.45697329376854573,45.684333145687525,29.15615052980703,7.649429562489298,7.214280464869069,138.53,6.0,0.08450621719412449,-2657.183017008414,0.0,0.07400000000000007,43.434343434343404,608289.6341727569,235428.3016728108
000014.SZ,20220107,8.34,8.35,8.5,8.18,8.24,-0.1,-1.199,47175.47,39418.827,45.32,45.37,46.19,44.45,44.77,5.433595,8.3558,-1,9.17,7.51,6.76,1,1,-0.011990407673860837,0,0.8275272155289956,0.9,1.0,49.99999999979228,66.45510863515696,63.62522563802517,37.467895394827856,39988.70618527961,0.43695014662756576,47.38209701572897,24.34175181303223,7.684397449522189,7.273699862857342,139.87,4.0,0.08512944737868744,-4930.762788604188,0.0,0.06550000000000011,43.29113924050631,716657.3339505997,304175.3062839235
000014.SZ,20220110,8.24,8.12,8.55,8.08,8.49,0.25,3.034,59828.61,49494.124,44.77,44.12,46.46,43.9,46.13,5.433595,8.2727,-1,9.06,7.42,6.96,1,1,0.03033980582524265,1,1.0158308944392536,0.9,1.0,49.99999999980162,67.96311611464033,67.9356414848087,50.40887216607246,41201.95576614367,0.39385474860335173,50.59709009452163,31.10040319949934,7.7346902205632295,7.280399734949538,140.73999999999998,4.0,0.10978655641114032,-4668.037142507546,0.0,0.07850000000000015,38.69346733668341,852432.4353609586,382497.7532949285
000014.SZ,20220111,8.49,8.38,9.16,8.36,8.81,0.32,3.7691,156222.56,136622.185,46.13,45.53,49.77,45.42,47.87,5.433595,8.7454,-1,9.34,7.64,7.22,1,1,0.03769140164899887,1,2.5454615162449215,0.9,1.0,49.99999999981365,71.47206634260576,72.43785893413059,100.0,42754.915229649676,0.47757255936675475,54.137199689048046,38.502390923534016,7.805610685056301,7.280399734949538,141.81,4.0,0.15689931585729605,7869.548212187849,0.0,0.09450000000000011,44.41913439635533,1279664.0004415978,510664.360030167
000014.SZ,20220112,8.81,8.66,9.37,8.41,8.68,-0.13,-1.4756,89439.01,77951.958,47.87,47.05,50.91,45.7,47.16,5.433595,8.7157,-1,9.69,7.93,7.12,1,1,-0.014755959137344066,0,1.3192050960878756,0.9333333333333333,1.0,49.99999999982312,73.03701649875738,68.24552246213547,80.31077524456623,42754.915229649676,0.5012853470437015,59.804885144526615,32.41891928215967,7.8607467270166405,7.287315000268299,143.64000000000001,4.0,0.15782361053000288,6598.386919577213,0.0,0.10200000000000009,46.255506607929505,1449048.0288453186,644719.1698609029
000014.SZ,20220113,8.68,8.69,9.1,8.64,8.8,0.12,1.3825,73714.0,65283.328,47.16,47.22,49.45,46.95,47.82,5.433595,8.8563,-1,9.55,7.81,7.21,1,1,0.01382488479262678,1,1.0365225353728749,0.9333333333333333,1.0,49.9999999998295,73.81850723588435,69.97304753611715,88.42406235295658,42754.915229649676,0.49870129870129826,59.46591470832343,35.185117174143386,7.921210090713999,7.287359199969365,144.87,4.0,0.16129853722390575,3240.6415467416264,0.0,0.10400000000000013,36.99788583509513,1585296.055643511,779087.2964012756
000014.SZ,20220114,8.8,8.73,8.95,8.55,8.73,-0.07,-0.7955,75462.09,65971.43,47.82,47.44,48.63,46.46,47.44,5.433595,8.7423,-1,9.68,7.92,7.16,1,1,-0.007954545454545436,0,1.0379231713300163,0.9333333333333333,0.0,49.99999999983038,69.37397045383321,67.66067814675391,77.56406556384127,42414.81931305019,0.49612403100775143,58.385732237486955,31.87075625779222,7.971998536900292,7.290187423442329,146.31,2.0,0.1415716450110146,973.8830228328043,0.0,0.09950000000000014,31.380753138075285,1246389.8665520004,845844.8064228077
000014.SZ,20220117,8.73,8.77,8.77,8.39,8.5,-0.23,-2.6346,60165.0,51545.207,47.44,47.65,47.65,45.59,46.19,5.433595,8.5673,-1,9.6,7.86,6.97,1,1,-0.026345933562428425,0,0.7995753193870819,0.9333333333333333,1.0,49.99999999982791,66.25130084551533,60.57714832114019,44.29640879774347,42414.81931305019,0.4729064039408862,59.02673935008511,21.56268544227718,8.002562953934508,7.332523798681988,147.51999999999998,0.0,0.08759209565058823,-2668.025662940563,0.0,0.08400000000000016,25.865580448065145,929872.9745693333,857848.8304437399
000014.SZ,20220118,8.5,8.48,8.63,8.18,8.26,-0.24,-2.8235,62148.47,52126.114,46.19,46.08,46.89,44.45,44.88,5.433595,8.3874,-1,9.35,7.65,6.77,1,1,-0.028235294117647136,0,0.8012908023147134,0.9333333333333333,1.0,49.999999999825,61.76155816403499,54.20060119898118,14.34908221971843,41217.224414799355,0.4682926829268288,50.30438662755309,11.950650957060677,8.01628688007141,7.464221251589276,148.54,-2.0,0.013497348168376888,-4769.246050313977,0.0,0.0640000000000001,12.311015118790458,623605.9035445191,824385.5551724227
000014.SZ,20220119,8.26,8.31,8.9,8.2,8.4,0.14,1.6949,69692.47,59457.621,44.88,45.15,48.36,44.56,45.64,5.433595,8.5314,-1,9.09,7.43,6.89,1,1,0.016949152542373058,1,0.9086358960922694,0.9333333333333333,1.0,49.99999999982093,57.796960018729415,57.04132557331941,27.690487674220627,41915.821438779014,0.556521739130434,41.96118972959152,16.027685106277954,8.037487520571515,7.536411133743083,148.88,-2.0,-0.020850385386926074,-5074.0532706905,0.0,0.036000000000000074,8.35214446952589,656184.6206675717,800356.8502431583
000014.SZ,20220120,8.4,8.42,8.54,7.94,7.99,-0.41,-4.881,67662.0,55152.099,45.64,45.75,46.4,43.14,43.41,5.433595,8.1511,-1,9.24,7.56,6.55,1,1,-0.04880952380952386,0,0.9700925062533166,0.9333333333333333,1.0,49.99999999982049,62.88037953221825,47.70863591612495,0.0,41915.821438779014,0.5889570552147231,33.063151708998596,1.5344938437713476,8.035191510397647,7.663117827540503,148.72,-2.0,-0.09863680364409289,-5447.400843742809,0.0,0.04500000000000006,-0.8438818565401647,411446.8583605599,744798.2799742157
000014.SZ,20220121,7.99,8.03,8.31,7.96,8.22,0.23,2.8786,41598.0,33853.95,43.41,43.63,45.15,43.25,44.66,5.433595,8.1384,-1,8.79,7.19,6.74,1,1,0.028785982478097605,1,0.6472588189130776,0.9333333333333333,1.0,49.99999999982022,68.34601103584146,52.412342322906206,19.02084187342414,41915.821438779014,0.596273291925465,31.465747159328778,8.298430599978577,8.044722210105022,7.477155303299883,148.63,0.0,-0.11766063242992741,-8899.248432662695,0.0,0.0495000000000001,10.849056603773533,456834.76027236413,703660.6343025226
000014.SZ,20220124,8.22,8.22,8.31,8.05,8.07,-0.15,-1.8248,25746.0,20920.567,44.66,44.66,45.15,43.74,43.85,5.433595,8.1258,-1,9.04,7.4,6.62,1,1,-0.018248175182481785,0,0.4147330526069853,0.9333333333333333,1.0,49.999999999821824,69.22087076123043,49.29785636712749,6.426487600703869,41915.821438779014,0.596273291925465,29.887068718225116,3.4212909326685645,8.045967096611147,7.244516264990682,149.11,0.0,-0.14708920013514126,-12775.993483430468,0.0,0.05050000000000008,16.467780429594228,321262.45753503265,649032.3233357385
000014.SZ,20220125,8.07,8.07,8.15,7.74,7.74,-0.33,-4.0892,27671.01,21940.269,43.85,43.85,44.28,42.06,42.06,5.433595,7.929,-1,8.88,7.26,6.35,1,1,-0.040892193308550207,0,0.45228621971211885,0.9333333333333333,1.0,49.999999999825754,69.48814063144408,43.213930159069776,0.0,40201.79156581779,0.5408450704225344,32.7035687664899,-6.3458841615807895,8.032321821416497,7.273648641221763,157.26,-1.0,-0.20413567540839472,-14417.737080881043,0.0,0.03400000000000007,10.158013544017997,189735.0354902791,583418.4250721015
000014.SZ,20220126,7.74,7.74,8.1,7.71,7.87,0.13,1.6796,28950.0,22736.792,42.06,42.06,44.01,41.89,42.76,5.433595,7.8538,-1,8.51,6.97,6.45,1,1,0.01679586563307489,1,0.4754107696846169,0.9333333333333333,1.0,49.99999999982951,71.14504288523312,46.03912856889268,9.667414780431157,40877.01545516615,0.52892561983471,35.6571620641963,-2.338119084275858,8.024772938372115,7.137738371498446,157.29999999999998,1.0,-0.21632453238994442,-14622.156189478123,0.0,0.04300000000000006,11.161731207289222,204273.3397569952,529254.8414556577
000014.SZ,20220127,7.87,8.0,8.35,7.68,7.75,-0.12,-1.5248,66411.84,52533.35,42.76,43.47,45.37,41.73,42.11,5.433595,7.9102,-1,8.66,7.08,6.35,1,1,-0.015247776365946653,0,1.080767130396385,0.9333333333333333,1.0,49.99999999983149,73.90301765596455,43.86946662160855,2.2431496722583035,40253.73186499843,0.4946524064171117,40.54554683040476,-5.787984504966293,8.012445837263767,7.098665451081982,158.0,1.0,-0.2311743277801928,-9263.43540036141,0.0,0.030500000000000062,18.24175824175817,308384.2569516015,497701.9008122211
000014.SZ,20220128,7.75,7.68,8.24,7.68,8.13,0.38,4.9032,61921.51,49852.094,42.11,41.73,44.77,41.73,44.18,5.433595,8.0509,-1,8.53,6.98,6.67,1,1,0.049032258064516165,1,0.9743037123905439,0.9333333333333333,1.0,49.99999999982947,74.72043352110826,51.641348530566724,28.837390196107922,40253.73186499843,0.44174757281553334,45.36120842694471,5.3561928819389895,8.01834348442725,6.75095309978393,165.68,2.0,-0.18256894012915648,-6032.225017804323,0.0,0.05050000000000008,14.16122004357294,439684.63109157933,489413.71942355804
000014.SZ,20220207,8.13,8.15,8.31,7.95,8.19,0.06,0.738,36363.0,29701.251,44.18,44.28,45.15,43.2,44.5,5.433595,8.168,-1,8.94,7.32,6.71,1,1,0.007380073800737907,1,0.5546547396653094,0.9333333333333333,1.0,49.99999999982543,73.9124278926648,52.75371284089938,35.65058797496943,40253.73186499843,0.44125326370757123,37.90218118507982,6.984775371910014,8.027088548122332,6.6701247006510656,166.08,2.0,-0.1371662411151376,-6979.177724899426,0.0,0.03500000000000005,10.045662100456582,498360.6744158515,490691.8558510286
000014.SZ,20220208,8.19,8.26,8.53,8.09,8.48,0.29,3.5409,47165.79,39749.684,44.5,44.88,46.35,43.96,46.08,5.433595,8.4277,-1,9.01,7.37,6.95,1,1,0.035409035409035505,1,0.7438530482000659,0.9333333333333333,1.0,49.99999999982342,72.97891981893994,57.805656823607166,54.529925105278096,41679.07768195198,0.4378238341968905,32.46841864410383,14.472446335870265,8.051777063298507,6.611802551855148,166.39999999999998,2.0,-0.06648225483362633,-5838.387889923348,0.0,0.026000000000000113,10.045662100456575,589034.6192923225,504740.8220569277
000014.SZ,20220209,8.48,8.46,8.58,8.38,8.45,-0.03,-0.3538,33949.0,28699.5,46.08,45.97,46.62,45.53,45.91,5.433595,8.4537,-1,9.33,7.63,6.93,1,1,-0.0035377358490567,0,0.5553124958135647,0.9333333333333333,1.0,49.999999999822016,72.4012249311935,57.12515983212565,56.90421351774116,41679.07768195198,0.4355670103092775,30.123673539170568,13.477721477998761,8.073295840201919,6.567861002707394,166.95,0.0,-0.02434959716996124,-6501.283660063969,0.0,0.024500000000000056,10.657596371882065,635452.7021693797,523413.94778727804
000014.SZ,20220210,8.45,8.38,8.7,8.32,8.41,-0.04,-0.4734,21354.0,17966.725,45.91,45.53,47.27,45.21,45.7,5.433595,8.4138,-1,9.3,7.61,6.89,1,1,-0.004733727810650734,0,0.35707360273695565,0.9333333333333333,1.0,49.99999999982169,71.34506159466005,56.17558995052069,74.65010040457469,41679.07768195198,0.4482758620689648,28.89387456162695,12.11042362490046,8.091271100197742,6.597372630925073,167.51999999999998,-2.0,-0.00354187830743824,-8165.764421734621,0.0,0.01550000000000007,9.425287356321803,621785.1378215272,537466.974935028
000014.SZ,20220211,8.41,8.43,8.54,8.27,8.31,-0.1,-1.1891,41198.0,34521.185,45.7,45.81,46.4,44.94,45.15,5.433595,8.3793,-1,9.25,7.57,6.81,1,1,-0.01189060642092743,0,0.7148460243647837,0.9333333333333333,1.0,49.99999999982167,68.80100550609635,53.769243675697595,72.33765927291279,41183.48817324863,0.4482758620689648,25.90105251904225,8.664877077814424,8.10258926639316,6.634191061107105,167.56,-2.0,-0.004841039959666671,-6211.790598175846,0.0,0.01500000000000008,4.48430493273537,423549.7479910189,521193.0853715982
000014.SZ,20220214,8.31,8.2,8.46,8.16,8.4,0.09,1.083,44594.0,37226.95,45.15,44.56,45.97,44.34,45.64,5.433595,8.348,-1,9.14,7.48,6.89,1,1,0.010830324909747224,1,0.7778052468731947,0.9333333333333333,1.0,49.999999999822265,64.48279384136768,55.61214398181126,84.96742097611482,41629.51873108165,0.4681440443213289,19.96090456437923,11.24894864975617,8.118344805169786,6.702560211101028,167.64000000000001,-2.0,0.00433348412350501,-4177.4580199859165,0.0,0.006500000000000084,4.250559284116278,214909.98254763987,477438.35639674705
000014.SZ,20220215,8.4,8.46,9.24,8.31,9.24,0.84,10.0,192145.3,172738.007,45.64,45.97,50.21,45.15,50.21,5.433595,8.99,-1,9.24,7.56,7.58,1,1,0.10000000000000009,1,3.39651029418361,0.9666666666666667,1.0,49.99999999982946,65.72087009254375,68.30966903889427,100.0,45792.47060418982,0.40920096852300186,18.777866399694492,30.552475418894794,8.188075691956238,6.702560211101028,167.59,-2.0,0.11530838664359228,16209.42901118448,0.0,0.024000000000000066,7.758620689655125,356392.6289163451,460146.1096138325
000014.SZ,20220216,9.24,9.36,9.63,8.88,9.2,-0.04,-0.4329,254223.33,234151.657,50.21,50.86,52.33,48.25,49.99,5.433595,9.2105,-1,10.16,8.32,7.54,1,1,-0.0043290043290044045,0,4.355561284768895,0.9666666666666667,1.0,49.999999999838025,70.38954009146273,67.32207649710492,96.06470028032001,45594.23480070847,0.4826732673267324,11.7681289373122,29.144496478141946,8.250306384925906,6.695133632545616,167.85,-2.0,0.17169040694270293,36084.273931452364,0.0,0.01500000000000008,14.39999999999997,960278.6096372656,531593.6096171802
000014.SZ,20220217,9.2,9.25,9.27,8.6,8.65,-0.55,-5.9783,137235.03,122082.649,49.99,50.26,50.37,46.73,47.0,5.433595,8.8959,-1,10.12,8.28,7.09,1,1,-0.059782608695652106,0,2.0603775078890103,0.9666666666666667,1.0,49.99999999984172,61.671661200569766,55.450948647348454,48.76133971140625,45594.23480070847,0.436241610738255,14.29114203681822,11.707472437272635,8.271567700873165,6.845638106112658,168.48,-4.0,0.12541369337380204,31658.875506772543,0.0,-0.020499999999999963,12.377210216109958,519891.11203566194,529921.8242483919
000014.SZ,20220218,8.65,8.63,9.03,8.42,8.83,0.18,2.0809,101564.5,89646.274,47.0,46.89,49.07,45.75,47.98,5.433595,8.8265,-1,9.52,7.79,7.24,1,1,0.020809248554913173,1,1.455437609890989,1.0,1.0,49.99999999984395,60.51323629056701,58.057596096084296,59.14815263298726,45594.23480070847,0.42576419213973804,16.60281284908479,15.631767242031911,8.302316516888911,6.914187065321124,167.95,-2.0,0.1101063220385392,22541.405260782733,0.0,-0.010499999999999999,10.424710424710376,124600.58237415878,472018.7896949301
000014.SZ,20220221,8.83,8.89,9.0,8.69,8.9,0.07,0.7928,80990.02,71650.532,47.98,48.3,48.9,47.22,48.36,5.433595,8.8468,-1,9.71,7.95,7.3,1,1,0.007927519818799578,1,1.1392938286097514,1.0,1.0,49.99999999984482,65.29379484156479,59.06080945309663,62.15718909407953,45594.23480070847,0.4411764705882354,14.229076115820927,17.139373113270356,8.33565569238024,6.918374284833276,167.87,0.0,0.10072153151905011,12836.401019435085,0.0,0.0034999999999999697,18.785578747628016,299576.1258768905,447384.1234352102
000014.SZ,20220222,8.9,8.88,9.2,8.74,9.05,0.15,1.6854,98224.95,88680.236,48.36,48.25,49.99,47.49,49.17,5.433595,9.0283,-1,9.79,8.01,7.42,1,1,0.016853932584269593,1,1.3617924461303368,1.0,1.0,49.99999999984601,70.33611634975568,61.20233602460249,70.9195002032184,46362.676960270976,0.45034642032332567,13.139577748149469,20.34981825137045,8.376594362661638,6.791658330423554,167.98000000000002,2.0,0.10552212760871738,8068.453889900888,0.0,0.023,26.615969581748985,508549.91958632227,456122.0943139405
000014.SZ,20220223,9.05,9.03,9.11,8.85,8.9,-0.15,-1.6575,68952.31,61756.087,49.17,49.07,49.5,48.09,48.36,5.433595,8.9563,-1,9.96,8.15,7.3,1,1,-0.016574585635359185,0,0.9326325410561828,1.0,1.0,49.99999999984649,65.58302461810021,57.93844440027066,37.77882640640302,46362.676960270976,0.4493087557603687,3.393357976837974,15.633771270787205,8.405415013971078,6.761709957783711,168.89,0.0,0.08043108946441918,690.5036055816636,0.0,0.012000000000000056,24.31372549019602,228066.91807851847,423542.78342316597
000014.SZ,20220224,8.9,8.9,9.15,8.62,8.73,-0.17,-1.9101,73039.42,65012.985,48.36,48.36,49.72,46.84,47.44,5.433595,8.9011,-1,9.79,8.01,7.16,1,1,-0.019101123595505642,0,0.9884085777630164,1.0,1.0,49.99999999984574,65.10971796466629,54.39773033415881,10.568411689609505,45477.097737434335,0.47560975609756106,1.6093108932313673,10.46949906320433,8.422489652452056,6.550754099866579,169.5,0.0,0.03518384248482698,-3680.272922913322,0.0,0.025000000000000043,27.565392354124704,-18914.123972742353,360334.6537951791
000014.SZ,20220225,8.73,8.95,9.06,8.76,8.91,0.18,2.0619,46970.32,41822.389,47.44,48.63,49.23,47.6,48.41,5.433595,8.904,-1,9.6,7.86,7.3,1,1,0.020618556701030855,1,0.633323193983921,1.0,1.0,49.999999999842395,65.32146924176686,57.36846115646033,24.753178747251265,45477.097737434335,0.4814814814814817,0.4579624030207503,14.714703206416532,8.449120416656351,6.427105667235307,170.26999999999998,0.0,0.024267183330508313,-9777.697529060773,0.0,0.013500000000000022,35.655737704917954,65418.21014934173,318203.7332743452
000014.SZ,20220228,8.91,8.91,8.91,8.61,8.66,-0.25,-2.8058,40033.38,34899.657,48.41,48.41,48.41,46.78,47.05,5.433595,8.7176,-1,9.8,8.02,7.1,1,1,-0.02805836139169471,0,0.537841133598151,1.0,1.0,49.99999999983694,64.62723527272621,52.27489234301724,0.0,45477.097737434335,0.4698795180722894,1.2961058277181006,7.277973063407579,8.459893147257095,6.304771241493037,170.86999999999998,0.0,-0.019497959859890446,-14173.489765713068,0.0,0.00850000000000004,30.364372469635533,-72369.36894548312,262407.5758143697
000014.SZ,20220301,8.66,8.7,8.82,8.5,8.77,0.11,1.2702,33649.0,29301.638,47.05,47.27,47.92,46.19,47.65,5.433595,8.708,-1,9.53,7.79,7.19,1,1,0.01270207852193983,1,0.44777071456702167,1.0,1.0,49.99999999982984,64.26213931209216,54.2016886374573,12.016358761862213,45477.097737434335,0.49618320610687056,-0.8008965862426166,9.980853886338659,8.476134012238367,5.802447972426509,171.22,2.0,-0.03556449759543617,-17169.46667969894,0.0,0.02850000000000006,35.864978902953524,-205760.0793898825,195526.48221376227
000014.SZ,20220302,8.77,8.77,8.99,8.7,8.92,0.15,1.7104,40983.84,36449.391,47.65,47.65,48.85,47.27,48.47,5.433595,8.8936,-1,9.65,7.89,7.31,1,1,0.01710376282782211,1,0.5432155546558773,1.0,1.0,49.99999999982019,64.6234579336649,56.765034788998115,28.002525580137384,46254.927231233094,0.4936708860759496,-3.0453007802082235,13.596215269600318,8.500144248570093,5.34564994951996,172.21,2.0,-0.028241379796860366,-17340.822580728338,0.0,0.02950000000000008,39.877300613496885,-140425.16265630163,147533.39008946746
000014.SZ,20220303,8.92,8.91,9.1,8.86,8.88,-0.04,-0.4484,38077.0,34125.433,48.47,48.41,49.45,48.14,48.25,5.433595,8.9622,-1,9.81,8.03,7.28,1,1,-0.004484304932735328,0,0.5006941169210509,1.0,1.0,49.99999999980929,64.12441557694102,55.867054138293895,22.402318806225058,46254.927231233094,0.5038759689922484,-13.163435508814805,12.329855362079197,8.520462887435128,4.7007196977992605,172.96,2.0,-0.030828313411814412,-17000.45493334196,0.0,0.04050000000000011,38.74999999999994,-55768.02231343486,118490.33117476713
000014.SZ,20220304,8.88,8.83,8.88,8.65,8.8,-0.08,-0.9009,41805.65,36677.347,48.25,47.98,48.25,47.0,47.82,5.433595,8.7733,-1,9.77,7.99,7.21,1,1,-0.009009009009009028,0,0.5601595354573596,1.0,1.0,49.99999999979831,60.954157736099035,54.0262582332565,10.922296727023205,45838.216175095855,0.47058823529411803,-20.638414327749082,9.754008317161873,8.535072562948175,4.500198784352792,174.16,0.0,-0.044526213071586884,-15471.52109824551,0.0,0.01650000000000009,35.64154786150709,-187285.6616792006,74808.04648134318
000014.SZ,20220307,8.8,8.78,9.0,8.7,8.9,0.1,1.1364,50421.01,44739.337,47.82,47.71,48.9,47.27,48.36,5.433595,8.8732,-1,9.68,7.92,7.3,1,1,0.011363636363636243,1,0.6848271529260386,1.0,1.0,49.999999999787235,61.400302604645,55.97882629778271,24.61546238044324,46359.10499526739,0.42659279778393383,-20.589653389685743,12.397203587879927,8.554604383632517,4.295636309269636,174.91,0.0,-0.04139434123751934,-12618.786683066322,0.0,0.020500000000000185,33.613445378151205,-121212.6438794746,46805.090715512066
000014.SZ,20220308,8.9,8.89,8.9,8.45,8.57,-0.33,-3.7079,52306.54,45044.271,48.36,48.3,48.36,45.91,46.57,5.433595,8.6116,-1,9.79,8.01,7.03,1,1,-0.03707865168539326,0,0.7037184143681602,1.0,1.0,49.9999999997769,58.15573639845844,48.6376223519469,0.0,44640.1718887013,0.4027397260273976,-18.025717199798294,2.0179037724756372,8.555352301970181,4.514407079973574,175.72,-2.0,-0.08266691738098386,-9916.068052145369,0.0,-0.006499999999999862,23.59081419624212,-244336.04064138443,5213.50052166971
000014.SZ,20220309,8.57,8.56,8.64,7.99,8.39,-0.18,-2.1004,48251.16,40268.496,46.57,46.51,46.95,43.41,45.59,5.433595,8.3456,-1,9.43,7.71,6.88,1,1,-0.02100350058343059,0,0.6469212717750812,1.0,1.0,49.99999999977188,55.50379026153617,45.158823125086414,0.0,44640.1718887013,0.4315789473684215,-4.750684093608782,-3.1188280701783633,8.54772395682915,4.876084131118322,175.78,-2.0,-0.13027405084670296,-8184.7266545692755,0.0,-0.01449999999999978,7.661290322580605,-376891.54802247696,-49372.93498463696
000014.SZ,20220310,8.39,8.46,8.81,8.39,8.58,0.19,2.2646,40292.54,34638.569,45.59,45.97,47.87,45.59,46.62,5.433595,8.5968,-1,9.23,7.55,7.03,1,1,0.02264600715137055,1,0.5350868272052601,1.0,1.0,49.99999999976801,56.047320975236524,49.28246503691159,25.702861571854115,44640.1718887013,0.4151898734177219,-3.3517256647925797,2.3445883610320726,8.549296946520695,5.029562890892553,175.47,0.0,-0.1318339253792304,-7632.52213371003,0.0,-0.009999999999999787,12.595419847328223,-280958.4889522935,-82456.58555144505
000014.SZ,20220311,8.58,8.41,9.1,8.41,8.98,0.4,4.662,92317.69,81944.392,46.62,45.7,49.45,45.7,48.79,5.433595,8.8763,-1,9.44,7.72,7.36,1,1,0.046620046620046596,1,1.2107577044944142,1.0,1.0,49.99999999976531,59.988296073999976,56.66933722538284,71.74559694244782,46721.298783279446,0.3858823529411768,6.350246282513522,12.605653827934008,8.572391993636279,4.907331316445858,175.33999999999997,2.0,-0.07734660390889941,-174.88103836231676,0.0,0.02450000000000019,20.67039106145249,-57529.2648318538,-78895.53973436059
000014.SZ,20220314,8.98,8.89,9.19,8.82,8.85,-0.13,-1.4477,69280.76,62388.016,48.79,48.3,49.93,47.92,48.09,5.433595,9.0051,-1,9.88,8.08,7.26,1,1,-0.014476614699331924,0,0.8791545138921164,1.0,1.0,49.99999999976281,63.29663054156659,53.92064827404823,68.560913976189,46721.298783279446,0.3822843822843825,7.38311947944882,8.6983355135534,8.58676129278722,4.887714765283323,176.37,0.0,-0.058056736316907526,1639.8374674234456,0.0,0.01250000000000009,28.747795414462047,150531.1219882979,-46120.30234540938
000014.SZ,20220315,8.85,8.84,8.95,8.18,8.18,-0.67,-7.5706,72672.0,62629.7,48.09,48.03,48.63,44.45,44.45,5.433595,8.6181,-1,9.74,7.97,6.71,1,1,-0.07570621468926553,0,0.9079665878240933,1.0,1.0,49.99999999976842,55.552128138363386,42.48358020443901,0.0,43184.206107031176,0.3980582524271847,2.906077677632363,-8.522049843296598,8.56904239313614,5.4804913896944765,177.01,-2.0,-0.1306299115393706,3191.981488354453,0.0,-0.059499999999999886,3.797468354430336,-7036.407475278247,-40536.88879253351
000014.SZ,20220316,8.18,8.36,8.56,8.1,8.51,0.33,4.0342,57749.81,48433.699,44.45,45.42,46.51,44.01,46.24,5.433595,8.3868,-1,9.0,7.36,6.98,1,1,0.04034229828850866,1,0.7797229773539687,1.0,1.0,49.99999999977274,43.91241629100889,48.30021935264252,39.07749861723706,43184.206107031176,0.2902494331065759,-3.3588714067528835,-0.28500370192607044,8.56623886360614,5.639732367221906,175.48,0.0,-0.1290435969209693,2153.4671450579026,0.0,-0.04399999999999986,-14.018691588785089,-225537.9297565464,-66965.60893024964
000014.SZ,20220317,8.51,8.88,9.1,8.75,8.88,0.37,4.3478,94470.45,84121.066,46.24,48.25,49.45,47.54,48.25,5.433595,8.9045,-1,9.36,7.66,7.28,1,1,0.04347826086956541,1,1.470566705561702,1.0,0.0,49.99999999977653,53.12443516182872,53.92629863221858,80.12291997309062,45061.78028559776,0.2860520094562645,-9.8740957763727,7.960060012866619,8.582369183184609,5.472149444811841,174.72,2.0,-0.07565917844630157,6132.160306235879,0.0,-0.013999999999999879,4.60992907801419,-17464.415766815655,-59894.009906901934
000014.SZ,20220318,8.88,8.9,9.26,8.63,9.15,0.27,3.0405,95570.93,85977.175,48.25,48.36,50.32,46.89,49.72,5.433595,8.9962,-1,9.77,7.99,7.5,1,1,0.03040540540540526,1,1.5389195149463708,1.0,1.0,49.999999999783554,61.180298259922644,57.556071461190115,100.0,46431.901983470656,0.29398148148148134,-8.200010040563821,13.427409891155603,8.613028656196882,5.38144676573352,174.93,2.0,-0.005198301592139687,8486.605035999943,0.0,-0.011499999999999844,11.870503597122323,172214.39458371093,-26735.66640824296
000014.SZ,20220321,9.15,9.2,9.65,9.15,9.55,0.4,4.3716,127461.76,120830.482,49.72,49.99,52.43,49.72,51.89,5.433595,9.4797,-1,10.07,8.24,7.83,1,1,0.04371584699453557,1,2.0623899455655335,1.0,1.0,49.99999999979777,62.84245489141742,62.29525240655561,100.0,48461.711906245335,0.35698924731182796,-3.52661818015101,20.767115314549116,8.666912144922357,5.318174191610718,175.39,2.0,0.08887653352596633,13610.172153320984,0.0,0.005500000000000238,15.662650602409656,519396.4262214741,51283.2039674309
000014.SZ,20220322,9.55,9.4,9.76,9.3,9.67,0.12,1.2565,94876.46,90891.079,51.89,51.08,53.03,50.53,52.54,5.433595,9.5799,-1,10.51,8.6,7.93,1,1,0.012565445026177846,1,1.4795197232421418,1.0,1.0,49.99999999981471,62.923688028698166,63.60805352835178,100.0,48461.711906245335,0.3831168831168831,-3.19770447246281,22.833099185910278,8.725584711586611,5.298260371641407,175.95,2.0,0.1568801225616659,11940.333369163847,0.0,0.010500000000000221,14.930555555555586,757193.0151396962,152127.46270632592
000014.SZ,20220323,9.67,9.59,10.05,9.4,9.75,0.08,0.8273,112104.13,108644.205,52.54,52.11,54.61,51.08,52.98,5.433595,9.6914,-1,10.64,8.7,7.99,1,1,0.008273009307135482,1,1.7527471051168537,1.0,1.0,49.99999999982991,69.60740275534569,64.4955748814434,100.0,48862.63609988542,0.45274725274725297,4.8373668941874115,24.219735944454598,8.786181186169552,5.2339822702791325,176.24,4.0,0.19951492449070757,12430.735395855612,0.0,0.02500000000000018,17.508417508417566,1021225.416958821,276284.31331382523
000014.SZ,20220324,9.75,9.55,10.09,9.51,9.72,-0.03,-0.3077,95912.14,94694.686,52.98,51.89,54.82,51.67,52.81,5.433595,9.8731,-1,10.73,8.78,7.97,1,1,-0.003076923076922977,0,1.4506493953852877,1.0,1.0,49.99999999984259,75.64491696468082,63.86655701512153,97.14238588754975,48862.63609988542,0.4761904761904763,5.258906566527345,23.344832207887457,8.84102962660026,5.0868527473439515,177.18,4.0,0.2095194544580613,9955.565413370583,0.0,0.04200000000000017,23.711340206185618,1226513.4439988174,412031.3319831098
000014.SZ,20220325,9.72,9.73,9.88,9.45,9.65,-0.07,-0.7202,87090.66,83907.244,52.81,52.87,53.68,51.35,52.43,5.433595,9.6345,-1,10.69,8.75,7.91,1,1,-0.007201646090534974,0,1.2948295368494969,1.0,1.0,49.99999999985342,69.77584414309891,62.33880452206486,90.20184044641948,48862.63609988542,0.48837209302325585,7.348246343941211,21.24736509975952,8.887737020037637,5.029007133301144,178.33,2.0,0.19296455779710914,6669.431560025527,0.0,0.040000000000000126,17.487266553480538,850941.4772543698,474732.7813075756
000014.SZ,20220328,9.65,9.63,9.99,9.45,9.85,0.2,2.0725,86282.44,84456.667,52.43,52.33,54.28,51.35,53.52,5.433595,9.7884,-1,10.62,8.69,8.08,1,1,0.02072538860103612,1,1.2456617911219237,1.0,1.0,49.999999999862766,73.5881151547463,64.9207465005629,100.0,48862.63609988542,0.49411764705882366,11.207784955793091,25.079016753271823,8.945050785462287,4.829165659979704,178.87,4.0,0.1946522953073705,4054.839911991943,0.0,0.06350000000000007,22.051282051282122,886003.9969847095,533485.8121185948
000014.SZ,20220329,9.85,9.86,10.55,9.61,10.1,0.25,2.5381,168023.11,169241.279,53.52,53.58,57.32,52.22,54.88,5.433595,10.0725,-1,10.84,8.87,8.28,1,1,0.025380710659898442,1,2.34738656586978,1.0,1.0,49.999999999867015,78.16818325080575,67.88462296582138,100.0,50102.80452881652,0.5831435079726655,20.33931007539584,29.5867842965583,9.016320382956467,4.69331185014032,179.98000000000002,4.0,0.21362380293510008,12525.131943624334,0.0,0.07200000000000006,31.11111111111117,1117854.9168469217,616967.11279407
000014.SZ,20220330,10.1,10.15,11.11,10.14,11.11,1.01,10.0,319096.57,345292.603,54.88,55.15,60.37,55.1,60.37,5.433595,10.8209,-1,11.11,9.09,9.11,1,1,0.10000000000000009,1,4.0754373217312265,1.0,1.0,49.99999999987392,81.99693907703168,76.51698519460793,100.0,55113.08498169818,0.5942857142857143,28.292752684777387,43.932625607776835,9.159819813652923,4.628983388530394,181.38,4.0,0.3389498821957234,36319.95366924408,0.0,0.1125,34.8348348348349,1867619.9266368384,795631.8004858941
000014.SZ,20220331,11.11,12.22,12.22,11.74,12.22,1.11,9.991,142554.16,173648.666,60.37,66.4,66.4,63.79,66.4,5.433595,12.1812,-1,12.22,10.0,10.02,1,1,0.09990999099909992,1,1.546087901420234,1.0,0.0,49.999999999887734,83.3078298720856,82.18458189046581,100.0,55113.08498169818,0.6693037974683544,30.03771929681711,54.626839679224425,9.38514647606427,4.546262853468609,183.39,6.0,0.5363581437785252,26574.390420477586,0.0,0.11399999999999996,46.4197530864198,2162194.881244229,990855.0977370848
000014.SZ,20220401,12.22,13.0,13.44,12.51,13.44,1.22,9.9836,338415.23,450438.747,66.4,70.64,73.03,67.97,73.03,5.433595,13.3102,-1,13.44,11.0,11.02,1,1,0.09983633387888702,1,3.473526180733156,1.0,1.0,49.99999999990567,87.85989493632016,86.1431004857509,100.0,60615.373335026474,0.7305630026809652,36.680443846494875,62.82943156093661,9.69955099719061,4.419809847126455,186.73000000000002,8.0,0.7814150708391994,43788.51395540322,0.0,0.1374999999999999,57.14285714285717,3037875.8686808106,1283286.6364433314
000014.SZ,20220406,13.44,14.5,14.78,14.28,14.78,1.34,9.9702,109174.7,159762.403,73.03,78.79,80.31,77.59,80.31,5.433595,14.6336,-1,14.78,12.1,12.12,1,1,0.09970238095238093,1,0.9725383326914682,1.0,1.0,49.99999999992371,88.43699464382976,89.02706087467497,100.0,60615.373335026474,0.7804597701149425,36.94688710010073,69.25544522617014,10.109024167628398,4.342548390593539,191.47,8.0,1.05702620556524,22640.269194617555,0.0,0.14549999999999982,63.72093023255816,3110942.860509215,1544380.3827384575
000014.SZ,20220407,14.78,13.38,14.6,13.3,13.3,-1.48,-10.0135,581488.72,793772.806,80.31,72.7,79.33,72.27,72.27,5.433595,13.6507,-1,16.26,13.3,10.9,1,1,-0.10013531799729358,0,5.047857131361123,1.0,1.0,49.999999999935426,67.41287823159746,71.3614555459415,49.67173303329034,54545.63365059893,0.6893401015228428,42.27682520740023,40.929866361306594,10.323168833160915,4.608943239969233,197.35000000000002,8.0,0.9749993341458918,68047.4042149893,0.0,0.15749999999999983,53.31010452961677,2059725.7222562162,1618001.145526709
000014.SZ,20220408,13.3,12.07,13.38,11.97,12.13,-1.17,-8.797,510972.72,630688.414,72.27,65.58,72.7,65.04,65.91,5.433595,12.3429,-1,14.63,11.97,9.94,1,1,-0.08796992481203003,0,3.6071818829945475,1.0,1.0,49.99999999994281,56.70949810170306,61.048354359565224,11.096832236480994,54545.63365059893,0.6162361623616237,44.409362193764174,23.702629784886543,10.429602055501528,5.751933953662169,202.09,8.0,0.7104566040792917,83350.46358894456,0.0,0.16899999999999987,42.5101214574899,564049.3934293799,1467436.609512805
000014.SZ,20220411,12.13,11.51,11.66,10.92,10.92,-1.21,-9.9753,276459.82,305408.712,65.91,62.54,63.36,59.33,59.33,5.433595,11.0471,-1,13.34,10.92,8.95,1,1,-0.09975267930750209,0,1.6776456975644856,1.0,1.0,49.99999999994764,52.006581721800224,52.58451111002196,0.0,54545.63365059893,0.5632377740303541,44.2972000227084,9.174500540955718,10.45509679390959,8.039712182683674,205.83,6.0,0.33865954936188225,57860.88927183555,0.0,0.1334999999999999,22.896854425749822,-531834.4632335943,1181826.4562633196
000014.SZ,20220412,10.92,10.52,11.33,10.42,10.8,-0.12,-1.0989,296191.0,323734.03,59.33,57.16,61.56,56.62,58.68,5.433595,10.9299,-1,12.01,9.83,8.85,1,1,-0.01098901098901095,0,1.6771979533055827,1.0,1.0,49.99999999995079,47.188845190746676,51.81724062644074,0.0,53946.23108300993,0.5768566493955095,41.970838234057894,7.852194388590969,10.472810397542215,10.024854149602495,208.75,4.0,0.05747841129442577,40458.13782647357,0.0,0.11899999999999995,16.85878962536023,-1595954.601219017,785000.5909087001
000014.SZ,20220413,10.8,10.94,11.3,10.8,11.09,0.29,2.6852,261144.83,289090.328,58.68,59.44,61.4,58.68,60.26,5.433595,11.0701,-1,11.88,9.72,9.09,1,1,0.026851851851851682,1,1.398048636122485,1.0,1.0,49.99999999995279,49.84676448176349,53.580016382918195,4.7373939049358995,53946.23108300993,0.5689948892674618,40.9230545874306,10.606486254995218,10.505317622914108,11.435577612552722,210.35999999999999,6.0,-0.09996696644711589,21952.59398258681,0.0,0.1285,16.67870036101084,-806156.8556468822,557692.3842579026
000014.SZ,20220414,11.09,10.75,11.6,10.75,11.33,0.24,2.1641,285871.21,319935.965,60.26,58.41,63.03,58.41,61.56,5.433595,11.1916,-1,12.2,9.98,9.29,1,1,0.021641118124436476,1,1.4556629213238272,1.0,1.0,49.99999999995394,53.863875322419226,55.04581221890788,8.67666538276369,55113.6878422455,0.5906277630415563,37.464931735723994,12.87508133732305,10.54964433262412,12.323541732981656,212.16,8.0,-0.17775754135303967,11304.987015811217,0.0,0.19050000000000003,24.056254626202815,-44384.72189657483,471681.3690929773
000014.SZ,20220415,11.33,11.05,11.44,10.57,10.91,-0.42,-3.707,236711.01,261628.202,61.56,60.04,62.16,57.43,59.28,5.433595,11.0526,-1,12.46,10.2,8.94,1,1,-0.03706972639011474,0,1.143279913886579,1.0,1.0,49.99999999995501,51.577983272021136,51.954019394022325,0.36758782135765,55113.6878422455,0.5394736842105263,38.531924543160606,7.834028477081458,10.568148429432544,13.578280201850767,215.5,6.0,-0.2853782893780883,-3315.5563967179914,0.0,0.176,26.015037593984964,-617414.3049211474,316096.27280524524
000014.SZ,20220418,10.91,10.48,11.15,10.21,10.67,-0.24,-2.1998,187535.25,201857.791,59.28,56.94,60.58,55.48,57.98,5.433595,10.7637,-1,12.0,9.82,8.75,1,1,-0.021998166819431786,0,0.8682444657128213,1.0,1.0,49.99999999995619,48.7510939063197,50.218241178684494,0.0,55113.6878422455,0.5456965394853595,41.35560080722248,5.0130182398898775,10.573241639355286,14.92839863156241,218.14000000000001,4.0,-0.3824295607394399,-19654.2555418908,0.0,0.18549999999999994,18.83166794773252,-1155503.9164817268,105867.67433567782
000014.SZ,20220419,10.67,10.69,11.05,10.28,11.05,0.38,3.5614,180900.79,194511.646,57.98,58.09,60.04,55.86,60.04,5.433595,10.7524,-1,11.74,9.6,9.06,1,1,0.03561387066541721,1,0.8198657544804886,1.0,1.0,49.99999999995693,49.82559112511358,52.901363394369504,6.913691879071025,55113.6878422455,0.49472759226713536,39.14424173648892,8.98152510603808,10.597983474236294,15.959383002071354,219.79,4.0,-0.38776296341801886,-30738.791018906617,0.0,0.191,16.91119691119691,-696485.4594790572,-8754.201923570028
000014.SZ,20220420,11.05,11.1,11.29,10.41,10.82,-0.23,-2.0814,203695.16,220563.31,60.04,60.31,61.35,56.56,58.79,5.433595,10.8281,-1,12.16,9.95,8.87,1,1,-0.020814479638009087,0,0.9056606605703023,1.0,1.0,49.99999999995566,50.77482877386574,51.10592545257076,2.287326130606275,53966.52510887749,0.4888492417484389,39.578566486758746,6.155815848215916,10.609206495866882,17.046848693126336,221.93,2.0,-0.4123035567227271,-34122.830551230814,0.0,0.15949999999999998,15.07498026835043,-127545.74164378503,-25724.421883600742
000014.SZ,20220421,10.82,10.81,10.81,9.74,9.74,-1.08,-9.9815,164615.67,164535.485,58.79,58.74,58.74,52.92,52.92,5.433595,9.9951,-1,11.9,9.74,7.99,1,1,-0.09981515711645106,0,0.719709983786622,1.0,1.0,49.99999999995356,48.37480180132439,43.61964249174603,0.0,53966.52510887749,0.4420706655710764,41.78016074367574,-5.903443567708689,10.570259192014667,18.67447487351731,223.45,0.0,-0.5551466918381529,-40322.46902467203,0.0,0.09249999999999999,8.263836239575426,-504760.84541973146,-94158.19667447655
000014.SZ,20220422,9.74,9.36,10.04,9.2,9.83,0.09,0.924,142677.0,139046.096,52.92,50.86,54.55,49.99,53.41,5.433595,9.7455,-1,10.71,8.77,8.06,1,1,0.00924024640657084,1,0.6144257010424692,1.0,1.0,49.999999999951164,46.096903014929325,44.35120956035615,1.6111179509054856,53966.52510887749,0.4581280788177341,39.88764796712799,-4.85854098040931,10.536721411261839,20.12011556069967,223.25,0.0,-0.6140528701409432,-45682.19783405264,0.0,0.10800000000000001,0.21945866861738494,-955684.4777281324,-217233.37968214168
000014.SZ,20220425,9.83,9.7,10.43,9.27,9.34,-0.49,-4.9847,189668.47,186252.955,53.41,52.71,56.67,50.37,50.75,5.433595,9.8199,-1,10.81,8.85,7.66,1,1,-0.04984740590030523,0,0.81144851297224,1.0,1.0,49.99999999994952,43.638901718672,41.21557166760649,0.0,51276.43382674626,0.44145569620253167,41.2123951431832,-9.950412265576178,10.48540509234894,21.738220284295654,223.59,0.0,-0.6898899701654826,-41332.48172476318,0.0,0.08150000000000004,2.222222222222193,-1510483.1277912618,-401983.3436977303
000014.SZ,20220426,9.34,9.35,9.75,9.1,9.21,-0.13,-1.3919,158048.0,149445.619,50.75,50.8,52.98,49.45,50.04,5.433595,9.4557,-1,10.27,8.41,7.55,1,1,-0.013918629550321082,0,0.6628739813095944,1.0,1.0,49.999999999948514,43.1391808203458,40.39949985074884,0.0,51276.43382674626,0.447244094488189,40.65959471015453,-11.27649303317144,10.43152013396963,23.31329209988175,223.46,0.0,-0.7248424210794905,-41064.54858106827,0.0,0.0785000000000001,-1.1095700416089045,-2019300.5327791253,-633028.6564236439
000014.SZ,20220427,9.21,8.9,10.13,8.75,9.74,0.53,5.7546,244126.15,236209.989,50.04,48.36,55.04,47.54,52.92,5.433595,9.6757,-1,10.13,8.29,7.99,1,1,0.057546145494028256,1,1.0088845769696952,1.0,1.0,49.999999999947484,44.61920700288619,45.16634907486665,23.085296194433084,54227.19494815511,0.46277820414428245,43.685644783664046,-4.662148611512367,10.400125827415087,24.528565999048848,222.76000000000002,0.0,-0.6464455220276849,-28252.947082415965,0.0,0.10950000000000015,0.748808713410476,-1561143.9796339157,-765616.559739397
000014.SZ,20220428,9.74,9.25,10.71,9.25,10.71,0.97,9.9589,323536.5,320709.083,52.92,50.26,58.19,50.26,58.19,5.433595,9.9126,-1,10.71,8.77,8.78,1,1,0.09958932238193019,1,1.2948271904573188,1.0,1.0,49.99999999994611,46.14019912251223,52.63317956569988,83.5273713098388,59627.644547714706,0.43854545454545457,42.483349080782986,6.0916043623030935,10.415780612234121,25.289631342577284,222.4,0.0,-0.4434802170854325,-9037.47524706459,0.0,0.17050000000000018,0.8837525492861786,-669893.5959541069,-751941.8506272128
000014.SZ,20220429,10.71,11.0,11.78,10.6,11.78,1.07,9.9907,483728.32,535720.643,58.19,59.77,64.01,57.6,64.01,5.433595,11.0748,-1,11.78,9.64,9.66,1,1,0.09990662931839389,1,1.877505558558233,1.0,1.0,49.9999999999456,47.97070658371509,59.228586862994426,100.0,65584.84152867219,0.4366401158580739,39.583528547060176,16.10116013012924,10.491203209182517,25.693681789186506,222.9,0.0,-0.15930331140634674,23515.67929056874,0.0,0.1615000000000002,5.935483870967737,884552.166851393,-518156.990987412
000014.SZ,20220505,11.78,11.4,11.78,10.6,11.02,-0.76,-6.4516,442311.92,487177.021,64.01,61.94,64.01,57.6,59.88,5.433595,11.0143,-1,12.96,10.6,9.03,1,1,-0.06451612903225801,0,1.663603935756672,1.0,1.0,49.99999999994526,42.88169112925204,53.52748591284771,69.72184075394108,65584.84152867219,0.4479940564635959,41.85169267757844,7.531706559110324,10.518280552677558,26.315858585422248,223.57000000000002,-2.0,-0.07233113579354389,36936.21659622811,0.0,0.14250000000000015,-4.892086330935264,-201079.5784573392,-472860.2177688302
000014.SZ,20220506,11.02,10.42,11.28,10.3,10.6,-0.42,-3.8113,304260.51,325630.014,59.88,56.62,61.29,55.97,57.6,5.433595,10.7023,-1,12.12,9.92,8.69,1,1,-0.038112522686025385,0,1.0833033705413262,1.0,1.0,49.99999999994478,36.613372596163074,50.627257872963646,54.31892696423961,65584.84152867219,0.4763033175355451,38.34520489767128,3.1047297023111455,10.522292772452605,27.065041402723402,222.63,-4.0,-0.0699614209705546,25243.04706788354,0.0,0.12950000000000017,-18.20940819423369,-1161267.1908210916,-571204.0710620104
000014.SZ,20220509,10.6,10.6,10.95,10.4,10.55,-0.05,-0.4717,235019.37,250244.949,57.6,57.6,59.5,56.51,57.32,5.433595,10.6478,-1,11.66,9.54,8.65,1,1,-0.004716981132075415,0,0.8418929369705662,1.0,1.0,49.99999999994424,33.590363579742274,50.27800599987656,52.4640740292038,65584.84152867219,0.5145118733509236,36.710502537579785,2.5755396976045675,10.523646145699843,27.457107370854004,220.14,-6.0,-0.07335858646017149,7147.15524377361,0.0,0.11300000000000025,-38.33049403747871,-1975329.6244971263,-771793.4358384556
000014.SZ,20220510,10.55,10.3,11.17,10.24,11.11,0.56,5.3081,320429.06,347480.806,57.32,55.97,60.69,55.64,60.37,5.433595,10.8442,-1,11.61,9.5,9.11,1,1,0.05308056872037903,1,1.122547448823459,1.0,1.0,49.99999999994387,42.016924913707804,54.09739893300506,72.74861002738862,69066.12221645004,0.44306220095693805,29.477285824419685,8.134335040451386,10.553838995287059,27.43017840191333,215.6,-4.0,-0.0021674868631675337,5709.397221088788,0.0,0.1575000000000002,-30.05464480874317,-1336278.7114747567,-852434.1895007843
000014.SZ,20220511,11.11,10.9,11.49,10.67,11.31,0.2,1.8002,370908.93,411569.949,60.37,59.23,62.43,57.98,61.45,5.433595,11.0963,-1,12.22,10.0,9.27,1,1,0.01800180018001818,1,1.3616576739339599,1.0,1.0,49.99999999994364,50.938081673987966,55.414638441638445,79.74437943339706,70309.43674779928,0.319620253164557,20.91932183033699,10.063489811421634,10.593470290067065,27.150267544311415,212.89,-2.0,0.06609835938900022,10316.712503686198,0.0,0.17500000000000018,-15.277777777777786,-239993.52831899258,-764942.6664748141
000014.SZ,20220512,11.31,11.18,11.23,10.55,10.77,-0.54,-4.7745,248005.81,269917.459,61.45,60.75,61.02,57.32,58.52,5.433595,10.8835,-1,12.44,10.18,8.83,1,1,-0.04774535809018576,0,0.9344888245545246,1.0,1.0,49.999999999942766,51.294929547045285,51.14692338384411,57.07883513473401,70309.43674779928,0.34392735527809315,18.784294861224584,3.8644970440776123,10.602201323179218,26.584005118837112,212.07,-2.0,0.034351311070183216,-3681.8690685330366,0.0,0.18400000000000016,-0.9280742459396834,-846700.6242630496,-776622.3747302763
000014.SZ,20220513,10.77,10.55,11.85,10.32,11.85,1.08,10.0279,371563.76,416242.441,58.52,57.32,64.39,56.07,64.39,5.433595,11.2024,-1,11.85,9.69,9.71,1,1,0.10027855153203347,1,1.4076024492065076,1.0,1.0,49.99999999994115,57.72353238912094,58.09756438248791,93.99321656025622,77359.96522390172,0.31729785056294785,22.077099185656365,14.055193782136818,10.669971761220117,25.89310161095125,211.06,0.0,0.14827328792114636,2857.0935875212017,0.0,0.23500000000000004,11.899313501144157,-325564.4775753508,-712185.5322795727
000014.SZ,20220516,11.85,12.3,13.01,11.67,11.7,-0.15,-1.2658,575722.22,711023.951,64.39,66.83,70.69,63.41,63.57,5.433595,12.3501,-1,13.04,10.67,9.59,1,1,-0.012658227848101333,0,2.150320332326819,1.0,1.0,49.999999999938744,60.52957419987488,56.886971983643164,87.56384269811711,76380.72515777637,0.44236760124610597,27.270106681834143,12.314589106176525,10.725060903318365,25.28571420639984,213.27,-2.0,0.19019641158965345,32206.768467161586,0.0,0.19749999999999995,20.700308959835212,1194965.7434770362,-439735.3500286286
000014.SZ,20220517,11.7,11.11,11.55,10.89,11.01,-0.69,-5.8974,320785.52,355605.549,63.57,60.37,62.76,59.17,59.82,5.433595,11.0855,-1,12.87,10.53,9.03,1,1,-0.05897435897435899,0,1.131651291645027,1.0,1.0,49.99999999993622,54.99674678533007,51.564278278580154,59.29537858405056,76380.72515777637,0.42261904761904767,23.62166931046598,4.586121956951193,10.739251700992579,24.791863283180437,214.22,-4.0,0.11543779649772729,15645.030493895523,0.0,0.16349999999999998,2.299908003679846,117824.06590743782,-360084.00489490485
000014.SZ,20220518,11.01,10.71,11.48,10.71,11.19,0.18,1.6349,264491.28,294591.167,59.82,58.19,62.38,58.19,60.8,5.433595,11.138,-1,12.11,9.91,9.17,1,1,0.016348773841961872,1,0.9273482294538236,1.0,1.0,49.99999999993334,54.692184896275215,52.8048562600366,65.88400383523577,76380.72515777637,0.43292682926829273,20.787227872218963,6.355574548178369,10.76208007923903,24.122755661492864,213.49,-2.0,0.08224392714140333,-3506.7606569386116,0.0,0.19449999999999995,2.299908003679846,-759059.4535423599,-417080.49755882705
000014.SZ,20220519,11.19,10.89,11.95,10.85,11.74,0.55,4.9151,310014.0,360854.314,60.8,59.17,64.93,58.95,63.79,5.433595,11.6399,-1,12.31,10.07,9.62,1,1,0.04915102770330648,1,1.081690140373296,1.0,1.0,49.999999999930886,58.93419315142581,56.473354846428926,80.40687365639883,80134.91629600487,0.419704433497537,20.107290070232565,11.626833812553583,10.814062033751778,23.30850924477712,213.19,0.0,0.12387973333002944,-10274.544757528012,0.0,0.22749999999999995,9.836065573770483,-189238.86028118618,-384531.69223344984
000014.SZ,20220520,11.74,11.65,11.99,11.37,11.44,-0.3,-2.5554,202589.36,233912.479,63.79,63.3,65.15,61.78,62.16,5.433595,11.5461,-1,12.91,10.57,9.38,1,1,-0.02555366269165249,0,0.6920798289941485,1.0,1.0,49.99999999992808,59.1879301487259,54.00738674155841,41.66635438208589,80134.91629600487,0.42303872889771604,17.29200255638859,8.132038081718099,10.846292485181849,22.628308242374967,214.9,-2.0,0.10146233723761017,-28423.56337005274,0.0,0.19899999999999984,14.91228070175437,434187.20499875396,-267571.84977170645
000014.SZ,20220523,11.44,11.56,11.66,11.14,11.22,-0.22,-1.9231,132897.28,150728.021,62.16,62.81,63.36,60.53,60.96,5.433595,11.3417,-1,12.58,10.3,9.2,1,1,-0.019230769230769162,0,0.45232411293848024,1.0,1.0,49.99999999992448,56.37003301480269,52.207028419060244,21.551924379930373,80134.91629600487,0.4234592445328033,12.478518047650565,5.58042731430066,10.865081151422356,21.853155937092474,215.27,-2.0,0.05005236483886799,-47873.927029469996,0.0,0.1959999999999998,9.834638816362045,38297.51864922,-223876.2257115741
000014.SZ,20220524,11.22,11.2,11.32,10.7,11.04,-0.18,-1.6043,179413.0,197706.991,60.96,60.86,61.51,58.14,59.99,5.433595,11.0197,-1,12.34,10.1,9.05,1,1,-0.016042780748663277,0,0.6180901467148565,1.0,1.0,49.99999999992096,56.09231248067883,50.71733559808662,5.618342836176176,78849.32940355557,0.4650655021834062,6.66849627068998,3.4774624032627997,10.87370027455441,20.53668977834216,215.77,-2.0,-0.011843263363648437,-52178.99335942717,0.0,0.24149999999999983,12.078152753108327,-510002.3293544126,-264751.38337483676
000014.SZ,20220525,11.04,10.96,11.19,10.75,11.04,0.0,0.0,119704.0,132059.259,59.99,59.55,60.8,58.41,59.99,5.433595,11.0322,-1,12.14,9.94,9.05,1,1,0.0,0,0.41134006668908907,0.9666666666666667,1.0,49.99999999991264,56.15078556928209,50.717335598086635,5.618342836176357,78849.32940355557,0.46968026460859985,1.7063806721614754,3.4774624032628063,10.881894690548442,19.18355422631202,206.57,-3.0,-0.054065074207798935,-60204.70250522483,0.0,0.2219999999999997,18.832391713747626,-919834.6646082766,-358334.7092653281
000014.SZ,20220526,11.04,11.14,11.35,10.72,10.75,-0.29,-2.6268,150824.0,165806.824,59.99,60.53,61.67,58.25,58.41,5.433595,10.9934,-1,12.14,9.94,8.81,1,1,-0.026268115942028936,0,0.5203318486536311,0.9666666666666667,1.0,49.99999999990956,56.31472975127003,48.15013323785169,0.0,76778.10607683174,0.48027057497181525,-4.686713260486303,-0.0755652956957988,10.875618737027704,17.452257001017497,207.48999999999998,-3.0,-0.11863340015810625,-58411.509682925825,0.0,0.22049999999999964,17.035611164581304,-1382649.4871766057,-504665.3918240821
000014.SZ,20220527,8.92,8.8,9.3,8.59,9.1,0.18,2.0179,208969.37,186638.985,58.41,57.63,60.9,56.25,59.59,6.548335,8.9314,4,9.81,8.03,8.99,1,1,-0.15348837209302324,0,0.7257923466409425,0.9666666666666667,1.0,49.99999999991245,55.961764194126445,36.75156826656937,0.0,64993.55956271338,0.4254090471607315,-3.5713481474751823,-17.119423993717124,10.805540497174178,16.13991867309556,208.48999999999998,-3.0,-0.3671369665806137,-46975.4978612042,0.0,0.24249999999999955,2.7027027027026804,-2014078.9839898827,-720295.9049906251
000014.SZ,20220530,9.1,8.91,9.09,8.74,8.82,-0.28,-3.0769,135730.0,120692.713,59.59,58.35,59.52,57.23,57.76,6.548335,8.8921,-1,10.01,8.19,8.71,1,1,-0.03076923076923066,0,0.4672851861286786,0.9666666666666667,1.0,49.999999999917975,53.26168074021032,35.227537473983865,0.0,64993.55956271338,0.43589743589743596,-16.42452079572028,-19.56998137428157,10.729494278521875,15.331219368771837,208.83999999999997,-5.0,-0.5422034324573819,-46757.316214291,0.0,0.19599999999999956,-2.313624678663281,-2397455.5295690703,-959890.1370732601
000014.SZ,20220531,8.82,8.85,9.7,8.7,9.7,0.88,9.9773,220095.81,205182.112,57.76,57.95,63.52,56.97,63.52,6.548335,9.3224,-1,9.7,7.94,9.58,1,1,0.09977324263038545,1,0.772143512300832,0.9666666666666667,1.0,49.99999999992291,52.31822749029582,43.19972697190897,34.85868000863921,71478.17775037639,0.43980099502487574,-20.047901577296606,-8.916158632227205,10.684841757781914,14.61474052951687,208.29,-5.0,-0.5127709016442319,-33359.13246991241,0.0,0.16549999999999948,-2.0512820512820937,-1967209.605485847,-1103792.9182750583
000014.SZ,20220601,9.7,9.52,10.36,9.33,9.74,0.04,0.4124,397571.39,386602.958,63.52,62.34,67.84,61.1,63.78,6.548335,9.7241,-1,10.67,8.73,9.62,1,1,0.004123711340206171,1,1.42054124543897,0.9666666666666667,1.0,49.99999999992702,51.04303190847222,43.539892972915304,36.34606785635461,71772.93312254289,0.49002217294900224,-19.37656228690364,-8.453797008251794,10.643652864756683,14.451412623590242,207.01999999999998,-5.0,-0.4627502300158774,-442.2054704860311,0.0,0.13749999999999957,-8.446866485013672,-850088.1505235631,-1067549.3800248448
000014.SZ,20220602,9.74,9.75,9.89,9.41,9.41,-0.33,-3.3881,222195.93,212644.716,63.78,63.85,64.76,61.62,61.62,6.548335,9.5701,-1,10.71,8.77,9.3,1,1,-0.033880903490759784,0,0.8063275971732866,0.9666666666666667,1.0,49.999999999929805,53.534476547087245,41.34024992235829,28.221939246144135,71772.93312254289,0.5145518044237486,-26.87622590194199,-11.708697613523366,10.591785808508028,14.059981492123415,205.13,-5.0,-0.4486178466912457,-2052.1182667933936,0.0,0.1394999999999996,-12.195121951219548,-1448730.2368794798,-1122003.7881469356
000014.SZ,20220606,9.41,9.38,9.53,9.12,9.21,-0.2,-2.1254,174830.0,161583.797,61.62,61.42,62.41,59.72,60.31,6.548335,9.2423,-1,10.35,8.47,9.1,1,1,-0.021253985122210328,0,0.6608342553375417,0.9666666666666667,1.0,49.99999999993167,55.11129946989899,40.02062808674917,22.56016103659887,71772.93312254289,0.5280764635603346,-32.82243946603126,-13.666942350920477,10.534979240001075,13.509535977494991,203.38,-5.0,-0.4401053066789701,-8875.17556736261,0.0,0.12199999999999962,-11.111111111111157,-1929759.5381168532,-1237397.4667140667
000014.SZ,20220607,9.21,9.18,9.5,9.13,9.5,0.29,3.1488,216788.56,201985.775,60.31,60.11,62.21,59.79,62.21,6.548335,9.3172,-1,10.13,8.29,9.39,1,1,0.03148751357220414,1,0.8399792172440932,0.9666666666666667,1.0,49.99999999993243,59.258087744793976,42.868401657748876,35.96408671795745,74032.88432835585,0.5133565621370499,-33.61736763895535,-9.94500594000499,10.490595883186543,13.446008880493785,201.56,-3.0,-0.372017017434792,-7186.866042157708,0.0,0.14049999999999957,-8.69565217391309,-1285524.648594341,-1244272.7784112487
000014.SZ,20220608,9.5,9.36,9.38,8.97,9.13,-0.37,-3.8947,160482.73,147194.364,62.21,61.29,61.42,58.74,59.79,6.548335,9.172,-1,10.45,8.55,9.02,1,1,-0.03894736842105251,0,0.6240179505695359,0.9666666666666667,1.0,49.999999999932264,54.96170360223736,40.243076357972626,23.607182515339257,74032.88432835585,0.5249406175771971,-39.01922374381671,-13.738437162543338,10.434706774960887,14.268953308800459,200.82,-5.0,-0.3535485175841381,-12777.927949316669,0.0,0.08849999999999972,-12.204007285974555,-1511799.2178887199,-1282490.8411937447
000014.SZ,20220609,9.13,9.02,9.44,9.02,9.17,0.04,0.4381,168470.18,156364.761,59.79,59.07,61.82,59.07,60.05,6.548335,9.2815,-1,10.04,8.22,9.06,1,1,0.004381161007666945,1,0.6761006355878956,0.9666666666666667,1.0,49.999999999930466,52.66073048776335,40.666126151218414,28.959703561757888,74357.23431446037,0.5351089588377725,-42.48088522452805,-13.195825050497456,10.382429713935398,15.112291261886726,199.17000000000002,-5.0,-0.31401259679262583,-14403.248801401198,0.0,0.07549999999999972,-16.116870876531635,-1031524.9177593435,-1246638.5664174017
000014.SZ,20220610,9.17,9.06,9.31,8.96,9.13,-0.04,-0.4362,109120.0,99203.22,60.05,59.33,60.96,58.67,59.79,6.548335,9.0912,-1,10.09,8.25,9.02,1,1,-0.004362050163576825,0,0.4564597737922233,0.9666666666666667,1.0,49.999999999926274,54.484039321119475,40.358429902693125,30.21817582933538,74357.23431446037,0.5695876288659797,-45.261237874207254,-13.62955934004256,10.3309188061791,15.844530767049324,197.17000000000002,-5.0,-0.27283969098157557,-22019.55053429526,0.0,0.09949999999999974,-15.076335877862661,-1204505.9669632092,-1240619.6236382313
000014.SZ,20220613,9.13,9.03,9.06,8.58,8.71,-0.42,-4.6002,162147.02,142314.383,59.79,59.13,59.33,56.18,57.04,6.548335,8.7769,-1,10.04,8.22,8.61,1,1,-0.04600219058050381,0,0.6985695598042745,0.9666666666666667,1.0,49.99999999992261,48.64618536390211,37.17757108844961,12.589148024023707,70936.63865048738,0.6239436619718313,-58.31310861342272,-18.14986929157586,10.267741465153625,16.86282579229394,195.98000000000002,-7.0,-0.2806786740874445,-18598.136146008168,0.0,0.01849999999999987,-25.195312500000064,-1532301.7557904096,-1282288.499659971
000014.SZ,20220614,8.71,8.58,8.86,8.43,8.78,0.07,0.8037,122335.92,106158.882,57.04,56.18,58.02,55.2,57.49,6.548335,8.6777,-1,9.58,7.84,8.67,1,1,0.008036739380022695,1,0.5519525832825541,0.9666666666666667,1.0,49.99999999991903,38.44736519619417,38.053880885362155,18.246483193221103,70936.63865048738,0.5071225071225076,-68.94171389393102,-17.074909905743173,10.20899332466085,17.77805989508238,191.39999999999998,-5.0,-0.25564539318563173,-20244.88627386876,0.0,0.058499999999999906,-45.434543454345494,-1789234.8416978829,-1354709.405665387
000014.SZ,20220615,8.78,8.84,9.06,8.64,8.81,0.03,0.3417,149826.99,133343.587,57.49,57.89,59.33,56.58,57.69,6.548335,8.8998,-1,9.66,7.9,8.7,1,1,0.003416856492027387,1,0.753002493167815,0.9666666666666667,1.0,49.999999999915296,44.21503335345097,38.45013877257781,24.937724258190336,71179.0189647829,0.5597484276729564,-68.12016295841654,-16.596342246648295,10.15343086730407,18.565845330871657,188.34,-3.0,-0.21584344553839452,-16345.661661503531,0.0,0.06199999999999992,-31.37755102040824,-1304245.9364647027,-1347500.3386367178
000014.SZ,20220616,8.81,8.79,8.87,8.63,8.84,0.03,0.3405,108596.8,94965.944,57.69,57.56,58.08,56.51,57.89,6.548335,8.7448,-1,9.69,7.93,8.73,1,1,0.0034052213393869213,1,0.5702869406623268,0.9666666666666667,1.0,49.99999999991073,46.6596096826726,38.871247298154884,43.83486515512266,71179.0189647829,0.5732689210950086,-74.5530794917085,-16.09679549273795,10.100954172701421,19.329995037694907,186.26,-3.0,-0.16837931668399153,-17908.73678899197,0.0,0.04050000000000002,-31.464968152866327,-1481648.2932443656,-1366664.332152096
000014.SZ,20220617,8.84,8.73,8.86,8.55,8.59,-0.25,-2.8281,99952.81,86484.497,57.89,57.17,58.02,55.99,56.25,6.548335,8.6525,-1,9.72,7.96,8.49,1,1,-0.02828054298642535,0,0.5472964242803392,0.9666666666666667,1.0,49.9999999999063,39.72424712337697,36.62260865669257,16.783102971089754,71179.0189647829,0.6023688663282578,-84.78003483626293,-19.13587630198699,10.042772275023632,20.11560276186718,184.27,-5.0,-0.15395495037089313,-18613.56864295007,0.0,-0.008999999999999985,-40.482573726541624,-1635210.4500997975,-1405028.0632874821
000014.SZ,20220620,8.59,8.54,8.94,8.48,8.79,0.2,2.3283,123178.41,107570.41,56.25,55.92,58.54,55.53,57.56,6.548335,8.7329,-1,9.45,7.73,8.68,1,1,0.023282887077997527,1,0.7156249098140773,0.9666666666666667,1.0,49.9999999999018,37.32520508376887,39.63130033396198,43.49527270714157,72836.27202566258,0.5559380378657495,-80.52443683009815,-15.609539788256804,9.992428451771367,20.6758757761451,180.76,-3.0,-0.10320862433970701,-14633.412140201894,0.0,0.014000000000000058,-49.28774928774935,-1267487.6216095602,-1385379.4287620648
000014.SZ,20220621,8.79,8.73,9.2,8.72,8.93,0.14,1.5927,206069.33,186152.955,57.56,57.17,60.24,57.1,58.48,6.548335,9.0335,-1,9.67,7.91,8.82,1,1,0.015927189988623525,1,1.225461506069554,0.9666666666666667,1.0,49.99999999989571,42.63834908649265,41.71707499888033,73.64835836283295,73996.34916827836,0.509598603839442,-74.07119930785173,-13.14191485462986,9.948485356092881,21.079436439935925,177.82,-1.0,-0.03977949022168681,-276.686906579278,0.0,0.041000000000000016,-41.29496402877703,-599084.4657614401,-1273051.5769048329
000014.SZ,20220622,8.93,8.87,8.91,8.64,8.66,-0.27,-3.0235,108410.58,94874.046,58.48,58.08,58.35,56.58,56.71,6.548335,8.7514,-1,9.82,8.04,8.56,1,1,-0.03023516237402013,0,0.6309723191549871,0.9666666666666667,1.0,49.999999999889305,44.04085477262209,38.923934921908824,36.846022031582656,73996.34916827836,0.5017182130584198,-76.99631413094158,-16.749244127362235,9.897405651414045,21.569510478036218,175.43,-1.0,-0.023965896549509647,-3212.618339569148,0.0,0.03850000000000007,-40.00000000000006,-831538.3727249983,-1209978.2620219993
000014.SZ,20220623,8.66,8.61,9.15,8.42,8.96,0.3,3.4642,178647.9,158406.329,56.71,56.38,59.92,55.14,58.67,6.548335,8.867,-1,9.53,7.79,8.85,1,1,0.03464203233256358,1,1.0617056965173888,0.9666666666666667,1.0,49.999999999881965,48.67593671106561,43.4541785437126,100.0,76559.73308865752,0.47875816993464093,-61.12862517135942,-11.340902013003596,9.857829680222482,21.83507909992451,183.85,0.0,0.03398098400467631,4603.4465305290505,0.0,0.05200000000000023,-34.008683068017405,-537108.7775396043,-1113854.0499530858
000014.SZ,20220624,8.96,8.85,9.05,8.82,8.97,0.01,0.1116,121380.54,108271.195,58.67,57.95,59.26,57.76,58.74,6.548335,8.92,-1,9.86,8.06,8.86,1,1,0.0011160714285713969,1,0.708948016384336,0.9666666666666667,1.0,49.99999999987354,53.06286000699207,43.60434039627897,100.0,76559.73308865752,0.332191780821918,-66.22652943947742,-11.160220126451188,9.820270350052876,21.807960343816212,181.32,2.0,0.07820682673732471,2464.3295540322506,0.0,0.0775000000000003,-29.51048951048955,-52114.48687617516,-962176.9695135272
000014.SZ,20220627,8.97,8.9,9.07,8.88,8.97,0.0,0.0,96687.46,86836.759,58.74,58.28,59.39,58.15,58.74,6.548335,8.9812,-1,9.87,8.07,8.86,1,1,0.0,0,0.5696209043838683,0.9333333333333333,1.0,49.99999999986022,57.74553461475293,43.60434039627897,100.0,76559.73308865752,0.4630071599045351,-74.4489599311799,-11.160220126451188,9.78429995446635,21.255219383601794,170.57,3.0,0.11005959457422365,-1650.3542986086977,0.0,0.06600000000000036,1.574803149606268,324942.3584706468,-778302.7798015025
000014.SZ,20220628,8.97,8.95,9.07,8.87,8.91,-0.06,-0.6689,112596.07,100999.6,58.74,58.61,59.39,58.08,58.35,6.548335,8.9701,-1,9.87,8.07,8.8,1,1,-0.006688963210702448,0,0.6860346700391342,0.9333333333333333,1.0,49.99999999985133,58.12918042427249,42.81319312042181,88.66832319879379,76047.6278506063,0.48866498740554204,-74.47324938940025,-12.10844440755538,9.747707772060421,20.560275454918283,170.54000000000002,3.0,0.12457841631162658,-1601.6151724013253,0.0,0.06850000000000041,5.737704918032733,73072.13369889947,-656677.792158588
000014.SZ,20220629,8.91,8.85,9.36,8.85,9.36,0.45,5.0505,299281.05,275627.455,58.35,57.95,61.29,57.95,61.29,6.548335,9.2097,-1,9.8,8.02,9.25,1,1,0.050505050505050386,1,1.8364268249265707,0.9333333333333333,1.0,49.9999999998458,59.075081977013056,50.12253000079055,100.0,79888.41713599044,0.548022598870057,-76.86074031635971,-3.3959079646486576,9.729872459062829,20.17490348365749,170.69,3.0,0.1922816335051365,22854.870174781354,0.0,0.051500000000000414,-0.8771929824562008,440322.49684948253,-499963.46515743504
000014.SZ,20220630,9.36,9.19,9.24,8.9,9.11,-0.25,-2.6709,214945.35,194781.29,61.29,60.18,60.51,58.28,59.66,6.548335,9.0619,-1,10.3,8.42,9.0,1,1,-0.026709401709401726,0,1.287649330379258,0.9333333333333333,1.0,49.99999999984086,49.44232034747612,46.56191404288278,73.6249133076288,79888.41713599044,0.39200000000000074,-86.3538718378657,-7.595464748900447,9.702596732160611,19.799415984872038,170.72,1.0,0.1999877068159669,26683.704462381727,0.0,0.03650000000000038,-20.3980099502488,-140699.79106951936,-448640.0831448757
000014.SZ,20220701,9.11,9.08,9.22,8.88,8.94,-0.17,-1.8661,133119.46,119782.446,59.66,59.46,60.38,58.15,58.54,6.548335,8.9981,-1,10.02,8.2,8.83,1,1,-0.01866081229418226,0,0.8436111388973065,0.9333333333333333,1.0,49.99999999983433,51.10113399089675,44.25945553496731,56.569565730199514,79888.41713599044,0.3091922005571034,-82.88305191703152,-10.384016556024175,9.670053467339786,19.301693902824514,170.05,1.0,0.1794397813559635,17642.33573126454,0.0,0.04650000000000034,-10.364145658263382,-523460.56347094895,-459328.7231914576
000014.SZ,20220704,8.94,8.87,8.94,8.69,8.82,-0.12,-1.3423,115190.8,101198.088,58.54,58.08,58.54,56.91,57.76,6.548335,8.7853,-1,9.83,8.05,8.71,1,1,-0.013422818791946178,0,0.7511952359879845,0.9333333333333333,1.0,49.99999999982779,52.25144948256306,42.655995721049266,44.69201642418775,79888.41713599044,0.3076923076923082,-81.77334860857928,-12.349407744845637,9.634573615025081,18.716319738665234,169.46,1.0,0.148232739866893,9123.470008550947,0.0,0.052500000000000394,-8.30945558739262,-870850.9873648151,-518117.6180733659
000014.SZ,20220705,8.82,8.8,8.87,8.62,8.71,-0.11,-1.2472,88649.6,77341.428,57.76,57.63,58.08,56.45,57.04,6.548335,8.7244,-1,9.7,7.94,8.61,1,1,-0.012471655328798126,0,0.5895768540273881,0.9333333333333333,1.0,49.99999999982242,46.911186027094864,41.18311581705596,33.78173134584372,79888.41713599044,0.3063063063063067,-79.71345875960871,-14.165808542553254,9.596783125173383,18.24960324120744,169.2,-1.0,0.11291919651203397,258.6134685720608,0.0,0.03200000000000038,-9.348441926345707,-1100672.684849705,-601339.7704699858
000014.SZ,20220706,8.71,8.64,8.75,8.4,8.44,-0.27,-3.0999,88224.21,75155.186,57.04,56.58,57.3,55.01,55.27,6.548335,8.5187,-1,9.58,7.84,8.34,1,1,-0.030998851894374457,0,0.6128619851626678,0.9333333333333333,1.0,49.999999999819934,48.255702853991295,37.73859551921287,8.2666175163176,79888.41713599044,0.32198142414860687,-74.31751767979776,-18.5280758653801,9.55190438849989,17.650359278548535,168.45,-1.0,0.056203953527681705,-5025.6824510011575,0.0,0.033500000000000266,-10.863509749303674,-1296884.9043817176,-700703.3610288047
000014.SZ,20220707,8.44,8.43,8.7,8.41,8.57,0.13,1.5403,72699.01,62657.384,55.27,55.2,56.97,55.07,56.12,6.548335,8.6187,-1,9.28,7.6,8.47,1,1,0.01540284360189581,1,0.5180149675444595,0.9666666666666667,1.0,49.99999999981908,46.260728039107335,40.32654047614291,20.89759890751894,79888.41713599044,0.289156626506024,-72.15900459453805,-15.551723363090833,9.512418610675589,17.01536828269739,167.83999999999997,-1.0,0.03997367746526659,-9704.555466385806,0.0,0.03300000000000027,-13.966480446927406,-989009.8278453709,-741889.999145457
000014.SZ,20220708,8.57,8.51,8.67,8.47,8.54,-0.03,-0.3501,52695.4,45161.939,56.12,55.73,56.77,55.46,55.92,6.548335,8.5704,-1,9.43,7.71,8.44,1,1,-0.003500583430571913,0,0.38874398509562674,0.9666666666666667,1.0,49.99999999981942,48.255993678037996,39.914228032731536,17.568184947644326,79888.41713599044,0.29003021148036223,-72.30913561106674,-16.063720043921943,9.47355137222789,16.34065115403157,167.2,-1.0,0.029456651717393978,-14308.171562175878,0.0,0.03100000000000023,-8.831908831908883,-1011123.6383719048,-780351.9476063781
000014.SZ,20220711,8.54,8.55,8.55,8.35,8.38,-0.16,-1.8735,49176.41,41316.803,55.92,55.99,55.99,54.68,54.88,6.548335,8.4018,-1,9.39,7.69,8.28,1,1,-0.01873536299765788,0,0.37049474125198945,0.9666666666666667,1.0,49.999999999821526,50.461186693159426,37.70029906851396,0.0,79888.41713599044,0.3311475409836066,-76.04458542570248,-18.826619677132594,9.431281247732437,15.465842238689005,166.62,-1.0,0.006412170190561617,-16486.657823997062,0.0,0.03850000000000016,-1.5384615384616112,-1045174.0847166278,-818183.681479271
000014.SZ,20220712,8.38,8.39,8.53,8.32,8.43,0.05,0.5967,48370.2,40723.485,54.88,54.94,55.86,54.48,55.2,6.548335,8.4191,-1,9.22,7.54,8.33,1,1,0.005966587112171684,1,0.3806183515752534,0.9666666666666667,1.0,49.999999999824226,53.011568578879,38.841926638987566,9.190197611826125,79888.41713599044,0.343234323432343,-77.77301937515838,-17.553766367931697,9.391970834550554,14.57201920623359,166.51000000000002,-1.0,0.0035125560499668085,-16647.09684664486,0.0,0.03050000000000015,3.8961038961038668,-1083262.5086316532,-856052.0853581828
000014.SZ,20220713,8.43,8.4,8.68,8.4,8.56,0.13,1.5421,63473.61,54369.835,55.2,55.01,56.84,55.01,56.05,6.548335,8.5657,-1,9.27,7.59,8.46,1,1,0.01542111506524324,1,0.5144357228941407,0.9666666666666667,1.0,49.99999999982158,51.19844504982775,41.82675791274165,33.218339497343784,81120.3856090247,0.3322683706070286,-75.51030865647694,-14.205639500292829,9.357981117548329,13.596054368952425,166.27,-1.0,0.023594177465842248,-13465.680814842017,0.0,0.040000000000000126,1.986754966887382,-840166.30321396,-853782.6879090082
000014.SZ,20220714,8.56,8.69,8.7,8.37,8.41,-0.15,-1.7523,71524.4,60513.451,56.05,56.91,56.97,54.81,55.07,6.548335,8.4605,-1,9.42,7.7,8.31,1,1,-0.017523364485981352,0,0.6007059035964969,0.9666666666666667,1.0,49.9999999998158,52.08832694183462,39.435191034968675,13.966025715614103,79698.8835247544,0.31999999999999973,-65.64878935862328,-17.074297778044432,9.320546831897925,12.629103565030816,166.34,-3.0,0.02123561268912244,-9225.902316811691,0.0,0.02350000000000012,7.692307692307637,-874720.4963953928,-856773.8034070632
000014.SZ,20220715,8.41,8.34,8.4,7.8,7.82,-0.59,-7.0155,127691.49,102158.437,55.07,54.61,55.01,51.08,51.21,6.548335,8.0004,-1,9.25,7.57,7.73,1,1,-0.07015457788347201,0,1.0893911399211853,0.9666666666666667,1.0,49.999999999815486,51.68298476730136,31.74625477750223,0.0,74107.64199329125,0.4345403899721448,-47.22446656345314,-27.15838898944925,9.268498142073057,11.916268403505944,165.89,-3.0,-0.051272330607920136,1617.348489081145,0.0,0.0045000000000001705,-8.059701492537314,-1039533.7050469443,-882882.3607841891
000014.SZ,20220718,7.82,7.81,8.37,7.81,8.3,0.48,6.1381,127853.21,104141.049,51.21,51.14,54.81,51.14,54.35,6.548335,8.1454,-1,8.6,7.04,8.2,1,1,0.0613810741687979,1,1.0780151939243732,0.9666666666666667,1.0,49.99999999981344,51.60365467920099,41.70466520668368,54.191670010259315,78656.44866295619,0.4031007751937982,-37.92326696054185,-15.165204586659298,9.2293732174345,11.178420124959889,165.22,-3.0,-0.027260898558288726,8879.156668506876,0.0,0.016500000000000226,-11.515151515151551,-627953.2584182932,-846463.9175890612
000014.SZ,20220719,8.3,8.3,8.33,8.11,8.3,0.0,0.0,55483.7,45728.741,54.35,54.35,54.55,53.11,54.35,6.548335,8.2418,-1,9.13,7.47,8.2,1,1,0.0,0,0.4668996925332267,0.9333333333333333,0.0,49.999999999793786,48.00371567811446,41.70466520668368,67.21543908917413,78656.44866295619,0.4182305630026808,-42.612751275313016,-15.165204586659298,9.191828842785121,10.635110680289731,156.5,-4.0,-0.005214535040277801,4237.725310442598,0.0,0.006500000000000261,-10.179640718562915,-336008.7768733525,-773541.7546296743
000014.SZ,20220720,8.3,8.36,8.36,8.2,8.25,-0.05,-0.6024,42409.91,34983.044,54.35,54.74,54.74,53.7,54.02,6.548335,8.2488,-1,9.13,7.47,8.15,1,1,-0.006024096385542244,0,0.38102422556897647,0.9333333333333333,1.0,49.99999999979194,51.53361146119994,40.982298076767634,73.81039814098244,78656.44866295619,0.44444444444444414,-43.78527993786572,-16.07877674602966,9.154191019650645,9.843781646870669,155.93,-4.0,0.008074573384700745,-62.54446787174675,0.0,0.011500000000000243,1.2738853503183805,-106898.11797846132,-678306.9493937867
000014.SZ,20220721,8.25,8.25,8.34,8.11,8.15,-0.1,-1.2121,45021.61,36772.647,54.02,54.02,54.61,53.11,53.37,6.548335,8.1678,-1,9.08,7.43,8.05,1,1,-0.012121212121212088,0,0.41684750322043,0.9333333333333333,1.0,49.99999999978979,45.85567751989273,39.50836726362155,71.14845830239906,77703.03716401127,0.4712990936555889,-55.3357849143246,-17.939196720284116,9.114950675975022,9.55995792097057,155.85,-6.0,0.008777996982908931,-1921.3883229944622,0.0,-0.01099999999999981,-9.69899665551847,-140408.1010134688,-601464.2567680271
000014.SZ,20220722,8.15,8.15,8.3,8.11,8.26,0.11,1.3497,66622.4,54778.7,53.37,53.37,54.35,53.11,54.09,6.548335,8.2223,-1,8.97,7.34,8.16,1,1,0.013496932515337345,1,0.657520567910316,0.9333333333333333,1.0,49.99999999978651,44.068056118479205,41.980283560664425,100.0,78751.78981285068,0.4574780058651025,-53.372440790857254,-14.987585035615528,9.080340475194037,9.755693206999624,155.14,-6.0,0.02833949450225226,275.50791503044456,0.0,-0.011499999999999889,-27.756653992395492,64929.285261215875,-506265.17933527817
000014.SZ,20220725,8.26,8.22,8.52,8.22,8.27,0.01,0.1211,64908.2,54310.631,54.09,53.83,55.79,53.83,54.15,6.548335,8.3673,-1,9.09,7.43,8.17,1,1,0.001210653753026536,1,0.6583932107644239,0.9333333333333333,1.0,49.9999999997832,42.92469231380741,42.211475165998515,100.0,78751.78981285068,0.4561403508771929,-45.19136680245944,-14.71286086185163,9.047430179547778,9.941293585072236,163.35999999999999,-5.0,0.045867297185959166,1922.8542139693018,0.0,-0.012499999999999956,-20.430107526881848,257397.98179190885,-397170.44203139434
000014.SZ,20220726,8.27,8.26,8.66,8.22,8.57,0.3,3.6276,118016.71,100119.86,54.15,54.09,56.71,53.83,56.12,6.548335,8.4835,-1,9.1,7.44,8.47,1,1,0.03627569528415964,1,1.2167071957509694,0.9333333333333333,1.0,49.999999999781636,49.21340511168364,48.80247584449242,100.0,81608.56574318383,0.4262295081967212,-32.386997685664134,-6.6652575853640235,9.026210740105364,9.937821325015745,162.51,-3.0,0.09811128713186457,10132.328621538974,0.0,0.005000000000000027,-14.383561643835677,583527.652189965,-257070.7142854859
000014.SZ,20220727,8.57,8.53,8.65,8.39,8.41,-0.16,-1.867,68997.14,58431.882,56.12,55.86,56.64,54.94,55.07,6.548335,8.4687,-1,9.43,7.71,8.31,1,1,-0.018669778296382722,0,0.7093520580156011,0.9333333333333333,1.0,49.999999999778666,41.24549243557156,45.80208126472373,82.40879636829104,81608.56574318383,0.42729970326409494,-37.32005186384152,-10.201943618040618,8.999860965446722,10.047453419672708,162.31,-5.0,0.11044012822583815,8966.219006038213,0.0,-0.026499999999999923,-19.285714285714313,379042.62879725546,-166197.37955938003
000014.SZ,20220728,8.41,8.41,8.54,8.35,8.47,0.06,0.7134,57996.2,48903.718,55.07,55.07,55.92,54.68,55.46,6.548335,8.4322,-1,9.25,7.57,8.37,1,1,0.007134363852556502,1,0.676311808148181,0.9333333333333333,1.0,49.99999999977642,46.13354103532919,47.11513903806304,90.10720604639107,81608.56574318383,0.4465408805031447,-39.7681172300901,-8.577883106997492,8.976793817294288,10.074254597634384,161.3,-3.0,0.1249326857695725,6816.888822574125,0.0,-0.019499999999999896,-18.996415770609403,182731.6652162429,-116350.3731628625
000014.SZ,20220729,8.47,8.58,8.65,8.38,8.52,0.05,0.5903,69939.6,59645.655,55.46,56.18,56.64,54.88,55.79,6.548335,8.5282,-1,9.32,7.62,8.42,1,1,0.0059031877213693296,1,0.897741319853,0.9333333333333333,1.0,49.99999999976768,53.58559710084315,48.24050732846867,96.7051991539242,82090.31642643755,0.372549019607843,-38.59765764923441,-7.1921768066430785,8.9566061792794,10.016569884629265,160.45999999999998,-1.0,0.13846059491309898,7076.937759810164,0.0,-0.015499999999999892,-13.88888888888895,323174.953652404,-53561.04076068158
000014.SZ,20220801,8.52,8.39,8.46,8.2,8.27,-0.25,-2.9343,61403.73,50859.064,55.79,54.94,55.4,53.7,54.15,6.548335,8.2827,-1,9.37,7.67,8.17,1,1,-0.02934272300469487,0,0.8214854577042598,0.9333333333333333,1.0,49.999999999759346,55.997256985563745,43.281238259417535,67.62918607005845,82090.31642643755,0.3354231974921627,-35.093238672534135,-13.033713970247533,8.928172089099872,9.952178919181012,160.04,-1.0,0.11206854778250236,6203.498548616124,0.0,-0.018999999999999996,-11.111111111111114,192335.98157938267,-18432.894712100977
000014.SZ,20220802,8.27,8.25,8.25,7.73,7.86,-0.41,-4.9577,73119.05,57739.54,54.15,54.02,54.02,50.62,51.47,6.548335,7.8966,-1,9.1,7.44,7.77,1,1,-0.049576783555018045,0,1.0147272391759414,0.9333333333333333,1.0,49.99999999975922,56.97741371159978,36.63040503440186,28.635594236944932,78020.54257700112,0.29226361031518605,-21.662757961956043,-21.557175818380774,8.8882718817756,10.003320659110479,159.44,-1.0,0.04136188084754877,7236.026294665593,0.0,-0.03399999999999999,-22.257053291536018,48872.94984571403,-8817.77406098455
000014.SZ,20220803,7.86,7.78,8.05,7.75,7.79,-0.07,-0.8906,47731.8,37608.743,51.47,50.95,52.71,50.75,51.01,6.548335,7.8792,-1,8.65,7.07,7.7,1,1,-0.008905852417302795,0,0.6696257453014384,0.9333333333333333,1.0,49.999999999765194,58.99406231168406,35.6238982902396,22.73448202569314,78020.54257700112,0.29483282674772,-21.21510939145272,-22.91494474099072,8.847957430015557,9.968840647969534,158.74,-1.0,-0.010112031643056074,4656.959348494311,0.0,-0.023499999999999945,-21.76656151419556,-82591.13298518234,-19356.825335869948
000014.SZ,20220804,7.79,7.8,7.92,7.65,7.88,0.09,1.1553,41839.2,32589.788,51.01,51.08,51.86,50.09,51.6,6.548335,7.7893,-1,8.57,7.01,7.79,1,1,0.011553273427471034,1,0.604117820301805,0.9333333333333333,1.0,49.999999999772825,54.66967845139385,37.98335696587246,17.903743146174715,78020.54257700112,0.3230769230769228,-20.085164015607358,-20.101477535318164,8.811129635507482,9.952746600882666,157.98,-1.0,-0.02638817891173234,2427.0056560045123,0.0,-0.026499999999999968,-23.692307692307658,-192267.2916957368,-44058.32053013664
000014.SZ,20220805,7.88,7.83,7.92,7.78,7.9,0.02,0.2538,38688.4,30380.511,51.6,51.27,51.86,50.95,51.73,6.548335,7.8526,-1,8.67,7.09,7.81,1,1,0.002538071065989911,1,0.5713526340611863,0.9333333333333333,1.0,49.999999999780954,55.963043873281286,38.522588699479826,21.99547255617733,78020.54257700112,0.3240740740740739,-21.10530897368788,-19.46184541090857,8.776186445300242,9.913411036829805,157.09,1.0,-0.028624155235398407,877.1861493464239,0.0,-0.02449999999999992,-21.084337349397586,-32974.71021066746,-42474.94762735533
000014.SZ,20220808,7.9,7.92,8.11,7.9,7.95,0.05,0.6329,52422.2,41767.196,51.73,51.86,53.11,51.73,52.06,6.548335,7.9675,-1,8.69,7.11,7.85,1,1,0.006329113924050667,1,0.7822650438069066,0.9666666666666667,1.0,49.999999999788486,59.86401228282749,39.9288240588959,32.66608820970263,78514.3434793872,0.3354632587859422,-19.316953075747463,-17.810708492155495,8.743851360256143,9.767881637782136,156.44,3.0,-0.018048510771470128,1987.9778417937632,0.0,-0.014499999999999912,-11.504424778761063,151298.3711606611,-14793.044943352987
000014.SZ,20220809,7.95,7.91,8.13,7.85,7.97,0.02,0.2516,85079.6,67947.554,52.06,51.8,53.24,51.4,52.19,6.548335,7.9864,-1,8.75,7.16,7.87,1,1,0.002515723270440251,1,1.2665246290626968,0.9666666666666667,1.0,49.999999999792365,56.28170036043464,40.5149553520212,37.11369487068213,78711.86384034163,0.3387096774193544,-15.219231057871534,-17.129068684815408,8.713313368387595,9.639824981179196,155.97,3.0,-0.003785106980616848,7118.9484356335015,0.0,-0.01349999999999989,-12.023460410557213,13689.193462467752,-10724.153742521454
000014.SZ,20220810,7.97,7.95,8.0,7.87,7.98,0.01,0.1255,62246.0,49472.483,52.19,52.06,52.39,51.54,52.26,6.548335,7.9479,-1,8.77,7.17,7.88,1,1,0.0012547051442912682,1,0.9019707378122375,0.9666666666666667,1.0,49.999999999794156,51.71929140490001,40.82585159884852,39.472798086089455,78711.86384034163,0.3523489932885902,-19.756646511770082,-16.773469497158487,8.684250926757953,9.57305915944749,155.44,3.0,0.010774275464818683,7401.877834690247,0.0,-0.019999999999999886,-20.353982300885008,-166015.33409468574,-32908.60807854492
000014.SZ,20220811,7.98,7.97,8.12,7.97,8.05,0.07,0.8772,54301.63,43600.641,52.26,52.19,53.17,52.19,52.71,6.548335,8.0293,-1,8.78,7.18,7.95,1,1,0.00877192982456143,1,0.7875539464604844,0.9666666666666667,1.0,49.99999999979228,56.43662493394106,43.06890666278388,56.49326220447611,78711.86384034163,0.3482758620689654,-25.231452206802498,-14.218377789624585,8.65834279657427,9.398595969869618,154.71,5.0,0.03238950761577841,6514.838680861896,0.0,-0.0019999999999998686,-15.517241379310398,-10178.562252223492,-29661.45867478472
000014.SZ,20220812,8.05,8.06,8.18,7.97,8.14,0.09,1.118,60430.4,48996.036,52.71,52.78,53.57,52.19,53.3,6.548335,8.1078,-1,8.86,7.25,8.04,1,1,0.011180124223602483,1,0.8875261022078162,0.9666666666666667,1.0,49.999999999783874,63.891437028100434,45.90794062209378,78.0360573022196,79591.87225594794,0.42083333333333317,-37.73697848211876,-10.933304061452684,8.636358472643595,8.72108517292549,154.27,7.0,0.05977298779393109,6722.36716193684,0.0,0.028000000000000115,3.03030303030296,171470.11360076,-928.3769211354811
000014.SZ,20220815,8.14,8.11,8.19,8.04,8.08,-0.06,-0.7371,45156.73,36524.499,53.3,53.11,53.63,52.65,52.91,6.548335,8.0884,-1,8.95,7.33,7.98,1,1,-0.0073710073710073765,0,0.6976648450852114,0.9666666666666667,1.0,49.99999999977227,61.4263020016071,44.32112924888505,68.93477425108702,79591.87225594794,0.5101010101010098,-51.39072195602796,-12.695407340505554,8.613228639392736,8.442709637592705,154.65,5.0,0.07005487293068624,4858.041369215156,0.0,0.0020000000000000907,6.312292358803944,336449.8889720908,47268.518206468274
000014.SZ,20220816,8.08,8.09,8.3,8.05,8.27,0.19,2.3515,71255.39,58644.869,52.91,52.98,54.35,52.71,54.15,6.548335,8.2302,-1,8.89,7.27,8.17,1,1,0.023514851485148425,1,1.1760117914444987,0.9666666666666667,1.0,49.99999999976403,61.91461874294745,50.19225529857757,100.0,81463.46331147145,0.4654377880184331,-45.27608164350279,-5.723278785352308,8.597819843798016,8.091941113065337,162.7,6.0,0.1008279788823469,7062.346930497577,0.0,0.011000000000000076,0.0,557188.9302158436,120114.29135066475
000014.SZ,20220817,8.27,8.24,8.34,8.19,8.32,0.05,0.6046,56868.62,47088.612,54.15,53.96,54.61,53.63,54.48,6.548335,8.2802,-1,9.1,7.44,8.22,1,1,0.006045949214026791,1,0.9265114563469652,0.9666666666666667,1.0,49.99999999975728,62.36527529851346,51.63749815695395,100.0,81463.46331147145,0.4654377880184331,-42.954805260005855,-3.9419550775881786,8.585111829019022,7.672889701739471,162.52999999999997,8.0,0.12473265476752182,6517.770822289742,0.0,0.020500000000000053,1.7421602787456152,745715.217407876,209485.85221598065
000014.SZ,20220818,8.32,8.3,8.42,8.24,8.3,-0.02,-0.2404,50605.33,42021.849,54.48,54.35,55.14,53.96,54.35,6.548335,8.3038,-1,9.15,7.49,8.2,1,1,-0.0024038461538461453,0,0.814871375674663,0.9666666666666667,0.0,49.99999999975139,66.16809799412187,51.00002918038602,96.01920254112902,81463.46331147145,0.4832535885167463,-41.83395452446847,-4.618617754462775,8.57216213361598,7.142388069675065,162.61,8.0,0.13386044525460794,5300.7842310201595,0.0,0.025500000000000033,7.692307692307658,891909.3204252853,306974.9191030242
000014.SZ,20220819,8.3,8.3,8.5,8.3,8.49,0.19,2.2892,79793.63,67385.013,54.35,54.35,55.66,54.35,55.6,6.548335,8.4449,-1,9.13,7.47,8.39,1,1,0.02289156626506017,1,1.2791250099298401,0.9666666666666667,1.0,49.999999999749086,66.57620644735593,56.49472963960845,100.0,83328.2895800473,0.4654377880184331,-37.93954446995128,2.266063983523624,8.568160991704838,6.644670157614676,162.8,8.0,0.1597462001612252,8238.933969155063,0.0,0.029500000000000037,11.72413793103442,1131932.620631806,424826.01932142157
000014.SZ,20220822,8.49,8.5,8.53,8.32,8.45,-0.04,-0.4711,63806.23,53683.868,55.6,55.66,55.86,54.48,55.33,6.548335,8.4136,-1,9.34,7.64,8.35,1,1,-0.004711425206124997,0,1.012155016932271,0.9666666666666667,1.0,49.99999999974771,66.56645100130598,55.09403377850213,93.28873949648067,83328.2895800473,0.45909090909090877,-38.37233675648968,0.796117645018751,8.562489482552014,6.121194701131058,163.11,6.0,0.1650583292042673,7842.626528121771,0.0,0.024500000000000056,5.535055350553449,1292265.1265594102,548745.8917839914
000014.SZ,20220823,8.45,8.47,8.61,8.39,8.55,0.1,1.1834,66960.02,57098.841,55.33,55.46,56.38,54.94,55.99,6.548335,8.5273,-1,9.3,7.61,8.45,1,1,0.01183431952662728,1,1.06311261578265,0.9666666666666667,1.0,49.999999999747516,65.11302561914587,57.90400202714705,100.0,84314.42318454491,0.49999999999999956,-44.071709713592874,4.411802862112367,8.561868506651981,5.822988948485962,163.28,6.0,0.17468958209989843,7802.338142004512,0.0,0.013000000000000034,3.396226415094276,1450019.8818668227,677499.3189386816
000014.SZ,20220824,8.55,8.52,8.61,8.33,8.33,-0.22,-2.5731,56122.4,47416.889,55.99,55.79,56.38,54.55,54.55,6.548335,8.4488,-1,9.41,7.7,8.23,1,1,-0.025730994152046827,0,0.92868609692093,0.9666666666666667,1.0,49.99999999974405,59.88810335917491,50.4278940814376,61.42640467278406,84314.42318454491,0.48543689320388295,-38.17605672217575,-3.714998798206933,8.551237335489294,5.59340273120132,163.24,6.0,0.14528163422233759,6183.726279740436,0.0,0.009500000000000019,-5.511811023622144,1231812.722080581,756686.947958953
000014.SZ,20220825,8.33,8.38,8.52,8.24,8.35,0.02,0.2401,49531.01,41370.699,54.55,54.88,55.79,53.96,54.68,6.548335,8.3525,-1,9.16,7.5,8.25,1,1,0.0024009603841537164,1,0.8284397344042584,0.9666666666666667,1.0,49.99999999973774,60.35425076960277,51.04668099820066,61.85116475031174,84314.42318454491,0.4950495049504947,-30.238952670101607,-2.94821558097285,8.541937124774547,5.493432243209562,163.13,6.0,0.1232476372378486,4188.577142517872,0.0,0.004999999999999938,-4.761904761904809,1000665.0395863933,791540.9610485873
000014.SZ,20220826,8.35,8.35,8.41,8.23,8.26,-0.09,-1.0778,46929.85,38951.966,54.68,54.68,55.07,53.89,54.09,6.548335,8.3,-1,9.19,7.52,8.16,1,1,-0.010778443113772407,0,0.7905299698357022,0.9666666666666667,1.0,49.999999999729994,55.40302957576088,48.13488535023985,43.82028607191315,84314.42318454491,0.46601941747572717,-31.70610832026779,-6.231999676327093,8.529348229342588,5.49313706900474,163.16,4.0,0.09266975601176118,2561.7584495118863,0.0,0.0034999999999999697,-13.492063492063572,761124.9282846919,787195.813510888
000014.SZ,20220829,8.26,8.18,8.32,8.05,8.31,0.05,0.6053,48793.83,40145.729,54.09,53.57,54.48,52.71,54.42,6.548335,8.2276,-1,9.09,7.43,8.21,1,1,0.006053268765133346,1,0.8381722572811294,0.9666666666666667,1.0,49.99999999971743,56.04400921026077,49.84650309424987,52.81983861937478,84824.80104885815,0.5161290322580632,-27.825210569280895,-4.170795840872054,8.519338721603724,5.412259823265711,162.69,6.0,0.07599740947683715,1815.1535084128773,0.0,0.01600000000000006,-13.147410358565821,541989.2845824341,752166.3093782518
000014.SZ,20220830,8.31,8.36,8.51,8.3,8.38,0.07,0.8424,56936.46,47785.38,54.42,54.74,55.73,54.35,54.88,6.548335,8.3928,-1,9.14,7.48,8.28,1,1,0.008423586040914532,1,0.9887537292000185,1.0,1.0,49.99999999970411,61.80155531626507,52.22365575059862,61.71007912632804,85539.33005889667,0.6315789473684188,-38.14000972164184,-1.2749719465263443,8.512788141032647,5.104742858486279,162.72000000000003,8.0,0.07129426773028606,2456.628206997684,0.0,0.03650000000000011,17.03056768558939,642118.9831224415,736445.2627702788
000014.SZ,20220831,8.38,8.34,8.49,8.22,8.22,-0.16,-1.9093,58045.8,48456.15,54.88,54.61,55.6,53.83,53.83,6.548335,8.3479,-1,9.22,7.54,8.12,1,1,-0.019093078758949944,0,1.0223842346349432,1.0,1.0,49.99999999969293,61.098837975933854,46.767276390408014,18.009055826818702,83906.12089309434,0.5962732919254639,-35.19332982827566,-7.464170627844482,8.499886525098939,4.760395330961588,163.16,8.0,0.044821118711350166,3031.2017423656507,0.0,0.03000000000000016,23.50230414746526,485751.41085958254,700631.8553544652
000014.SZ,20220901,8.22,8.2,9.04,8.19,9.04,0.82,9.9757,183787.02,160035.489,53.83,53.7,59.2,53.63,59.2,6.548335,8.7077,-1,9.04,7.4,8.93,1,1,0.09975669099756668,1,3.2079765774639277,1.0,1.0,49.99999999970534,68.82080867493622,66.23691705809142,100.0,92276.31786783123,0.5384615384615374,-6.7489967961104265,19.69516383357637,8.530671749321323,4.406830878908763,163.7,8.0,0.1310711817922846,19434.24494624535,0.0,0.06800000000000014,45.94594594594582,641311.1103931356,692157.4632171324
000014.SZ,20220902,9.04,9.24,9.24,8.66,8.86,-0.18,-1.9912,333134.96,293203.718,59.2,60.51,60.51,56.71,58.02,6.548335,8.8013,-1,9.94,8.14,8.75,1,1,-0.019911504424778736,0,5.173864970471413,1.0,1.0,49.9999999997211,75.04435682451376,60.96573072175284,72.92612418323706,90438.95755630362,0.5559999999999998,7.442010157811238,13.090990154295506,8.548407015014197,4.06968793865572,165.16,6.0,0.1555185342061221,47867.14852666127,0.0,0.045500000000000096,52.2184300341296,1532169.0112170996,812159.1129314135
000014.SZ,20220905,8.86,8.8,9.01,8.61,8.92,0.06,0.6772,244801.14,216313.454,58.02,57.63,59.0,56.38,58.41,6.548335,8.8363,-1,9.75,7.97,8.81,1,1,0.006772009029345494,1,3.094425988263951,1.0,1.0,49.99999999973846,63.596520587855224,62.04986969868741,78.49448055631626,90438.95755630362,0.5537848605577687,12.079919198874613,14.741561855717137,8.568710424286529,3.746136159804157,165.87,6.0,0.1702255947152866,51903.94752057285,0.0,0.050000000000000044,37.37373737373727,777455.0625025574,807201.391441577
000014.SZ,20220906,8.92,8.93,9.81,8.9,9.27,0.35,3.9238,463103.94,435255.13,58.41,58.48,64.24,58.28,60.7,6.548335,9.3986,-1,9.81,8.03,9.16,1,1,0.039237668161435035,1,5.2192897605613435,1.0,1.0,49.999999999761584,74.28648421550965,67.68765860503258,100.0,93987.57136176397,0.6830985915492953,24.96640272304709,23.645780649110726,8.61000161335804,3.4033394272263706,166.92,6.0,0.21468292699604732,79457.4909801956,0.0,0.06400000000000006,52.6881720430107,1316643.778721526,879978.8753387126
000014.SZ,20220907,9.27,9.12,9.59,8.7,9.42,0.15,1.6181,373604.59,339429.077,60.7,59.72,62.8,56.97,61.69,6.548335,9.0852,-1,10.2,8.34,9.31,1,1,0.016181229773462924,1,3.4711770577303587,1.0,1.0,49.99999999978516,64.16959388800134,69.76100019568004,100.0,93987.57136176397,0.61744966442953,36.80844431571422,27.081334586261217,8.659018601923364,3.0352784879260475,167.75,6.0,0.2494402551007081,80838.94404100138,0.0,0.07750000000000008,49.081364829396286,388676.93146970216,809792.8833574255
000014.SZ,20220908,9.42,9.19,9.28,8.93,9.11,-0.31,-3.2909,227891.02,207034.459,61.69,60.18,60.77,58.48,59.66,6.548335,9.0848,-1,10.36,8.48,9.0,1,1,-0.03290870488322728,0,1.849788060237674,1.0,1.0,49.999999999802654,57.79406872746702,61.04341200731649,62.08709706096073,93987.57136176397,0.5714285714285713,38.404580569136535,15.751176408203907,8.683876519716502,2.813107026900459,169.2,4.0,0.21701499642488756,58384.65113231605,0.0,0.06950000000000003,35.999999999999964,-464014.0472492528,627820.4646993286
000014.SZ,20220909,9.11,9.12,9.58,9.05,9.41,0.3,3.2931,324493.52,304155.232,59.66,59.72,62.73,59.26,61.62,6.548335,9.3732,-1,10.02,8.2,9.3,1,1,0.03293084522502743,1,2.460559915494875,1.0,1.0,49.999999999816175,61.94113929317446,65.53231308085941,81.60938545390776,97082.66152735444,0.5160349854227404,40.95604980236305,22.765732516728757,8.726325605885359,2.579799960315115,170.28,4.0,0.22154370832111941,52962.686119146194,0.0,0.08000000000000007,39.62264150943392,132476.22349096567,557057.0016695625
000014.SZ,20220913,9.41,9.23,9.31,8.95,9.04,-0.37,-3.932,210936.35,192412.032,61.62,60.44,60.96,58.61,59.2,6.548335,9.1218,-1,10.35,8.47,8.93,1,1,-0.03931987247608937,0,1.45392051118287,1.0,1.0,49.999999999824055,57.10080484092259,56.834044074307364,43.780501884567435,97082.66152735444,0.47058823529411714,42.34946218115021,10.790206862471521,8.742874201605083,2.41546164288415,171.5,4.0,0.16297643805297196,31555.97161412565,0.0,0.07199999999999998,30.180180180180173,-416933.6528438899,417915.4795962122
000014.SZ,20220914,9.04,8.83,9.94,8.81,9.94,0.9,9.9558,567489.79,553801.653,59.2,57.82,65.09,57.69,65.09,6.548335,9.7588,-1,9.94,8.14,9.82,1,1,0.0995575221238938,1,3.700134215573783,1.0,1.0,49.99999999983318,63.53544532335307,67.97061344983307,92.21358505908263,106747.97075021053,0.4247191011235948,50.081583145540165,28.61884521608211,8.816194648161243,2.285115036606454,172.26000000000002,4.0,0.2296574314495784,61183.300440711755,0.0,0.11849999999999997,37.49999999999995,210368.77930608368,388265.9509833368
000014.SZ,20220915,9.94,9.91,10.93,9.6,10.93,0.99,9.9598,731306.47,749989.358,65.09,64.89,71.57,62.86,71.57,6.548335,10.2555,-1,10.93,8.95,10.8,1,1,0.0995975855130784,1,4.104271988242703,1.0,1.0,49.999999999848804,70.18336787520997,75.46813864646701,100.0,117379.81089535222,0.5343228200371052,58.60773089752972,42.03280522064344,8.959161173786038,2.190036915314855,173.67,4.0,0.3823098259361789,96505.1967721175,0.0,0.16549999999999992,46.643717728055066,1848649.259430586,596892.1379043724
000014.SZ,20220916,10.93,10.32,10.59,9.84,9.84,-1.09,-9.9726,529837.67,538277.738,71.57,67.58,69.35,64.44,64.44,6.548335,10.1593,-1,12.02,9.84,9.72,1,1,-0.09972552607502283,0,2.500370451350564,1.0,1.0,49.99999999986065,61.451305611088294,59.07243165702231,42.87381736768751,117379.81089535222,0.44582043343653205,60.71045854750372,16.631453713050753,9.008081894161387,3.0450881021013005,176.18,4.0,0.31449229540994816,86701.41873641434,0.0,0.1414999999999999,37.72652388797363,226417.43782592332,543967.1807503083
000014.SZ,20220919,9.84,9.1,10.32,9.08,9.97,0.13,1.3211,429164.01,413932.477,64.44,59.59,67.58,59.46,65.29,6.548335,9.6451,-1,10.82,8.86,9.85,1,1,0.013211382113821113,1,1.8195302034379497,1.0,1.0,49.99999999986912,55.52415611557131,60.18347599566031,46.74493569411846,117379.81089535222,0.44999999999999946,64.90139000674294,18.4621679910721,9.062344229517343,3.6174841214665596,176.95999999999998,4.0,0.26704190226985214,61795.08312835739,0.0,0.1755,21.481481481481474,-949308.7726596841,330642.0445488809
000014.SZ,20220920,9.97,9.87,10.24,9.51,9.58,-0.39,-3.9117,361604.63,354070.935,65.29,64.63,67.05,62.27,62.73,6.548335,9.7917,-1,10.97,8.97,9.47,1,1,-0.03911735205616851,0,1.4273840454391156,1.0,1.0,49.999999999874575,51.20025696518164,55.33072767184303,29.83691292977512,117379.81089535222,0.4266666666666662,65.56834061410031,10.780106688646885,9.089651830223087,4.540475984170375,178.67000000000002,4.0,0.1678656514001543,32814.096770351054,0.0,0.16350000000000006,25.874125874125873,-2134405.37107155,-21507.586254037742
000014.SZ,20220921,9.58,9.33,9.84,9.16,9.65,0.07,0.7307,294355.77,281346.662,62.73,61.1,64.44,59.98,63.19,6.548335,9.558,-1,10.54,8.62,9.53,1,1,0.007306889352818313,1,1.0974263037224852,1.0,1.0,49.99999999987867,47.97008876977042,56.01624885970824,3.4042170998499635,117379.81089535222,0.42857142857142816,65.77172529472321,11.860000281654766,9.119499709475026,5.241485135391645,179.44,4.0,0.09979726889048812,2763.2728128636954,0.0,0.17550000000000007,18.340026773761693,-3017284.4651201367,-449475.7118063376
000014.SZ,20220922,9.65,9.5,9.75,9.37,9.48,-0.17,-1.7617,217864.4,206709.0,63.19,62.21,63.85,61.36,62.08,6.548335,9.488,-1,10.62,8.69,9.37,1,1,-0.01761658031088087,0,0.7792183689498816,1.0,1.0,49.99999999988207,46.56521447370767,53.854670698241435,0.0,117379.81089535222,0.4317841079460266,63.523226054137666,8.502723248881862,9.138126025310251,5.995146386285044,180.57999999999998,4.0,0.02393501590296465,-27568.759627012158,0.0,0.18400000000000008,21.522309711286084,-3597932.692022413,-899255.2804086341
000014.SZ,20220923,9.48,9.42,9.73,8.74,8.88,-0.6,-6.3291,288434.72,269605.834,62.08,61.69,63.72,57.23,58.15,6.548335,9.3472,-1,10.43,8.53,8.77,1,1,-0.06329113924050633,0,1.0026213393251215,1.0,1.0,49.999999999885794,44.755474076868964,46.96610951652049,0.0,109950.70893995017,0.3972413793103445,64.67827932532947,-2.382081206309477,9.12612710846393,7.297742117326992,182.07,2.0,-0.10777320307567173,-37653.89106839837,0.0,0.15850000000000017,13.480392156862735,-4289763.217363921,-1383613.5571165322
000014.SZ,20220926,8.88,8.88,9.47,8.88,9.0,0.12,1.3514,247677.5,225997.913,58.15,58.15,62.01,58.15,58.94,6.548335,9.1247,-1,9.77,7.99,8.89,1,1,0.013513513513513375,1,0.8266227490418656,1.0,1.0,49.999999999889766,45.06346292387921,48.38801390932885,4.988783031290888,109950.70893995017,0.3956043956043953,65.08722737949482,-0.2645310290293933,9.120136943553167,8.262672392723344,182.54000000000002,4.0,-0.1754371563174899,-48643.484164930036,0.0,0.16900000000000012,11.43200962695547,-4842343.795444194,-1877717.8768776269
000014.SZ,20220927,9.0,9.0,9.09,8.38,8.84,-0.16,-1.7778,258980.01,224647.051,58.94,58.94,59.52,54.88,57.89,6.548335,8.6743,-1,9.9,8.1,8.73,1,1,-0.01777777777777778,0,0.8363280723854997,1.0,1.0,49.999999999893674,43.62242061445269,46.5942206789246,0.0,107996.02966990661,0.3707713125845737,64.77091378661078,-3.0780322669817397,9.107207694122746,9.282226380239504,183.58,2.0,-0.2347503832721236,-52868.354639877274,0.0,0.15450000000000008,7.300115874855152,-5370419.141809003,-2376675.200439252
000014.SZ,20220928,8.84,8.71,8.79,8.25,8.27,-0.57,-6.448,189248.95,160588.079,57.89,57.04,57.56,54.02,54.15,6.548335,8.4855,-1,9.72,7.96,8.17,1,1,-0.06447963800904977,0,0.591084358580047,1.0,1.0,49.99999999989922,42.00134958658832,40.79252752650503,0.0,107996.02966990661,0.34727503168567797,64.4831120964368,-12.350168996939868,9.072264307025451,10.750617567920557,184.11999999999998,0.0,-0.3375156801248624,-62854.00192052392,0.0,0.13149999999999995,0.9216589861750961,-5592060.243092569,-2836015.920818297
000014.SZ,20220929,8.27,8.34,8.44,8.05,8.07,-0.2,-2.4184,148328.8,121319.797,54.15,54.61,55.27,52.71,52.85,6.548335,8.1791,-1,9.1,7.44,7.97,1,1,-0.024183796856106277,0,0.4538990070302832,1.0,1.0,49.99999999990215,41.4917080948738,38.959472127431695,0.0,107996.02966990661,0.3631778058007564,62.49179468166216,-15.341468308970674,9.031859438168736,12.209228343500925,184.07,0.0,-0.41413442817814955,-72106.38144548278,0.0,0.12399999999999993,-2.1229050279329726,-5632186.573295573,-3235468.8711721934
000014.SZ,20220930,8.07,8.22,8.48,8.07,8.26,0.19,2.3544,185028.28,152765.954,52.85,53.83,55.53,52.85,54.09,6.548335,8.2564,-1,8.88,7.26,8.16,1,1,0.023543990086740907,1,0.5584878241534981,1.0,1.0,49.99999999990479,41.41481157169752,41.64235091742307,7.348608004054453,110538.68712186227,0.3945205479452052,51.58619595769135,-11.535019143984881,8.999343947492006,13.37542724534403,183.95000000000002,0.0,-0.4196268706969576,-70342.78598848438,0.0,0.0839999999999999,-8.293838862559227,-4664665.144277314,-3439639.7673300677
000014.SZ,20221010,8.26,8.33,8.61,8.24,8.33,0.07,0.8475,196436.84,165312.395,54.09,54.55,56.38,53.96,54.55,6.548335,8.4155,-1,9.09,7.43,8.23,1,1,0.008474576271186418,1,0.5928122751511881,1.0,0.0,49.999999999905924,40.099552115506405,42.64258458154651,10.088323692114223,111475.4556567933,0.40055632823365755,45.06378566638829,-10.125588741158015,8.970697807867953,14.387378117585888,182.95,2.0,-0.3946106247357437,-64834.730838002906,0.0,0.10299999999999994,-12.285012285012286,-3586428.5830659475,-3460609.5981494794
000014.SZ,20221011,8.33,8.21,8.24,7.96,8.01,-0.32,-3.8415,142637.58,114779.814,54.55,53.76,53.96,52.12,52.45,6.548335,8.047,-1,9.16,7.5,7.91,1,1,-0.038415366146458574,0,0.43952126127732877,1.0,1.0,49.99999999990675,40.80214077151023,39.324386861375295,0.9995290673060774,111475.4556567933,0.3986577181208052,40.848895737885385,-15.277400598371788,8.93193932428604,15.575440304315183,182.67,0.0,-0.40066189717992096,-65443.51225029112,0.0,0.08699999999999992,-13.768115942028977,-3522406.3524069004,-3469437.7059005396
000014.SZ,20221012,8.01,7.99,8.3,7.83,8.27,0.26,3.2459,147047.02,118790.824,52.45,52.32,54.35,51.27,54.15,6.548335,8.0784,-1,8.81,7.21,8.17,1,1,0.03245942571785276,1,0.4603545433587663,1.0,1.0,49.99999999990581,37.42723737169966,43.19227738290829,19.943481360804462,115093.88492904877,0.4211956521739128,29.866235065403597,-9.88996921384569,8.90353581338605,16.498729037394927,181.60000000000002,0.0,-0.3509267910442375,-62275.649491704666,0.0,0.0839999999999999,-27.201051248357416,-2873761.571796367,-3384341.1153142294
000014.SZ,20221013,8.27,8.11,8.27,8.03,8.16,-0.11,-1.3301,129914.97,105590.054,54.15,53.11,54.15,52.58,53.43,6.548335,8.1276,-1,9.1,7.44,8.06,1,1,-0.013301088270858408,0,0.4278889939198546,1.0,1.0,49.99999999990281,41.15751159996891,41.97318683366083,14.199557844693638,115093.88492904877,0.4234972677595627,16.61564569502019,-11.7271854841173,8.872281528176076,17.44481804103707,181.17,-2.0,-0.3152582981065365,-59514.24026466288,0.0,0.0714999999999999,-21.739130434782616,-2091632.8892008997,-3199668.511583754
000014.SZ,20221014,8.16,8.24,8.38,8.17,8.32,0.16,1.9608,140219.74,116323.838,53.43,53.96,54.88,53.5,54.48,6.548335,8.2958,-1,8.98,7.34,8.22,1,1,0.019607843137254832,1,0.48113734463609015,1.0,1.0,49.99999999989916,44.14543722855471,44.430054759384596,32.07278091177048,117350.62777079482,0.4323570432357042,13.211529418327027,-8.34498270861887,8.848177064835749,18.22885267490597,179.91,0.0,-0.2550962112518118,-53514.7933695462,0.0,0.0794999999999999,-16.172506738544463,-1302290.5346758468,-2928614.514882624
000014.SZ,20221017,8.32,8.18,8.52,8.09,8.44,0.12,1.4423,146101.92,122132.621,54.48,53.57,55.79,52.98,55.27,6.548335,8.3594,-1,9.15,7.49,8.34,1,1,0.014423076923076872,1,0.5089766289817218,1.0,1.0,49.99999999989372,42.10654773617473,46.26758869401315,42.8458241629692,119043.18490210435,0.44349070100143057,10.123744424261309,-5.816091440236168,8.829870535621138,18.927228253422086,178.95,0.0,-0.18725980749503696,-46242.81579977993,0.0,0.07799999999999985,-18.732782369146022,-616782.4307836257,-2598352.7885827674
000014.SZ,20221018,8.44,8.45,8.58,8.31,8.37,-0.07,-0.8294,124594.61,105000.818,55.27,55.33,56.18,54.42,54.81,6.548335,8.4274,-1,9.28,7.6,8.27,1,1,-0.0082938388625593,0,0.4479713249707275,1.0,1.0,49.999999999885944,45.00762897294937,45.326036030323145,42.742390258348514,119043.18490210435,0.46337817638266066,7.711808904113053,-7.146885992018878,8.809537006443549,19.617729241544954,178.12,0.0,-0.14199329623021822,-41944.91953548656,0.0,0.08349999999999991,-12.066574202496547,4854.9326137676835,-2226465.971268977
000014.SZ,20221019,8.37,8.32,8.5,8.3,8.38,0.01,0.1195,122095.56,102412.389,54.81,54.48,55.66,54.35,54.88,6.548335,8.3879,-1,9.21,7.53,8.28,1,1,0.0011947431302272715,1,0.44590744412905237,1.0,1.0,49.99999999987803,37.24580266513855,45.49667467520831,69.33418442635613,119043.18490210435,0.5344827586206895,-12.834532088753534,-6.919705824876614,8.790498229815515,20.299517415228845,177.60999999999999,0.0,-0.10271164399252641,-37214.69619096136,0.0,0.03099999999999996,-23.723723723723715,-188668.4168405356,-1935352.034922057
000014.SZ,20221020,8.38,8.35,8.35,8.14,8.17,-0.21,-2.506,99854.18,82110.446,54.88,54.68,54.68,53.3,53.5,6.548335,8.223,-1,9.22,7.54,8.07,1,1,-0.02505966587112185,0,0.39696510716431493,1.0,1.0,49.99999999986947,23.613329087763717,42.49709725202572,37.52038444997169,119043.18490210435,0.5498007968127488,-37.82881338046564,-11.08697851020222,8.76422662389077,20.697054052385422,176.39000000000001,-2.0,-0.0970860660338802,-34896.46366961427,0.0,-0.029000000000000005,-46.82675814751288,-359418.1796682188,-1710218.6270286518
000014.SZ,20221021,8.17,8.35,8.43,8.13,8.17,0.0,0.0,108082.6,89630.435,53.5,54.68,55.2,53.24,53.5,6.548335,8.2928,-1,8.99,7.35,8.07,1,1,0.0,0,0.49134851456433704,0.9666666666666667,1.0,49.99999999985573,29.48508571178897,42.49709725202571,46.33584329247183,119043.18490210435,0.6335877862595418,-45.734324172685234,-11.086978510202222,8.739067345519432,20.96886013421041,165.46,-1.0,-0.08582566791285057,-30242.986842159633,0.0,-0.013999999999999967,-41.47217235188511,-27407.02819343377,-1469816.9700521922
000014.SZ,20221024,8.17,8.17,8.19,7.73,7.74,-0.43,-5.2632,135515.03,107413.638,53.5,53.5,53.63,50.62,50.68,6.548335,7.9263,-1,8.99,7.35,7.65,1,1,-0.05263157894736836,0,0.6813785899581281,0.9666666666666667,1.0,49.99999999985002,32.56847363836118,36.74418709161507,0.0,112777.75411778307,0.5933806146572103,-58.946640404626606,-19.285708114422732,8.700667815357717,21.340654520597834,164.57000000000002,-3.0,-0.12631133918034182,-21849.72707683545,0.0,-0.079,-37.42802303262957,-145480.72715318482,-1280626.078209477
000014.SZ,20221025,7.74,7.7,7.78,7.5,7.61,-0.13,-1.6796,93269.61,70964.714,50.68,50.42,50.95,49.11,49.83,6.548335,7.6086,-1,8.51,6.97,7.52,1,1,-0.01679586563307489,0,0.5063464979186842,0.9666666666666667,1.0,49.99999999984753,35.9577024815558,35.19306837395042,0.0,112777.75411778307,0.5894206549118388,-65.7624758226897,-21.58673670127506,8.659942661749579,21.68272429451825,162.11,-3.0,-0.15852963108261942,-20395.987629714087,0.0,-0.06900000000000003,-53.75722543352601,-315387.8763007708,-1142734.9065082334
000014.SZ,20221026,7.61,7.69,7.75,7.59,7.71,0.1,1.3141,67739.4,52011.732,49.83,50.36,50.75,49.7,50.49,6.548335,7.6782,-1,8.37,6.85,7.62,1,1,0.013140604467805517,1,0.3966369189172656,0.9666666666666667,1.0,49.99999999984662,41.36820116469465,37.382802332511446,19.772720580900288,112777.75411778307,0.5625000000000001,-76.28311867074008,-18.843396480904783,8.62323117605173,21.925177032659104,160.54,-3.0,-0.15415970721220212,-21188.074614865945,0.0,-0.08400000000000007,-47.13114754098362,7630.90382859204,-978396.9336029728
000014.SZ,20221027,7.71,7.71,7.96,7.65,7.91,0.2,2.594,97268.39,76298.214,50.49,50.49,52.12,50.09,51.8,6.548335,7.8441,-1,8.48,6.94,7.82,1,1,0.025940337224384047,1,0.6100106773390471,0.9666666666666667,1.0,49.999999999846025,46.92029483469748,41.6306545207582,58.12970639590931,115703.24709100703,0.5533498759305213,-71.98919859644589,-13.45424242205541,8.593837303451918,21.89172635340221,158.44,-1.0,-0.11397118323766092,-16270.488650962012,0.0,-0.07300000000000009,-47.13114754098358,361115.43691982934,-787038.0235282868
000014.SZ,20221028,7.91,7.9,7.95,7.53,7.57,-0.34,-4.2984,90958.81,69948.907,51.8,51.73,52.06,49.31,49.57,6.548335,7.6902,-1,8.7,7.12,7.48,1,1,-0.04298356510745893,0,0.5928598991582045,0.9666666666666667,1.0,49.99999999984664,51.11465189615235,37.031474788870874,16.60032544786592,115703.24709100703,0.5225464190981435,-78.80330662391846,-19.95003302794429,8.554809616629973,21.77800895320389,156.66,-1.0,-0.12210231701706531,-12569.162168604467,0.0,-0.06250000000000014,-40.96109839816933,271658.8353534974,-635795.6151166034
000014.SZ,20221031,7.57,7.7,7.89,7.48,7.79,0.22,2.9062,120915.6,93896.266,49.57,50.42,51.67,48.98,51.01,6.548335,7.7654,-1,8.33,6.81,7.7,1,1,0.029062087186261465,1,0.8423239876227089,0.9666666666666667,1.0,49.99999999984575,53.13996841754307,41.53248718923537,57.2432812624885,119065.82494569942,0.41602067183462516,-75.1932377642988,-14.11620385884998,8.523531162724526,21.58114638164551,155.26,-1.0,-0.08833894934550868,-5166.675536619281,0.0,-0.0640000000000001,-38.12949640287769,617540.0245174491,-456747.6665974531
000014.SZ,20221101,7.79,7.99,8.11,7.89,8.02,0.23,2.9525,134019.46,107226.869,51.01,52.32,53.11,51.67,52.52,6.548335,8.0008,-1,8.57,7.01,7.92,1,1,0.029525032092426073,1,0.9767335404849558,0.9666666666666667,1.0,49.99999999984327,61.154645117112935,45.88735789508463,96.56661608864727,122581.24724833238,0.33248730964466977,-83.72068726220805,-8.31873448563125,8.501548127379523,21.18259002110692,153.95999999999998,1.0,-0.02860915570947742,2028.3226489808585,0.0,-0.054500000000000125,-16.66666666666668,1122547.775879092,-231134.0319579467
000014.SZ,20221102,8.02,7.88,8.25,7.88,8.15,0.13,1.6209,129447.05,104789.292,52.52,51.6,54.02,51.6,53.37,6.548335,8.0951,-1,8.82,7.22,8.05,1,1,0.01620947630922709,1,0.9884180459163672,0.9666666666666667,1.0,49.99999999983912,67.81060531207483,48.234302897095496,100.0,122581.24724833238,0.32285714285714256,-80.0558692313406,-5.140733267111721,8.485668319005933,20.48606141111482,153.0,3.0,0.03156642947597943,6455.357931621009,0.0,-0.019000000000000038,-6.122448979591823,1535596.0798243803,21255.984010957152
000014.SZ,20221103,8.15,8.08,8.21,8.05,8.09,-0.06,-0.7362,84355.18,68413.276,53.37,52.91,53.76,52.71,52.98,6.548335,8.1101,-1,8.97,7.34,7.99,1,1,-0.007361963190184118,0,0.659159907159883,0.9666666666666667,1.0,49.99999999983467,72.9641998494451,47.21643837091587,92.19502935574725,122581.24724833238,0.3363095238095234,-82.87846770988278,-6.473848947338212,8.468046730924934,19.65462378064817,152.77,3.0,0.06454426602861896,3728.987566976124,0.0,-0.005000000000000071,7.486631016042807,1822691.816889055,278603.9601363997
000014.SZ,20221104,8.09,8.11,8.27,8.08,8.24,0.15,1.8541,90727.58,74497.611,52.98,53.11,54.15,52.91,53.96,6.548335,8.2111,-1,8.9,7.28,8.14,1,1,0.018541409147095234,1,0.7271289398333162,0.9666666666666667,1.0,49.99999999983102,71.87193131855308,50.054087018232764,100.0,124854.07630732495,0.34036144578313204,-84.68746311839624,-2.676541942491817,8.45747801832859,18.887779252389254,152.78,3.0,0.10540263732595723,3222.0818127391103,0.0,-0.0004999999999999894,7.978723404255291,2102175.8428976284,539114.2291022895
000014.SZ,20221107,8.24,8.21,8.4,8.16,8.39,0.15,1.8204,90457.84,75187.584,53.96,53.76,55.01,53.43,54.94,6.548335,8.3119,-1,9.06,7.42,8.29,1,1,0.01820388349514568,1,0.7534382594597563,0.9666666666666667,1.0,49.99999999982995,70.51417854091484,52.78747833227607,100.0,124854.07630732495,0.32352941176470557,-82.5122349895568,1.0385964603885078,8.454231406774378,18.12382199974949,152.70000000000002,3.0,0.14881827786004903,3277.750824079041,0.0,0.008499999999999997,6.989247311827953,2346281.327148661,797280.9573946283
000014.SZ,20221108,8.39,8.4,8.47,8.29,8.39,0.0,0.0,69643.53,58443.15,54.94,55.01,55.46,54.29,54.94,6.548335,8.3918,-1,9.23,7.55,8.29,1,1,0.0,0,0.6068565572779658,0.9333333333333333,1.0,49.999999999812054,75.9786148390461,52.78747833227607,100.0,124854.07630732495,0.3571428571428568,-81.00849140256148,1.0385964603885052,8.451141001446208,17.111536348340316,144.37,4.0,0.1720763594880772,1053.4289578093303,0.0,0.01800000000000006,21.839080459770067,2495983.2917919974,1039952.7194513953
000014.SZ,20221109,8.39,8.44,8.67,8.41,8.42,0.03,0.3576,106445.94,90819.221,54.94,55.27,56.77,55.07,55.14,6.548335,8.532,-1,9.23,7.55,8.32,1,1,0.0035756853396899935,1,0.9580109346831761,0.9333333333333333,1.0,49.99999999981307,75.58371742692691,53.37928539307526,100.0,125300.5151975776,0.41754385964912244,-80.9889257612301,1.8257943928967835,8.449631021822183,16.22324766155896,144.92999999999998,4.0,0.1849177096378128,4868.183564756109,0.0,0.0030000000000001137,30.704225352112616,2760839.881550911,1285793.742608469
000014.SZ,20221110,8.42,8.35,8.52,8.29,8.45,0.03,0.3563,83352.6,70256.368,55.14,54.68,55.79,54.29,55.33,6.548335,8.4288,-1,9.26,7.58,8.35,1,1,0.0035629453681709222,1,0.764132457106554,0.9333333333333333,1.0,49.99999999981476,71.03709217615616,54.00024471320407,100.0,125300.5151975776,0.4296028880866422,-75.31479574744506,2.641006403037879,8.449649056246713,15.201320602262305,144.95000000000002,6.0,0.19013542464313443,4612.229318392339,0.0,0.00550000000000006,21.142857142857075,2398676.4600905827,1444776.9879630567
000014.SZ,20221111,8.45,8.61,9.3,8.58,9.2,0.75,8.8757,341164.38,307671.786,55.33,56.38,60.9,56.18,60.24,6.548335,9.0183,-1,9.3,7.61,9.09,1,1,0.08875739644970415,1,3.195822507724275,0.9333333333333333,1.0,49.999999999821426,73.91817029747838,66.14176831164245,100.0,136421.86270032116,0.5416666666666665,-45.512007033768214,20.100565832896425,8.492562186207673,14.232682925776317,145.24,6.0,0.28176535039607975,37661.155992114174,0.0,0.03100000000000005,33.333333333333286,2608046.42725108,1610958.3364327743
000014.SZ,20221114,9.2,9.5,9.5,8.97,9.07,-0.13,-1.413,375261.25,344246.156,60.24,62.21,62.21,58.74,59.39,6.548335,9.1735,-1,10.12,8.28,8.96,1,1,-0.014130434782608559,0,3.2128404182231693,0.9333333333333333,1.0,49.99999999982814,76.61755717889093,63.03597252230507,89.33093619647681,134494.1624665123,0.5994065281899107,-36.35068450016779,16.29536066220809,8.524539966595755,13.29359375334291,146.65,4.0,0.3097920950957682,61212.69422945051,0.0,-0.0034999999999999255,37.12984054669703,3471420.1895907214,1876738.601169624
000014.SZ,20221115,9.07,9.22,9.38,9.06,9.22,0.15,1.6538,249822.31,230229.812,59.39,60.38,61.42,59.33,60.38,6.548335,9.2157,-1,9.98,8.16,9.11,1,1,0.016538037486218293,1,1.9478042106082227,0.9333333333333333,0.0,49.99999999983576,77.90658700348651,65.07386033302316,96.33151078403274,134494.1624665123,0.5855072463768113,-31.843048464772714,19.397118539023815,8.56408088280886,12.218455623854556,147.13,6.0,0.33151620272916404,57074.92134725589,0.0,0.0005000000000000782,30.06993006993006,4097296.5638666246,2193961.1672691954
000014.SZ,20221116,9.22,9.14,9.27,8.96,9.03,-0.19,-2.0607,148334.79,134448.294,60.38,59.85,60.7,58.67,59.13,6.548335,9.0638,-1,10.14,8.3,8.92,1,1,-0.020607375271149864,0,1.102698438887981,0.9333333333333333,1.0,49.99999999984193,76.81579740976811,60.52226946558802,80.69583585044042,134494.1624665123,0.5564738292011017,-26.122331363532314,13.77569142180684,8.589323868382698,11.058385193746632,148.10000000000002,4.0,0.30399952205139175,38725.89562647935,0.0,-0.008000000000000007,29.16666666666663,3454739.4147014944,2374072.3454738096
000014.SZ,20221117,9.03,9.02,9.17,8.86,9.05,0.02,0.2215,105190.19,95076.642,59.13,59.07,60.05,58.02,59.26,6.548335,9.0385,-1,9.93,8.13,8.94,1,1,0.0022148394241419123,1,0.7744151825916816,0.9333333333333333,1.0,49.99999999984564,76.38968716915338,60.832825496482215,78.42707071062563,134494.1624665123,0.5872093023255811,-21.11032599620843,14.223173352416588,8.614380958687956,10.303408520424206,148.57999999999998,6.0,0.2731726814829388,19789.77175263469,0.0,0.0025000000000000356,30.985915492957673,2884250.0870081712,2446954.8799787187
000014.SZ,20221118,9.05,9.05,9.47,8.93,9.13,0.08,0.884,180420.69,165370.274,59.26,59.26,62.01,58.48,59.79,6.548335,9.1658,-1,9.96,8.15,9.02,1,1,0.008839779005524795,1,1.325661839947085,0.9333333333333333,1.0,49.99999999984765,77.14295900823764,62.11657903542982,80.12685043193325,135683.06114024943,0.573863636363636,-11.811820613015906,16.0574478906634,8.642876877744389,9.482100523259795,157.51,7.0,0.2489225946048681,16542.068813837475,0.0,0.015500000000000024,34.374999999999936,2943828.401711385,2517936.8116548136
000014.SZ,20221121,9.13,9.08,9.08,8.85,9.04,-0.09,-0.9858,114432.57,102393.712,59.79,59.46,59.46,57.95,59.2,6.548335,8.948,-1,10.04,8.22,8.93,1,1,-0.009857612267251015,0,0.8190400145455606,0.9333333333333333,1.0,49.99999999984807,77.27195696947223,59.74415644787965,66.19550684822995,135683.06114024943,0.6352201257861627,-17.331914875250096,13.191057128868044,8.66428201394364,8.397211429939956,158.45,7.0,0.2078005685095812,5235.626583681948,0.0,0.03499999999999996,34.6756152125279,2366051.506802102,2496238.9109615693
000014.SZ,20221122,9.04,9.22,9.29,8.96,9.0,-0.04,-0.4425,120880.4,110142.351,59.2,60.38,60.83,58.67,58.94,6.548335,9.1117,-1,9.94,8.14,8.89,1,1,-0.004424778761061843,0,0.8717670251297877,0.9333333333333333,1.0,49.99999999984618,80.55989521818742,58.67161343731063,60.52827138164534,135082.6936130802,0.6537216828478958,-14.398671225871093,11.898115176976617,8.682170685310648,6.960824420672298,159.95999999999998,7.0,0.16416736918796015,-1295.721767074489,0.0,0.028499999999999925,50.81967213114743,2392626.309942399,2481437.110815974
000014.SZ,20221123,9.0,9.01,9.29,8.99,9.15,0.15,1.6667,185479.83,170020.52,58.94,59.0,60.83,58.87,59.92,6.548335,9.1665,-1,9.9,8.1,9.04,1,1,0.016666666666666607,1,1.3244595556681187,0.9333333333333333,1.0,49.99999999984121,81.45634159087518,61.465357208237016,70.93172708909192,137334.07183996486,0.6433121019108272,-9.318994465242305,15.699189183850788,8.707945672161122,5.572414014915273,161.36,7.0,0.14512408115515923,2933.402020446535,0.0,0.034499999999999975,50.11876484560557,2716748.7330095507,2515053.0568436277
000014.SZ,20221124,9.15,9.64,10.07,9.45,9.54,0.39,4.2623,488303.7,478204.303,59.92,63.13,65.94,61.88,62.47,6.548335,9.7932,-1,10.07,8.24,9.43,1,1,0.042622950819672045,1,3.346174984869945,0.9333333333333333,1.0,49.99999999983331,83.95385439679173,67.59824105198743,100.0,143187.655229865,0.7777777777777773,0.15254240057292423,24.60206508100709,8.757315047165081,4.870097261486695,162.86,7.0,0.1727932652546053,44084.452255586664,0.0,0.019499999999999896,56.06694560669445,3704318.926688237,2684948.181107144
000014.SZ,20221125,9.54,9.5,10.38,9.5,9.96,0.42,4.4025,465668.3,464275.171,62.47,62.21,67.97,62.21,65.22,6.548335,9.9701,-1,10.49,8.59,9.84,1,1,0.044025157232704615,1,2.814034157521163,0.9333333333333333,1.0,49.999999999833506,87.93687435795295,72.64703040399014,100.0,143187.655229865,0.8504398826979463,10.592782466187876,32.66346407026948,8.833292357654733,3.3309169653666495,164.41,9.0,0.2317256865889824,64579.66669683832,0.0,0.05899999999999994,62.57545271629769,4630149.921453351,2962834.1440137452
000014.SZ,20221128,9.96,9.53,9.88,9.33,9.63,-0.33,-3.3133,279791.95,269654.051,65.22,62.41,64.7,61.1,63.06,6.548335,9.6377,-1,10.96,8.96,9.51,1,1,-0.033132530120481896,0,1.518824139855114,0.9333333333333333,1.0,49.99999999983477,80.88684267634298,64.18453584893969,56.07947608681463,143187.655229865,0.7102272727272722,12.39927482042461,21.885333063695313,8.879533774960278,2.1423702158790148,166.89000000000001,7.0,0.21090931900558468,50071.30816449465,0.0,0.05950000000000002,49.3530499075785,3472984.1989318756,3035712.723287764
000014.SZ,20221129,9.63,10.59,10.59,10.03,10.59,0.96,9.9688,533784.94,556456.303,63.06,69.35,69.35,65.68,69.35,6.548335,10.4247,-1,10.59,8.67,10.46,1,1,0.09968847352024901,1,2.7778153824404335,0.9333333333333333,0.0,49.9999999998456,83.04770736493606,73.76042821301003,100.0,157461.81400667393,0.6376470588235289,18.213051788595003,37.447511894840424,8.991485835346882,1.830729473865468,168.73000000000002,7.0,0.30536805155443647,70412.6850403349,0.0,0.05800000000000005,52.01401050788084,4285253.271685319,3214218.515915986
000014.SZ,20221130,10.59,10.93,11.65,10.93,11.1,0.51,4.8159,758930.67,869429.868,69.35,71.57,76.29,71.57,72.69,6.548335,11.456,-1,11.65,9.53,10.97,1,1,0.04815864022662897,1,3.577360013210762,0.9333333333333333,1.0,49.999999999861984,85.73727519791102,77.24165957864541,100.0,165044.9608568537,0.7775377969762414,22.65196672355627,43.71775743071895,9.13578627689681,1.661703671753087,171.44000000000003,7.0,0.40899540777551635,107688.45809638231,0.0,0.053000000000000026,58.67269984917038,5854353.764359398,3591380.694265045
000014.SZ,20221201,11.1,10.8,10.96,10.26,10.84,-0.26,-2.3423,565716.99,599664.704,72.69,70.72,71.77,67.19,70.98,6.548335,10.6001,-1,12.21,9.99,10.71,1,1,-0.023423423423423406,0,2.3221055029940754,0.9333333333333333,1.0,49.99999999987591,75.67065349788166,71.99743789834835,71.75978109917548,165044.9608568537,0.7391304347826084,30.04265628935342,36.38149317778947,9.246463997016283,1.475039130558223,174.33,7.0,0.41372577689460766,99981.44084170953,0.0,0.05449999999999999,42.377622377622316,4066817.7363484595,3659300.2717055334
000014.SZ,20221202,10.84,10.33,10.36,9.9,10.11,-0.73,-6.7343,377118.69,381955.853,70.98,67.64,67.84,64.83,66.2,6.548335,10.1283,-1,11.92,9.76,9.99,1,1,-0.06734317343173435,0,1.4087861104608213,0.9666666666666667,1.0,49.9999999998855,70.14292335470756,59.73463248451082,5.724374829818156,165044.9608568537,0.6451016635859518,32.612176312188296,18.503398004561713,9.295193497327162,2.423289044022576,177.09,5.0,0.2952898879631498,64845.304272091395,0.0,0.03699999999999992,30.819245773732064,2441880.0337072834,3485383.0948486407
000014.SZ,20221205,10.11,10.4,11.12,10.38,11.12,1.01,9.9901,526787.85,580477.009,66.2,68.1,72.82,67.97,72.82,6.548335,11.0192,-1,11.12,9.1,10.99,1,1,0.09990108803165176,1,1.8679752643449852,0.9666666666666667,1.0,49.999999999893504,72.59800736564256,67.88480131529413,49.61316632098184,181533.13202059476,0.535885167464115,37.41928677758787,31.5680950126046,9.409520314147771,2.4196656570971613,179.04,5.0,0.32727682431615157,57386.10396508101,0.0,0.06399999999999988,36.05769230769224,3045731.1060453234,3422575.667876738
000014.SZ,20221206,11.12,10.8,11.05,10.05,10.31,-0.81,-7.2842,547916.51,572645.113,72.82,70.72,72.36,65.81,67.51,6.548335,10.4513,-1,12.23,10.01,10.19,1,1,-0.07284172661870492,0,1.8033857100490638,0.9666666666666667,1.0,49.999999999897845,66.01180734904821,57.783306289282166,0.0,168309.94524571332,0.47457627118644086,45.01588473810183,15.885148463840624,9.459211848473322,2.913793500196625,190.16,4.0,0.21882683894332666,51128.191351092304,0.0,0.039999999999999855,29.812206572769902,1724424.122211299,3179982.589924533
000014.SZ,20221207,10.31,9.98,10.2,9.9,10.07,-0.24,-2.3278,250417.75,250995.298,67.51,65.35,66.79,64.83,65.94,6.548335,10.0231,-1,11.34,9.28,9.95,1,1,-0.023278370514064006,0,0.7640738883663586,0.9666666666666667,1.0,49.999999999899394,63.083688126820064,55.16403757882231,0.0,168309.94524571332,0.4609053497942388,43.3215112121873,11.731264071117057,9.49170905430653,3.597968074051456,192.08,2.0,0.10029222530845439,5166.626074657106,0.0,0.04549999999999983,16.248636859323824,602867.0965188523,2811823.2337237215
000014.SZ,20221208,10.07,9.98,10.26,9.93,9.98,-0.09,-0.8937,288438.69,291155.242,65.94,65.35,67.19,65.02,65.35,6.548335,10.0942,-1,11.08,9.06,9.86,1,1,-0.00893743793445878,0,0.8611682925327575,0.9666666666666667,0.0,49.99999999989976,63.74871312003111,54.17235802744609,0.0,166805.6855563276,0.41768707482993195,42.526725760024824,10.172404073268302,9.51732628638951,4.266185995571981,194.04999999999998,0.0,0.0005672552433396705,-20458.647251668473,0.0,0.04049999999999985,18.722466960352378,-566713.4259705171,2329175.139481688
000014.SZ,20221209,9.98,9.99,10.44,9.99,10.29,0.31,3.1062,329406.96,337145.908,65.35,65.42,68.36,65.42,67.38,6.548335,10.2349,-1,10.98,8.98,10.17,1,1,0.03106212424849697,1,0.9542686065537126,0.9666666666666667,1.0,49.999999999899714,63.90785505121597,57.03726856519978,12.418713810625764,171987.02448643398,0.4052098408104198,33.887740122557226,14.497604735776681,9.559454519461271,4.581040190610927,195.58,0.0,-0.031087608752395024,-31571.39476594329,0.0,0.0259999999999998,12.971698113207488,32397.432629440445,2001064.0385027956
000014.SZ,20221212,10.29,10.13,10.23,9.98,10.09,-0.2,-1.9436,183596.44,185647.825,67.38,66.33,66.99,65.35,66.07,6.548335,10.1117,-1,11.32,9.26,9.97,1,1,-0.01943634596695809,0,0.5327731925176422,0.9666666666666667,1.0,49.99999999989848,60.18776253110141,54.66299916802563,2.1268140237823268,171987.02448643398,0.4011461318051577,26.710960171409983,10.872140601257662,9.587465335229677,5.01755650124515,196.37,0.0,-0.08344121086840173,-56773.03812999987,0.0,0.04549999999999974,6.02409638554213,-526070.1559187137,1640044.8678711515
000014.SZ,20221213,10.09,9.95,10.39,9.86,10.26,0.17,1.6848,220554.33,224416.309,66.07,65.16,68.04,64.57,67.19,6.548335,10.1751,-1,11.1,9.08,10.14,1,1,0.01684836471754214,1,0.6583278792389553,0.9666666666666667,1.0,49.999999999897334,60.15093746222905,56.32712686306116,9.340416444047268,174884.72460166627,0.4000000000000001,28.04545093048391,13.327658266002404,9.623759039354026,5.307208906778465,197.17,0.0,-0.09860866808078961,-66027.11354690352,0.0,0.06099999999999976,9.352517985611456,-223959.9859880847,1373758.460176975
000014.SZ,20221214,10.26,10.1,10.13,9.87,9.98,-0.28,-2.729,150787.5,150347.447,67.19,66.14,66.33,64.63,65.35,6.548335,9.9708,-1,11.29,9.23,9.86,1,1,-0.02729044834307981,0,0.4520569836164206,0.9666666666666667,1.0,49.99999999989516,60.004645555675516,52.884007990026745,0.0,174884.72460166627,0.39492242595204535,25.536694852211486,8.161271952735941,9.64210736098504,5.762733996058349,198.16,0.0,-0.14688461524768315,-78271.80386157878,0.0,0.060499999999999866,7.420494699646611,-685336.681682566,1079602.0113398978
000014.SZ,20221215,9.98,9.95,10.18,9.64,10.18,0.2,2.004,157421.13,156563.216,65.35,65.16,66.66,63.13,66.66,6.548335,9.9455,-1,10.98,8.98,10.06,1,1,0.02004008016032066,1,0.4717709825752195,0.9666666666666667,1.0,49.999999999892026,61.821832497895855,54.99995139826419,8.686976248671426,178389.42850149926,0.38514442916093566,27.388754741228862,11.2048779408445,9.67059130635025,6.050783506556695,198.94,0.0,-0.15178188056250208,-81819.27173930386,0.0,0.07049999999999983,5.800464037122971,-450600.9026063327,861001.5950618649
000014.SZ,20221216,10.18,10.24,10.55,10.0,10.28,0.1,0.9823,272173.85,280252.035,66.66,67.05,69.08,65.48,67.32,6.548335,10.2968,-1,11.2,9.16,10.16,1,1,0.009823182711198308,1,0.8093359550110728,0.9666666666666667,1.0,49.99999999988894,62.47083586830079,56.06244490193802,13.049028558222872,180141.78045141575,0.3840877914951992,24.603470046395252,12.72713570730618,9.703304114212282,6.278331934955268,200.01,0.0,-0.14165109689242528,-65743.22681226928,0.0,0.06849999999999978,6.559263521288841,235706.65823349776,771673.7469435268
000014.SZ,20221219,10.28,10.25,10.73,10.11,10.69,0.41,3.9883,283286.54,295031.653,67.32,67.12,70.26,66.2,70.0,6.548335,10.4146,-1,11.31,9.25,10.56,1,1,0.03988326848249035,1,0.8310436633206475,0.9666666666666667,1.0,49.99999999988299,65.01825079999931,60.21055021918266,30.079017275127235,187326.4234460734,0.35348226018396867,29.180154297876,18.739416790245222,9.759094444701695,6.322541480067671,200.99,2.0,-0.08274229261077526,-51288.56414210217,0.0,0.0924999999999998,13.443396226415103,999957.3791454919,804285.6944009503
000014.SZ,20221220,10.69,10.29,10.29,9.62,9.62,-1.07,-10.0094,228695.4,224507.566,70.0,67.38,67.38,62.99,62.99,6.548335,9.8169,-1,11.76,9.62,9.5,1,1,-0.10009354536950421,0,0.6546814871711724,1.0,1.0,49.99999999987892,62.38780231927263,47.584580656741345,0.0,187326.4234460734,0.30787037037037057,31.873756549302467,-0.15606797188456317,9.752481236948226,6.984825731186108,202.39000000000001,2.0,-0.18506016533809277,-46877.12261816945,0.0,0.06999999999999984,5.022831050228326,389706.69059547596,745060.1224287398
000014.SZ,20221221,9.62,9.39,10.04,9.39,9.78,0.16,1.6632,156866.23,153706.311,62.99,61.49,65.75,61.49,64.04,6.548335,9.7986,-1,10.58,8.66,9.66,1,1,0.016632016632016633,1,0.44223310549083894,1.0,1.0,49.99999999987568,60.117760314804045,49.29675805303052,8.434279730687619,187326.4234460734,0.26820809248554933,34.468882450494434,2.2913532679397477,9.753821680525762,7.48461944747335,202.79,2.0,-0.22565488123213362,-51085.17175553976,0.0,0.08249999999999975,1.781737193763938,-141885.75675068772,618353.5682602503
000014.SZ,20221222,9.78,10.02,10.28,9.9,9.95,0.17,1.7382,206240.9,208000.163,64.04,65.61,67.32,64.83,65.16,6.548335,10.0853,-1,10.76,8.8,9.83,1,1,0.017382413087934534,1,0.583783456842973,1.0,1.0,49.999999999872635,58.54494715004439,51.12360629331937,17.43343432617803,190582.6087206984,0.27520759193357075,27.546653083540118,4.890674146986461,9.763620383469894,7.845681196347442,203.42,2.0,-0.22364400971661003,-44888.83249392033,0.0,0.08399999999999981,-1.2629161882893172,379917.12338200165,584291.2189919291
000014.SZ,20221223,9.95,9.88,10.38,9.88,10.3,0.35,3.5176,215050.42,220154.99,65.16,64.7,67.97,64.7,67.45,6.548335,10.2374,-1,10.95,8.96,10.18,1,1,0.035175879396984966,1,0.634030215943017,1.0,1.0,49.99999999986977,56.98744474964408,54.73930140165281,56.66670357098543,197286.51958022045,0.2775119617224882,17.867358029843682,10.075119306537589,9.791735645509487,8.017080609905992,203.79999999999998,2.0,-0.1715501057167801,-37571.28197486767,0.0,0.08199999999999977,-3.7647058823529207,916215.64468031,631708.9940902693
000014.SZ,20221226,10.3,10.03,10.36,9.84,10.25,-0.05,-0.4854,177888.4,180566.205,67.45,65.68,67.84,64.44,67.12,6.548335,10.1505,-1,11.33,9.27,10.13,1,1,-0.004854368932038944,0,0.544585466854384,1.0,1.0,49.99999999986717,57.77360504264462,54.12332544143541,51.788060729569494,197286.51958022045,0.2797029702970298,15.574023862000304,9.18016414080996,9.81556106333956,8.172224017794724,204.2,2.0,-0.14145910941631223,-35716.536069306065,0.0,0.08799999999999972,1.741293532338318,407770.957736135,599717.8460396788
000014.SZ,20221227,10.25,10.26,10.7,10.22,10.43,0.18,1.7561,237242.67,249513.468,67.12,67.19,70.07,66.92,68.3,6.548335,10.5172,-1,11.28,9.23,10.3,1,1,0.017560975609756113,1,0.7378003787572116,1.0,1.0,49.99999999986515,55.64632088987821,56.04110406321726,66.97721996441113,200751.06333870237,0.3095890410958905,12.670019988463773,11.89468460452657,9.848300325733064,8.289171790186854,204.79,2.0,-0.09705798986301095,-24982.705601849724,0.0,0.09649999999999972,-2.464332036316435,847096.5259274943,635057.6574522238
000014.SZ,20221228,10.43,10.3,10.85,10.19,10.66,0.23,2.2052,272413.37,289592.159,68.3,67.45,71.05,66.73,69.81,6.548335,10.6306,-1,11.47,9.39,10.53,1,1,0.02205177372962619,1,0.8881300386517129,1.0,1.0,49.9999999998644,51.12752511369658,58.432234339790355,85.91541132268932,205177.9803634293,0.24643874643874633,10.049898091192578,15.299775386445896,9.892866416268411,8.340622245544859,204.39,2.0,-0.039412161170864435,-12276.059318162184,0.0,0.10599999999999969,-16.176470588235254,1419387.8972687116,747104.834568865
000014.SZ,20221229,10.66,10.5,10.51,10.1,10.14,-0.52,-4.878,189312.38,193614.491,69.81,68.76,68.82,66.14,66.4,6.548335,10.2272,-1,11.73,9.59,10.02,1,1,-0.04878048780487798,0,0.6703671701538513,1.0,1.0,49.99999999986373,55.22122857069458,51.59856060652025,31.791459102826934,205177.9803634293,0.23763736263736254,3.8815919230752387,5.5881142423429955,9.905292306302778,8.55424193769113,203.95,2.0,-0.07212336241733425,-14066.659976339226,0.0,0.08599999999999977,-11.62790697674415,733052.4642701563,745097.353097621
000014.SZ,20221230,10.14,10.19,10.29,10.04,10.19,0.05,0.4931,117145.17,119298.613,66.4,66.73,67.38,65.75,66.73,6.548335,10.1838,-1,11.15,9.13,10.07,1,1,0.004930966469427922,1,0.4444374164498373,1.0,0.0,49.99999999986309,58.2021734458538,52.17770058425572,36.378354191329635,205177.9803634293,0.2621212121212121,-0.4195143962844399,6.386197137259694,9.919715624792381,8.526133154058583,203.14999999999998,4.0,-0.08683730381658383,-23422.390557931383,0.0,0.0969999999999998,-6.095551894563378,201038.0577855315,667374.5966244654
000014.SZ,20230103,10.19,10.11,10.34,9.94,10.32,0.13,1.2758,142713.61,145592.302,66.73,66.2,67.71,65.09,67.58,6.548335,10.2017,-1,11.21,9.17,10.2,1,1,0.012757605495584023,1,0.569528294505301,1.0,1.0,49.999999999861046,54.17781721986077,53.72795160082355,48.65662722930203,207795.56009328662,0.2902097902097904,-7.156852280800257,8.502988155870934,9.940397553755302,8.56118767757098,202.98,4.0,-0.0790908362950748,-24501.449082553845,0.0,0.0714999999999999,-22.73567467652488,359136.54120667465,623340.5887076382
000014.SZ,20230104,10.32,10.31,10.65,10.15,10.48,0.16,1.5504,206509.4,216570.253,67.58,67.51,69.74,66.47,68.63,6.548335,10.4872,-1,11.35,9.29,10.35,1,1,0.015503875968992276,1,0.8925180087835549,1.0,1.0,49.9999999998571,64.2164126479143,55.63420719390487,63.75452195852655,211017.19668388023,0.2879684418145956,-16.361364904666686,11.107091629593729,9.968946914916474,8.416289539602879,202.01,6.0,-0.053663378376960225,-15401.279776257732,0.0,0.1044999999999999,-10.946196660482293,767142.1166214258,643883.6641238936
000014.SZ,20230105,10.48,10.56,10.64,10.33,10.43,-0.05,-0.4771,138327.4,144403.593,68.63,69.15,69.67,67.64,68.3,6.548335,10.4393,-1,11.53,9.43,10.3,1,1,-0.004770992366412319,0,0.6454605670751801,1.0,1.0,49.999999999850985,69.59245812759167,54.873427005657696,57.72900301136957,211017.19668388023,0.29918032786885235,-15.11531829061262,10.076533515961836,9.993114117474965,8.165274957561824,202.34,6.0,-0.04516787668602551,-17207.9394175763,0.0,0.09349999999999987,9.322033898305186,1103244.8541055415,709506.691264129
000014.SZ,20230106,10.43,10.54,10.72,10.1,10.16,-0.27,-2.5887,159263.3,164058.308,68.3,69.02,70.2,66.14,66.53,6.548335,10.3011,-1,11.47,9.39,10.04,1,1,-0.025886864813039256,0,0.7631078053661854,1.0,1.0,49.99999999984338,66.82536786413107,50.8311534646089,25.713453464399233,205554.62304009811,0.2885375494071145,-7.485170417278935,4.563616473119565,10.00142373243455,7.914909180700079,202.8,6.0,-0.07570717072084909,-14342.267319695187,0.0,0.07449999999999993,3.067484662576767,712096.9682436287,709876.730832629
000014.SZ,20230109,10.16,10.06,10.15,9.99,10.01,-0.15,-1.4764,101634.13,102176.859,66.53,65.88,66.47,65.42,65.55,6.548335,10.0534,-1,11.18,9.14,9.89,1,1,-0.01476377952755914,0,0.5025303250116184,1.0,1.0,49.99999999983731,62.207268461539506,48.68542501768068,10.148225534334292,205554.62304009811,0.2979591836734692,-13.388026688302082,1.5882924886214784,10.001838612614502,7.8665984554154855,202.98,4.0,-0.11362300695752958,-18693.28099423957,0.0,0.05699999999999994,-11.363636363636289,210900.1861423906,638594.3673054521
000014.SZ,20230110,10.01,10.01,10.03,9.73,9.78,-0.23,-2.2977,106070.93,104184.384,65.55,65.55,65.68,63.72,64.04,6.548335,9.8221,-1,11.01,9.01,9.66,1,1,-0.022977022977022976,0,0.5557638145216803,1.0,1.0,49.999999999834706,63.52606823098874,45.51293067771715,0.0,200831.5897434725,0.2961460446247462,-11.4113581523073,-2.8724688597319625,9.991578309397916,7.824118797362203,202.72,4.0,-0.16412656254488622,-19375.069989372474,0.0,0.047499999999999966,-12.195121951219441,-230049.71774543775,514502.3551553251
000014.SZ,20230111,9.78,9.88,9.98,9.72,9.76,-0.02,-0.2045,94551.41,93240.879,64.04,64.7,65.35,63.65,63.91,6.548335,9.8614,-1,10.76,8.8,9.64,1,1,-0.002044989775051076,0,0.5056769939807365,1.0,1.0,49.999999999834166,59.70912654861054,45.23688470071088,0.0,200831.5897434725,0.3054393305439328,-16.889605387467196,-3.2612849216958653,9.980910410306887,7.874674448430158,202.84,2.0,-0.19269488048069228,-19713.749961791895,0.0,0.02599999999999989,-16.47509578544053,-615375.2951620002,353091.26225285005
000014.SZ,20230112,9.76,9.7,9.76,9.55,9.65,-0.11,-1.127,75767.66,73074.743,63.91,63.52,63.91,62.54,63.19,6.548335,9.6446,-1,10.74,8.78,9.53,1,1,-0.01127049180327866,0,0.4193479237820549,1.0,1.0,49.999999999833406,60.99131578432961,43.66811762865152,0.0,200831.5897434725,0.31670281995661576,-17.23732445896159,-5.452529458712969,9.966011961606746,7.841423792579323,202.34,2.0,-0.21706500685596808,-20701.862434328286,0.0,0.029499999999999905,-15.830115830115759,-911140.4947476871,172486.72553848763
000014.SZ,20230113,9.65,9.65,9.71,9.58,9.69,0.04,0.4145,57318.21,55266.344,63.19,63.19,63.58,62.73,63.45,6.548335,9.642,-1,10.62,8.69,9.57,1,1,0.004145077720207224,1,0.3239621674751891,1.0,1.0,49.9999999998341,59.856869162096324,44.422886109590074,5.112181755980797,200831.5897434725,0.32808988764044916,-27.147187704298265,-4.546083327196305,9.953466045995361,7.892428906053995,202.28,2.0,-0.21788623159561385,-21955.37590567836,0.0,0.01999999999999984,-12.799999999999933,-738404.4695748563,42359.411950867085
000014.SZ,20230116,9.69,9.74,9.75,9.63,9.65,-0.04,-0.4128,63974.2,62010.074,63.45,63.78,63.85,63.06,63.19,6.548335,9.693,-1,10.66,8.72,9.53,1,1,-0.0041279669762640525,0,0.3721083756701211,1.0,1.0,49.999999999835666,57.20045376113712,43.791014013390544,0.8323991684941254,200002.56357322083,0.3325740318906603,-38.009677795872754,-5.402023167359902,9.939795915524618,8.010600411779944,202.03,0.0,-0.21361863046539048,-20055.144531278056,0.0,0.01349999999999989,-20.51282051282044,-528922.2287535775,-39252.251006910694
000014.SZ,20230117,9.65,9.64,9.75,9.55,9.58,-0.07,-0.7254,60115.2,57880.939,63.19,63.13,63.85,62.54,62.73,6.548335,9.6283,-1,10.62,8.69,9.47,1,1,-0.007253886010362698,0,0.3721990285937957,1.0,1.0,49.999999999837144,51.93964060333818,42.64776351416632,0.0,200002.56357322083,0.36049382716049355,-47.809050849520695,-6.9392239659072885,9.923851683566228,8.279750307908184,201.67,-2.0,-0.20972734632962048,-17574.19471698845,0.0,-0.01150000000000011,-26.637554585152756,-636649.86923014,-124594.76789594346
000014.SZ,20230118,9.58,9.59,9.7,9.59,9.61,0.03,0.3132,38127.38,36758.933,62.73,62.8,63.52,62.8,62.93,6.548335,9.6411,-1,10.54,8.62,9.49,1,1,0.0031315240083507057,1,0.2535823554597058,1.0,1.0,49.99999999983575,56.64000993789898,43.330594083903804,5.2580258812721405,200002.56357322083,0.4850498338870429,-63.250982399683195,-6.160984412703016,9.90982714402991,8.019187008848744,200.56,0.0,-0.19303437413064334,-17133.140059490077,0.0,0.022999999999999864,-18.84057971014485,-531259.7542100577,-182689.76594081693
000014.SZ,20230119,9.61,9.86,10.57,9.7,10.19,0.58,6.0354,228338.96,231115.127,62.93,64.57,69.22,63.52,66.73,6.548335,10.1216,-1,10.57,8.65,10.07,1,1,0.060353798126951075,1,1.62141903591898,1.0,1.0,49.99999999983174,62.9970484928561,54.58771590739878,91.94166384335979,212073.4779199917,0.3790087463556849,-43.20706120853298,7.533448863884147,9.924173788544438,7.617005209056676,200.78,0.0,-0.0985532304651397,9129.416854007039,0.0,0.019999999999999928,7.14285714285721,-282689.2463330694,-196975.40599685302
000014.SZ,20230120,10.19,10.17,10.42,10.08,10.23,0.04,0.3925,176510.68,179800.885,66.73,66.6,68.23,66.01,66.99,6.548335,10.1864,-1,11.21,9.17,10.11,1,1,0.003925417075564264,1,1.2223709715748077,1.0,1.0,49.99999999982866,62.66292779620184,55.24796554383424,97.02580891585242,212073.4779199917,0.39393939393939353,-40.40631304628397,8.39132408889033,9.939958982830513,7.30048961787721,201.08,0.0,-0.028967279780943357,19286.019886102993,0.0,0.026499999999999968,4.535637149028169,274058.23509099893,-129684.88584144562
000014.SZ,20230130,10.23,10.32,10.56,10.23,10.37,0.14,1.3685,166405.4,172919.644,66.99,67.58,69.15,66.99,67.91,6.548335,10.3915,-1,11.25,9.21,10.25,1,1,0.013685239491691092,1,1.1643764647296624,1.0,1.0,49.99999999982879,62.061488092220166,57.57300245169058,100.0,212073.4779199917,0.4207119741100323,-41.37524576896628,11.419101783329374,9.962775546574806,7.13780940319981,201.43,0.0,0.03419659077603942,24096.669170028763,0.0,0.007999999999999919,5.555555555555628,778374.2816400025,37.85237018982298
000014.SZ,20230131,10.37,10.37,10.99,10.26,10.8,0.43,4.1466,214328.88,227548.293,67.91,67.91,71.97,67.19,70.72,6.548335,10.6168,-1,11.41,9.33,10.67,1,1,0.04146576663452284,1,1.5256734209110379,1.0,1.0,49.999999999835545,68.87859161515254,63.79476633916828,100.0,220867.2672647937,0.414985590778098,-29.04624550703479,19.97080538781288,10.010605304654707,6.920099486931166,201.32999999999998,2.0,0.1269603755243154,32655.994639830067,0.0,0.01849999999999996,14.398422090729852,1308000.9468376413,186889.72300839718
000014.SZ,20230201,10.8,10.65,10.77,10.5,10.73,-0.07,-0.6481,158621.85,168457.081,70.72,69.74,70.53,68.76,70.26,6.548335,10.62,-1,11.88,9.72,10.6,1,1,-0.0064814814814815325,0,1.11467273152497,1.0,1.0,49.999999999843965,62.0566701526537,62.19577404129485,92.43868121120714,220867.2672647937,0.4285714285714285,-32.31308846079356,18.018407674601228,10.051034741051948,6.781125138198957,201.91,0.0,0.16930694996574353,29814.880019991608,0.0,0.013999999999999967,11.967545638945289,631947.8125703684,250469.4500886788
000014.SZ,20230202,10.73,10.67,11.11,10.52,10.95,0.22,2.0503,214198.73,232291.526,70.26,69.87,72.75,68.89,71.7,6.548335,10.8447,-1,11.8,9.66,10.82,1,1,0.02050326188257201,1,1.5479865374382693,1.0,1.0,49.999999999853095,61.30395606779047,65.15206824877585,100.0,225395.7666868118,0.4656716417910447,-29.463611360800595,22.206690484050405,10.10334882160251,6.717741262080995,202.24,0.0,0.21446147655189762,34112.93050917947,0.0,0.009999999999999964,15.234375000000043,800469.0324630002,329040.81899929617
000014.SZ,20230203,10.95,10.9,10.92,10.6,10.72,-0.23,-2.1005,115919.0,124148.34,71.7,71.38,71.51,69.41,70.2,6.548335,10.7099,-1,12.05,9.86,10.59,1,1,-0.02100456621004554,0,0.8557323756292403,1.0,1.0,49.99999999986028,62.872811692743014,59.88002333340987,76.57317132193798,225395.7666868118,0.5098039215686275,-29.36041236728573,15.70178119535254,10.137323888134318,6.439350859907328,202.53,0.0,0.20108419972327818,22945.0713760808,0.0,0.01899999999999995,18.71227364185117,341746.2501784973,330855.8805963249
000014.SZ,20230206,10.72,10.57,10.66,10.48,10.54,-0.18,-1.6791,80542.01,84986.956,70.2,69.22,69.81,68.63,69.02,6.548335,10.5519,-1,11.79,9.65,10.41,1,1,-0.01679104477611959,0,0.6111293869528952,1.0,1.0,49.99999999986461,63.673197748922256,56.0569740384048,59.58509130751488,225395.7666868118,0.48902821316614387,-29.796225477431047,10.841410762875343,10.158577787334176,6.21843859410562,203.21,-2.0,0.1576450362354439,10645.232716045066,0.0,0.017499999999999894,17.764471057884307,-42093.96914355783,277577.3306334846
000014.SZ,20230207,10.54,10.55,10.74,10.53,10.58,0.04,0.3795,96891.39,102933.667,69.02,69.08,70.33,68.95,69.28,6.548335,10.6236,-1,11.59,9.49,10.45,1,1,0.00379506641366234,1,0.7455367867496138,1.0,1.0,49.99999999986534,63.08512634982084,56.71828326945282,62.52368122996196,226251.1585907466,0.5032258064516125,-33.17568874635807,11.70899107082472,10.18099523980643,6.216178180030291,203.8,-2.0,0.12536128446886347,4858.518629358776,0.0,0.008499999999999818,21.442885771543153,88841.80913407542,250615.11327642616
000014.SZ,20230208,10.58,10.52,10.67,10.39,10.4,-0.18,-1.7013,78340.17,82189.596,69.28,68.89,69.87,68.04,68.1,6.548335,10.4914,-1,11.64,9.52,10.28,1,1,-0.017013232514177634,0,0.6136106793278959,1.0,1.0,49.99999999986109,57.84236586902002,52.86293931344974,45.39209684435811,226251.1585907466,0.4999999999999997,-36.618909613244924,6.786859472064031,10.19213182578286,6.301536242981458,204.32,-4.0,0.07339640046184931,-1008.1691028304485,0.0,-0.006000000000000139,12.863070539419176,-127838.2358627813,196550.34911368226
000014.SZ,20230209,10.4,10.4,10.46,10.32,10.43,0.03,0.2885,80548.19,83707.644,68.1,68.1,68.5,67.58,68.3,6.548335,10.3922,-1,11.44,9.36,10.3,1,1,0.0028846153846153744,1,0.6642473418448546,1.0,1.0,49.9999999998559,53.36105176301831,53.43109778398362,47.91676257935457,226903.80616360452,0.5032258064516129,-40.030822061078474,7.501887566561163,10.204308624697315,6.367194591596922,204.0,-2.0,0.03845598270116857,-3965.5310813334872,0.0,0.0019999999999998686,4.7422680412372245,-449183.15928476234,104302.70505676162
000014.SZ,20230210,10.43,10.36,10.53,10.36,10.5,0.07,0.6711,73606.8,77004.158,68.3,67.84,68.95,67.84,68.76,6.548335,10.4616,-1,11.47,9.39,10.37,1,1,0.006711409395973256,1,0.6218188372480761,1.0,1.0,49.999999999849464,58.610237809950505,54.80010544459836,54.000077201864706,226903.80616360452,0.5379310344827585,-51.540314747628194,9.212397858219322,10.21968632189865,6.33692055958813,203.64,0.0,0.021035569142281385,-6103.103934251019,0.0,0.027999999999999848,11.300639658848716,-329469.2760263323,42335.279187748216
000014.SZ,20230213,10.5,10.44,10.63,10.23,10.6,0.1,0.9524,95836.2,100527.809,68.76,68.36,69.61,66.99,69.41,6.548335,10.4895,-1,11.55,9.45,10.47,1,1,0.00952380952380949,1,0.8400011433023129,1.0,1.0,49.99999999984229,62.91945879476728,56.75590065309265,61.52337127984118,229064.79479373407,0.5473684210526315,-38.42753711954415,11.66872207242944,10.239909723051145,6.216447835924855,203.71,2.0,0.019290677174746085,-3877.66019665607,0.0,0.03849999999999989,22.823529411764866,-183088.43587680627,10131.891321383293
000014.SZ,20230214,10.6,10.6,10.72,10.43,10.48,-0.12,-1.1321,73023.82,77039.551,69.41,69.41,70.2,68.3,68.63,6.548335,10.5499,-1,11.66,9.54,10.35,1,1,-0.011320754716981019,0,0.6416818531262946,1.0,1.0,49.99999999983483,66.97020841607184,53.750290157662015,7.220616277053687,229064.79479373407,0.5693430656934308,-35.41606318667957,7.978487080820554,10.25225476346436,5.995176936908294,204.4,2.0,-0.0006613708595709644,-4774.307999521749,0.0,0.04399999999999995,34.12887828162306,-6757.983669026755,7719.052037039
000014.SZ,20230215,10.48,10.42,10.48,10.32,10.37,-0.11,-1.0496,63449.4,65756.296,68.63,68.23,68.63,67.58,67.91,6.548335,10.3636,-1,11.53,9.43,10.25,1,1,-0.010496183206107013,0,0.5657633333689113,1.0,1.0,49.99999999982779,67.7541553351567,51.07994019615709,0.0,229064.79479373407,0.5512367491166077,-36.76703409845653,4.641799761340389,10.258121941304559,5.793159509388506,204.9,2.0,-0.029701531583836094,-5880.305560019864,0.0,0.047499999999999966,28.310502283105116,-243869.67586885346,-28222.19480665992
000014.SZ,20230216,10.37,10.36,10.46,9.96,10.06,-0.31,-2.9894,91651.01,93970.555,67.91,67.84,68.5,65.22,65.88,6.548335,10.2531,-1,11.41,9.33,9.94,1,1,-0.02989392478302788,0,0.828721879946577,1.0,1.0,49.99999999982114,67.17079414519753,44.3872690475985,0.0,222217.14904773046,0.5148514851485149,-22.839518875459177,-4.14514304378747,10.249078631617113,5.668456529250087,205.6,2.0,-0.08837498179298986,-2224.582901480797,0.0,0.03499999999999996,24.33628318584084,-469767.30334296194,-91300.06745470306
000014.SZ,20230217,10.06,10.06,10.27,10.02,10.08,0.02,0.1988,60276.53,61130.671,65.88,65.88,67.25,65.61,66.01,6.548335,10.1417,-1,11.07,9.05,9.96,1,1,0.001988071570576455,1,0.5411432897233039,1.0,1.0,49.99999999981557,64.62693745042085,44.88896506997977,2.4160889663350162,222217.14904773046,0.5182724252491694,-17.518259788135556,-3.5546065807399043,10.241313462500397,5.559887215735059,206.04,2.0,-0.12022516196622765,-3374.888774017978,0.0,0.03399999999999999,20.600858369098773,-692642.2433391453,-177206.09258105198
000014.SZ,20230220,10.08,10.05,10.21,9.97,10.19,0.11,1.0913,55464.6,56064.563,66.01,65.81,66.86,65.29,66.73,6.548335,10.1082,-1,11.09,9.07,10.07,1,1,0.010912698412698374,1,0.49728296757017443,1.0,1.0,49.99999999981053,63.65966685988045,47.68437330663527,15.87833442111893,222217.14904773046,0.5064935064935063,-12.534092819357848,-0.2631500268123729,10.238876394352298,5.346828163697071,206.26,4.0,-0.1218322001090848,-4079.207460694408,0.0,0.045499999999999916,18.201284796573965,-887441.1461961902,-278668.2430975003
000014.SZ,20230221,10.19,10.32,10.5,10.13,10.33,0.14,1.3739,143786.2,148222.241,66.73,67.58,68.76,66.33,67.64,6.548335,10.3085,-1,11.21,9.17,10.21,1,1,0.013738959764475034,1,1.294090953805069,1.0,1.0,49.99999999980466,67.51477357683653,51.08507179293284,32.2555623121777,225270.18151747357,0.4825396825396826,-6.0000818115085135,3.8319205590699372,10.24338188910595,5.005931082506092,206.64000000000001,6.0,-0.10029243908214378,7429.357484232511,0.0,0.04899999999999993,25.00000000000007,-622200.3681652267,-327744.26096431835
000014.SZ,20230222,10.33,10.25,10.31,10.15,10.28,-0.05,-0.484,56907.74,58266.537,67.64,67.12,67.51,66.47,67.32,6.548335,10.2388,-1,11.36,9.3,10.16,1,1,-0.004840271055179146,0,0.4935907844129099,1.0,1.0,49.999999999799016,65.35565232038084,49.839029103848105,35.189095209768176,225270.18151747357,0.4447949526813881,-4.1117021094149955,2.261732904992156,10.245165046951536,4.698962759997274,207.39,4.0,-0.08939598812436403,3610.7732268195105,0.0,0.04949999999999992,21.513944223107657,-792490.834762719,-394136.62864980416
000014.SZ,20230223,10.28,10.33,10.4,10.21,10.29,0.01,0.0973,69683.47,71724.435,67.32,67.64,68.1,66.86,67.38,6.548335,10.2929,-1,11.31,9.25,10.17,1,1,0.0009727626459143934,1,0.5995185782054636,0.9666666666666667,1.0,49.999999999793374,62.853133024096884,50.10117550930833,46.196755178412026,225489.3159352921,0.44230769230769185,-26.1827317627011,2.571911086379414,10.24735495495994,4.787980824406465,207.99,4.0,-0.0778798964894817,3096.770790603565,0.0,0.03099999999999987,7.075471698113269,-638913.0521754501,-429104.6891534679
000014.SZ,20230224,10.29,10.27,10.32,10.05,10.14,-0.15,-1.4577,52500.18,53283.847,67.38,67.25,67.58,65.81,66.4,6.548335,10.1493,-1,11.32,9.26,10.02,1,1,-0.014577259475218485,0,0.484767979783047,0.9666666666666667,1.0,49.999999999787605,58.030427430131276,46.20082492410147,14.662542586339017,225489.3159352921,0.42435424354243534,-26.159814129391368,-2.322589684041575,10.242361548300382,4.984693359251773,208.23,2.0,-0.08682326701963963,850.0735762030818,0.0,0.021499999999999898,-5.970149253731321,-727436.5534290412,-471723.52690712124
000014.SZ,20230227,10.14,10.21,10.21,10.02,10.04,-0.1,-0.9862,41894.2,42289.518,66.4,66.86,66.86,65.61,65.75,6.548335,10.0944,-1,11.15,9.13,9.92,1,1,-0.009861932938856177,0,0.41032887480958014,0.9666666666666667,1.0,49.999999999779746,53.072653058559276,43.75525879373044,0.0,225489.3159352921,0.4307116104868909,-29.244371708875942,-5.487450166922426,10.233254069291792,5.284917010602713,208.21,0.0,-0.10154175163793905,-1527.3079496406208,0.0,0.010499999999999865,-12.562814070351735,-840564.7373224848,-524415.1283950304
000014.SZ,20230228,10.04,10.07,10.25,10.03,10.17,0.13,1.2948,39441.4,39847.23,65.75,65.94,67.12,65.68,66.6,6.548335,10.1029,-1,11.04,9.04,10.05,1,1,0.01294820717131473,1,0.4113899293265221,0.9666666666666667,1.0,49.999999999769145,48.06047924074439,47.6357990865006,29.848836194004107,225489.3159352921,0.4852320675105481,-44.780412734563875,-1.008876517108671,10.230272359108907,5.519729084956509,207.98000000000002,0.0,-0.08952083905140884,-2817.8587577700673,0.0,-0.006000000000000227,-24.79108635097495,-736306.7753387282,-554685.3636727015
000014.SZ,20230301,10.17,10.12,10.26,10.1,10.18,0.01,0.0983,45368.3,46119.907,66.6,66.27,67.19,66.14,66.66,6.548335,10.1657,-1,11.19,9.15,10.06,1,1,0.000983284169124854,1,0.5207017727575645,0.9333333333333333,1.0,49.99999999975668,54.45815555687295,47.9333840322877,32.137838144879325,225711.03600995807,0.4978354978354975,-46.172287004141836,-0.6628247419707505,10.227894304752985,5.737493344886154,207.28,2.0,-0.07648254964233754,-2283.5840964608797,0.0,-0.007000000000000206,-30.99415204678366,-578490.400248705,-558086.0831835591
000014.SZ,20230302,10.18,10.18,10.18,10.05,10.09,-0.09,-0.8841,43552.4,43986.055,66.66,66.66,66.66,65.81,66.07,6.548335,10.0996,-1,11.2,9.16,9.97,1,1,-0.008840864440078589,0,0.5346052382509726,0.9333333333333333,1.0,49.999999999743764,45.544229539136545,45.43098904571992,12.889596299299075,225711.03600995807,0.44036697247706386,-61.421335405464944,-3.7855985446773133,10.221576486659696,5.886060430265646,206.94,0.0,-0.07607929038840539,-1616.60180898197,0.0,-0.02550000000000017,-46.83544303797478,-676663.9457060604,-575025.7778296308
000014.SZ,20230303,10.09,10.09,10.22,10.04,10.17,0.08,0.7929,60511.87,61428.903,66.07,66.07,66.92,65.75,66.6,6.548335,10.1515,-1,11.1,9.08,10.05,1,1,0.007928642220019766,1,0.8296781354846932,0.9333333333333333,1.0,49.99999999972995,52.011135224959716,48.02825960076645,42.75124961043853,227500.61805959104,0.3842364532019699,-62.57448250258796,-0.8200867204769628,10.219140605005329,5.936995300376789,206.03,2.0,-0.06174515698089249,1498.6797979126277,0.0,-0.012500000000000178,-41.52823920265785,-552805.6871650391,-571851.4791632605
000014.SZ,20230306,10.17,10.12,10.15,9.83,10.07,-0.1,-0.9833,54304.29,54379.394,66.6,66.27,66.47,64.37,65.94,6.548335,10.0138,-1,11.19,9.15,9.95,1,1,-0.009832841691248762,0,0.7739645606963615,0.9333333333333333,1.0,49.99999999971725,53.18055030725831,45.136302881430105,18.84146413898887,227500.61805959104,0.4666666666666669,-49.63763636992019,-4.413805946884679,10.212352136999979,5.983053315718263,205.48000000000002,2.0,-0.06226446977088504,3024.849965679765,0.0,-0.013500000000000068,-40.540540540540576,-631605.4195922285,-580387.7563673989
000014.SZ,20230307,10.07,10.09,10.09,9.86,9.88,-0.19,-1.8868,43844.4,43690.101,65.94,66.07,66.07,64.57,64.7,6.548335,9.9648,-1,11.08,9.06,9.76,1,1,-0.018867924528301883,0,0.6367928104476059,0.9333333333333333,1.0,49.999999999708336,47.71032608014893,40.18522631550855,0.0,227500.61805959104,0.4238095238095245,-44.49620718651964,-10.872741658891949,10.198246596631114,6.126411449140968,205.04,0.0,-0.08341167780959384,2925.3522825423424,0.0,-0.025499999999999988,-45.57823129251705,-746877.8586744994,-604172.0566969847
000014.SZ,20230308,9.88,9.82,9.94,9.79,9.9,0.02,0.2024,30243.4,29817.807,64.7,64.3,65.09,64.11,64.83,6.548335,9.8593,-1,10.87,8.89,9.78,1,1,0.002024291497975561,1,0.456851989428298,0.9333333333333333,1.0,49.99999999970103,49.70269697506116,40.91986904818701,6.739937132136857,227500.61805959104,0.4793814432989704,-47.01535730219949,-10.048786005979803,10.185471528327993,6.200965000243393,204.16000000000003,2.0,-0.08938594848236836,1404.5492442616087,0.0,-0.015500000000000024,-45.76271186440687,-828976.8550801142,-636287.0278945747
000014.SZ,20230309,9.9,9.9,9.94,9.76,9.8,-0.1,-1.0101,25807.8,25360.03,64.83,64.83,65.09,63.91,64.17,6.548335,9.8265,-1,10.89,8.91,9.68,1,1,-0.010101010101010055,0,0.4045444513276334,0.9333333333333333,1.0,49.99999999969584,52.13541667090455,38.381557066117594,0.0,227500.61805959104,0.47761194029850834,-41.93235504849023,-13.434650225566575,10.16958177705285,6.3381679304492184,203.78,0.0,-0.10064944548087036,239.25013298205158,0.0,-0.021999999999999974,-42.23826714801453,-886229.8544182633,-671993.1459693874
000014.SZ,20230310,9.8,9.75,9.83,9.61,9.7,-0.1,-1.0204,42179.6,40886.271,64.17,63.85,64.37,62.93,63.52,6.548335,9.6934,-1,10.78,8.82,9.58,1,1,-0.010204081632653184,0,0.6908154033740592,0.9333333333333333,1.0,49.99999999969677,47.10531362285068,35.978113985683585,0.0,225179.18318143193,0.5441176470588244,-36.098422991160824,-16.73384104356482,10.150962600438026,6.552283738689727,203.25,-2.0,-0.1144082755007458,2013.0749176609897,0.0,-0.03150000000000004,-48.771929824561425,-994351.7336910283,-718044.3727867646
000014.SZ,20230313,9.7,9.61,9.68,9.52,9.64,-0.06,-0.6186,39748.8,38135.571,63.52,62.93,63.39,62.34,63.13,6.548335,9.5941,-1,10.67,8.73,9.52,1,1,-0.006185567010309145,0,0.6682004585573725,0.9333333333333333,1.0,49.99999999970332,40.60809976684698,34.578979819187,0.0,225179.18318143193,0.6000000000000011,-43.80059553998367,-18.691015455217126,10.131178862256133,6.755280591481841,202.72,-4.0,-0.12364369860306038,3131.6345773787907,0.0,-0.03799999999999999,-49.12891986062722,-1092349.1721753555,-771516.4869851349
000014.SZ,20230314,9.64,9.66,9.68,9.42,9.47,-0.17,-1.7635,30103.4,28696.069,63.13,63.26,63.39,61.69,62.01,6.548335,9.5325,-1,10.6,8.68,9.36,1,1,-0.01763485477178417,0,0.5310930395406773,0.9333333333333333,1.0,49.99999999971483,35.12827257316579,30.91107972192563,0.0,225179.18318143193,0.5268292682926833,-40.30665753599115,-24.0175913593069,10.10725602297207,6.96267189117925,201.67999999999998,-4.0,-0.14331787878278643,2852.87454224714,0.0,-0.0415,-61.73285198555959,-1137076.4903547144,-823739.3446093606
000014.SZ,20230315,9.47,9.53,9.75,9.51,9.74,0.27,2.8511,45988.25,44486.685,62.01,62.41,63.85,62.27,63.78,6.548335,9.6735,-1,10.42,8.52,9.62,1,1,0.028511087645195277,1,0.8432648632990244,0.9333333333333333,1.0,49.99999999972164,40.19899469030423,41.520848325774594,61.98315773361763,231599.2866089912,0.4886877828054305,-32.979686159159726,-11.775707681067441,10.091827021673701,6.979044803149487,200.67000000000002,-2.0,-0.11201732203572712,4964.974199838391,0.0,-0.028499999999999925,-52.67175572519085,-963650.2424427898,-843726.615728422
000014.SZ,20230316,9.74,9.66,9.69,9.49,9.58,-0.16,-1.6427,32746.21,31402.633,63.78,63.26,63.45,62.14,62.73,6.548335,9.5897,-1,10.71,8.77,9.47,1,1,-0.01642710472279263,0,0.6102207462095035,0.9333333333333333,1.0,49.999999999727,42.77370712733581,37.81488441548198,40.33260585226657,231599.2866089912,0.5242718446601945,-42.80341086488936,-16.892943932269272,10.071571575489314,6.931063490976883,199.95,-2.0,-0.10503549538161491,4735.962311388328,0.0,-0.01749999999999998,-46.551724137931075,-983044.9779608875,-863629.2389044885
000014.SZ,20230317,9.58,9.56,9.7,9.52,9.66,0.08,0.8351,37727.8,36325.43,62.73,62.6,63.52,62.34,63.26,6.548335,9.6283,-1,10.54,8.62,9.54,1,1,0.008350730688935215,1,0.7438790738971907,0.9333333333333333,1.0,49.99999999972577,47.76670937164725,40.66649150012653,56.99193352673667,233533.3098792124,0.5094339622641512,-42.50171446809673,-13.430184492029518,10.054605063413867,6.854685445083971,199.45000000000002,-2.0,-0.08279030073484611,5366.777012024519,0.0,-0.013499999999999979,-39.81481481481485,-837022.258034054,-859828.2416372837
000014.SZ,20230320,9.66,9.6,9.7,9.55,9.61,-0.05,-0.5176,39538.56,38042.749,63.26,62.86,63.52,62.54,62.93,6.548335,9.6217,-1,10.63,8.69,9.49,1,1,-0.005175983436853104,0,0.7973056701074427,0.9333333333333333,1.0,49.99999999971885,45.907162199226114,39.44889665497768,49.87864235513447,232324.54533532413,0.524271844660194,-43.66152576143745,-15.085094447111281,10.036627160095712,6.856174380097955,199.18,-4.0,-0.06854834934314913,6086.504115787917,0.0,-0.019999999999999928,-36.15023474178403,-880080.6797808362,-862721.4470863626
000014.SZ,20230321,9.61,9.61,9.7,9.55,9.7,0.09,0.9365,32914.96,31712.282,62.93,62.93,63.52,62.54,63.52,6.548335,9.6346,-1,10.57,8.65,9.58,1,1,0.009365244536940764,1,0.6745710200105183,0.9333333333333333,1.0,49.99999999970976,38.57521928765264,42.770467227967465,69.28353613144922,232324.54533532413,0.48756218905472665,-50.69244526331191,-11.06233935488348,10.022370573367844,6.859149836858763,198.6,-4.0,-0.04204408097779383,5733.835831192664,0.0,-0.015999999999999924,-57.60869565217385,-754472.7510776803,-847257.3476565509
000014.SZ,20230322,9.7,9.69,9.82,9.66,9.82,0.12,1.2371,44582.6,43539.862,63.52,63.45,64.3,63.26,64.3,6.548335,9.7661,-1,10.67,8.73,9.7,1,1,0.012371134020618735,1,1.0308031831833782,0.9333333333333333,1.0,49.999999999698495,44.39790544220557,46.94913026393563,93.69563593729147,235198.66342194675,0.47115384615384637,-46.916921965585296,-5.868524018203866,10.01329941109813,6.798464572672359,197.93,-2.0,-0.005318540643592828,7049.038185721889,0.0,-0.010999999999999854,-42.372881355932066,-584654.6383242954,-809742.6748948002
000014.SZ,20230323,9.82,9.82,9.85,9.66,9.72,-0.1,-1.0183,40146.62,39016.259,64.3,64.3,64.5,63.26,63.65,6.548335,9.7184,-1,10.8,8.84,9.6,1,1,-0.010183299389001976,0,0.941655275450966,0.9333333333333333,1.0,49.999999999686025,37.352993902213626,44.06188510327894,81.99753047857125,235198.66342194675,0.41474654377880205,-42.73902402859737,-9.577806219693601,10.000670470057194,6.739700356675668,197.57,-4.0,0.007820631381517396,7269.227465423392,0.0,-0.01399999999999979,-47.368421052631476,-632329.964020446,-784398.0019127496
000014.SZ,20230324,9.72,9.71,9.93,9.65,9.9,0.18,1.8519,55500.8,54550.081,63.65,63.58,65.02,63.19,64.83,6.548335,9.8287,-1,10.69,8.75,9.78,1,1,0.01851851851851838,1,1.3485059692517858,0.9333333333333333,1.0,49.99999999967891,43.999366216691925,50.02000829968033,100.0,239554.19422605683,0.38181818181818156,-36.87284305597881,-1.964832719942976,9.995970828927566,6.562457466571011,196.9,-2.0,0.041207614522392744,9300.896593612222,0.0,0.002000000000000135,-34.969325153374115,-499574.1187910405,-743708.8757525054
000014.SZ,20230327,9.9,9.86,9.9,9.67,9.78,-0.12,-1.2121,47026.0,45802.41,64.83,64.57,64.83,63.32,64.04,6.548335,9.7398,-1,10.89,8.91,9.66,1,1,-0.0121212121212122,0,1.1384433103479596,0.9333333333333333,1.0,49.99999999967269,43.7983876004689,46.466669469463284,81.40482436909834,239554.19422605683,0.37837837837837823,-31.2759295798874,-6.522313117885618,9.9863572796313,6.3548866975973395,196.59,-2.0,0.04715081380018715,9298.844449532255,0.0,0.0065000000000002165,-31.612903225806342,-584660.9457138862,-720987.7428898455
000014.SZ,20230328,9.78,9.78,9.85,9.69,9.76,-0.02,-0.2045,32909.8,32144.23,64.04,64.04,64.5,63.45,63.91,6.548335,9.7674,-1,10.76,8.8,9.64,1,1,-0.002044989775051076,0,0.7917885804337821,0.9333333333333333,1.0,49.999999999660716,39.28263552990184,45.88165664601654,78.34336113181472,239554.19422605683,0.39810426540284366,-31.733253883344513,-7.2785334530912005,9.976362908711785,6.220820585645999,196.41,-4.0,0.048237295221486426,7280.966903720964,0.0,0.0005000000000002558,-37.17948717948701,-657538.2305693305,-711923.5268440577
000014.SZ,20230329,9.76,9.74,9.75,9.5,9.57,-0.19,-1.9467,36042.0,34602.611,63.91,63.78,63.85,62.21,62.67,6.548335,9.6006,-1,10.74,8.78,9.46,1,1,-0.01946721311475408,0,0.8740146934475063,0.9333333333333333,1.0,49.99999999965184,34.06689886840324,40.64622657612841,50.94554001073494,234890.741674525,0.3493449781659393,-24.106231773009263,-14.218154859087576,9.959763594375536,6.16169694235723,196.07,-6.0,0.02441477657795002,6290.29991329163,0.0,-0.010999999999999765,-49.99999999999985,-727586.1604159275,-714161.0459257534
000014.SZ,20230330,9.57,9.52,9.57,9.37,9.5,-0.07,-0.7315,44678.42,42284.503,62.67,62.34,62.67,61.36,62.21,6.548335,9.4642,-1,10.53,8.61,9.39,1,1,-0.007314524555903867,0,1.0958388096552405,0.9333333333333333,1.0,49.99999999964649,34.13795273317322,38.88573982512852,41.73263859746924,233172.6275765922,0.37444933920704915,-18.75417235624888,-16.637766480605176,9.941512680033608,6.197557704005631,195.45999999999998,-6.0,0.0014891881552510644,6683.5970564158415,0.0,-0.007499999999999752,-52.808988764044784,-834582.663963702,-731364.1342168889
000014.SZ,20230331,9.5,9.51,9.59,9.39,9.42,-0.08,-0.8421,44127.69,41779.081,62.21,62.27,62.8,61.49,61.69,6.548335,9.4678,-1,10.45,8.55,9.31,1,1,-0.008421052631578996,0,1.0808383776935027,0.9333333333333333,1.0,49.99999999964859,27.101210141704826,36.917743402942996,31.4338067494266,233172.6275765922,0.3436123348017627,-16.13822259264275,-19.373637912518234,9.92148997995094,6.298424600643057,195.01,-8.0,-0.020952171990984175,6735.880650546213,0.0,-0.015999999999999747,-54.545454545454334,-933336.9609641142,-760217.3951807782
000014.SZ,20230403,9.42,9.3,9.47,9.26,9.44,0.02,0.2123,36272.01,34166.01,61.69,60.9,62.01,60.64,61.82,6.548335,9.4194,-1,10.36,8.48,9.33,1,1,0.002123142250530785,1,0.9066173399516648,0.9333333333333333,1.0,49.99999999965442,27.829405734970024,37.765728540194814,6.472050015283845,233172.6275765922,0.3789954337899545,-19.59932197879717,-18.35148363057048,9.902769531136776,6.284873438306292,194.1,-6.0,-0.02910232705145266,5623.960645157822,0.0,-0.006499999999999862,-52.38095238095221,-994868.6538589939,-793739.0035633805
000014.SZ,20230404,9.44,9.49,9.5,9.18,9.22,-0.22,-2.3305,40600.02,37756.471,61.82,62.14,62.21,60.11,60.38,6.548335,9.2996,-1,10.38,8.5,9.11,1,1,-0.02330508474576254,0,1.038192261656234,0.9333333333333333,1.0,49.999999999670045,28.045743782592538,32.577942659416614,0.0,227738.5197305276,0.3423423423423424,-12.986945458636676,-25.716434345017753,9.87861783813991,6.289014734281882,193.51000000000002,-6.0,-0.05843393557737647,5382.88018304266,0.0,-0.009499999999999887,-52.94117647058806,-1058569.6988811549,-831571.9600373483
000014.SZ,20230406,9.22,9.18,9.25,9.06,9.15,-0.07,-0.7592,26672.0,24412.061,60.38,60.11,60.57,59.33,59.92,6.548335,9.1527,-1,10.14,8.3,9.04,1,1,-0.007592190889370909,0,0.6848766866327359,0.9333333333333333,1.0,49.999999999688725,28.25101519152443,31.113433287200326,0.0,227738.5197305276,0.3876651982378851,-10.14983615941177,-27.89484433513101,9.853600170216444,6.3435652587730305,192.97,-8.0,-0.08022557549094533,3357.8798687240414,0.0,-0.014999999999999857,-55.55555555555537,-1074084.7139571996,-866216.6391687557
000014.SZ,20230407,9.15,9.2,9.84,9.15,9.75,0.6,6.5574,116768.04,112176.783,59.92,60.24,64.44,59.92,63.85,6.548335,9.6068,-1,10.07,8.24,9.63,1,1,0.06557377049180313,1,3.012150932421722,0.9666666666666667,1.0,49.99999999970431,38.759344997738516,51.31554298870999,100.0,242672.1931554802,0.3140794223826712,10.923073201303506,-1.135273872247503,9.84872283571395,6.12434615203614,192.18,-6.0,-0.010450435548329473,13590.398706552789,0.0,0.01750000000000016,-16.10169491525417,-874288.1691619509,-867369.7148820694
000014.SZ,20230410,9.75,9.67,9.69,9.43,9.47,-0.28,-2.8718,75831.23,72297.397,63.85,63.32,63.45,61.75,62.01,6.548335,9.534,-1,10.73,8.78,9.36,1,1,-0.028717948717948638,0,1.7507455323755805,0.9666666666666667,1.0,49.99999999971212,37.354239472173475,44.72390476785943,67.37153535822063,242672.1931554802,0.2949152542372881,11.344835617782467,-10.349560140018514,9.832554898186913,5.903084050112149,192.10000000000002,-6.0,0.0007639902685177558,14213.891526977333,0.0,0.010000000000000231,2.0080321285140883,-1034946.5841115376,-891309.2676291363
000014.SZ,20230411,9.47,9.41,9.59,9.3,9.58,0.11,1.1616,38805.2,36789.703,62.01,61.62,62.8,60.9,62.73,6.548335,9.4806,-1,10.42,8.52,9.47,1,1,0.011615628299894265,1,0.8624094440025744,0.9666666666666667,1.0,49.99999999971583,37.41429378769366,47.57307350230886,81.47485811285607,242672.1931554802,0.2899999999999999,14.83961887262624,-6.254332670522358,9.821280647011742,5.67067646597906,191.7,-4.0,0.024461852738031697,9248.705826187303,0.0,0.01700000000000017,2.834008097166077,-1070269.75883904,-916875.052087694
000014.SZ,20230412,9.58,9.55,9.69,9.51,9.68,0.1,1.0438,38482.21,36959.245,62.73,62.54,63.45,62.27,63.39,6.548335,9.6042,-1,10.54,8.62,9.56,1,1,0.010438413361169019,1,0.8561289702021825,0.9666666666666667,1.0,49.99999999971745,41.310802125204226,50.09159963814142,93.94150725516994,242672.1931554802,0.2969283276450511,10.878272484191287,-2.6103013920006397,9.814728609091926,5.351386367490958,191.53,-2.0,0.05340970356069752,5704.452802224574,0.0,0.0330000000000001,14.728682170542669,-871025.9343285686,-910325.1781221047
000014.SZ,20230413,9.68,9.6,9.78,9.58,9.7,0.02,0.2066,38274.0,37119.127,63.39,62.86,64.04,62.73,63.52,6.548335,9.6983,-1,10.65,8.71,9.58,1,1,0.0020661157024792765,1,0.8436338891661156,1.0,1.0,49.9999999997206,40.80883282049244,50.60270438671074,96.47146455230869,242672.1931554802,0.32462686567164173,8.53657948724496,-1.8747577809108507,9.809367765017353,5.216351590645944,191.64000000000001,-2.0,0.07379809347085708,3238.256833250851,0.0,0.027500000000000035,14.728682170542669,-674793.7422420336,-876677.8301392375
000014.SZ,20230414,9.7,9.7,9.78,9.63,9.72,0.02,0.2062,29715.0,28858.467,63.52,63.52,64.04,63.06,63.65,6.548335,9.7118,-1,10.67,8.73,9.6,1,1,0.0020618556701033075,1,0.6605930418177627,1.0,1.0,49.99999999972525,44.28282943399926,51.14154543789731,99.13871593915916,242672.1931554802,0.34251968503936986,6.060137461954718,-1.1118083791441464,9.805159471364131,4.9739258122812116,191.53,0.0,0.0875845852332171,503.8117487788186,0.0,0.032500000000000105,19.066147859922246,-506018.0616367194,-823726.4346388777
000014.SZ,20230417,9.72,9.73,9.73,9.54,9.6,-0.12,-1.2346,28910.2,27725.228,63.65,63.72,63.72,62.47,62.86,6.548335,9.5901,-1,10.69,8.75,9.48,1,1,-0.012345679012345734,0,0.6448743616769455,1.0,1.0,49.999999999729155,40.46115994370262,47.77420587984091,82.4704589709042,242672.1931554802,0.3372093023255811,5.999190612001516,-5.577927686364488,9.795934908297003,4.805797422719913,191.74,-2.0,0.07844185560204908,-1266.8609859905482,0.0,0.021000000000000085,14.068441064638805,-510253.68958003353,-778944.6139161857
000014.SZ,20230418,9.6,9.63,9.66,9.47,9.47,-0.13,-1.3542,31760.6,30251.449,62.86,63.06,63.26,62.01,62.01,6.548335,9.5248,-1,10.56,8.64,9.36,1,1,-0.013541666666666563,0,0.7154921028375214,1.0,1.0,49.99999999973245,40.833005288487016,44.36611436138909,65.60048069236261,239386.00720649975,0.32706766917293223,7.172377465226079,-10.202672744608938,9.781997725618766,4.648647298982874,191.70000000000002,-2.0,0.053951673076737205,-1871.218210665491,0.0,0.01250000000000009,10.112359550561777,-545721.4244138009,-745627.0154158451
000014.SZ,20230419,9.47,9.45,9.48,9.32,9.37,-0.1,-1.056,30347.21,28472.991,62.01,61.88,62.08,61.03,61.36,6.548335,9.3824,-1,10.42,8.52,9.26,1,1,-0.010559662090813271,0,0.6896941135615874,1.0,1.0,49.99999999973255,37.21420455833985,41.89054492294493,53.3464662601018,239386.00720649975,0.3258426966292132,7.1099954188670385,-13.628138204651993,9.765052482467745,4.625922644857674,191.63,-4.0,0.024831913295848662,-2252.815413336686,0.0,0.004000000000000092,3.1578947368421026,-589434.8981045864,-723313.855799951
000014.SZ,20230420,9.37,9.36,9.37,9.15,9.21,-0.16,-1.7076,30032.2,27666.888,61.36,61.29,61.36,59.92,60.31,6.548335,9.2124,-1,10.31,8.43,9.1,1,1,-0.01707577374599767,0,0.6845323044295375,1.0,1.0,49.99999999973077,32.6486827713063,38.216231160395765,35.15869371140312,239386.00720649975,0.32103321033210336,8.989220585558305,-18.842275036647234,9.743601626890438,4.773350231367479,191.34,-6.0,-0.01337778650468796,-2329.460280678406,0.0,-0.009999999999999875,-6.896551724137964,-625667.6563375369,-709364.3987338919
000014.SZ,20230421,9.21,9.29,9.77,9.2,9.22,0.01,0.1086,71346.4,67463.244,60.31,60.83,63.98,60.24,60.38,6.548335,9.4557,-1,10.13,8.29,9.11,1,1,0.0010857763300760048,1,1.6536399732877891,1.0,1.0,49.99999999973109,39.43935506860476,38.57884378302015,36.95361824147477,239645.92686687596,0.33206106870229013,21.14019944315663,-18.372147077627066,9.723249018990568,4.911506811330781,190.69,-4.0,-0.033553372626554306,3107.7180871824767,0.0,-0.008499999999999818,5.198776758409778,-474588.93357054796,-675825.0465676999
000014.SZ,20230424,9.22,9.12,9.18,8.88,9.08,-0.14,-1.5184,50902.6,46061.979,60.38,59.72,60.11,58.15,59.46,6.548335,9.049,-1,10.14,8.3,8.97,1,1,-0.015184381778741929,0,1.13863195079867,1.0,1.0,49.999999999737156,33.37776760861411,35.44261990334639,21.429378812959083,239645.92686687596,0.3953488372093024,19.560095153942054,-22.86870484488578,9.699623004732473,5.128947628384744,190.26,-6.0,-0.060436712332322395,3826.2424815567174,0.0,-0.01999999999999975,-13.227513227513228,-564341.7781436685,-659898.8653642669
000014.SZ,20230425,9.08,9.08,9.13,8.65,8.81,-0.27,-2.9736,46669.4,41164.508,59.46,59.46,59.79,56.64,57.69,6.548335,8.8204,-1,9.99,8.17,8.7,1,1,-0.029735682819383213,0,1.04933674016529,1.0,1.0,49.99999999975136,33.562266436020096,30.322871824686587,0.0,239645.92686687596,0.43956043956043983,24.82302563156111,-30.62664821466497,9.670234371559314,5.501935955350939,189.49,-6.0,-0.10656991804380894,3609.8642063902316,0.0,-0.029499999999999728,-17.587939698492477,-630759.8364989897,-655736.1469549416
000014.SZ,20230426,8.81,8.8,8.85,8.69,8.81,0.0,0.0,30115.4,26448.998,57.69,57.63,57.95,56.91,57.69,6.548335,8.7825,-1,9.69,7.93,8.7,1,1,0.0,0,0.6774003866608084,0.9666666666666667,1.0,49.99999999972519,33.79121926871893,30.322871824686587,0.0,239645.92686687596,0.4391143911439117,23.426388349413354,-30.62664821466497,9.641816589808828,5.836752765491684,179.64,-5.0,-0.12764575509926213,1238.0530013063417,0.0,-0.027999999999999758,-22.090261282660357,-676352.4801617872,-658681.3374130623
000014.SZ,20230427,8.81,8.77,8.88,8.68,8.83,0.02,0.227,23372.61,20607.486,57.69,57.43,58.15,56.84,57.82,6.548335,8.8169,-1,9.69,7.93,8.72,1,1,0.002270147559591429,1,0.5273889940521701,0.9666666666666667,1.0,49.9999999997451,36.877688853948754,31.17693963411094,4.102412215552463,239645.92686687596,0.4685039370078743,19.933573379822732,-29.55711012874887,9.614584824746181,6.064582830126136,178.56,-3.0,-0.12906765166973144,-1110.9723143454266,0.0,-0.016499999999999737,-17.530864197530875,-556514.8666329549,-644086.1273016185
000014.SZ,20230428,8.83,9.71,9.71,9.71,9.71,0.88,9.966,68031.0,66058.101,57.82,63.58,63.58,63.58,63.58,6.548335,9.71,-1,9.71,7.95,9.59,1,1,0.09966024915062288,1,1.5573393005357874,0.9666666666666667,0.0,49.99999999976059,43.670271366864846,56.463618779601575,100.0,263529.0996463608,0.355223880597015,11.961722009497361,6.065079684464531,9.619403976253992,5.883663028115848,177.82000000000002,-1.0,-0.008035747884283406,3240.562493463005,0.0,-0.015499999999999759,10.204081632653043,-199382.5488908079,-580557.0446715028
000014.SZ,20230504,9.71,9.98,10.37,9.81,10.14,0.43,4.4284,274789.4,277777.006,63.58,65.35,67.91,64.24,66.4,6.548335,10.1087,-1,10.68,8.74,10.02,1,1,0.044284243048403615,1,6.126614766946334,0.9666666666666667,1.0,49.99999999978246,59.848079770415175,63.5172922100653,100.0,275199.2863454272,0.4648648648648649,22.315982982244925,17.703708191717503,9.648583063141977,5.7038809563417505,177.94000000000003,1.0,0.12598555090674107,32246.065918658325,0.0,-0.0029999999999997585,20.577617328519793,294988.7423583666,-455479.0750958072
000014.SZ,20230505,10.14,10.18,10.97,10.1,10.84,0.7,6.9034,311770.41,329256.532,66.4,66.66,71.84,66.14,70.98,6.548335,10.5609,-1,11.15,9.13,10.71,1,1,0.06903353057199202,1,5.52933074480051,0.9666666666666667,1.0,49.99999999981532,70.9954647859852,71.58752925017879,100.0,294197.26469274465,0.5296803652968041,35.89614639823932,32.11641313206482,9.723538173733631,5.608455783776475,178.78,1.0,0.29529712480530496,53440.59472296076,0.0,0.02300000000000031,31.114808652246232,969774.9742035888,-251871.35376732209
000014.SZ,20230508,10.84,10.44,10.84,10.36,10.76,-0.08,-0.738,194924.61,207598.886,70.98,68.36,70.98,67.84,70.46,6.548335,10.6502,-1,11.92,9.76,10.63,1,1,-0.0073800738007380184,0,2.7782965580845485,0.9666666666666667,1.0,49.99999999984365,76.62083686978431,69.69017930695551,95.40199758922233,294197.26469274465,0.547169811320755,35.552881416296174,29.39035277243014,9.787399202941137,5.396579107010699,180.12,1.0,0.37762376954170773,48872.76651765076,0.0,0.0525000000000003,35.70274636510498,1553304.1709058806,6010.864043135429
000014.SZ,20230509,10.76,10.69,11.19,10.57,10.65,-0.11,-1.0223,155284.56,167338.522,70.46,70.0,73.28,69.22,69.74,6.548335,10.7762,-1,11.84,9.68,10.52,1,1,-0.010223048327137496,0,1.993997995736452,0.9666666666666667,1.0,49.99999999986491,80.04729470937711,67.05839320221196,89.0241763035482,294197.26469274465,0.5934579439252338,40.978875650869476,25.638208564954812,9.839006640488364,5.138781043807531,182.06,1.0,0.3964245063166866,38139.83541675341,0.0,0.05200000000000031,44.674085850556395,1944657.2926653288,282960.35384630586
000014.SZ,20230510,10.65,10.6,10.8,10.42,10.58,-0.07,-0.6573,112595.2,119116.571,69.74,69.41,70.72,68.23,69.28,6.548335,10.5792,-1,11.72,9.59,10.45,1,1,-0.0065727699530516714,0,1.3355440891031398,0.9666666666666667,1.0,49.999999999880416,73.10660060961936,65.36668480373146,84.92452177101013,294197.26469274465,0.6773333333333335,28.95883771697754,23.24419911157095,9.88249384674551,5.155572933815491,183.71,-1.0,0.3786247504613972,23629.247161707637,0.0,0.0235000000000003,30.049261083743836,1474586.4387337905,453192.6516873751
000014.SZ,20230511,10.58,10.62,10.78,10.58,10.63,0.05,0.4726,78204.0,83489.516,69.28,69.54,70.59,69.28,69.61,6.548335,10.6759,-1,11.64,9.52,10.5,1,1,0.004725897920605071,1,0.9299154086616976,0.9666666666666667,1.0,49.999999999891465,77.50980969864537,66.02597409800921,86.5222311315402,294197.26469274465,0.721590909090909,25.77662556848318,24.328340053401117,9.926749179704478,5.081762667837163,184.54,1.0,0.35327088443148885,8516.848138145659,0.0,0.03400000000000034,28.643216080402006,1562965.4505222244,611731.6229494964
000014.SZ,20230512,10.63,10.64,11.1,10.6,10.69,0.06,0.5644,107999.4,116872.971,69.61,69.67,72.69,69.41,70.0,6.548335,10.8216,-1,11.69,9.57,10.56,1,1,0.005644402634054524,1,1.2824002219847117,0.9666666666666667,1.0,49.999999999898264,80.57126375791287,66.8416924680924,88.49902779235353,295857.832508508,0.7319884726224783,27.882125515435813,25.65477291000253,9.972418755179529,5.039608740391503,185.84,1.0,0.3249825175155057,1992.528813869896,0.0,0.028000000000000292,35.06493506493504,1669110.9411205486,762785.8112596467
000014.SZ,20230515,10.69,10.64,10.78,10.45,10.77,0.08,0.7484,79848.6,84906.301,70.0,69.67,70.59,68.43,70.53,6.548335,10.6334,-1,11.76,9.62,10.64,1,1,0.00748362956033688,1,0.9107202440138897,0.9666666666666667,1.0,49.99999999990112,76.44399352421784,67.94675942321507,91.17702640925222,295857.832508508,0.7362318840579709,29.401871668436275,27.439883445909548,10.020820498455036,5.01712993115664,186.78,1.0,0.2981497908909896,-6207.456532176395,0.0,0.028000000000000292,25.996810207336516,1307490.7219987018,840600.7985080832
000014.SZ,20230516,10.77,10.65,10.91,10.65,10.78,0.01,0.0929,60268.8,65020.528,70.53,69.74,71.44,69.74,70.59,6.548335,10.7884,-1,11.85,9.69,10.65,1,1,0.0009285051067779992,1,0.6715587694150871,0.9333333333333333,1.0,49.99999999989825,76.79632697324809,68.08991848621075,91.5239554083701,295857.832508508,0.7383720930232557,28.95888866756873,27.668404633697442,10.066974420261156,4.998284741274077,187.85,1.0,0.2640220306519502,-13919.749653711326,0.0,0.02950000000000026,27.272727272727273,1326662.7489148276,910038.219994761
000014.SZ,20230517,10.78,10.85,11.09,10.72,10.93,0.15,1.3915,86142.6,94184.64,70.59,71.05,72.62,70.2,71.57,6.548335,10.9336,-1,11.86,9.7,10.8,1,1,0.013914656771799594,1,0.9482435787442217,0.9333333333333333,1.0,49.999999999892495,77.57962961775193,70.23723526606251,96.72772278176699,299974.59270111244,0.711484593837535,31.98542925318407,31.09488025780583,10.120849770277959,4.981722703910257,188.94,1.0,0.24437810451172132,-15088.864534358232,0.0,0.032500000000000195,28.72503840245775,1423809.6182909822,983434.1340370784
000014.SZ,20230518,10.93,10.9,11.18,10.8,11.04,0.11,1.0064,93498.63,102956.922,71.57,71.38,73.21,70.72,72.29,6.548335,11.0116,-1,12.02,9.84,10.91,1,1,0.010064043915827936,1,0.9982156766784362,0.9333333333333333,1.0,49.999999999884864,79.80663902572954,71.73913113777272,100.0,302993.55017568904,0.7134831460674161,33.80914023316993,33.52569158274373,10.17929270841704,4.935425440210978,190.01,3.0,0.2291797318162424,-14424.686188718071,0.0,0.04600000000000017,31.49001536098313,1569409.4614457665,1067144.8950954624
000014.SZ,20230519,11.04,10.8,10.91,10.58,10.6,-0.44,-3.9855,108621.4,116019.466,72.29,70.72,71.44,69.28,69.41,6.548335,10.6811,-1,12.14,9.94,10.47,1,1,-0.03985507246376807,0,1.121019624696198,0.9333333333333333,1.0,49.99999999987715,76.52794171549229,58.929321701018864,68.41933593356897,290917.7202773826,0.6563307493540054,34.572123478991365,16.257144572655875,10.202583293379101,4.920301472637788,191.39,3.0,0.14684269253953686,-11622.065309817648,0.0,0.04400000000000013,27.570789865871873,1162357.1981747942,1080746.6526782243
000014.SZ,20230522,10.6,10.64,10.67,10.38,10.47,-0.13,-1.2264,65589.59,68571.009,69.41,69.67,69.87,67.97,68.56,6.548335,10.4546,-1,11.66,9.54,10.34,1,1,-0.012264150943396168,0,0.6510894179325967,0.9333333333333333,1.0,49.99999999986996,75.07688262849695,55.761254041840616,0.0,290917.7202773826,0.6512820512820519,35.384432676445826,11.761915097747828,10.216815199693903,4.910112059870379,192.58,3.0,0.06597294876365578,-15022.11793122108,0.0,0.03950000000000013,26.44017725258496,839471.7183976984,1046278.8049238635
000014.SZ,20230523,10.47,10.49,10.59,10.28,10.28,-0.19,-1.8147,43013.6,44809.917,68.56,68.69,69.35,67.32,67.32,6.548335,10.4176,-1,11.52,9.42,10.16,1,1,-0.018147086914995336,0,0.41964348401359697,0.9333333333333333,1.0,49.999999999864414,74.4862256604977,51.41100581719389,0.0,290917.7202773826,0.6463104325699747,34.84084913056838,5.486864368065089,10.219989088484386,4.904067633651557,193.8,3.0,-0.017546282372207678,-19486.52602694947,0.0,0.03650000000000002,27.76119402985075,603055.4459370633,982961.1822114636
000014.SZ,20230524,10.28,10.29,10.34,10.1,10.13,-0.15,-1.4591,41487.0,42238.814,67.32,67.38,67.71,66.14,66.33,6.548335,10.1812,-1,11.31,9.25,10.01,1,1,-0.01459143968871579,0,0.40220297720460557,0.9333333333333333,1.0,49.99999999986121,72.19803280471375,48.21307765918862,0.0,290917.7202773826,0.6240786240786244,23.082223002032073,0.7843455827766361,10.21567028305939,5.0088008300445015,194.94,1.0,-0.09320254011888873,-21652.960340821774,0.0,0.03200000000000003,18.473282442748094,377328.63136790344,896442.2463766693
000014.SZ,20230525,10.13,10.14,10.22,10.02,10.12,-0.01,-0.0987,42917.4,43394.494,66.33,66.4,66.92,65.61,66.27,6.548335,10.1112,-1,11.14,9.12,10.0,1,1,-0.000987166831194597,0,0.4221808258179176,0.9,1.0,49.99999999985984,72.28712763173215,47.998721632890934,0.0,290630.535953318,0.6446700507614215,18.761109472293256,0.4700387216995858,10.211093141610109,5.098906086553049,195.94,1.0,-0.1418830391184065,-21838.732000402808,0.0,0.03299999999999992,27.631578947368425,158691.37631986523,791049.264939983
000014.SZ,20230526,10.12,10.1,10.21,9.92,10.14,0.02,0.1976,39924.62,40164.007,66.27,66.14,66.86,64.96,66.4,6.548335,10.06,-1,11.13,9.11,10.02,1,1,0.001976284584980448,1,0.39428927215685217,0.9,1.0,49.99999999985951,72.32397725726344,48.491964155804915,2.0776495991467825,290630.535953318,0.6802168021680217,11.466276129160017,1.1192394075903318,10.207669863321199,4.95828452433121,196.73000000000002,3.0,-0.16695130296903238,-21288.103363457645,0.0,0.048499999999999946,30.42016806722691,-24284.65057134186,674572.9912955081
000014.SZ,20230529,10.14,10.09,10.15,9.9,9.97,-0.17,-1.6765,39641.8,39559.289,66.4,66.07,66.47,64.83,65.29,6.548335,9.9792,-1,11.15,9.13,9.85,1,1,-0.0167652859960552,0,0.39280442904339186,0.9,1.0,49.99999999986029,71.87587478389315,44.61796224135887,0.0,290630.535953318,0.650259067357513,13.335467691457952,-4.456732111216073,10.196856646454348,4.963253766076475,206.88000000000002,2.0,-0.19977595191941783,-19910.371623929168,0.0,0.041999999999999996,35.427574171029704,-195158.32621107518,550325.6602231392
000014.SZ,20230530,9.97,9.89,10.05,9.79,10.04,0.07,0.7021,36289.6,35979.51,65.29,64.76,65.81,64.11,65.75,6.548335,9.9146,-1,10.97,8.97,9.92,1,1,0.007021063189568633,1,0.3578987968900609,0.9,1.0,49.999999999860975,70.39776728604716,46.512807124549816,6.986590033888615,290630.535953318,0.3785166240409205,14.119896001625081,-2.0184114286104538,10.189538044836453,4.9279226729325885,207.99,2.0,-0.2046536220086247,-18432.832215283488,0.0,0.046499999999999896,32.53012048192772,-338438.70579495863,423359.3222205538
000014.SZ,20230531,10.04,9.96,10.12,9.91,10.02,-0.02,-0.1992,39750.23,39728.525,65.75,65.22,66.27,64.89,65.61,6.548335,9.9945,-1,11.04,9.04,9.9,1,1,-0.0019920318725099584,0,0.38954731150162114,0.9,1.0,49.99999999986002,70.03178781244183,46.0282490606854,5.199948515172617,290051.59066257434,0.4590163934426235,19.879402011310837,-2.701487291850092,10.181682902165008,5.3426662738600434,209.28,0.0,-0.2027797041300034,-16058.620408179308,0.0,0.049499999999999836,20.0,-234106.31272861373,329435.6600849585
000014.SZ,20230601,10.02,9.95,10.08,9.85,10.01,-0.01,-0.0998,38704.02,38613.418,65.61,65.16,66.01,64.5,65.55,6.548335,9.9766,-1,11.02,9.02,9.89,1,1,-0.0009980039920159944,0,0.3846244794165166,0.8666666666666667,1.0,49.99999999985431,64.1766665960245,45.77149162591405,4.253243615571867,290051.59066257434,0.5323193916349817,7.613285770239746,-3.057189424445006,10.173757462610892,5.735525911654461,209.64999999999998,-2.0,-0.19503372634465682,-13785.482975044633,0.0,0.04449999999999985,6.046511627907009,-312179.21685956547,237776.3919500265
000014.SZ,20230602,9.89,9.95,10.53,9.95,10.32,0.43,4.3478,138335.32,141687.455,65.55,65.95,69.79,65.95,68.4,6.627789,10.2423,2,10.88,8.9,10.32,0,1,0.03096903096903092,1,1.5574127041294734,0.8666666666666667,1.0,49.999999999846516,60.16692998553019,54.28491914760618,35.643585065116966,299034.2073564203,0.6250000000000006,-2.357472914155433,7.9266076419622244,10.181273396398206,5.918015845495172,209.5,-2.0,-0.14272548596870177,1186.5682567711483,0.0,0.029999999999999895,2.6506024096385445,-135012.84324394306,184520.7869223166
000014.SZ,20230605,10.32,10.18,10.49,10.04,10.43,0.11,1.0659,95461.57,98286.964,68.4,67.47,69.53,66.54,69.13,6.627789,10.296,-1,11.35,9.29,10.43,0,1,0.01065891472868219,1,1.1910059841389709,0.8666666666666667,1.0,49.99999999983827,57.42353316591259,56.87223478613264,45.18342329409746,299034.2073564203,0.6167400881057277,-2.9143454325848204,11.451632243449685,10.19447386590001,6.043356703075116,208.7,0.0,-0.09043033238536224,5141.8097975299825,0.0,0.026499999999999878,-1.5075376884422198,121001.26456389483,175446.56944254207
000014.SZ,20230606,10.43,10.45,11.47,10.36,11.47,1.04,9.9712,272624.45,306164.152,69.13,69.26,76.02,68.66,76.02,6.627789,11.2303,-1,11.47,9.39,11.47,0,1,0.09971236816874418,1,3.626342775420076,0.8666666666666667,1.0,49.99999999984486,60.76250582326319,72.63910651037487,100.0,328851.61633539223,0.5250000000000006,9.34577662453744,35.88179711624686,10.277007572266793,6.030634339793725,207.86999999999998,2.0,0.07802218400594901,30057.316294925527,0.0,0.0794999999999999,12.364425162689813,711681.4367893371,252051.55049208424
000014.SZ,20230607,11.47,11.46,12.37,11.27,11.6,0.13,1.1334,517506.73,607830.166,76.02,75.95,81.99,74.7,76.88,6.627789,11.7454,-1,12.62,10.32,11.6,0,1,0.011333914559720881,1,6.38535427795251,0.8666666666666667,1.0,49.99999999985702,74.84889746712913,73.92247014067341,100.0,332578.7924577637,0.7914110429447858,21.80234354943731,38.12788730758335,10.364027643203325,6.006738272549484,208.34,4.0,0.19412334931165276,75379.0798802756,0.0,0.08749999999999983,36.452241715399566,2140905.8982524797,521887.88588642643
000014.SZ,20230608,11.6,11.43,12.76,11.43,12.36,0.76,6.5517,650171.62,794077.994,76.88,75.76,84.57,75.76,81.92,6.627789,12.2134,-1,12.76,10.44,12.36,0,1,0.06551724137931036,1,6.418819204002454,0.8666666666666667,1.0,49.99999999987427,80.96008519250755,79.8676906831166,100.0,354368.4374808586,0.7481108312342576,36.25344992830232,49.10041584032594,10.505742075776745,5.991097899700179,209.19,4.0,0.35129329706775536,116620.54082595435,0.0,0.13349999999999973,39.1791044776119,3935525.513236493,1009550.4040792931
000014.SZ,20230609,12.36,11.78,12.07,11.61,11.82,-0.54,-4.3689,460066.87,543846.376,81.92,78.08,80.0,76.95,78.34,6.627789,11.821,-1,13.6,11.12,11.82,0,1,-0.043689320388349495,0,3.5419770947612697,0.8666666666666667,1.0,49.999999999887976,67.1183962516925,68.00444161999192,66.34513345903915,354368.4374808586,0.6674157303370791,32.63821540611472,31.6399422743862,10.588127236385509,6.062333897425318,210.95,2.0,0.35923865924756626,111679.9910400406,0.0,0.13299999999999984,19.022687609075028,2079744.2740339711,1162435.2426442471
000014.SZ,20230612,11.82,11.51,12.17,11.34,12.08,0.26,2.1997,343251.11,406211.269,78.34,76.29,80.66,75.16,80.06,6.627789,11.8342,-1,13.0,10.64,12.08,0,1,0.021996615905245376,1,2.3272331038804173,0.9,1.0,49.999999999898606,72.32916094897931,70.29247944024335,72.83607089713007,354368.4374808586,0.6414686825054001,36.45367119069824,35.46991252443617,10.684367175806674,6.08174627609453,211.84,2.0,0.37452591767156485,87152.16636603122,0.0,0.1549999999999999,20.07042253521127,2377841.103672186,1336064.6513625241
000014.SZ,20230613,12.08,12.25,12.7,11.88,12.27,0.19,1.5728,372085.16,455234.486,80.06,81.19,84.17,78.74,81.32,6.627789,12.2347,-1,13.29,10.87,12.27,0,1,0.01572847682119205,1,2.3159305755286512,0.9,1.0,49.99999999990675,75.00214332976623,71.87528156546601,77.32632428401183,359942.1132359383,0.617463617463618,40.62912419303695,38.1360778624691,10.7886686516467,6.082666344446917,213.07,2.0,0.38382545781801913,70024.63016361138,0.0,0.1494999999999999,24.58471760797341,3094371.952968018,1587251.4087347377
000014.SZ,20230614,12.27,12.5,12.75,11.96,12.08,-0.19,-1.5485,285112.8,349308.261,81.32,82.85,84.5,79.27,80.06,6.627789,12.2516,-1,13.5,11.04,12.08,0,1,-0.015484922575387028,0,1.617623041034956,0.9,1.0,49.999999999912,68.3792090595631,67.97501564774419,66.26165488048399,359942.1132359383,0.6123711340206192,42.1651304844797,32.378768638794156,10.87007096297988,6.103722258663903,215.1,0.0,0.3395082745285516,43492.71577812405,0.0,0.12449999999999992,23.310810810810807,2142246.1663100775,1666536.3741026435
000014.SZ,20230615,12.08,12.08,12.39,12.0,12.18,0.1,0.8278,233093.86,283575.083,80.06,80.06,82.12,79.53,80.73,6.627789,12.1657,-1,13.29,10.87,12.18,0,1,0.008278145695364225,1,1.2518287331165958,0.9,1.0,49.99999999991441,63.33354634746226,68.93062044649866,68.97261136439961,359942.1132359383,0.6136363636363642,39.68338926425529,33.904943195612006,10.953597616928674,6.11240275592886,216.29999999999998,0.0,0.30014878467783046,16819.328651313757,0.0,0.12249999999999997,15.024232633279496,1090383.4713320276,1584228.8165639841
000014.SZ,20230616,12.18,12.18,13.03,12.18,12.57,0.39,3.202,337583.23,423810.394,80.73,80.73,86.36,80.73,83.31,6.627789,12.5542,-1,13.4,10.96,12.57,0,1,0.03201970443349755,1,1.747484058948164,0.9,1.0,49.99999999991479,68.10953831482371,72.39075662375602,78.0710628571335,371467.35331492155,0.6764091858037582,42.50246944680064,39.50959489914597,11.060980303431672,6.047086410011075,217.44,2.0,0.3022901157445915,11393.186952199161,0.0,0.15200000000000005,28.04878048780487,1391032.930047498,1556629.4042044862
000014.SZ,20230619,12.57,12.53,12.6,11.82,11.87,-0.7,-5.5688,301350.93,364372.943,83.31,83.05,83.51,78.34,78.67,6.627789,12.0913,-1,13.83,11.31,11.87,0,1,-0.05568814638027053,0,1.4726587057789409,0.9,1.0,49.99999999991127,64.16172788083233,59.56774862543628,40.4627418334123,371467.35331492155,0.6044776119402986,44.888030465589544,20.245129145951214,11.10730443576285,6.065062899579464,219.36999999999998,2.0,0.19051961780172744,1581.8305402498227,0.0,0.12750000000000003,24.444444444444443,533018.6899908609,1410399.3021739684
000014.SZ,20230620,11.87,11.99,12.03,11.51,11.57,-0.3,-2.5274,207425.05,242383.313,78.67,79.47,79.73,76.29,76.68,6.627789,11.6853,-1,13.06,10.68,11.57,0,1,-0.025273799494523908,0,0.9584437466732295,0.9,1.0,49.999999999907544,61.76283396800976,55.06583724059597,27.25918393158418,371467.35331492155,0.5923217550274227,44.529447218139225,13.19373651391139,11.132244549945906,6.13024747397576,220.80999999999997,2.0,0.06383048477564235,-17831.110279893182,0.0,0.11700000000000008,16.343490304709164,-248637.10094362777,1173394.1017285974
000014.SZ,20230621,11.57,11.52,11.66,11.19,11.21,-0.36,-3.1115,143210.6,163042.509,76.68,76.35,77.28,74.16,74.3,6.627789,11.3848,-1,12.73,10.41,11.21,0,1,-0.03111495246326701,0,0.637513933817824,0.9,1.0,49.99999999990517,60.391433597752325,50.16621065088523,0.0,371467.35331492155,0.5704225352112678,44.85414817696188,5.3872917809630465,11.136146662470864,6.327382378832205,222.13,2.0,-0.07337170824602646,-38411.610947580484,0.0,0.10950000000000007,14.441416893732999,-788497.0099278602,893123.9429205322
000014.SZ,20230626,11.21,11.2,11.26,10.65,10.87,-0.34,-3.033,109797.01,120661.238,74.3,74.23,74.63,70.59,72.04,6.627789,10.9895,-1,12.33,10.09,10.87,0,1,-0.030330062444246297,0,0.4779490409609716,0.9,1.0,49.999999999904915,59.5502727563972,46.00300348046781,0.0,371467.35331492155,0.5391014975041599,46.9915236194345,-1.3746621578690212,11.123647231755749,6.760830684639139,223.17000000000002,2.0,-0.20725098240966522,-54626.225966880986,0.0,0.09400000000000013,8.247422680412406,-1155753.374321744,600427.1833144928
000014.SZ,20230627,10.87,10.92,11.82,10.88,11.67,0.8,7.3597,221594.81,252928.774,72.04,72.38,78.34,72.11,77.35,6.627789,11.414,-1,11.96,9.78,11.67,0,1,0.07359705611775547,1,0.950767786352532,0.9,1.0,49.99999999990473,61.76933319337511,55.38496623936157,27.7042652210292,398806.25696275395,0.4771723122238588,50.093949718028966,12.526412253262976,11.152923001677257,6.704412443918297,224.12,2.0,-0.1860527022163101,-48595.78397258112,0.0,0.1295000000000001,15.815085158150886,-731856.9051821352,410100.8849578317
000014.SZ,20230628,11.67,11.61,11.65,11.24,11.53,-0.14,-1.1997,136866.4,156165.094,77.35,76.95,77.21,74.5,76.42,6.627789,11.41,-1,12.84,10.5,11.53,0,1,-0.011996572407883543,0,0.5652066721489205,0.9,1.0,49.999999999904574,63.22033573519851,53.62888109464253,22.51867134794691,398806.25696275395,0.47928994082840254,49.39400050135974,9.754025284931155,11.172630486633581,6.608710433143055,225.64,2.0,-0.18831922041396898,-53911.624515389485,0.0,0.13150000000000003,20.187793427230076,-254843.98378309794,315108.7608519846
000014.SZ,20230629,11.53,11.42,11.54,11.19,11.29,-0.24,-2.0815,114940.0,129982.663,76.42,75.69,76.48,74.16,74.83,6.627789,11.3087,-1,12.68,10.38,11.29,0,1,-0.020815264527320076,0,0.4653176262306695,0.9333333333333333,1.0,49.99999999990426,62.214441556764186,50.663266240518304,13.76142272380411,398806.25696275395,0.4588744588744589,48.06079885155337,5.082184128102514,11.178503555592913,6.69009424305732,227.39,0.0,-0.21750852019241285,-57921.79937319442,0.0,0.11750000000000008,20.187793427230076,-550245.629293384,191486.705116932
000014.SZ,20230630,11.29,11.38,11.84,11.24,11.44,0.15,1.3286,126200.86,145513.135,74.83,75.42,78.47,74.5,75.82,6.627789,11.5303,-1,12.42,10.16,11.44,0,1,0.013286093888396744,1,0.5028992852795845,0.9333333333333333,1.0,49.99999999990369,62.875368122593294,52.4337015773371,24.370010064706666,404104.8343360412,0.45042492917847016,49.69362730190713,7.6678764580109515,11.191910587436071,6.673078891597402,228.51,2.0,-0.2117688228645781,-56535.505981475464,0.0,0.11750000000000008,21.839080459770145,-352687.7796112264,113747.49301290937
000014.SZ,20230703,11.44,11.44,12.19,11.37,11.54,0.1,0.8741,186960.34,216461.15,75.82,75.82,80.79,75.36,76.48,6.627789,11.5779,-1,12.58,10.3,11.54,0,1,0.00874125874125875,1,0.7324048439544901,0.9333333333333333,1.0,49.99999999990244,64.57529490392963,53.628391659008614,28.897451545549036,407637.21925156604,0.43076923076923074,52.52253811689955,9.399857474013627,11.21004436463736,6.598104401278905,229.8,4.0,-0.19033629365399973,-45392.85419296781,0.0,0.11950000000000002,25.695216907675217,58437.897922142874,105846.12228565702
000014.SZ,20230704,11.54,11.42,11.48,11.2,11.31,-0.23,-1.9931,109223.0,123502.874,76.48,75.69,76.09,74.23,74.96,6.627789,11.3074,-1,12.69,10.39,11.31,0,1,-0.019930675909878515,0,0.41579943281672777,0.9333333333333333,1.0,49.99999999989797,62.47068968537931,50.487504552930375,16.99463022907355,407637.21925156604,0.422913719943423,45.214282033849926,4.647350410485503,11.215025361017979,6.814119345482728,231.39,2.0,-0.20187717324213617,-46292.84969295207,0.0,0.0955,12.432432432432478,-346892.867976628,41169.12367675917
000014.SZ,20230705,11.31,11.33,11.45,11.14,11.28,-0.03,-0.2653,87765.85,99407.581,74.96,75.09,75.89,73.83,74.76,6.627789,11.3265,-1,12.44,10.18,11.28,0,1,-0.0026525198938992522,0,0.335976290597364,0.9333333333333333,1.0,49.99999999989258,60.872897366399584,50.07553863729368,15.433429040781107,407637.21925156604,0.38197424892703863,40.42075716322565,4.026879536840252,11.218243984323852,7.083199626253196,232.79999999999998,0.0,-0.20749297024537827,-47404.91269867467,0.0,0.08049999999999997,10.845986984815674,-659200.8819375847,-58883.7342681471
000014.SZ,20230706,11.28,11.21,11.62,11.11,11.51,0.23,2.039,122033.85,139563.933,74.76,74.3,77.01,73.63,76.29,6.627789,11.4365,-1,12.41,10.15,11.51,0,1,0.020390070921985748,1,0.4678466965310824,0.9333333333333333,1.0,49.99999999988705,59.81216195800336,53.22667290448989,27.375083375976768,415948.97106254654,0.3851132686084141,26.516914525434167,8.409429759179256,11.233305462080168,7.329891055105368,233.55,0.0,-0.17544254727787256,-41371.056165360766,0.0,0.04449999999999985,2.2592152199762694,-450638.52042689105,-114848.70371939623
000014.SZ,20230707,11.51,11.48,11.83,11.38,11.61,0.1,0.8688,145933.06,169682.678,76.29,76.09,78.41,75.42,76.95,6.627789,11.6274,-1,12.66,10.36,11.61,0,1,0.008688097306689846,1,0.5761000572242918,0.9333333333333333,1.0,49.99999999988168,56.657442465090966,54.5693131792094,32.463202350824076,419562.7761977555,0.386991869918699,13.010051703861116,10.284397596116301,11.253088095505042,7.526198783694023,233.66,0.0,-0.137656527020378,-32403.71133772394,0.0,0.04399999999999986,-5.791505791505713,-53998.43915292295,-106155.80878132863
000014.SZ,20230710,11.61,11.61,11.66,11.31,11.33,-0.28,-2.4117,86937.81,99101.038,76.95,76.95,77.28,74.96,75.09,6.627789,11.3991,-1,12.77,10.45,11.33,0,1,-0.024117140396210157,0,0.3703684241113097,0.9666666666666667,1.0,49.999999999873694,48.490664749235044,50.22221006380727,31.10420828587756,419562.7761977555,0.4197530864197529,-5.624666012279717,4.008902437542247,11.256897392062614,7.842789045936926,233.89,-2.0,-0.14644402855013738,-32574.202860535304,0.0,-0.01650000000000009,-13.377483443708542,-306671.03879665444,-134800.8416406609
000014.SZ,20230711,11.33,11.51,11.9,11.36,11.5,0.17,1.5004,117372.5,135060.54,75.09,76.29,78.87,75.29,76.22,6.627789,11.507,-1,12.46,10.2,11.5,0,1,0.015004413062665423,1,0.568192737792697,0.9666666666666667,1.0,49.999999999864755,55.93839213757536,52.686609488402524,71.23888870267471,425858.06939754525,0.44905660377358464,-3.6248720606325477,7.377264831014458,11.26932772211671,8.01111419019704,232.86,0.0,-0.12619258290669555,-26974.512841439064,0.0,-0.019000000000000128,-1.1267605633802091,-128369.94110197201,-133882.14156370534
000014.SZ,20230712,11.5,11.4,11.44,10.99,11.15,-0.35,-3.0435,125175.6,139217.364,76.22,75.56,75.82,72.84,73.9,6.627789,11.1218,-1,12.65,10.35,11.15,0,1,-0.030434782608695587,0,0.6607772424541456,0.9666666666666667,1.0,49.99999999985644,49.826515954733175,47.475298416600374,15.692824347835762,412897.17163327214,0.4415584415584413,-10.305908542413178,-0.21138259464486475,11.263657460969968,8.384638918136815,233.02,-2.0,-0.154884453945336,-20878.8398561278,0.0,-0.060000000000000143,-3.7037037037036526,-456436.6205842538,-179961.35285235514
000014.SZ,20230713,11.15,12.0,12.27,11.82,12.27,1.12,10.0448,286002.66,348996.606,73.9,79.53,81.32,78.34,81.32,6.627789,12.2026,-1,12.27,10.04,12.27,0,1,0.10044843049327357,1,1.6019584173998935,0.9666666666666667,1.0,49.99999999985479,48.4778933097769,60.82772508712198,100.0,454372.04447894613,0.3765822784810125,-16.32664039988275,19.057446059241837,11.32071106694982,8.400027414939023,232.29000000000002,-2.0,-0.02477202777539883,4787.010763150549,0.0,-0.04750000000000014,0.26385224274409325,151703.14250081172,-132580.7106590456
000014.SZ,20230714,12.27,12.28,12.6,12.04,12.3,0.03,0.2445,375984.21,461782.449,81.32,81.39,83.51,79.8,81.52,6.627789,12.282,-1,13.5,11.04,12.3,0,1,0.0024449877750611915,1,2.157988545317519,0.9666666666666667,1.0,49.99999999985687,58.14465028042049,61.112886156600545,100.0,455482.9785730267,0.3863636363636361,-18.881774017086975,19.49390825322817,11.376434429768533,8.398485224547118,231.58,0.0,0.05898910029362092,32320.32283960136,0.0,-0.025500000000000078,3.4482758620690106,1084746.109561454,41323.12080102577
000014.SZ,20230717,12.3,12.18,12.26,11.96,12.1,-0.2,-1.626,170313.05,205806.606,81.52,80.73,81.26,79.27,80.2,6.627789,12.084,-1,13.53,11.07,12.1,0,1,-0.016260162601626105,0,0.9526799275984051,1.0,1.0,49.99999999985991,59.238625314656026,58.07750777274991,77.74255651571268,455482.9785730267,0.3801916932907345,-19.522380625665676,15.137083533139453,11.416105491435887,8.433714542319063,231.88,-2.0,0.07981666249681751,21771.386802375724,0.0,-0.034500000000000065,3.7131882202305064,462242.87734547164,101454.51459308947
000014.SZ,20230718,12.1,12.08,12.34,11.94,12.18,0.08,0.6612,141981.0,172355.29,80.2,80.06,81.79,79.14,80.73,6.627789,12.1393,-1,13.31,10.89,12.18,0,1,0.006611570247933907,1,0.8083934264013954,1.0,1.0,49.99999999986308,56.59229008302418,58.95567620688343,84.18188032338124,455482.9785730267,0.3277310924369745,-26.799256046673193,16.420188237186366,11.458454416426548,8.436535527165976,231.64,-2.0,0.09566284303328981,10491.342094592286,0.0,-0.04900000000000011,-3.7241379310344342,631403.4102522288,177161.49968725222
000014.SZ,20230719,12.18,12.11,12.87,12.09,12.56,0.38,3.1199,297231.21,371379.994,80.73,80.26,85.3,80.13,83.25,6.627789,12.4947,-1,13.4,10.96,12.56,0,1,0.031198686371100237,1,1.7921318292667565,1.0,1.0,49.9999999998672,66.02526568346626,62.928085896622434,100.0,469693.44916890113,0.39431616341030157,-22.93119354640971,22.29461212366952,11.522603506845432,8.344132482019834,231.13,0.0,0.14562867039889338,22752.04123132406,0.0,0.00649999999999995,9.387755102040856,1125627.093952639,312656.5845823075
000014.SZ,20230720,12.56,12.55,13.16,12.43,12.82,0.26,2.0701,308377.21,393411.983,83.25,83.18,87.22,82.38,84.97,6.627789,12.7575,-1,13.82,11.3,12.82,0,1,0.02070063694267521,1,1.8616478678102872,1.0,1.0,49.9999999998729,73.29550509106747,65.39584949911828,100.0,479416.4027344994,0.44901610017889054,-16.215249672427095,26.03860597341758,11.600471147508289,8.152305689420212,231.53,2.0,0.19871258364073952,30680.251880000094,0.0,0.040999999999999925,22.471910112359602,1855238.8240919672,533025.4759408303
000014.SZ,20230721,12.82,12.77,13.91,12.59,13.3,0.48,3.7441,381760.15,500940.129,84.97,84.64,92.19,83.44,88.15,6.627789,13.1219,-1,14.1,11.54,13.3,0,1,0.03744149765990645,1,2.2365039094293837,1.0,1.0,49.999999999880956,79.08630804205643,69.44030558442485,100.0,497366.4708556039,0.5709281961471099,0.3993741303800498,32.37091085082195,11.70759885332809,7.785056519599184,232.46,4.0,0.27859497215954265,43351.03850357098,0.0,0.08299999999999992,36.266666666666694,2654049.088238756,836028.8491262483
000014.SZ,20230724,13.3,13.8,14.0,12.83,12.89,-0.41,-3.0827,434186.83,576786.748,88.15,91.46,92.79,85.03,85.43,6.627789,13.2843,-1,14.63,11.97,12.89,0,1,-0.03082706766917298,0,2.3775096773520206,1.0,1.0,49.999999999886654,71.66626359472697,62.699338680638164,69.31042702475774,482034.1210021605,0.5397923875432522,8.373268697105251,22.90939293768895,11.77680276149298,7.2067310941417535,235.2,4.0,0.2568561431126969,55556.59140007717,0.0,0.053999999999999916,48.611111111111136,1364139.4352458026,911473.218571899
000014.SZ,20230725,12.89,13.2,14.18,13.05,14.18,1.29,10.0078,511852.82,698602.21,85.43,87.49,93.98,86.49,93.98,6.627789,13.6485,-1,14.18,11.6,14.18,0,1,0.10007757951900698,1,2.574168276906461,1.0,1.0,49.99999999989492,74.08564107170683,71.93177079180802,100.0,530274.9290776288,0.5087719298245612,9.656829918958877,37.665697525626776,11.934344582507613,7.026646527045164,237.21999999999997,4.0,0.3889573188394373,69925.51244937541,0.0,0.06549999999999993,46.06413994169099,2290941.976120415,1108540.1839359729
000014.SZ,20230726,14.18,14.33,15.6,14.18,14.75,0.57,4.0197,664510.08,1001422.237,93.98,94.98,103.39,93.98,97.76,6.627789,15.0701,-1,15.6,12.76,14.75,0,1,0.04019746121297607,1,3.114575836557751,1.0,1.0,49.999999999903096,77.59133100433449,74.88929510824578,100.0,551590.6349714404,0.6880597014925371,20.375700542672853,42.761643776322146,12.125757723321385,6.7787227965357095,239.73,6.0,0.5177735189586139,94309.30908940764,0.0,0.09049999999999994,53.28282828282831,3773796.19030248,1489291.041988331
000014.SZ,20230727,14.75,14.31,15.19,13.84,14.19,-0.56,-3.7966,547295.29,786046.166,97.76,94.84,100.68,91.73,94.05,6.627789,14.3624,-1,16.23,13.28,14.19,0,1,-0.03796610169491532,0,2.282897723076488,1.0,1.0,49.99999999991019,70.06910623472473,67.37777507048668,72.59969014277921,551590.6349714404,0.6566951566951564,28.691217482092718,31.632767533562607,12.255149115578046,6.441051610909732,243.38,6.0,0.49236997112615266,89031.83930355214,0.0,0.09099999999999993,47.68856447688569,2151070.2575249346,1583830.9299221316
000014.SZ,20230728,14.19,13.95,14.55,13.7,14.23,0.04,0.2819,442074.84,623780.513,94.05,92.46,96.43,90.8,94.31,6.627789,14.1103,-1,15.61,12.77,14.23,0,1,0.0028188865398168783,1,1.6914735190948367,1.0,1.0,49.99999999991588,63.43737871247165,67.62754512528902,73.51079426820743,551590.6349714404,0.6671490593342978,28.76131355076403,32.031148028336446,12.379311891509001,6.169917260850951,245.84,6.0,0.4470951547861637,66767.89598755862,0.0,0.10200000000000005,34.81308411214959,423996.6440384416,1418140.3176530332
000014.SZ,20230731,14.23,14.48,15.4,14.45,14.67,0.44,3.0921,488025.8,727225.268,94.31,95.97,102.07,95.77,97.23,6.627789,14.9014,-1,15.65,12.81,14.67,0,1,0.03092059030217853,1,1.7608815499995654,1.0,1.0,49.99999999992022,65.8145340730679,70.31954317485844,83.33058844068512,568646.1430099108,0.635862068965517,27.143848304742153,36.327233067448056,12.528018163723804,5.892827254956367,248.7,6.0,0.44177390376005277,54166.90774733113,0.0,0.10650000000000004,38.41059602649011,1290315.7744876202,1399879.6686294028
000014.SZ,20230801,14.67,14.72,14.87,14.12,14.26,-0.41,-2.7948,340736.28,490083.841,97.2297,97.5611,98.5552,93.5844,94.5123,6.627789,14.3831,-1,16.14,13.2,14.26,1,1,-0.027948193592365334,0,1.1660990185205578,1.0,1.0,49.999999999922395,62.84418477025956,64.90348883621343,40.602351952498,568646.1430099108,0.6204576043068637,30.184491823839373,28.368758187564485,12.633890714926753,5.5003012362281485,252.03,6.0,0.3522768016368598,23495.267854940932,0.0,0.08899999999999997,41.21621621621623,271605.35055192094,1238697.6231897627
000014.SZ,20230802,14.26,13.96,14.92,13.96,14.54,0.28,1.9635,316370.76,461266.711,94.51,92.52,98.89,92.52,96.37,6.627789,14.5799,-1,15.69,12.83,14.54,0,1,0.019635343618513268,1,1.0414555218629504,1.0,1.0,49.999999999923205,65.57801147582053,66.78497247823887,51.793807117130854,568646.1430099108,0.6002604166666665,34.23768980578883,31.253764197958272,12.753025961897489,5.008860943107347,254.54000000000002,8.0,0.30197695876266684,-1258.9538144858816,0.0,0.12049999999999991,39.64365256124725,755587.1221323777,1169681.837324422
000014.SZ,20230803,14.54,14.38,15.55,14.18,15.28,0.74,5.0894,446112.92,669658.27,96.37,95.31,103.06,93.98,101.27,6.627789,15.011,-1,15.99,13.09,15.28,0,1,0.050894085281980805,1,1.4152980670441986,1.0,1.0,49.99999999992367,67.59823794422587,71.18199582688007,77.94821450341432,597586.8683075267,0.5628815628815628,38.39176313103664,38.18037364593034,12.919301303220617,4.64037735674869,257.61,8.0,0.3369059836282313,-1334.1415385535656,0.0,0.1504999999999999,42.58474576271189,1660875.448794106,1239852.3532486628
000014.SZ,20230804,15.28,15.28,15.28,14.51,14.57,-0.71,-4.6466,383218.45,567381.403,101.27,101.27,101.27,96.17,96.57,6.627789,14.8057,-1,16.81,13.75,14.57,0,1,-0.04646596858638741,0,1.156321413440486,1.0,1.0,49.99999999992324,62.9534515213509,62.61699013909775,22.978545896445866,597586.8683075267,0.5238636363636363,38.65437978537278,25.417914199509877,13.017885678231055,4.438049107366639,261.51,6.0,0.23758467247760984,-10521.24603945123,0.0,0.1085,42.94736842105266,367654.93059697933,1115252.7214412794
000014.SZ,20230807,14.57,14.48,14.5,13.96,14.03,-0.54,-3.7062,260174.02,367116.14,96.57,95.97,96.1,92.52,92.99,6.627789,14.1104,-1,16.03,13.11,14.03,0,1,-0.03706245710363765,0,0.7579150307179888,1.0,1.0,49.99999999991998,61.206565900474,56.99942562389503,0.0,597586.8683075267,0.508830022075055,38.44484356015678,16.782603443488142,13.074170128458968,4.263419043261506,264.42,6.0,0.0804809409954459,-32591.20005389444,0.0,0.09999999999999991,34.32245301681507,-647810.9052867778,863386.489051557
000014.SZ,20230808,14.03,14.04,14.24,13.77,13.81,-0.22,-1.5681,181308.15,253053.592,92.99,93.05,94.38,91.26,91.53,6.627789,13.9571,-1,15.43,12.63,13.81,0,1,-0.01568068424803981,0,0.5151710280701204,1.0,1.0,49.99999999991739,59.09277006139612,54.840819423029586,0.0,597586.8683075267,0.5060373216245883,35.51588865839036,13.43322671100535,13.113916584001466,4.379654777701967,267.33,4.0,-0.06394418241396593,-55865.9041853496,0.0,0.08899999999999997,29.31885488647584,-1340469.1995517958,548549.9621082209
000014.SZ,20230809,13.81,13.81,14.22,13.71,13.79,-0.02,-0.1448,171438.21,239197.81,91.53,91.53,94.25,90.87,91.4,6.627789,13.9524,-1,15.19,12.43,13.79,0,1,-0.0014482259232441175,0,0.4827415469285218,1.0,1.0,49.9999999999153,58.50676189868249,54.63824171452145,0.0,597586.8683075267,0.430523917995444,34.048328178464466,13.122756786487683,13.150335831542124,4.189864253567062,270.05,4.0,-0.16717878903514527,-69741.97607286043,0.0,0.1004999999999999,34.63514902363829,-1938744.8301682584,193222.1346401525
000014.SZ,20230810,13.79,13.8,14.24,13.71,14.0,0.21,1.5228,147800.84,206787.334,91.4,91.46,94.38,90.87,92.79,6.627789,13.9909,-1,15.17,12.41,14.0,0,1,0.015228426395939243,1,0.41348941744615575,1.0,1.0,49.999999999913456,57.91250644365565,56.45702035727857,8.981155732475388,597586.8683075267,0.46505717916137207,32.792283825938426,15.673741037857422,13.197137656776096,4.558380953606447,272.61,4.0,-0.2094470894270677,-78598.01510209136,0.0,0.09699999999999989,28.69955156950678,-1535751.1986196951,-53774.05582554001
000014.SZ,20230811,14.0,14.56,14.84,14.17,14.3,0.3,2.1429,324063.2,467544.245,92.79,96.5,98.36,93.92,94.78,6.627789,14.4276,-1,15.4,12.6,14.3,0,1,0.021428571428571574,1,0.9244748479282991,1.0,1.0,49.99999999991172,57.933501204952265,58.98689640953446,21.473720949057547,610392.301199831,0.4496314496314494,31.404646286105972,19.239713237556273,13.259759080369676,4.754457821553652,274.57,4.0,-0.1993225642657468,-58149.93828220246,0.0,0.08299999999999982,30.794341675734536,-632171.1639171424,-136402.21412434036
000014.SZ,20230814,14.3,13.88,13.91,13.4,13.72,-0.58,-4.0559,234701.1,320502.668,94.78,91.99,92.19,88.81,90.93,6.627789,13.6558,-1,15.73,12.87,13.72,0,1,-0.04055944055944061,0,0.6745417334894913,1.0,1.0,49.99999999991036,57.26117779398798,52.62136544611011,0.0,610392.301199831,0.42957746478873227,32.05498274503028,9.791153748132295,13.283821166830778,5.207442484452431,276.57,4.0,-0.26875476728061276,-54177.06084708227,0.0,0.07899999999999982,22.903885480572654,-1225161.766270448,-291939.2930023557
000014.SZ,20230815,13.72,13.68,13.92,13.54,13.68,-0.04,-0.2915,148972.47,204425.262,90.93,90.67,92.26,89.74,90.67,6.627789,13.7224,-1,15.09,12.35,13.68,0,1,-0.00291545189504383,0,0.42422845309585927,1.0,0.0,49.99999999990957,57.3978554041144,52.20296614558061,0.0,610392.301199831,0.4139150943396224,30.115936027362054,9.163197595669345,13.304415523139575,5.705451109852251,278.55,2.0,-0.31487621203183735,-60151.54439423455,0.0,0.07399999999999984,23.373983739837428,-824818.5138707166,-368064.8959835501
000014.SZ,20230816,13.68,13.51,14.42,13.4,14.06,0.38,2.7778,217053.36,303647.157,90.67,89.54,95.57,88.81,93.19,6.627789,13.9895,-1,15.05,12.31,14.06,1,1,0.0277777777777779,1,0.6174875019356283,1.0,1.0,49.99999999990859,57.10074778919782,55.79858230992644,18.945205443714983,627347.6428998263,0.37382075471698095,29.23621768421315,14.077574904865198,13.345460877785287,5.978262227192471,279.86,2.0,-0.2896446585749488,-52279.02277704785,0.0,0.07899999999999982,23.139653414882815,-391547.659876144,-371419.57653963496
000014.SZ,20230817,14.06,13.8,14.2,13.72,14.09,0.03,0.2134,132667.0,185045.21,93.1867,91.4635,94.1146,90.9333,93.3855,6.627789,13.9481,-1,15.47,12.65,14.09,0,1,0.002133712660028486,1,0.381773738914653,1.0,1.0,49.99999999990408,56.17105840536013,56.07948901356221,20.425295355332313,627347.6428998263,0.36484848484848464,23.95394661930387,14.46214813622331,13.386042566975837,6.226735407681035,281.15,2.0,-0.2650253138102574,-55481.21011535965,0.0,0.07999999999999981,22.98263534218595,24099.350451603066,-314916.87268374383
000014.SZ,20230818,14.09,14.1,14.3,13.61,13.61,-0.48,-3.4067,120966.61,168485.87,93.3855,93.4518,94.7774,90.2042,90.2042,6.627789,13.9283,-1,15.5,12.68,13.61,0,1,-0.03406671398154726,0,0.357132713271432,1.0,1.0,49.99999999989847,52.77560917876097,50.54464114740026,0.0,627347.6428998263,0.3357575757575756,13.171548473623796,6.438572619493635,13.397393857213274,6.689150539024359,282.86,0.0,-0.3065702471222196,-56053.19602658438,0.0,0.028999999999999738,15.19125683060112,-265121.3937635538,-307803.2328380024
000014.SZ,20230821,13.61,13.7,13.9,13.49,13.52,-0.09,-0.6613,113555.8,155582.222,90.2042,90.8007,92.1263,89.4089,89.6077,6.627789,13.7009,-1,14.97,12.25,13.52,0,1,-0.006612784717119791,0,0.3486767295485594,1.0,1.0,49.99999999989338,55.26980906222449,49.55701465264282,0.0,627347.6428998263,0.32156368221941967,1.6796717483957082,4.986075035141113,13.403523351359167,7.134645819603171,282.76000000000005,0.0,-0.33693130067984167,-54271.3796712936,0.0,0.06549999999999975,8.055853920515602,-675227.0859125871,-360292.3547058002
000014.SZ,20230822,13.52,13.48,13.68,13.4,13.59,0.07,0.5178,98297.54,132846.132,89.6077,89.3426,90.6682,88.8124,90.0717,6.627789,13.5147,-1,14.87,12.17,13.59,0,1,0.005177514792899407,1,0.3174524754000469,1.0,1.0,49.99999999988866,50.58267591618294,50.36929928225534,3.7562327711074692,627347.6428998263,0.3278688524590161,-11.098653498625781,6.035884137294114,13.412939168649448,7.55113121303097,283.27,0.0,-0.3375013514683488,-51985.56781334439,0.0,0.021999999999999707,3.329752953813106,-1044187.3522329177,-457991.64006681694
000014.SZ,20230823,13.59,13.5,13.8,13.19,13.48,-0.11,-0.8094,104959.6,141614.948,90.0717,89.4752,91.4635,87.4205,89.3426,6.627789,13.4923,-1,14.95,12.23,13.48,0,1,-0.008094186902133926,0,0.363223311318004,1.0,1.0,49.99999999988461,43.097857736810305,49.03308532459097,0.0,622269.7738255819,0.3776,-22.241468930604913,4.132698129147783,13.416264514033884,7.997382443508885,282.89,-2.0,-0.34157422098936774,-46587.394523346025,0.0,-2.6645352591003756e-16,-16.296296296296305,-1358387.6181281158,-586619.6369327167
000014.SZ,20230824,13.48,13.52,13.67,13.2,13.47,-0.01,-0.0742,86073.6,115627.716,89.3426,89.6077,90.6019,87.4868,89.2763,6.627789,13.4336,-1,14.83,12.13,13.47,0,1,-0.0007418397626112183,0,0.32979703422065704,0.9666666666666667,1.0,49.99999999988091,47.36382840695957,48.90606745171261,0.0,622269.7738255819,0.41403508771929826,-34.17678694585259,3.9541505698441504,13.418924526795344,8.381722134431675,281.37,-2.0,-0.3340870333741315,-42676.08746088751,0.0,0.0034999999999998366,-13.299232736572897,-1612460.2852581036,-733168.3009792006
000014.SZ,20230825,13.47,13.5,13.81,13.34,13.63,0.16,1.1878,148333.2,201343.542,89.2763,89.4752,91.5298,88.4147,90.3368,6.627789,13.5737,-1,14.82,12.12,13.63,0,1,0.01187824795842607,1,0.623435960196072,0.9666666666666667,1.0,49.999999999875286,53.682356152160374,51.08922378093995,21.65651593099796,629661.2484961159,0.40549828178694164,-37.63226386159473,6.649890584775689,13.42964413447268,8.686894675527679,281.01,-2.0,-0.2972872590222744,-29447.44384583435,0.0,-0.004000000000000181,-3.5519125683060295,-1212396.2649802119,-801629.4386936309
000014.SZ,20230828,13.63,14.75,14.99,13.82,14.45,0.82,6.0161,366919.15,535903.926,90.3368,97.7599,99.3506,91.596,95.7716,6.627789,14.6055,-1,14.99,12.27,14.45,0,1,0.060161408657373405,1,1.6435978058563503,0.9666666666666667,1.0,49.9999999998731,52.21915111816903,60.4226442781662,100.0,667542.5561826027,0.3806451612903227,-28.081880806506582,18.925767221206836,13.487428231685296,8.770560287634895,280.40999999999997,-2.0,-0.15912713412568125,8947.540037396917,0.0,-0.028500000000000192,0.9150326797385375,-463497.4033876925,-753324.862221354
000014.SZ,20230829,14.45,14.56,15.39,14.3,15.28,0.83,5.7439,364210.84,541048.963,95.7716,96.5006,102.0017,94.7774,101.2726,6.627789,14.8554,-1,15.9,13.01,15.28,0,1,0.057439446366782,1,1.6769527064559604,0.9666666666666667,1.0,49.999999999878554,60.52155105889258,67.23757233862922,100.0,667542.5561826027,0.35649546827794576,-19.285968522539303,28.88929836365112,13.5974488590589,8.739046418114729,279.84000000000003,0.0,0.0369601489733169,32838.21131526579,0.0,0.030499999999999795,14.21052631578948,547006.1739056087,-567563.285631788
000014.SZ,20230830,15.28,15.3,15.85,15.18,15.31,0.03,0.1963,426274.55,655679.495,101.2726,101.4052,105.0505,100.6098,101.4714,6.627789,15.3816,-1,16.81,13.75,15.31,0,1,0.0019633507853404897,1,1.9521655083088285,0.9666666666666667,1.0,49.99999999988687,61.752502595780776,67.45570326221227,100.0,668853.176384532,0.41758241758241743,-21.483728511635032,29.22024581591681,13.702828039727823,8.733245794733818,281.06,0.0,0.15688333143507327,54577.8250497024,0.0,0.0019999999999998686,25.480769230769205,1946009.864139839,-208481.40709298418
000014.SZ,20230831,15.31,15.35,15.4,14.05,14.12,-1.19,-7.7727,358292.54,520834.751,101.4714,101.7366,102.068,93.1204,93.5844,6.627789,14.5366,-1,16.84,13.78,14.12,0,1,-0.07772697583278909,0,1.6005561242011042,0.9666666666666667,1.0,49.99999999989346,52.56404526424118,52.518645245263976,19.475195256968536,668853.176384532,0.3900293255131963,-18.095248147584464,8.195312568611486,13.72432139717378,8.90451141260942,282.28,-2.0,0.06670909121125801,57106.749130838485,0.0,-0.10450000000000008,4.081632653061199,1194069.6513434052,-8116.970173500013
000014.SZ,20230901,14.12,14.37,14.43,13.64,13.76,-0.36,-2.5496,220400.4,308842.776,93.5844,95.2413,95.639,90.403,91.1984,6.627789,14.0128,-1,15.53,12.71,13.76,0,1,-0.025495750708215303,0,1.0042667063888968,0.9666666666666667,1.0,49.999999999898634,54.82703075417609,48.98479674791487,0.4244250237931825,668853.176384532,0.41112828438948973,-16.05837038939157,2.86557232104378,13.72606906379251,9.128836307939238,281.43,-2.0,-0.044637782185427355,38409.054550653505,0.0,-0.0995000000000001,-9.936575052854153,338276.60945120454,41367.82691574349
000014.SZ,20230904,13.76,14.0,14.36,13.77,13.85,0.09,0.6541,182281.9,255771.219,91.1984,92.789,95.1751,91.2647,91.7949,6.627789,14.0316,-1,15.14,12.38,13.85,0,1,0.006540697674418672,1,0.8625743812996808,0.9666666666666667,1.0,49.99999999990254,60.194750023661015,49.89253684511315,5.317998711555126,668853.176384532,0.44186046511627886,-14.209356786612302,4.1086363400301495,13.732213007015798,9.194374495985759,280.62,0.0,-0.10588062880656679,20034.18989395635,0.0,-0.08450000000000006,-0.3405221339387623,685743.5369840274,133421.49978264119
000014.SZ,20230905,13.85,13.87,13.92,13.19,13.27,-0.58,-4.1877,160975.4,215164.848,91.7949,91.9274,92.2588,87.4205,87.9508,6.627789,13.3663,-1,15.24,12.47,13.27,0,1,-0.04187725631768957,0,0.7760524598685457,0.9666666666666667,1.0,49.999999999906365,60.56436424835693,44.408524658141566,0.0,668853.176384532,0.4169278996865201,-9.5537252884903,-4.20736073741259,13.711128909947446,9.422641892788047,280.3,0.0,-0.2177831370473854,4925.052704311671,0.0,-0.10300000000000012,-3.8335158817087063,244679.9932854958,149315.570283049
000014.SZ,20230906,13.27,13.2,13.7,13.06,13.63,0.36,2.7129,171129.12,230249.64,87.9508,87.4868,90.8007,86.5589,90.3368,6.627789,13.4547,-1,14.6,11.94,13.63,0,1,0.027128862094951023,1,0.8290662922185545,0.9666666666666667,1.0,49.99999999990939,64.5745293249347,48.21339168513984,16.50903606190755,686998.401968438,0.41517857142857106,-7.074104035789804,0.9613608125115006,13.707228488447669,9.489592033564202,279.14,2.0,-0.23509844555903048,-3340.9335426620237,0.0,-0.08049999999999997,-5.489773950484462,542330.2245246777,205460.52088899596
000014.SZ,20230907,13.63,13.5,13.8,13.42,13.42,-0.21,-1.5407,119980.94,163145.052,90.3368,89.4752,91.4635,88.9449,88.9449,6.627789,13.5976,-1,14.99,12.27,13.42,0,1,-0.015407190022010298,0,0.581313112077322,0.9666666666666667,1.0,49.999999999912035,64.30595562501162,46.225843766100326,7.885212932908743,686998.401968438,0.41517857142857106,-8.748173372971685,-2.0226715031328117,13.693827593225624,9.703786643873064,279.23,0.0,-0.264436932493807,-14701.12212249582,0.0,-0.09449999999999995,-1.7653167185878118,823595.0719235186,293765.4567510706
000014.SZ,20230908,13.42,13.4,13.4,12.98,13.04,-0.38,-2.8316,130015.6,170436.272,88.9449,88.8124,88.8124,86.0287,86.4264,6.627789,13.1089,-1,14.76,12.08,13.04,0,1,-0.028315946348733245,0,0.6342056836195977,0.9666666666666667,1.0,49.99999999991515,59.29530073634378,42.788477994489966,0.0,667545.3920766342,0.4220588235294114,-11.762835347877303,-7.244569320944081,13.664948517035388,10.153748947817501,278.65,-2.0,-0.3208686432106209,-19562.5782626211,0.0,-0.0995,-12.777191129883917,410412.7618909674,310429.3574853416
000014.SZ,20230911,13.04,12.98,13.07,12.7,12.87,-0.17,-1.3037,97565.27,125017.035,86.4264,86.0287,86.6252,84.1729,85.2996,6.627789,12.8137,-1,14.34,11.74,12.87,0,1,-0.0130368098159509,0,0.49955838884143106,0.9666666666666667,1.0,49.99999999991853,61.468329779497196,41.30858199490328,0.0,667545.3920766342,0.49295774647887297,-13.187846143664306,-9.51557554005331,13.630695917492893,10.51602922664072,277.42,-2.0,-0.3637888748399414,-25473.907792135862,0.0,-0.09700000000000006,-6.877113866967385,12685.635550335981,267894.5400660551
000014.SZ,20230912,12.87,12.84,12.86,12.59,12.64,-0.23,-1.7871,91307.96,115697.675,85.2996,85.1008,85.2334,83.4439,83.7753,6.627789,12.6711,-1,14.16,11.58,12.64,0,1,-0.017871017871017747,0,0.4845305367706598,0.9666666666666667,1.0,49.999999999920334,58.607020631650606,39.3267970169204,0.0,667545.3920766342,0.4954407294832825,-14.351049993080588,-12.56433325786292,13.589447270785891,10.96866062045007,276.37,-2.0,-0.4028193948991749,-28332.181082587704,0.0,-0.10700000000000003,-10.738255033557117,-380989.0708672777,175196.88136129326
000014.SZ,20230913,12.64,12.63,12.76,12.56,12.62,-0.02,-0.1582,71253.6,90110.432,83.7753,83.709,84.5706,83.245,83.6427,6.627789,12.6464,-1,13.9,11.38,12.62,0,1,-0.0015822784810127777,0,0.3839859923813807,0.9666666666666667,1.0,49.999999999919034,55.06263574250515,39.150905498104585,0.0,667545.3920766342,0.5289389067524113,-27.56927975533951,-12.83316399378974,13.549207436848148,11.513457023502212,275.73,-4.0,-0.40964434905975167,-30823.438686417845,0.0,-0.13500000000000015,-18.26697892271669,-688318.8111069393,51837.496722974334
000014.SZ,20230914,12.62,12.62,12.64,12.38,12.46,-0.16,-1.2678,70013.6,87376.584,83.6427,83.6427,83.7753,82.052,82.5823,6.627789,12.4799,-1,13.88,11.36,12.46,0,1,-0.012678288431061668,0,0.3927324262524038,0.9666666666666667,1.0,49.99999999991759,52.39250286561259,37.69828365396588,0.0,667545.3920766342,0.5464566929133855,-30.18225692093526,-15.033082234637252,13.50513762793572,12.118313340155359,274.65000000000003,-6.0,-0.4128609866006583,-30482.432273392158,0.0,-0.15750000000000003,-24.52380952380959,-957198.9252950674,-92310.56356531734
000014.SZ,20230915,12.46,12.55,12.6,12.36,12.42,-0.04,-0.321,59352.4,74093.997,82.5823,83.1788,83.5101,81.9195,82.3171,6.627789,12.4837,-1,13.71,11.21,12.42,0,1,-0.0032102728731943087,0,0.3388847645460774,0.9666666666666667,1.0,49.99999999991624,53.404897650511685,37.32542841232867,0.0,667545.3920766342,0.5905245346869711,-37.205787279449424,-15.593673929205343,13.461522161052278,12.597508742331344,272.95000000000005,-6.0,-0.3973901467160281,-29517.09608393535,0.0,-0.13950000000000004,-23.889555822328987,-1166549.4301659483,-245773.2587939789
000014.SZ,20230918,12.42,12.36,12.43,12.26,12.35,-0.07,-0.5636,64008.4,79065.154,82.3171,81.9195,82.3834,81.2567,81.8532,6.627789,12.3523,-1,13.66,11.18,12.35,0,1,-0.005636070853462183,0,0.37201284446407734,0.9666666666666667,1.0,49.99999999991424,54.25540563241007,36.64242076792522,0.0,663783.0589489881,0.6095076400679115,-40.71711619536892,-16.607211228598796,13.417382669246866,13.067263186463178,271.47999999999996,-6.0,-0.3739406923097084,-26188.75533095724,0.0,-0.13100000000000006,-21.728395061728463,-1382800.073962015,-408205.6609608412
000014.SZ,20230919,12.35,12.35,12.36,12.21,12.23,-0.12,-0.9717,47594.06,58392.249,81.8532,81.8532,81.9195,80.9253,81.0579,6.627789,12.2688,-1,13.59,11.12,12.23,0,1,-0.009716599190283337,0,0.28065467606446065,0.9666666666666667,1.0,49.999999999912596,55.122305350325306,35.44500840879532,0.0,663783.0589489881,0.6127946127946124,-42.182247574322744,-18.375865425692293,13.37123072506315,13.596793266352776,270.44,-8.0,-0.3522491359445773,-24183.436497111106,0.0,-0.1425,-20.251572327044087,-1513993.12226497,-566175.2982900025
000014.SZ,20230920,12.23,12.18,12.41,12.15,12.27,0.04,0.3271,60839.2,74855.545,81.0579,80.7265,82.2509,80.5276,81.323,6.627789,12.3038,-1,13.45,11.01,12.27,0,1,0.003270645952575535,1,0.36420385407872957,0.9666666666666667,1.0,49.9999999999097,57.53754760489814,36.1935017114729,5.18077057938877,665954.0583241278,0.6303236797274274,-47.50357660392051,-17.501460018616772,13.327968855062982,14.058729756161002,268.79,-6.0,-0.3115720037886308,-19271.76790700892,0.0,-0.137,-18.717948717948765,-1343252.3733728125,-677186.3090161183
000014.SZ,20230921,12.27,12.26,12.44,12.15,12.18,-0.09,-0.7335,58457.32,71855.438,81.323,81.2567,82.4497,80.5276,80.7265,6.627789,12.2919,-1,13.5,11.04,12.18,0,1,-0.007334963325183352,0,0.3546283347264882,0.9666666666666667,1.0,49.99999999990528,58.09203509977115,35.20444145781629,0.0,665954.0583241278,0.6218487394957981,-48.46879816944211,-18.91993817208285,13.283646290422492,14.544077896769833,267.56,-6.0,-0.2770098999935393,-14746.568939003482,0.0,-0.13850000000000007,-16.88311688311694,-1399101.8265261871,-780317.0972318425
000014.SZ,20230922,12.18,12.13,12.44,12.08,12.42,0.24,1.9704,62188.41,76607.496,80.7265,80.3951,82.4497,80.0637,82.3171,6.627789,12.3186,-1,13.4,10.96,12.42,0,1,0.019704433497536922,1,0.3804496900003638,0.9666666666666667,1.0,49.999999999899565,56.91432250518728,39.91941957978119,36.244109167715365,679076.3057787904,0.6252072968490877,-46.97581427256047,-13.444667394809795,13.24804953236499,14.950455092686108,266.3,-6.0,-0.2053413603842631,-9886.978708095907,0.0,-0.13050000000000014,-19.790301441677656,-1209681.2086738893,-841654.8274378491
000014.SZ,20230925,12.42,12.4,12.4,11.98,12.05,-0.37,-2.9791,96011.82,116038.227,82.3171,82.1846,82.1846,79.4009,79.8649,6.627789,12.0858,-1,13.66,11.18,12.05,0,1,-0.029790660225442744,0,0.6032672968287071,0.9666666666666667,1.0,49.999999999893234,49.6248695265341,35.61652103932482,3.1676620657908128,658846.1742861855,0.6935483870967738,-59.74614801483917,-19.462188579684188,13.202102728884128,15.643240802955553,265.09000000000003,-8.0,-0.19156174431169248,-1209.1687149198988,0.0,-0.1330000000000001,-42.595419847328316,-1343817.535486905,-913392.3571591428
000014.SZ,20230926,12.05,12.03,12.13,11.99,12.04,-0.01,-0.083,46763.21,56397.428,79.8649,79.7323,80.3951,79.4672,79.7986,6.627789,12.0602,-1,13.26,10.85,12.04,0,1,-0.0008298755186723072,0,0.32115898238091745,0.9333333333333333,1.0,49.99999999988671,41.08510737337833,35.505129821521976,2.7282223740229656,658846.1742861855,0.8130252100840328,-81.1069408135142,-19.621167726347203,13.157622509679495,16.356052376995265,262.92,-10.0,-0.16840280834841592,-1193.2462351439463,0.0,-0.16850000000000004,-55.8359621451105,-1443032.130458695,-989055.1819162217
000014.SZ,20230927,12.04,12.01,12.08,11.9,11.91,-0.13,-1.0797,49922.6,59801.875,79.7986,79.5997,80.0637,78.8707,78.937,6.627789,11.9789,-1,13.24,10.84,11.91,0,1,-0.010797342192690906,0,0.3848035636565642,0.9333333333333333,1.0,49.99999999988013,27.100072956359682,34.015743176003355,0.0,651732.3866900724,0.7201646090534978,-90.04324106190833,-21.735270867077983,13.111124967879398,16.726297045839562,259.82,-12.0,-0.15551154132840972,84.57017743030156,0.0,-0.17400000000000002,-81.26126126126134,-1539318.7908092374,-1067664.2689009383
000014.SZ,20230928,11.91,11.93,12.13,11.93,12.11,0.2,1.6793,52609.2,63410.385,78.937,79.0695,80.3951,79.0695,80.2625,6.627789,12.0531,-1,13.1,10.72,12.11,0,1,0.016792611251049472,1,0.47430848213455584,0.9333333333333333,1.0,49.99999999987301,34.61324496882824,38.30366670257369,58.79635671445078,662676.6752994774,0.6537467700258398,-116.37863417693244,-16.761923897455954,13.071443198229634,16.87127565315511,256.33000000000004,-10.0,-0.1072575314241514,2025.7945532020822,0.0,-0.10350000000000001,-74.49664429530209,-1337975.6064189875,-1106280.1742606596
000014.SZ,20231009,12.11,12.13,12.13,11.6,11.75,-0.36,-2.9727,88095.15,103282.437,80.2625,80.3951,80.3951,76.8824,77.8765,6.627789,11.724,-1,13.32,10.9,11.75,0,1,-0.029727497935590375,0,0.9211743909396287,0.9333333333333333,1.0,49.99999999986689,37.684441759871966,34.01840072543176,0.045015160836142966,642976.9558025483,0.7131782945736435,-107.14013602807854,-22.742229833535895,13.022828076850177,17.059017325048895,254.03,-10.0,-0.11059971617106457,8462.806586371822,0.0,-0.09200000000000008,-70.2349869451698,-1362426.2718142194,-1142872.4739111683
000014.SZ,20231010,11.75,11.72,11.86,11.7,11.74,-0.01,-0.0851,47331.8,55736.653,77.8765,77.6777,78.6056,77.5451,77.8102,6.627789,11.7757,-1,12.93,10.58,11.74,0,1,-0.0008510638297871687,0,0.5317088995383397,0.9,1.0,49.999999999861465,29.07450704920805,33.90493035509577,0.0,642976.9558025483,0.6121372031662271,-114.21597738073356,-22.904189189952422,12.975732519367005,17.2068887089374,252.13,-12.0,-0.10118174949626713,7628.85958235673,0.0,-0.08350000000000009,-77.83375314861465,-1444820.476497354,-1186007.902852052
000014.SZ,20231011,11.74,11.76,11.8,11.6,11.67,-0.07,-0.5963,45170.6,52758.91,77.8102,77.9428,78.2079,76.8824,77.3463,6.627789,11.6799,-1,12.91,10.57,11.67,0,1,-0.00596252129471897,0,0.549048092461242,0.9,1.0,49.99999999985712,31.548205034936828,33.07330280142297,0.0,642976.9558025483,0.6707317073170737,-122.8166921072246,-24.076956673136703,12.928525287633104,17.24931945136953,250.01,-12.0,-0.09168717847514696,7190.943544231501,0.0,-0.05800000000000009,-74.78510028653301,-1508467.7753415944,-1232073.5989219865
000014.SZ,20231012,11.67,11.72,11.76,11.61,11.67,0.0,0.0,42520.8,49615.597,77.3463,77.6777,77.9428,76.9486,77.3463,6.627789,11.6685,-1,12.84,10.5,11.67,0,1,0.0,0,0.5559690741091132,0.8666666666666667,1.0,49.999999999842075,21.614090663835483,33.07330280142296,0.0,642976.9558025483,0.7534246575342474,-132.02018604522885,-24.076956673136703,12.883024778137427,17.321109505158812,236.95,-13.0,-0.0734988678751669,6945.456089473446,0.0,-0.08200000000000021,-73.41389728096681,-1565376.6617541485,-1279688.322183724
000014.SZ,20231013,11.67,11.66,11.7,11.41,11.51,-0.16,-1.371,52815.2,60881.954,77.3463,77.28,77.5451,75.6231,76.2859,6.627789,11.5274,-1,12.84,10.5,11.51,0,1,-0.01371036846615259,0,0.7539632671743481,0.9,1.0,49.99999999983987,13.061608984504147,31.054116021936313,0.0,634161.5048232502,0.6933797909407673,-123.1348125700238,-26.89347142309373,12.835226170908996,17.29983688034481,234.85,-13.0,-0.0710690846637595,8469.755109463978,0.0,-0.08550000000000021,-94.92063492063491,-1637182.592957087,-1330758.9322942044
000014.SZ,20231016,11.51,11.46,11.54,11.23,11.28,-0.23,-1.9983,51212.4,58076.658,76.2859,75.9545,76.4847,74.4301,74.7615,6.627789,11.3404,-1,12.66,10.36,11.28,0,1,-0.019982623805386623,0,0.7678963878773121,0.9,1.0,49.99999999983736,14.023230523529094,28.37254244222262,0.0,634161.5048232502,0.6764705882352948,-114.8810795583367,-30.779088368462208,12.78396227884064,17.202440059522274,232.97,-13.0,-0.08741630649179322,9485.608426859879,0.0,-0.07650000000000023,-94.4636678200692,-1698182.2475686236,-1383247.9773334072
000014.SZ,20231017,11.28,11.33,11.36,11.1,11.22,-0.06,-0.5319,36800.74,41243.869,74.7615,75.0928,75.2917,73.5685,74.3638,6.627789,11.2073,-1,12.41,10.15,11.22,0,1,-0.005319148936170137,0,0.5864505554834015,0.9,1.0,49.99999999983665,14.840881930096202,27.700545999630034,0.0,634161.5048232502,0.6743295019157098,-109.05464810400757,-31.77483359915224,12.733151999450854,17.01571070746684,231.26,-13.0,-0.09277839778378638,8473.042455502582,0.0,-0.07650000000000015,-94.16058394160584,-1705863.1766797956,-1429335.86295432
000014.SZ,20231018,11.22,11.26,11.28,11.0,11.01,-0.21,-1.8717,45370.14,50303.837,74.3638,74.6289,74.7615,72.9057,72.972,6.627789,11.0874,-1,12.34,10.1,11.01,0,1,-0.018716577540107027,0,0.7597980042125703,0.9,1.0,49.99999999983812,15.545660951057442,25.430299943139694,0.0,622292.1718452749,0.67953667953668,-99.23087193891071,-35.20861484327873,12.679987520936571,16.80670061627758,229.67,-13.0,-0.10990797079677528,9156.066297201833,0.0,-0.07900000000000018,-93.91634980988593,-1742742.421027924,-1474108.2283934061
000014.SZ,20231019,11.01,11.01,11.2,10.91,11.03,0.02,0.1817,46196.23,51245.43,72.972,72.972,74.2312,72.3092,73.1045,6.627789,11.093,-1,12.11,9.91,11.03,0,1,0.0018165304268846771,1,0.8045806318937844,0.9,1.0,49.999999999840405,15.998377618624517,26.05189426462643,4.290076533806703,623422.584509844,0.6679536679536691,-87.40478971752256,-34.52982755340596,12.628547060207788,16.541321692192245,227.82000000000002,-11.0,-0.10390858500219835,9856.85931026128,0.0,-0.07750000000000012,-93.89312977099236,-1777628.0341661181,-1517468.200646651
000014.SZ,20231020,11.03,11.0,11.31,10.93,11.14,0.11,0.9973,74192.0,83027.291,73.1045,72.9057,74.9603,72.4417,73.8336,6.627789,11.1909,-1,12.13,9.93,11.14,0,1,0.00997280145058932,1,1.320996436414832,0.9,1.0,49.999999999839666,22.231329974588718,29.53117173784031,31.855472397656744,629639.8541649738,0.6653543307086615,-73.57856632607547,-30.730171778214448,12.579446393940819,16.1740385129137,226.10999999999999,-9.0,-0.07200290545534915,13977.398200274358,0.0,-0.06250000000000018,-85.09803921568619,-1491610.7210206622,-1513774.2749857956
000014.SZ,20231023,11.14,11.03,11.13,10.83,10.92,-0.22,-1.9749,54193.79,59284.161,73.8336,73.1045,73.7673,71.779,72.3755,6.627789,10.9393,-1,12.25,10.03,10.92,0,1,-0.019748653500897717,0,0.9613501130265735,0.9,1.0,49.999999999839375,22.476029567065808,26.813879523370538,10.747612540572685,629639.8541649738,0.5919117647058824,-64.96362453823386,-34.61785798331455,12.527780603560954,15.845389385068444,224.65,-9.0,-0.06748776024980985,13867.777417334015,0.0,-0.06150000000000011,-85.8736059479553,-1495943.1470268527,-1511226.970991661
000014.SZ,20231024,10.92,10.92,11.32,10.88,11.28,0.36,3.2967,66429.0,74374.42,72.3755,72.3755,75.0266,72.1103,74.7615,6.627789,11.1961,-1,12.01,9.83,11.28,0,1,0.03296703296703285,1,1.1838084324979392,0.9,1.0,49.9999999998372,28.186001409835526,37.02530235216609,90.0696968066199,650397.2119945883,0.5348837209302327,-48.55919995213486,-22.751184340265283,12.481880806499872,15.381778214519636,223.1,-7.0,-0.006194854413694051,15195.036658389334,0.0,-0.04300000000000015,-71.95571955719552,-1251620.1413526204,-1474140.2810432268
000014.SZ,20231025,11.28,11.36,11.47,11.21,11.25,-0.03,-0.266,49904.8,56391.673,74.7615,75.2917,76.0207,74.2975,74.5626,6.627789,11.2998,-1,12.41,10.15,11.25,0,1,-0.0026595744680850686,0,0.8874223072259805,0.9,1.0,49.999999999833136,32.517582795214665,36.56741855736153,86.51286662100426,650397.2119945883,0.5513698630136988,-41.45521504654151,-23.343929510876453,12.43691359605356,14.85935269517081,222.21,-7.0,0.037708517960514776,13647.978058752095,0.0,-0.04250000000000016,-52.18855218855214,-984078.999617479,-1404131.5265538346
000014.SZ,20231026,11.25,11.22,11.22,11.0,11.13,-0.12,-1.0667,47772.83,52948.164,74.5626,74.3638,74.3638,72.9057,73.7673,6.627789,11.0833,-1,12.38,10.13,11.13,0,1,-0.010666666666666602,0,0.847769215575375,0.9,1.0,49.99999999982593,27.28823140053136,34.71791581259728,80.10016334474786,650397.2119945883,0.5366666666666668,-39.86950215195454,-25.743037306816145,12.390700532174817,14.369435112587777,221.31,-9.0,0.05683785549805487,12186.302578299961,0.0,-0.05150000000000014,-55.06329113924045,-1007997.358153193,-1347540.9310680286
000014.SZ,20231027,11.13,11.03,11.25,11.03,11.25,0.12,1.0782,56931.39,63581.471,73.7673,73.1045,74.5626,73.1045,74.5626,6.627789,11.1681,-1,12.24,10.02,11.25,0,1,0.010781671159029615,1,1.0221460406174725,0.9,1.0,49.99999999981618,32.406064527862696,38.090057111812534,100.0,657409.5808570635,0.5313531353135316,-39.30564972972507,-21.732646754165064,12.3481864314608,13.784759213057567,219.9,-7.0,0.08993945013200921,12268.062473911661,0.0,-0.03650000000000011,-55.06329113924045,-794789.3535496744,-1268576.419993978
000014.SZ,20231030,11.25,11.22,11.36,10.98,11.34,0.09,0.8,84302.8,94342.352,74.5626,74.3638,75.2917,72.7731,75.1591,6.627789,11.1909,-1,12.38,10.13,11.34,0,1,0.008000000000000007,1,1.5156484470769187,0.9,1.0,49.999999999806946,33.342606362402634,40.569571108065475,100.0,662668.8575039201,0.5451388888888895,-34.04961067346732,-18.74280848305897,12.309175765772231,13.19942528784499,218.79999999999998,-7.0,0.1260292945091025,15609.57345406936,0.0,-0.04500000000000011,-48.74999999999997,-527450.8671345601,-1162701.3410140614
000014.SZ,20231031,11.34,11.28,11.33,10.97,11.17,-0.17,-1.4991,109281.19,121565.43,75.1591,74.7615,75.0928,72.7068,74.0324,6.627789,11.1241,-1,12.47,10.21,11.17,0,1,-0.014991181657848296,0,1.9264294588190085,0.9,1.0,49.99999999979761,33.20686339049553,37.513360839393734,79.81269880579008,652734.6682820801,0.48507462686567226,-32.13901652476924,-22.526175174095158,12.267148954475395,12.432506885039839,217.72,-7.0,0.12862779521481416,20478.05446785088,0.0,-0.0330000000000001,-47.603833865814664,-717684.7208767377,-1099127.5381373009
000014.SZ,20231101,11.17,11.15,11.19,10.96,10.97,-0.2,-1.7905,82846.95,91410.251,74.0324,73.8998,74.165,72.6406,72.7068,6.627789,11.0336,-1,12.29,10.05,10.97,0,1,-0.01790510295434189,0,1.4435581902173906,0.9,1.0,49.99999999978881,32.34004695528559,34.244891836620404,58.22335697310249,652734.6682820801,0.45296167247386854,-27.0059532932805,-26.749777730183126,12.221903026269498,11.669989525301872,216.78,-7.0,0.10597612424855596,19439.655393795918,0.0,-0.04250000000000007,-45.333333333333314,-919543.8292753175,-1073472.7225855892
000014.SZ,20231102,10.97,10.95,11.04,10.8,10.9,-0.07,-0.6381,68323.66,74574.243,72.7068,72.5743,73.1708,71.5801,72.2429,6.627789,10.9148,-1,12.07,9.87,10.9,0,1,-0.006381039197812188,0,1.1542137428358474,0.9,1.0,49.99999999978173,31.987008634755554,33.156027885281006,51.03104276274575,652734.6682820801,0.4733096085409258,-23.017353025241274,-28.192042710082575,12.176701523387703,11.354815620921404,215.74,-7.0,0.08503662444624616,16229.3240101214,0.0,-0.040000000000000036,-46.57980456026057,-1065061.4942027659,-1072271.1185309002
000014.SZ,20231103,10.9,10.9,10.97,10.84,10.87,-0.03,-0.2752,50692.92,55210.61,72.2429,72.2429,72.7068,71.8452,72.0441,6.627789,10.8912,-1,11.99,9.81,10.87,0,1,-0.0027522935779817903,0,0.843265270741303,0.9,1.0,49.99999999977691,27.487000940559682,32.67649196376436,47.863546016749034,652734.6682820801,0.503787878787879,-24.370749462594592,-28.824261938279616,12.132413216076515,11.128553097112263,214.8,-9.0,0.07117956097691813,11392.34809691759,0.0,-0.05050000000000008,-50.16181229773463,-1156632.0008121682,-1084322.67314251
000014.SZ,20231106,10.87,10.9,11.39,10.9,11.3,0.43,3.9558,125866.01,141234.684,72.0441,72.2429,75.4905,72.2429,74.894,6.627789,11.221,-1,11.96,9.78,11.3,0,1,0.03955841766329371,1,2.0970950813513998,0.9,1.0,49.99999999977196,36.91317666378627,44.96338894831435,100.0,678555.8189132941,0.3911439114391138,-21.864879388633035,-13.718278634743955,12.098212242185909,10.632592290699971,213.54,-7.0,0.12103805965091907,17608.46695815528,0.0,-0.01150000000000002,-25.157232704402496,-928242.1784472484,-1062025.4596146154
000014.SZ,20231107,11.3,11.32,11.54,11.24,11.4,0.1,0.885,108651.56,123638.063,74.894,75.0266,76.4847,74.4963,75.5568,6.627789,11.3793,-1,12.43,10.17,11.4,0,1,0.008849557522123908,1,1.7550555150495062,0.9,1.0,49.99999999976872,43.688705426834,47.36904194538071,100.0,678555.8189132941,0.35714285714285704,-15.373908954016837,-10.545069800148173,12.068470086286183,10.183600092834459,212.92,-5.0,0.16582304507195844,18594.545072281388,0.0,-0.008499999999999997,-5.846153846153783,-517997.6090443891,-984307.1952474402
