S_INFO_WINDCODE,date,S_DQ_PRECLOSE,Open_price,High_price,Low_price,Close_price,S_DQ_CHANGE,S_DQ_PCTCHANGE,group_volume,group_turnover,S_DQ_ADJPRECLOSE,S_DQ_ADJOPEN,S_DQ_ADJHIGH,S_DQ_ADJLOW,S_DQ_ADJCLOSE,S_DQ_ADJFACTOR,S_DQ_AVGPRICE,S_DQ_TRADESTATUSCODE,S_DQ_LIMIT,S_DQ_STOPPING,S_DQ_ADJCLOSE_BACKWARD,OPMODE,group_time,return,y1,volume_spike,price_jump_probability,trade_continuation,relative_volatility_index,MFI,RSI,SRSI,PVI,VHF,CVI,CMO,VIDYA,UI,ACD,TS,MACD,VMACD,TMACD,QST,DDI,KVO,KVO_signal
002594.SZ,20180102,65.05,65.28,66.55,64.96,65.85,0.8,1.2298,127140.77,837153.614,65.84,66.08,67.36,65.75,66.65,1.012204,65.8446,-1,71.56,58.55,65.02,1,1,,0,,,1.0,0.0,100.0,,0.0,1000.0,,0.0,,,0.0,0.0,,0.0,0.0,0.0,,,0.0,0.0
002594.SZ,20180103,65.85,64.98,67.1,64.4,66.12,0.27,0.41,151909.5,1000075.488,66.65,65.77,67.92,65.19,66.93,1.012204,65.8336,-1,72.44,59.27,65.28,1,1,0.004100227790432953,1,,,1.0,0.0,100.0,,0.0,1004.100227790433,,0.0,,,0.0,0.0,,0.034461538461550846,3161.364968660986,0.0,,,241294.81019024935,34470.68717003562
002594.SZ,20180104,66.12,66.0,66.36,64.91,65.05,-1.07,-1.6183,118416.97,773631.609,66.93,66.81,67.17,65.7,65.84,1.012204,65.3311,-1,72.73,59.51,64.23,1,1,-0.01618269812462203,0,,,1.0,0.0,56.35723044397485,,0.0,1004.100227790433,,0.0,,,0.0,0.0,,-0.08239351303966941,695.087879507523,0.0,,,-111292.70514467196,13647.345410791682
002594.SZ,20180105,65.05,64.9,65.2,63.83,64.38,-0.67,-1.03,104870.0,673396.088,65.84,65.69,66.0,64.61,65.17,1.012204,64.2125,-1,71.56,58.55,63.56,1,1,-0.010299769408147585,0,,,1.0,0.0,40.81576552239509,,0.0,1004.100227790433,,0.0,,,0.0,0.0,,-0.23672321420967274,-2625.026066005989,0.0,,,-439347.17184359254,-51066.15705412035
002594.SZ,20180108,64.38,64.6,66.34,64.53,65.21,0.83,1.2892,136740.15,894169.179,65.17,65.39,67.15,65.32,66.01,1.012204,65.3919,-1,70.82,57.94,64.38,1,1,0.012892202547374998,1,,,1.0,0.0,56.62687060832323,,0.0,1017.0452913049726,,0.0,,,0.0,0.0,,-0.21445855029204286,-503.4505954196463,0.0,,,-146344.25363623624,-64677.31370870833
002594.SZ,20180109,65.21,65.2,66.18,64.7,65.42,0.21,0.322,94309.26,616396.032,66.01,66.0,66.99,65.49,66.22,1.012204,65.359,-1,71.73,58.69,64.59,1,1,0.003220364974697354,1,,,1.0,0.0,63.38150659235502,,0.0,1017.0452913049726,,0.0,,,0.0,0.0,,-0.16132021872930924,-4564.636232071157,0.0,,,143691.72709014337,-34910.307880300956
002594.SZ,20180110,65.42,65.6,65.97,64.88,65.67,0.25,0.3821,94265.04,615796.957,66.22,66.4,66.78,65.67,66.47,1.012204,65.3261,-1,71.96,58.88,64.84,1,1,0.0038214613268112707,1,,,1.0,0.0,68.31857036769838,,0.0,1017.0452913049726,,0.0,,,0.0,0.0,,-0.08614337504081462,-6867.722446763359,0.0,,,458688.9043513824,35603.8652956538
002594.SZ,20180111,65.67,65.98,65.98,64.88,65.4,-0.27,-0.4111,76298.68,498923.642,66.47,66.79,66.79,65.67,66.2,1.012204,65.3909,-1,72.24,59.1,64.57,1,1,-0.004111466423024179,0,,,1.0,0.0,61.604692081969915,,0.0,1017.0452913049726,,0.0,,,0.0,0.0,,-0.06726814547243579,-10219.97970094615,0.0,,,253982.48401368601,66800.81082680126
002594.SZ,20180112,65.4,65.66,67.85,65.62,67.08,1.68,2.5688,195978.8,1316801.695,66.2,66.46,68.68,66.42,67.9,1.012204,67.191,-1,71.94,58.86,66.23,1,1,0.025688073394495303,1,,,1.0,0.0,69.47761647163162,,0.0,1043.1712253935407,,0.0,,,0.0,0.0,,0.16437105898451454,3537.7408014231205,0.0,,,507546.4907979297,129764.47939410532
002594.SZ,20180115,67.08,67.25,68.1,64.88,65.14,-1.94,-2.8921,151890.34,1006209.959,67.9,68.07,68.93,65.67,65.93,1.012204,66.2458,-1,73.79,60.37,64.32,1,1,-0.028920691711389335,0,,,1.0,49.999999999274195,60.050079850301366,,0.0,1043.1712253935407,,0.0,,,0.0,0.0,,0.05480917018304607,6387.741852387136,0.0,,,193243.93492533936,138832.97304142447
002594.SZ,20180116,65.14,64.5,65.75,64.46,64.8,-0.34,-0.522,95919.73,622943.133,65.93,65.29,66.55,65.25,65.59,1.012204,64.9442,-1,71.65,58.63,63.98,1,1,-0.005219527172244498,0,,,1.0,49.99999999962561,55.37912407109624,,0.0,1043.1712253935407,,0.0,,,0.0,0.0,,-0.058775935424809855,720.4528403060431,0.0,,,-158958.8241429337,96291.2877293733
002594.SZ,20180117,64.8,64.68,64.68,62.51,63.75,-1.05,-1.6204,116525.06,738922.968,65.59,65.47,65.47,63.27,64.53,1.012204,63.4132,-1,71.28,58.32,62.94,1,1,-0.01620370370370361,0,,,1.0,49.99999999975447,50.689267060604664,,0.0,1026.2679879450343,,0.0,,,0.0,0.0,,-0.2594155168329433,-216.06678807099524,0.0,,,-524213.8788495753,7647.69250380923
002594.SZ,20180118,63.75,64.18,64.58,62.88,63.17,-0.58,-0.9098,73701.45,468859.834,64.53,64.96,65.37,63.65,63.94,1.012204,63.6161,-1,70.13,57.38,62.37,1,1,-0.009098039215686193,0,,,1.0,49.99999999982589,48.116173216794394,,0.0,1026.2679879450343,,0.0,,,0.0,0.0,,-0.4435214343227912,-6233.618989076267,0.0,,,-742714.1273871807,-99546.85319490361
002594.SZ,20180119,63.17,63.6,63.63,62.68,63.2,0.03,0.0475,52370.08,330860.117,63.94,64.38,64.41,63.44,63.97,1.012204,63.1773,-1,69.49,56.85,62.4,1,1,0.0004749089757796199,1,,,1.0,49.99999999986677,46.45054334348075,,0.0,1026.2679879450343,,0.0,,,0.0,0.0,,-0.5287448102419727,-12363.037168111307,0.0,,,-880599.9450731082,-211125.8663203614
002594.SZ,20180122,63.2,63.68,67.01,63.62,66.6,3.4,5.3797,172657.08,1134014.385,63.97,64.46,67.83,64.4,67.41,1.012204,65.6802,-1,69.52,56.88,65.76,1,1,0.05379746835443022,1,,,1.0,49.999999999892715,52.13568472850125,52.97855440826053,0.0,1081.478607549672,,0.0,,,0.0,0.0,,-0.11618680407953974,-137.57162902048094,0.0,,,-636195.2898109918,-271850.06967616576
002594.SZ,20180123,66.6,66.64,67.37,66.06,66.81,0.21,0.3153,123518.48,824929.033,67.41,67.45,68.19,66.87,67.63,1.012204,66.7859,-1,73.26,59.94,65.96,1,1,0.003153153153153232,1,,,1.0,49.99999999991056,55.56228415190273,53.8082948202389,0.0,1081.478607549672,,0.0,,,0.0,0.0,,0.17985207441288936,1327.1219139781479,0.0,,,-168033.57470054447,-257019.14182250557
002594.SZ,20180124,66.81,67.05,67.09,65.5,66.51,-0.3,-0.449,76416.5,506242.911,67.63,67.87,67.91,66.3,67.32,1.012204,66.2479,-1,73.49,60.13,65.67,1,1,-0.004490345756623215,0,,,1.0,49.999999999922906,53.218644056990826,52.38613224975619,0.0,1081.478607549672,,0.0,,,0.0,0.0,,0.32183623748884205,-3772.6897335150607,0.0,,,-296612.20212401904,-262675.2932941504
002594.SZ,20180125,66.51,66.52,67.47,65.56,65.64,-0.87,-1.3081,80839.89,535708.498,67.32,67.33,68.29,66.36,66.44,1.012204,66.2678,-1,73.16,59.86,64.81,1,1,-0.013080739738385305,0,,,1.0,49.999999999931504,50.950058722358335,48.39171260959792,0.0,1067.3320673516835,,0.0,,,0.0,0.0,,0.28633317839321815,-6134.609300687842,0.0,,,-473851.5280508548,-292843.32683082245
002594.SZ,20180126,65.64,65.64,66.3,65.0,65.5,-0.14,-0.2133,63558.66,416434.838,66.44,66.44,67.11,65.79,66.3,1.012204,65.5198,-1,72.2,59.08,64.67,1,1,-0.0021328458257160454,0,,,1.0,49.99999999993677,49.31288944428602,47.760608983316274,0.0,1067.3320673516835,,0.0,,,0.0,0.0,,0.2339668739041576,-9412.949696501546,0.0,,,-639583.2171108809,-342377.5968708308
002594.SZ,20180129,65.5,65.88,65.88,62.8,62.9,-2.6,-3.9695,125219.38,800199.75,66.3,66.68,66.68,63.57,63.67,1.012204,63.9038,-1,72.05,58.95,62.1,1,1,-0.03969465648854964,0,,,1.0,49.99999999994198,46.45029846798591,37.88025376326758,0.0,1024.964687578945,,0.0,,65.21000000000001,0.0,0.0,-4.0,-0.1407400217048071,-2996.593224112483,0.0,-0.18100000000000058,,-931316.8579886707,-426511.77703052224
002594.SZ,20180130,62.9,62.88,63.95,62.76,63.45,0.55,0.8744,55877.07,354826.318,63.67,63.65,64.73,63.53,64.22,1.012204,63.5012,-1,69.19,56.61,62.65,1,1,0.008744038155802825,1,0.5005681809477935,,1.0,49.99999999994637,45.28592273766528,40.67605782050338,0.0,1024.964687578945,0.3238702201622242,11.750270035182375,-13.904982618771658,65.13784417590907,0.0,1305.97,-2.0,-0.295468943381598,-7553.929394196544,0.0,-0.18100000000000022,-19.604612850082276,-1049878.3809379195,-515564.1490172933
002594.SZ,20180131,63.45,63.05,63.96,62.9,63.04,-0.41,-0.6462,54297.88,343948.048,64.22,63.82,64.74,63.67,63.81,1.012204,63.3447,-1,69.8,57.11,62.24,1,1,-0.006461780929866046,0,0.5024599009776659,,1.0,49.99999999995012,40.066693497157054,39.257630803175516,0.0,1024.964687578945,0.3212643678160915,2.042229338001885,-16.005235913607372,65.05393563941121,0.0,1305.53,-4.0,-0.4260652679682648,-10084.275468266893,0.0,-0.23850000000000016,-17.015926236378824,-1154654.2221010537,-606862.730886402
002594.SZ,20180201,63.04,63.05,63.49,59.88,60.66,-2.38,-3.7754,126983.9,773267.406,63.81,63.82,64.26,60.61,61.4,1.012204,60.8949,-1,69.34,56.74,59.89,1,1,-0.037753807106599035,0,1.2306606117594838,,1.0,49.999999999954674,40.054679591555605,32.231364392367254,0.0,986.2683684730139,0.43933725280598546,12.444930312910778,-26.90136891476096,64.90098769640284,0.0,1302.66,-4.0,-0.7851601796016516,-1709.649983190444,0.0,-0.31050000000000005,-24.254016832440655,-1450091.9385423753,-727324.0462658268
002594.SZ,20180202,60.66,60.6,62.27,60.16,61.9,1.24,2.0442,69721.02,428724.465,61.4,61.34,63.03,60.89,62.66,1.012204,61.4914,-1,66.73,54.59,61.12,1,1,0.020441806791955175,1,0.6729057104233467,,1.0,49.99999999995855,44.04298667395297,38.41578925789592,0.0,986.2683684730139,0.4263485477178417,14.801924305340568,-18.472689213196958,64.78448176469236,0.0,1297.62,-2.0,-0.8048198052878699,-3521.1850847993555,0.0,-0.21949999999999967,-24.427480916030504,-1113481.6109701102,-782489.4126521529
002594.SZ,20180205,61.9,60.3,61.78,60.24,61.47,-0.43,-0.6947,40610.4,248908.792,62.66,61.04,62.53,60.98,62.22,1.012204,61.2919,-1,68.09,55.71,60.69,1,1,-0.006946688206785123,0,0.39871022782540444,,1.0,49.99999999996153,39.19932029244253,37.14971968812422,0.0,986.2683684730139,0.43538135593220273,12.295390035703083,-20.402504801367893,64.65885107595376,0.0,1295.14,-4.0,-0.8220140296486473,-8020.996218127144,0.0,-0.19149999999999956,-31.428571428571402,-1094361.733257717,-827042.6013100906
002594.SZ,20180206,61.47,60.0,60.88,58.5,58.51,-2.96,-4.8154,103985.63,617879.621,62.22,60.73,61.62,59.21,59.22,1.012204,59.4197,-1,67.62,55.32,57.77,1,1,-0.048153570847567884,0,1.0714873016102817,,1.0,49.999999999964565,34.29666438268683,29.855483010260343,0.0,938.7760247170335,0.4438280166435503,15.279413138679438,-32.05616612013062,64.45990987783154,0.0,1291.91,-6.0,-1.1578054812357592,-2147.1359131370446,0.0,-0.2769999999999996,-36.65191740412978,-1243889.4034442785,-886592.1444721175
002594.SZ,20180207,58.51,59.99,60.39,57.03,58.9,0.39,0.6666,82085.35,483267.912,59.22,60.72,61.13,57.73,59.62,1.012204,58.8738,-1,64.36,52.66,58.15,1,1,0.006665527260297344,1,0.8416269271730052,,1.0,49.99999999996683,29.70812944993557,31.75674353671138,0.0,938.7760247170335,0.5084979329352316,23.346303682882233,-29.42807289627214,64.27306532802125,0.0,1284.06,-6.0,-1.245467539363043,-958.4506863559945,0.0,-0.33500000000000013,-39.46441155743479,-1333455.030896014,-950429.6996755314
002594.SZ,20180208,58.9,58.9,59.88,58.51,59.51,0.61,1.0357,45972.33,273521.091,59.62,59.62,60.61,59.22,60.24,1.012204,59.4969,-1,64.79,53.01,58.76,1,1,0.010356536502546643,1,0.4743191973807517,,1.0,49.99999999996828,32.4894213195638,34.73641735274751,20.377291740144702,938.7760247170335,0.5006784260515599,23.109757332616866,-25.321776928199103,64.10368568274909,0.0,1276.59,-4.0,-1.1420930662590152,-4580.518498975758,0.0,-0.27550000000000024,-32.596314907872696,-1046294.5852192072,-964124.6833246279
002594.SZ,20180209,59.51,57.9,58.45,56.33,56.65,-2.86,-4.8059,93076.03,533844.304,60.24,58.61,59.16,57.02,57.34,1.012204,57.3557,-1,65.46,53.56,55.93,1,1,-0.04805914972273562,0,0.9755737535212701,,1.0,49.999999999969525,23.25012965953981,28.461741047467598,0.0,893.659247189043,0.5053671103477883,20.277894007205862,-35.4318179032502,63.874509047294005,0.0,1270.7,-6.0,-1.3646911828450525,-396.1650868570214,0.0,-0.40900000000000036,-45.68965517241375,-1079622.9271400543,-980624.4324411175
002594.SZ,20180212,56.65,57.1,60.0,57.1,59.62,2.97,5.2427,80515.16,475216.154,57.34,57.8,60.73,57.8,60.35,1.012204,59.0219,-1,62.32,50.99,58.86,1,1,0.05242718446601935,1,0.8920229201629275,0.9333333333333333,1.0,49.99999999997037,28.722114984530037,40.48466924681057,50.25385222004256,893.659247189043,0.45805921052631554,16.162936346134185,-17.97322624200361,63.70832635630651,0.0,1259.25,-4.0,-1.0327092750446374,847.3471934354347,0.0,-0.17750000000000057,-37.100419761059044,-805409.3690455286,-955593.7090988905
002594.SZ,20180213,59.62,60.0,60.62,59.31,59.5,-0.12,-0.2013,55080.74,330539.304,60.35,60.73,61.36,60.03,60.23,1.012204,60.01,-1,65.58,53.66,58.75,1,1,-0.002012747400201187,0,0.6353572187987447,0.9666666666666667,1.0,49.99999999997064,32.61937870187393,40.19076380519254,58.85117658678296,893.659247189043,0.4622406639004148,15.261743349738968,-18.420497246321354,63.54484389365285,0.0,1254.12,-4.0,-0.7625698011999922,-1462.6407904143052,0.0,-0.21750000000000042,-22.478105741161166,-512972.4458364602,-892362.1000614006
002594.SZ,20180214,59.5,61.18,61.5,60.2,60.5,1.0,1.6807,55902.12,339523.509,60.23,61.93,62.25,60.93,61.24,1.012204,60.7354,-1,65.45,53.55,59.73,1,1,0.01680672268907557,1,0.6603865421894299,0.9666666666666667,1.0,49.99999999997034,37.22572376265184,43.84904920160662,79.73166200881802,908.6787303350773,0.463201663201663,10.062546099878778,-13.014872877208925,63.41872192548216,0.0,1248.82,-2.0,-0.40066350669452877,-2524.2992203498543,0.0,-0.20500000000000007,-13.738663083641221,-234493.30961508118,-798380.8442833549
002594.SZ,20180222,60.5,61.98,63.35,61.3,62.32,1.82,3.0083,97413.08,608542.083,61.24,62.74,64.12,62.05,63.08,1.012204,62.4703,-1,66.55,54.45,61.53,1,1,0.030082644628099287,1,1.193503154563359,0.9666666666666667,1.0,49.9999999999704,42.588741736330405,49.860081014442606,100.0,936.0141896608599,0.44049031237643316,10.75877591916486,-3.9263666257623653,63.36845611241121,0.0,1244.74,0.0,0.10536288904124769,2451.3062823305518,0.0,-0.13749999999999965,-8.351999999999975,149484.20983347343,-662971.5508380939
002594.SZ,20180223,62.32,62.34,63.32,61.81,62.8,0.48,0.7702,59836.48,374402.303,63.08,63.1,64.09,62.56,63.57,1.012204,62.5709,-1,68.55,56.09,62.0,1,1,0.007702182284980763,1,0.7226188251659419,0.9666666666666667,1.0,49.999999999970676,46.012366457937155,51.33960521315243,100.0,936.0141896608599,0.43278943278943266,12.728137718237006,-1.6568171156285938,63.34183526316141,0.0,1243.87,0.0,0.5039227499562138,850.1687391430023,0.0,-0.09450000000000003,-3.732554365465731,391051.46216467686,-512396.83469484095
002594.SZ,20180226,62.8,63.88,65.69,63.88,64.91,2.11,3.3599,156114.45,1015836.694,63.57,64.66,66.49,64.66,65.7,1.012204,65.07,-1,69.08,56.52,64.09,1,1,0.03359872611464976,1,1.8768637885726986,0.9666666666666667,1.0,49.99999999997176,45.365921352135466,57.3038211053366,100.0,967.463074058701,0.4556237218813903,3.7095426406411987,7.672748763139044,63.42223936207989,0.0,1243.4699999999998,0.0,1.0211285444854838,12293.42453416737,0.0,-0.18900000000000006,-7.248322147650988,963953.0458873603,-301489.70889738365
002594.SZ,20180227,64.91,64.5,64.93,63.38,63.46,-1.45,-2.2339,100650.76,644261.728,65.7,65.29,65.72,64.15,64.23,1.012204,64.0096,-1,71.4,58.42,62.66,1,1,-0.022338622708365397,0,1.2222132329478632,0.9666666666666667,1.0,49.99999999997282,38.01404637869348,52.53816341084266,83.47671983112144,967.463074058701,0.43363176333203574,4.635382625975659,0.96961957487775,63.42405492267308,0.0,1242.34,-2.0,1.1288774043715128,11917.16329258441,0.0,-0.2495000000000001,-19.06116642958746,674580.9003195369,-162051.0504378236
002594.SZ,20180228,63.46,63.22,64.5,62.67,63.51,0.05,0.0788,77371.17,491273.053,64.23,63.99,65.29,63.43,64.29,1.012204,63.4956,-1,69.81,57.11,62.71,1,1,0.0007878978884336973,1,0.9527549134525388,0.9333333333333333,1.0,49.99999999997375,38.07203821458045,52.684290691674796,83.98336595559981,967.463074058701,0.4378930817610062,5.4244735696737125,1.1928936848202227,63.428196366041014,0.0,1237.92,0.0,1.1632182683403964,8233.04851298851,0.0,-0.20800000000000055,-19.490626105412076,427810.05924801715,-77785.17762556065
002594.SZ,20180301,63.51,62.95,63.44,62.5,63.27,-0.24,-0.3779,74934.69,472004.143,64.29,63.72,64.21,63.26,64.04,1.012204,62.9887,-1,69.86,57.16,62.47,1,1,-0.0037789324515823397,0,0.9222098299101323,0.9333333333333333,1.0,49.99999999997453,38.31043842973085,51.85894411566796,81.121760362831,967.463074058701,0.4018540910923015,-0.02607223344973846,0.05312113729342078,63.420659204052924,0.0,1233.96,0.0,1.1100827630401418,5310.314994849374,0.0,-0.14800000000000074,-24.00690846286698,145346.0295409375,-45909.29088748949
002594.SZ,20180302,63.27,62.51,63.36,62.37,62.87,-0.4,-0.6322,59276.89,372641.75,64.04,63.27,64.13,63.13,63.64,1.012204,62.8646,-1,69.6,56.94,62.07,1,1,-0.006322111585269519,0,0.7321721759605307,0.9333333333333333,1.0,49.999999999974335,38.48055273923763,50.44064039780668,76.20427967137053,967.463074058701,0.38093338651775016,-1.7528180169355536,-1.8856469661621647,63.39493178903017,8.55317881182158,1231.02,0.0,0.9819524595857063,1318.404229583075,0.0,-0.12300000000000075,-21.175206019347875,-58580.20306342095,-47719.421198336844
002594.SZ,20180305,62.87,63.0,65.9,62.91,65.12,2.25,3.5788,149505.07,969390.126,63.64,63.77,66.7,63.68,65.91,1.012204,64.8399,-1,69.16,56.58,64.3,1,1,0.035788134245268166,1,1.8515424990169664,0.9333333333333333,1.0,49.99999999997408,47.37752569544323,57.48435225518242,100.0,1002.0867724304536,0.3871359223300973,-1.948404219642086,8.60097710701934,63.484143262024254,8.43892007109144,1228.01,2.0,1.149529221720917,10377.40327722065,0.0,0.1319999999999993,-4.141592920353915,134232.3123258698,-21726.31640916447
002594.SZ,20180306,65.12,65.13,66.8,64.8,66.58,1.46,2.242,149685.93,986303.922,65.91,65.92,67.62,65.59,67.39,1.012204,65.8916,-1,71.63,58.61,65.74,1,1,0.022420147420147307,1,1.8263176763258588,0.9333333333333333,1.0,49.99999999997376,53.76352570678002,61.32545665450632,100.0,1024.553705596124,0.40850565743269607,2.4301811768574675,14.604477257112272,63.65309518731883,8.351717364924255,1230.05,2.0,1.3902128745372284,15624.700665999375,0.0,0.17599999999999943,9.39383197447718,576840.2126917945,63783.18774811537
002594.SZ,20180307,66.58,66.0,66.49,64.5,64.53,-2.05,-3.079,94941.93,620764.971,67.39,66.81,67.3,65.29,65.32,1.012204,65.3836,-1,73.24,59.92,63.71,1,1,-0.030790027035145662,0,1.0956824549213848,0.9333333333333333,1.0,49.99999999997296,52.425331213690214,53.95454756372472,77.5712850643008,1024.553705596124,0.38393839383938405,6.943882633191522,4.462964970387484,63.69671617623763,8.271128970503295,1232.6699999999998,2.0,1.2129328989728847,11161.860945275886,0.0,0.1029999999999994,7.751937984496166,347159.0678013856,104265.45632715398
002594.SZ,20180308,64.53,64.81,65.59,64.11,64.87,0.34,0.5269,64301.85,417031.838,65.32,65.6,66.39,64.89,65.66,1.012204,64.8553,-1,70.98,58.08,64.05,1,1,0.0052688671935534614,1,0.7250739885425707,0.9333333333333333,1.0,49.99999999997203,54.20040527575014,54.922272685841875,69.7029712505505,1024.553705596124,0.41498216409036875,-4.714102921363906,5.916468853284707,63.75589240460696,8.010088277295567,1233.29,4.0,1.0852586413215397,3897.9164211752045,0.0,0.22549999999999953,16.45087585681651,140568.36565445992,109451.58623105484
002594.SZ,20180309,64.87,65.0,65.8,64.37,65.55,0.68,1.0483,87514.71,570045.131,65.66,65.79,66.6,65.16,66.35,1.012204,65.1371,-1,71.36,58.38,64.72,1,1,0.010482503468475235,1,1.02297694606886,0.9666666666666667,1.0,49.999999999971095,54.80318272753261,56.87442993927617,78.93971420845763,1035.2935933686745,0.4244021078232674,-7.97980395712927,8.836397940819703,63.848875360893075,7.829407214017601,1237.5,4.0,1.0362916696205802,2123.7351488224676,0.0,0.18799999999999956,22.92490118577082,344223.06275995553,142990.36859232635
002594.SZ,20180312,65.55,66.03,67.16,65.52,66.85,1.3,1.9832,137195.65,911208.094,66.35,66.84,67.98,66.32,67.67,1.012204,66.4167,-1,72.11,59.0,66.0,1,1,0.019832189168573544,1,1.5872009747111242,0.9666666666666667,1.0,49.99999999997054,59.57487595842565,60.40475685514268,94.73175592955819,1055.8257317573743,0.4240407204385281,-6.739357479082869,14.195355598147088,64.01207273963459,7.602795847480274,1241.12,6.0,1.1159958143090298,7256.858282956307,0.0,0.17049999999999912,29.231944975162484,713975.9950563789,224559.74380147672
002594.SZ,20180313,66.85,66.85,67.5,65.68,66.0,-0.85,-1.2715,118111.85,785220.076,67.67,67.67,68.32,66.48,66.81,1.012204,66.4811,-1,73.54,60.17,65.16,1,1,-0.012715033657441976,0,1.2941211454823034,0.9666666666666667,1.0,49.99999999997,58.71887466947679,57.11265917161414,63.25635011755474,1055.8257317573743,0.47673922321809714,-9.083207480217164,9.754829209651117,64.11597017627393,7.051404122811508,1247.1499999999999,6.0,0.9952107643876835,7656.909237980783,0.0,0.2024999999999995,39.281388776746155,432712.68045784615,254295.8776095295
002594.SZ,20180314,66.0,65.7,65.89,64.36,64.36,-1.64,-2.4848,99780.66,649479.489,66.81,66.5,66.69,65.15,65.15,1.012204,65.0907,-1,72.6,59.4,63.54,1,1,-0.024848484848484897,0,1.0848753073575588,0.9666666666666667,1.0,49.99999999996938,57.900580655342864,51.30296052379427,7.922229513583441,1055.8257317573743,0.4525931928687202,-18.267514223687808,1.7214224785270122,64.12779068141518,6.555976482512533,1256.12,4.0,0.6519945278363746,5147.998892814664,0.0,0.1899999999999995,38.49859494179054,119525.55782728281,235042.97478349428
002594.SZ,20180315,64.36,64.02,65.44,64.02,64.7,0.34,0.5283,78053.25,505013.096,65.15,64.8,66.24,64.8,65.49,1.012204,64.7011,-1,70.8,57.92,63.88,1,1,0.005282784338098256,1,0.8405559488785576,0.9666666666666667,1.0,49.99999999996852,54.52381191259819,52.38437082963262,17.85726452322582,1055.8257317573743,0.4575993445309305,-16.55610551004734,3.266549755838219,64.15592881573346,6.093472918738059,1261.6299999999999,4.0,0.43858661627561635,502.1182034744302,0.0,0.19349999999999987,32.07705192629824,-129358.4727403908,182985.625137225
002594.SZ,20180316,64.7,64.74,65.49,64.2,64.23,-0.47,-0.7264,68414.67,443482.218,65.49,65.53,66.29,64.98,65.01,1.012204,64.8227,-1,71.17,58.23,63.42,1,1,-0.007264296754250332,0,0.724247383160054,0.9666666666666667,1.0,49.999999999967244,54.932067930818214,50.70800763844138,2.4563321449742688,1055.8257317573743,0.47229791099000956,-20.049233460547526,0.9569488045040082,64.15948976847531,5.131795214443309,1267.61,4.0,0.21334300037759857,-3697.812006085841,0.0,0.23050000000000032,45.79524680073138,-339050.5834711292,108409.02390746013
002594.SZ,20180319,64.23,64.25,64.85,63.9,64.25,0.02,0.0311,50235.29,323461.041,65.01,65.03,65.64,64.68,65.03,1.012204,64.3892,-1,70.65,57.81,63.44,1,1,0.00031138097462246606,1,0.5388314930264093,0.9333333333333333,0.0,49.99999999996609,51.62171164292266,50.78018868086186,3.119467293223135,1055.8257317573743,0.42947037231253327,-30.450710826590104,1.056071924413094,64.16384529631667,4.615276035295315,1274.86,4.0,0.05454369552808769,-8479.741557491216,0.0,0.10450000000000052,37.33905579399155,-476572.1209043721,24840.288934341253
002594.SZ,20180320,64.25,63.7,63.7,62.0,62.8,-1.45,-2.2568,108426.84,680033.628,65.03,64.48,64.48,62.76,63.57,1.012204,62.7182,-1,70.68,57.83,62.0,1,1,-0.02256809338521404,0,1.1822012157477932,0.9333333333333333,1.0,49.999999999965276,47.422929365369384,45.57005334837571,0.0,1031.997758044562,0.35784313725490224,-25.113127195625264,-6.114654627715106,64.10287144551712,4.141274216147194,1278.49,4.0,-0.2420333281719378,-3608.8246536660004,0.0,0.08450000000000024,18.005808325266372,-797343.9234285993,-92614.5985460788
002594.SZ,20180321,62.8,62.99,63.82,62.4,62.6,-0.2,-0.3185,83340.41,527104.976,63.57,63.76,64.6,63.16,63.36,1.012204,63.2472,-1,69.08,56.52,61.81,1,1,-0.0031847133757960666,0,0.882998908059722,0.9333333333333333,1.0,49.999999999964984,48.21022554668039,44.885965397491745,0.0,1031.997758044562,0.31632653061224547,-22.277125868508673,-7.072037277406149,64.03636726377147,3.8354844536011754,1282.81,2.0,-0.44932389673942563,-3564.0191320536887,0.0,0.0990000000000002,16.013882002974867,-504382.43657428655,-151438.57540725134
002594.SZ,20180322,62.6,62.95,63.19,61.9,62.59,-0.01,-0.016,58977.49,368290.682,63.36,63.72,63.96,62.66,63.35,1.012204,62.446,-1,68.86,56.34,61.8,1,1,-0.0001597444089456168,0,0.6159189245347265,0.9,1.0,49.999999999965056,44.147897079061494,44.849712163681396,0.0,1031.997758044562,0.31984260820685817,-25.142380458463627,-7.121885254067221,63.9723978043956,3.8056632999549893,1285.5,0.0,-0.5645101185599715,-6446.006950552113,0.0,0.06400000000000006,3.9577836411611003,-564053.7396837226,-210383.59887531865
002594.SZ,20180323,62.59,59.97,61.94,58.8,59.48,-3.11,-4.9688,128222.71,769016.433,63.35,60.7,62.7,59.52,60.21,1.012204,59.9751,-1,68.85,56.33,58.73,1,1,-0.04968844863396715,0,1.3664917888282588,0.9,1.0,49.99999999996646,39.757529512458284,35.300594002562875,0.0,980.7193904535956,0.4260528893241925,-11.748565488293126,-20.99550274211728,63.80338845676765,4.331165712968578,1286.28,-2.0,-1.0103117510338553,951.0238024493415,0.0,0.01650000000000027,-13.277623026926541,-739278.6220950894,-285940.03076385736
002594.SZ,20180326,59.48,58.99,60.5,58.0,60.4,0.92,1.5467,84012.12,498479.0,60.21,59.71,61.24,58.71,61.14,1.012204,59.3342,-1,65.43,53.53,59.64,1,1,0.015467383994619999,1,0.8638528488432882,0.9,1.0,49.99999999996752,33.01874839218566,39.41033347008089,16.37074891384273,980.7193904535956,0.4940197607904321,-6.528178154847641,-15.617704552030972,63.66663334710899,4.796796603344434,1281.48,-2.0,-1.12329398437778,-80.15737380050359,0.0,0.0355000000000004,-32.362930616205574,-894766.753478657,-372915.2768659716
002594.SZ,20180327,60.4,61.1,61.6,60.72,61.3,0.9,1.4901,72053.2,440900.076,61.14,61.85,62.35,61.46,62.05,1.012204,61.1909,-1,66.44,54.36,60.52,1,1,0.01490066225165565,1,0.7694070682806006,0.9,1.0,49.99999999996804,37.32220828935158,43.210654021380066,31.508957559221386,980.7193904535956,0.5085653104925058,-9.944709538425307,-10.557650569352429,63.565834658153584,5.040247101928744,1276.95,0.0,-1.0217412431073956,-2223.2871223958045,0.0,0.09750000000000014,-14.133805937084539,-553654.0651764679,-398735.1037674711
002594.SZ,20180328,61.3,55.17,58.04,55.17,56.19,-5.11,-8.3361,330117.58,1857779.37,62.05,55.84,58.75,55.84,56.88,1.012204,56.2763,-1,67.43,55.17,55.48,1,1,-0.0833605220228385,0,3.57975913527081,0.9,1.0,49.99999999996996,33.434167112434125,31.232468152775528,0.0,898.9661101074638,0.5193765796124686,-3.0022958032445555,-29.102269922238534,63.31682040353836,6.131197309399579,1275.58,-2.0,-1.5558052626055168,29518.561394410826,0.0,0.13399999999999998,-29.295877417000995,-802795.982284781,-456458.08641280106
002594.SZ,20180329,56.19,55.71,56.3,54.51,55.99,-0.2,-0.3559,140042.22,776010.888,56.88,56.39,56.99,55.18,56.67,1.012204,55.4126,-1,61.81,50.57,55.28,1,1,-0.0035593521978999343,0,1.3355780238125572,0.9,1.0,49.99999999997206,32.675090344422415,30.871760477814504,0.0,898.9661101074638,0.5481012658227852,1.7384443284927347,-29.702749928353413,63.07155596252046,7.085728751576939,1268.37,-2.0,-1.8300295818193715,23569.15636296571,0.0,0.13200000000000003,-31.00747597009604,-1101929.0838636528,-548668.2289057799
002594.SZ,20180330,55.99,56.88,56.98,56.01,56.3,0.31,0.5537,80900.5,456258.468,56.67,57.57,57.68,56.69,56.99,1.012204,56.3975,-1,61.59,50.39,55.59,1,1,0.00553670298267539,1,0.7483129578254905,0.9,1.0,49.999999999973866,35.839011573197,32.17921996083618,4.982525554014691,898.9661101074638,0.550190597204575,1.536098094893397,-27.934827916914173,62.83917817884938,7.88458204954564,1261.0,0.0,-1.8577510941912552,10965.520616058613,0.0,0.08499999999999978,-24.03258655804472,-740524.3266681945,-576076.2428718392
002594.SZ,20180402,56.3,56.5,56.56,55.6,55.67,-0.63,-1.119,83266.11,465170.811,56.99,57.19,57.25,56.28,56.35,1.012204,55.8656,-1,61.93,50.67,54.96,1,1,-0.011190053285967894,0,0.7625681500424348,0.9,1.0,49.99999999997522,29.81377721353344,30.9001427331758,0.1319331075919312,888.906631433082,0.5907230559345167,-10.186539865147644,-29.97662330722787,62.60012576732787,8.726468810827376,1254.6899999999998,-2.0,-1.845259232750525,2677.360959888276,0.0,-0.06250000000000036,-36.72275054864659,-814644.8115307004,-610157.4669659623
002594.SZ,20180403,55.67,55.0,55.0,53.7,54.27,-1.4,-2.5148,123634.18,669731.88,56.35,55.67,55.67,54.36,54.93,1.012204,54.1704,-1,61.24,50.1,53.58,1,1,-0.02514819471887908,0,1.16768486657295,0.9,1.0,49.99999999997647,22.79726646270548,28.216094447197765,0.0,866.5522343788999,0.6292749658002743,-13.509285484263563,-34.32897956208654,62.33962678660569,9.688012397163487,1245.56,-4.0,-1.9022907349152915,2372.8913232840714,0.0,-0.17150000000000035,-50.566727605118736,-1017623.6472419454,-668366.9212911028
002594.SZ,20180404,54.27,54.55,55.35,54.35,54.82,0.55,1.0135,81536.62,447590.12,54.93,55.22,56.03,55.01,55.49,1.012204,54.8944,-1,59.7,48.84,54.13,1,1,0.010134512622074654,1,0.7796790352723383,0.9,1.0,49.999999999977305,26.664734634796787,30.760594738890106,11.276766819632046,866.5522343788999,0.6754772393538921,-18.704806355738842,-30.96277651052021,62.092420046117894,10.467831415629828,1233.25,-2.0,-1.7466838546454433,-3442.5312803872403,0.0,-0.08450000000000024,-46.47887323943653,-685976.726498743,-670882.6077493371
002594.SZ,20180409,54.82,54.9,56.98,54.9,56.34,1.52,2.7727,119840.61,672904.833,55.49,55.57,57.68,55.57,57.03,1.012204,56.15,-1,60.3,49.34,55.63,1,1,0.027727106895293785,1,1.1533460741303736,0.9,1.0,49.999999999977526,31.37310576872953,37.3680872357334,40.55998301443663,890.5792208118794,0.6385932438685801,-12.87569065258138,-22.064282937230313,61.8789348170034,11.027437204134472,1223.96,-2.0,-1.3381692119187076,-2137.3339747221125,0.0,-0.015500000000000114,-36.38282899366639,-310859.87244490394,-619450.7884201324
002594.SZ,20180410,56.34,56.33,57.75,55.88,56.66,0.32,0.568,108469.48,615247.987,57.03,57.02,58.45,56.56,57.35,1.012204,56.7208,-1,61.97,50.71,55.94,1,1,0.0056798012069576576,1,1.0167377421809651,0.9,1.0,49.99999999997756,31.61173852144647,38.694485560536954,60.380407565837565,890.5792208118794,0.6494117647058831,-8.922663279803746,-20.253570919978696,61.680748428785584,11.536996396022367,1215.47,-2.0,-0.9426643307763669,-2772.9194587733436,0.0,-0.026500000000000058,-33.01304049416606,86904.98723154003,-518542.8204698935
002594.SZ,20180411,56.66,56.7,56.87,55.8,56.13,-0.53,-0.9354,74569.37,418713.522,57.35,57.39,57.56,56.48,56.82,1.012204,56.1509,-1,62.33,50.99,55.42,1,1,-0.009354041651958966,0,0.6921774983474668,0.9,1.0,49.999999999977234,25.499791373958942,37.2860554371486,54.409305368922965,890.5792208118794,0.6738281250000009,-11.772427199921516,-22.2639841968191,61.47527553946199,12.011836134806218,1206.8200000000002,-4.0,-0.682388241363264,-7460.805254118104,0.0,-0.09599999999999972,-41.38171667829724,-80683.57830625586,-455991.50016080245
002594.SZ,20180412,56.13,56.15,56.39,55.8,55.9,-0.23,-0.4098,52437.63,294093.347,56.82,56.84,57.08,56.48,56.58,1.012204,56.0844,-1,61.74,50.52,55.19,1,1,-0.004097630500623617,0,0.5013145378666274,0.9,1.0,49.999999999975685,26.551488817068588,36.66240133255532,50.77853194249744,890.5792208118794,0.6137965760322261,-19.185376598369327,-23.14900192795544,61.27124435387422,12.387616920652817,1195.71,-4.0,-0.4806691423562546,-12923.78321369921,0.0,-0.06600000000000002,-44.02777777777775,-216786.66014020378,-421819.3801578598
002594.SZ,20180413,55.9,56.21,56.4,55.47,55.6,-0.3,-0.5367,41333.47,230903.158,56.58,56.9,57.09,56.15,56.28,1.012204,55.8635,-1,61.49,50.31,54.9,1,1,-0.005366726296958779,0,0.40796366658646593,0.9333333333333333,1.0,49.9999999999741,27.51544721389402,35.82079183465614,50.71637716223542,890.5792208118794,0.6366090712742984,-21.978268969033905,-24.331806173785246,61.06689539339576,12.753448708280825,1186.1100000000001,-4.0,-0.33406580972302224,-17149.2308915274,0.0,-0.029499999999999815,-41.42441860465113,-293121.2547657206,-403433.93367326853
002594.SZ,20180416,55.6,55.5,56.07,54.7,54.92,-0.68,-1.223,53046.59,293221.747,56.28,56.18,56.75,55.37,55.59,1.012204,55.2763,-1,61.16,50.04,54.22,1,1,-0.012230215827338076,0,0.539123207862253,0.9333333333333333,1.0,49.99999999997252,28.03390043509033,33.92006901247053,38.04029412837101,879.6872447300076,0.6251325556733833,-20.307263905206707,-27.01207546041066,60.85325294714532,13.140655430746131,1178.16,-6.0,-0.2774331815766633,-17426.136039523964,0.0,-0.09250000000000007,-42.097701149425255,-395638.7390213427,-402320.33443727915
002594.SZ,20180417,54.92,55.12,55.3,53.51,53.59,-1.33,-2.4217,72272.99,391578.011,55.59,55.79,55.97,54.16,54.24,1.012204,54.1804,-1,60.41,49.43,52.91,1,1,-0.024217042971594993,0,0.7439790233977179,0.9333333333333333,1.0,49.99999999997125,28.161426485027363,30.51007021228578,15.29872053753277,858.383820922817,0.5750507099391488,-14.694973732724414,-31.973030694162922,60.6179686208139,13.626173475632303,1167.97,-6.0,-0.36249186055210414,-14214.977756985743,0.0,-0.14350000000000024,-45.3726169844021,-551100.1658366676,-423574.5960657632
002594.SZ,20180418,53.59,54.2,54.3,51.98,53.45,-0.14,-0.2612,92047.01,488104.454,54.24,54.86,54.96,52.61,54.1,1.012204,53.0277,-1,58.95,48.23,52.77,1,1,-0.002612427691733532,0,0.9456550646500029,0.9333333333333333,1.0,49.99999999997027,27.748278540243234,30.166290310384614,18.611596399605784,856.1413552589022,0.596774193548388,-4.160091048221214,-32.48152919950747,60.38750658270758,13.999989032744129,1158.37,-8.0,-0.3791887571492163,-8883.608646742292,0.0,-0.18100000000000022,-47.00739744451917,-756751.566552137,-471171.3061352452
002594.SZ,20180419,53.45,53.36,54.2,53.03,53.87,0.42,0.7858,51362.94,276457.848,54.1,54.01,54.86,53.68,54.53,1.012204,53.8244,-1,58.8,48.11,53.19,1,1,0.00785781103835359,1,0.516587605343807,0.9333333333333333,1.0,49.999999999969404,31.28769132951237,32.61918811169795,42.020703530477746,856.1413552589022,0.6294524189261045,-7.194205605344496,-29.426403452849865,60.16847616363072,14.278957530540145,1147.1499999999999,-6.0,-0.27982250267413633,-10199.152227712322,0.0,-0.11050000000000004,-38.179300796123215,-493437.5873006503,-474352.2034445888
002594.SZ,20180420,53.87,54.0,54.0,52.1,52.26,-1.61,-2.9887,58543.71,309786.715,54.53,54.66,54.66,52.74,52.9,1.012204,52.9155,-1,59.26,48.48,51.6,1,1,-0.029886764432893953,0,0.6062046937886175,0.9333333333333333,1.0,49.99999999996915,27.0378326890157,28.48831069999973,2.59788215440277,830.5540602530208,0.5544015825914944,-3.3998898376146336,-35.434377914003306,59.925325838270204,14.679482756014888,1137.33,-6.0,-0.371380999892267,-9479.398476474236,0.0,-0.1780000000000001,-42.012236573759324,-494981.0522426581,-477299.181844313
002594.SZ,20180423,52.26,52.24,53.19,52.1,52.95,0.69,1.3203,53926.05,284605.142,52.9,52.88,53.84,52.74,53.6,1.012204,52.7769,-1,57.49,47.03,52.28,1,1,0.013203214695752141,1,0.5656519742655339,0.9333333333333333,1.0,49.999999999968935,27.25197973956209,32.437283657811996,40.28470749904131,830.5540602530208,0.4765550239234455,-4.431483862066048,-30.42541668822574,59.69422803414568,14.924278888029242,1126.24,-4.0,-0.2834000789445206,-9005.981480665796,0.0,-0.1245000000000001,-42.36486486486484,-570309.6430064086,-490586.39058175526
002594.SZ,20180424,52.95,52.88,54.1,52.88,54.08,1.13,2.1341,55426.09,297599.247,53.6,53.53,54.76,53.53,54.74,1.012204,53.693,-1,58.25,47.66,53.4,1,1,0.021340887629839322,1,0.5829308713481933,0.9333333333333333,1.0,49.999999999968374,31.43274634649788,38.433353173902965,97.50789616641087,848.2788211233873,0.5084566596194514,-16.461401421610955,-22.60833763066506,59.48732591962994,14.953031430769116,1116.53,-2.0,-0.03069396393920787,-7910.419794637637,0.0,-0.040000000000000216,-31.12002918642827,-354991.16663998784,-471215.6443043599
002594.SZ,20180425,54.08,53.86,54.19,53.6,53.84,-0.24,-0.4438,44870.94,241713.28,54.74,54.52,54.85,54.25,54.5,1.012204,53.8686,-1,59.49,48.67,53.16,1,1,-0.004437869822485063,0,0.4907042446455099,0.9333333333333333,1.0,49.9999999999675,34.68477252953531,37.66871177623547,89.94947864093824,848.2788211233873,0.5274122807017558,-28.858353001791016,-23.63164220612598,59.28195591657807,15.044717729476865,1112.72,-4.0,0.1372209982106085,-8002.9797021674785,0.0,-0.11149999999999985,-23.86661671037838,-117408.70207516477,-420671.7954144749
002594.SZ,20180426,53.84,53.91,54.1,52.5,52.53,-1.31,-2.4331,52535.81,278828.634,54.5,54.57,54.76,53.14,53.17,1.012204,53.074,-1,59.22,48.46,51.86,1,1,-0.02433135215453197,0,0.5870915745757206,0.9333333333333333,1.0,49.99999999996643,30.750066231720353,33.724666179809454,51.3057590268848,827.6390504014029,0.3249329758713144,-20.890278105428916,-29.023769310609737,59.05375192574967,15.018447814028082,1106.42,-6.0,0.10630557366432658,-6491.620431698699,0.0,-0.1904999999999994,-40.64619066613478,-115000.88465158362,-377004.52244834765
002594.SZ,20180427,52.53,53.11,53.38,52.54,52.96,0.43,0.8186,41996.09,222444.774,53.17,53.76,54.03,53.18,53.61,1.012204,52.968,-1,57.78,47.28,52.29,1,1,0.008185798591281213,1,0.4744838646060775,0.9333333333333333,1.0,49.99999999996486,36.955046316665445,36.09010177717865,74.482273535913,827.6390504014029,0.41302791696492613,-33.89680480866196,-25.951056033389623,58.838877690084786,14.661921952743693,1097.65,-4.0,0.1742309305413281,-6362.936736932406,0.0,-0.24899999999999914,-26.48221343873513,-182006.15444091707,-349147.6127330004
002594.SZ,20180502,52.96,50.8,50.81,48.89,49.25,-3.71,-7.0053,140008.05,693760.452,53.61,51.42,51.43,49.49,49.85,1.012204,49.5515,-1,58.26,47.66,48.63,1,1,-0.07005287009063443,0,1.8893729026509822,0.9333333333333333,1.0,49.999999999964835,37.338247012750394,27.10226885004631,0.0,769.6605595216973,0.5068649885583533,-28.628283135333447,-39.11894934522598,58.56088676228836,14.502694292986327,1094.3100000000002,-4.0,-0.2282603490427606,6761.898544019972,0.0,-0.340499999999999,-32.82167042889386,-479761.75779016735,-367806.7763125957
002594.SZ,20180503,49.25,49.26,49.78,48.58,49.61,0.36,0.731,73997.93,363859.038,49.85,49.86,50.39,49.17,50.22,1.012204,49.1715,-1,54.18,44.33,48.98,1,1,0.007309644670050686,1,0.9986062036340242,0.9333333333333333,1.0,49.9999999999655,32.03278169009967,28.951267081103527,16.317928436595466,769.6605595216973,0.5231032515687403,-24.702345580896694,-36.63712449092317,58.29081346532897,14.339322186857308,1086.9,-4.0,-0.38450436993131554,6394.020653907337,0.0,-0.2939999999999987,-45.20295202952025,-637457.5235803006,-406328.31163655355
002594.SZ,20180504,49.61,49.1,49.45,48.96,49.25,-0.36,-0.7257,49590.69,243739.61,50.22,49.7,50.05,49.56,49.85,1.012204,49.1503,-1,54.57,44.65,48.63,1,1,-0.007256601491634762,0,0.6723606738147913,0.9666666666666667,1.0,49.999999999966604,32.95059064371611,28.181479402698102,9.524336081231016,769.6605595216973,0.5312862108922372,-27.248066862597103,-37.80505320452473,58.02305493558423,14.148613118273362,1079.95,-4.0,-0.46923588257679505,2883.880265278054,0.0,-0.24499999999999886,-41.58964879852121,-721124.5478778365,-451299.2025281654
002594.SZ,20180507,49.25,49.88,50.8,49.0,50.36,1.11,2.2538,74919.73,375182.085,49.85,50.49,51.42,49.6,50.97,1.012204,50.0779,-1,54.18,44.33,49.72,1,1,0.02253807106598993,1,1.039507786016995,0.9666666666666667,1.0,49.999999999967436,39.30274593583293,34.007883448157905,60.94398736025993,787.0072239088869,0.5403653506187398,-20.27401941439904,-30.02630773896587,57.76771576994519,13.735300691076283,1073.28,-2.0,-0.31600955946099596,3929.7714244119707,0.0,-0.18449999999999916,-27.264106211474633,-530170.1490821,-462566.48060729896
002594.SZ,20180508,50.36,50.37,52.35,50.36,51.88,1.52,3.0183,81143.48,418570.268,50.97,50.98,52.99,50.97,52.51,1.012204,51.584,-1,55.4,45.32,51.22,1,1,0.03018268467037344,1,1.165242008547518,0.9666666666666667,1.0,49.99999999996814,39.065181618832774,41.059421160082515,100.0,810.7612147814348,0.5111482720178377,-10.88390309194012,-20.242676890845424,57.54410222278406,13.267445438056418,1069.3700000000001,-2.0,0.03138248208707495,5329.000857165014,0.0,-0.12249999999999908,-22.055479763528837,-238112.571879155,-430501.6365032784
002594.SZ,20180509,51.88,52.0,52.02,51.21,51.5,-0.38,-0.7325,46744.31,240992.244,52.51,52.63,52.65,51.83,52.13,1.012204,51.5554,-1,57.07,46.69,50.85,1,1,-0.007324595219737939,0,0.6714502921293589,1.0,1.0,49.99999999996866,35.3047194087448,39.91123673143919,91.77350505935442,810.7612147814348,0.545833333333334,-19.185513494022974,-21.79128098579413,57.31900627400556,12.954275117713566,1066.57,-4.0,0.23968431994551942,1679.2803809374727,0.0,-0.2194999999999993,-26.544082979726475,10293.386637890246,-367530.9189116829
002594.SZ,20180510,51.5,51.65,52.35,51.16,51.84,0.34,0.6602,41669.91,215527.482,52.13,52.28,52.99,51.78,52.47,1.012204,51.7226,-1,56.65,46.35,51.18,1,1,0.0066019417475728925,1,0.6317248636558335,1.0,1.0,49.99999999996869,31.373968377804687,41.48784898601591,100.0,810.7612147814348,0.49286563614744366,-22.39573512070903,-19.604085682932755,57.10924926498288,12.614135638438992,1061.85,-4.0,0.44123873306244477,-1204.6504984749135,0.0,-0.22649999999999898,-30.544747081712018,212411.44497466413,-284682.0097850619
002594.SZ,20180511,51.84,51.83,53.4,51.32,52.95,1.11,2.1412,92193.43,485080.674,52.47,52.46,54.05,51.95,53.6,1.012204,52.6155,-1,57.02,46.66,52.28,1,1,0.02141203703703698,1,1.4722178248157745,1.0,1.0,49.99999999996848,38.356627296340726,46.42964590687577,100.0,828.1212639405279,0.44942528735632187,-12.43090465544828,-12.651764592841577,56.93624779645203,12.219941942595344,1056.3,-2.0,0.7252717056354161,3641.585504959705,0.0,-0.14199999999999874,-20.984081041968132,547803.9261857904,-165755.44750351156
002594.SZ,20180514,52.95,53.15,53.86,52.42,52.66,-0.29,-0.5477,66234.21,351087.631,53.6,53.8,54.52,53.06,53.3,1.012204,53.007,-1,58.25,47.66,51.99,1,1,-0.005476864966950101,0,1.0430035237908937,1.0,1.0,49.99999999996831,43.263967098618124,45.351954205791955,94.42401471283448,828.1212639405279,0.44788087056128295,-5.496855282577612,-14.026128383309553,56.7611784730933,11.894340034699647,1053.77,-2.0,0.8657686640217053,3308.6931646882713,0.0,-0.15399999999999886,-12.974238875878193,796961.4038105708,-28224.468744356942
002594.SZ,20180515,52.66,52.83,53.46,52.52,53.07,0.41,0.7786,55338.35,293343.587,53.3,53.47,54.11,53.16,53.72,1.012204,53.0091,-1,57.93,47.39,52.4,1,1,0.007785795670337992,1,0.8620597597362829,1.0,1.0,49.99999999996817,47.19894695516716,47.217308126325165,100.0,828.1212639405279,0.42629482071713143,-5.067591601820508,-11.417200559409109,56.605476129102136,11.495720287606876,1049.89,0.0,0.9963064141840654,1662.1499894137269,0.0,-0.11149999999999878,-13.258636788048534,996121.0911138087,118110.61123538099
002594.SZ,20180516,53.07,53.05,53.46,52.33,52.68,-0.39,-0.7349,54934.8,290527.932,53.72,53.7,54.11,52.97,53.32,1.012204,52.886,-1,58.38,47.76,52.01,1,1,-0.007348784624081395,0,0.8465388911452811,1.0,1.0,49.99999999996782,47.21843147010305,45.62206464991766,92.06939914709123,828.1212639405279,0.3888888888888886,-6.360995362382135,-13.401133723453237,56.443599089875526,11.042785615310562,1047.28,0.0,1.0093798750484586,613.9514828937045,0.0,-0.10099999999999873,-10.844529750479865,851841.5245249392,222929.3131338893
002594.SZ,20180517,52.68,52.72,53.19,52.53,52.77,0.09,0.1708,37620.15,198769.278,53.32,53.36,53.84,53.17,53.41,1.012204,52.8359,-1,57.95,47.41,52.1,1,1,0.0017084282460138045,1,0.5788799582247912,1.0,1.0,49.9999999999672,51.62575514664609,46.074836904819335,94.32031324515923,828.1212639405279,0.3566084788029921,-14.454697915690907,-12.787522927424247,56.291035434447146,10.415023115333934,1044.51,2.0,1.0071080389740863,-2164.120988128745,0.0,-0.02199999999999882,-6.726907630522106,927620.4643108258,323599.4775877374
002594.SZ,20180518,52.77,52.98,54.25,52.79,54.0,1.23,2.3309,88743.63,475746.084,53.41,53.63,54.91,53.43,54.66,1.012204,53.609,-1,58.05,47.49,53.32,1,1,0.023308698123934102,1,1.4029463577246097,1.0,1.0,49.999999999966114,58.9977079120908,51.96179746638787,100.0,847.4236924917284,0.3309982486865148,-19.21859090309885,-4.641971225508505,56.18700275688458,9.868656285056122,1042.98,4.0,1.1385460320337915,2859.241817392356,0.0,0.06650000000000134,6.426735218508988,1102316.740128085,434844.800807787
002594.SZ,20180521,54.0,54.45,55.18,54.11,54.54,0.54,1.0,74495.15,406861.057,54.66,55.11,55.85,54.77,55.21,1.012204,54.6158,-1,59.4,48.6,53.85,1,1,0.010000000000000009,1,1.1807755949970846,1.0,1.0,49.99999999996491,59.80070269424858,54.319576556527174,100.0,847.4236924917284,0.3826086956521737,-18.429953571291957,-1.2623163994213098,56.10956407255194,9.363026632216716,1043.95,4.0,1.2562372060381488,4158.7718131245165,0.0,0.04550000000000125,7.707910750507068,1289611.8765428152,556954.3830556482
002594.SZ,20180522,54.54,54.55,55.2,54.14,55.0,0.46,0.8434,56239.49,308464.966,55.21,55.22,55.87,54.8,55.67,1.012204,54.8485,-1,59.99,49.09,54.3,1,1,0.008434176751008549,1,0.8753687771507936,1.0,1.0,49.99999999996416,64.41562357693023,56.287771302295184,100.0,847.4236924917284,0.4111801242236024,-23.321244067408003,1.5877569151198918,56.05588877479757,8.605043920809273,1044.09,6.0,1.3460685294479604,2535.2156221742243,0.0,0.1550000000000015,13.17747077577043,1410615.875770174,678906.024872009
002594.SZ,20180523,55.0,54.49,55.79,53.71,54.68,-0.32,-0.5818,78660.64,432530.174,55.67,55.15,56.47,54.37,55.35,1.012204,54.9869,-1,60.5,49.5,53.99,1,1,-0.0058181818181818334,0,1.226553953523043,1.0,1.0,49.999999999963315,63.03909660859709,54.52769334722565,93.73777956424495,842.4932273717765,0.45835982199618536,-12.788115773670809,-0.46368059873756623,55.99067405834574,8.048999803279607,1047.78,4.0,1.3111052138119126,4350.654839615971,0.0,0.12900000000000134,20.86021505376341,1210410.1750452763,754835.1891824757
002594.SZ,20180524,54.68,54.5,54.99,53.8,54.15,-0.53,-0.9693,50349.05,273646.243,55.35,55.17,55.66,54.46,54.81,1.012204,54.3498,-1,60.15,49.21,53.46,1,1,-0.009692757863935642,0,0.7702383289328208,1.0,1.0,49.99999999996214,58.89269762122798,51.64714766876194,79.17124330286293,842.4932273717765,0.4765366820885653,-11.906626966364882,-3.84879943368647,55.90639642950707,7.613776322034137,1049.8899999999999,2.0,1.1699641780805898,1741.215516811617,0.0,0.051500000000001475,11.736073553272014,983240.9667896656,787464.5859835029
002594.SZ,20180525,54.15,54.2,55.23,54.2,54.22,0.07,0.1293,50606.32,276703.124,54.81,54.86,55.9,54.86,54.88,1.012204,54.6776,-1,59.57,48.74,53.53,1,1,0.0012927054478300004,1,0.7771922022894759,1.0,1.0,49.99999999996095,59.09875160128622,52.00775583081136,73.864950164117,843.5823229565599,0.48195187165775333,-7.760567562654978,-3.3600977691934193,55.828790150426144,7.117943788508969,1049.8500000000001,4.0,1.0435864622752884,137.56639421245927,0.0,0.05350000000000108,10.181618051733636,1047432.6461176525,824602.8802883815
002594.SZ,20180528,54.22,54.29,54.98,52.72,52.78,-1.44,-2.6558,60132.17,322785.115,54.88,54.95,55.65,53.36,53.42,1.012204,53.6793,-1,59.64,48.8,52.11,1,1,-0.02655846551088159,0,0.919437224420564,1.0,1.0,49.99999999995975,58.729781149203966,44.63342228012306,28.835072085931795,821.1780709267288,0.4777998674618948,-2.014329082060308,-12.297198467008526,55.701462799245874,6.987359417488055,1050.73,4.0,0.7379791487056784,431.0777239938907,0.0,0.04700000000000095,7.924528301886788,906718.266076169,836333.6496866369
002594.SZ,20180529,52.78,52.53,54.28,52.42,53.5,0.72,1.3642,72877.45,391219.743,53.42,53.17,54.94,53.06,54.15,1.012204,53.6819,-1,58.06,47.5,52.82,1,1,0.013641530882910091,1,1.1078819728146232,1.0,1.0,49.99999999995851,57.34144451950091,48.56080743282563,47.790510623354876,832.3801969416443,0.4687906371911569,5.029137142382401,-7.085065630100043,55.604058622336495,6.860242699799699,1050.6200000000001,4.0,0.6100649398157333,2308.236611828208,0.0,0.10300000000000083,8.041014570966006,658085.0783036329,810869.5680604934
002594.SZ,20180530,53.5,53.0,53.02,50.01,50.4,-3.1,-5.7944,103830.38,531139.583,54.15,53.65,53.67,50.62,51.02,1.012204,51.1545,-1,58.85,48.15,49.76,1,1,-0.05794392523364489,0,1.5422274301976058,1.0,1.0,49.99999999995898,58.707299251119615,36.54198685791664,0.0,784.148821044091,0.488151658767772,10.685677363607288,-23.233299194003322,55.41382128365184,6.481414533796431,1051.16,4.0,0.11127338768148232,7398.269773012993,0.0,0.050500000000000614,15.789473684210492,349373.6375373665,744941.5779857611
002594.SZ,20180531,50.4,50.42,51.25,50.42,51.15,0.75,1.4881,57928.53,295133.224,51.02,51.04,51.88,51.04,51.77,1.012204,50.9478,-1,55.44,45.36,50.5,1,1,0.014880952380952328,1,0.8841881960749977,1.0,1.0,49.99999999996,59.30895250047946,40.38619627961672,19.468506974381018,784.148821044091,0.45052770448548746,7.790493401623212,-18.010122436363293,55.24734976698525,6.0595189135713055,1052.98,4.0,-0.10268702389614348,4408.995156855606,0.0,0.06950000000000038,11.037160288408167,123484.85686835926,656162.046397561
002594.SZ,20180601,51.15,51.36,51.37,50.02,50.91,-0.24,-0.4692,45159.16,229157.934,51.77,51.99,52.0,50.63,51.53,1.012204,50.7445,-1,56.27,46.04,50.27,1,1,-0.004692082111437013,0,0.6978419123319483,1.0,1.0,49.999999999961396,59.43817576822865,39.560319937849414,15.285961864088247,784.148821044091,0.4514627659574461,12.603109730883956,-19.164204619642,55.080391139243794,5.561567087443561,1054.74,4.0,-0.25302956620137573,731.2956113435976,0.0,0.03950000000000031,6.7036011080332045,-25068.03758624266,558843.4629713034
002594.SZ,20180604,50.91,50.72,51.2,50.05,50.2,-0.71,-1.3946,52796.13,265822.585,51.53,51.34,51.82,50.66,50.81,1.012204,50.3489,-1,56.0,45.82,49.56,1,1,-0.013946179532508207,0,0.8186586668341732,1.0,1.0,49.99999999996296,54.80119826509798,37.140612153401634,3.031661249879676,773.2129408056055,0.39480874316939857,7.421207406056136,-22.558680629877912,54.900417839784126,5.343943742779427,1056.94,2.0,-0.4150283544573301,-582.2011344808589,0.0,-0.010499999999999333,-1.8375815056312632,-195430.67558240728,451090.0146064876
002594.SZ,20180605,50.2,50.2,51.24,49.8,51.22,1.02,2.0319,55285.92,279721.414,50.81,50.81,51.87,50.41,51.85,1.012204,50.5954,-1,55.22,45.18,50.57,1,1,0.02031872509960153,1,0.8722262707719829,1.0,1.0,49.99999999996392,53.85344426691506,42.57477145043621,30.55226602677237,788.923641993289,0.42362093352192354,3.133463889471107,-15.240670250803934,54.75187034011884,5.230765444546961,1056.38,2.0,-0.3540857573049574,-1000.6407493593779,0.0,-0.03499999999999979,-13.551701991008336,-41095.376419255976,380777.8158885243
002594.SZ,20180606,51.22,50.85,51.8,50.6,51.12,-0.1,-0.1952,64983.78,331700.726,51.85,51.47,52.43,51.22,51.74,1.012204,51.0436,-1,56.34,46.1,50.47,1,1,-0.001952362358453752,0,1.0465731963779723,1.0,1.0,49.99999999996432,54.487994496851385,42.189689591595936,28.60206820138335,787.3833771709672,0.4321789321789321,5.4733344270094335,-15.75976274391918,54.60618004529268,5.0697541731043225,1056.1599999999999,2.0,-0.2987470644031074,86.1444400964383,0.0,0.0035000000000000144,-13.917525773195848,184424.64751820965,352727.36326419364
002594.SZ,20180607,51.12,51.5,51.57,50.9,50.92,-0.2,-0.3912,43289.99,221696.045,51.74,52.13,52.2,51.52,51.54,1.012204,51.2118,-1,56.23,46.01,50.28,1,1,-0.00391236306729259,0,0.6870998092063539,1.0,1.0,49.99999999996423,51.20069867613997,41.38349008594933,24.51917391112323,787.3833771709672,0.436588921282799,1.5795075394070117,-16.832070664137913,54.460193396946885,5.05303153071991,1056.57,0.0,-0.2619043636180136,-1947.4755729677163,0.0,-0.03500000000000014,-14.1381536475145,79709.76557675656,313724.8493088455
002594.SZ,20180608,50.92,50.92,50.99,49.9,50.13,-0.79,-1.5515,51338.67,257351.122,51.54,51.54,51.61,50.51,50.74,1.012204,50.1281,-1,56.01,45.83,49.5,1,1,-0.015514532600157116,0,0.8138023567638846,1.0,1.0,49.99999999996346,45.46563318931712,38.27245905154379,8.763755111890736,775.1674920970264,0.44701492537313453,-5.602223767119171,-21.012599688899737,54.29732162586635,5.297243787830863,1056.24,-2.0,-0.3132938579019866,-2029.6707992958045,0.0,-0.13050000000000034,-27.461139896373,-35603.163850935176,263820.84742887685
002594.SZ,20180611,50.13,50.12,50.13,49.3,49.42,-0.71,-1.4163,42806.18,212520.366,50.74,50.73,50.74,49.9,50.02,1.012204,49.6471,-1,55.14,45.12,48.79,1,1,-0.014163175743068024,0,0.7012555420984714,1.0,1.0,49.99999999996271,40.88923460889882,35.67662495280756,0.0,775.1674920970264,0.4696092619392189,-9.770437077087175,-24.598222406668768,54.12219842563553,5.639971514102389,1052.51,-2.0,-0.406366774220263,-2996.1590003081783,0.0,-0.14100000000000001,-40.78947368421047,-144649.08512127097,205467.99992171288
002594.SZ,20180612,49.42,49.69,50.2,49.0,50.03,0.61,1.2343,46212.18,229627.048,50.02,50.3,50.81,49.6,50.64,1.012204,49.6897,-1,54.36,44.48,49.4,1,1,0.01234318089842179,1,0.7718651214881939,1.0,1.0,49.99999999996065,40.28645843306883,39.47486577275257,23.257671794552927,784.735524678556,0.48430813124108446,-6.961775089544556,-19.684696237434462,53.96569073058239,5.943460297796795,1048.99,-2.0,-0.35128219130184823,-2935.6380626643513,0.0,-0.13599999999999995,-40.397350993377415,-19240.7626234598,173366.74812954536
002594.SZ,20180613,50.03,50.1,50.12,48.91,49.06,-0.97,-1.9388,48819.87,240481.696,50.64,50.71,50.73,49.51,49.66,1.012204,49.259,-1,55.03,45.03,48.44,1,1,-0.019388366979812055,0,0.821682913251033,1.0,1.0,49.99999999995911,40.60719383371557,35.84971583964886,1.0598830426032222,769.5207843439928,0.47123287671232933,-5.732664556729946,-24.657912766531258,53.78968835964717,6.389181251819603,1045.65,-2.0,-0.4070861575018965,-2329.7819463827873,0.0,-0.16950000000000004,-39.99999999999993,-90339.22843631101,135694.46576299446
002594.SZ,20180614,49.06,48.68,49.44,48.6,49.05,-0.01,-0.0204,38125.59,186776.441,49.66,49.27,50.04,49.19,49.65,1.012204,48.9898,-1,53.97,44.15,48.43,1,1,-0.00020383204239715624,0,0.6450076369414189,0.9666666666666667,1.0,49.999999999957794,37.462311992334826,35.81320167169745,1.0600340308879255,769.5207843439928,0.49517906336088174,-3.9680889833815685,-24.708505674144103,53.61975587429636,6.810279294325592,1042.56,-4.0,-0.40600983567340077,-3106.3715385974356,0.0,-0.15350000000000036,-41.59636599610635,-171780.46580911498,91769.4755384074
002594.SZ,20180615,49.05,49.09,49.28,48.13,48.18,-0.87,-1.7737,49375.86,239521.337,49.65,49.69,49.88,48.72,48.77,1.012204,48.5098,-1,53.96,44.15,47.57,1,1,-0.017737003058103884,0,0.8349823842501204,0.9666666666666667,1.0,49.999999999957176,30.925070834219156,32.6933165258073,0.0,755.8717918388089,0.5409604519774013,-6.025691306888136,-29.07040009505732,53.43602268013236,7.353013662258174,1039.07,-6.0,-0.4781794770552428,-1900.7613306455314,0.0,-0.2500000000000007,-53.57624831309036,-280614.4267734336,38571.77520814441
002594.SZ,20180619,48.18,47.6,47.6,43.45,44.98,-3.2,-6.6418,119739.44,544796.16,48.77,48.18,48.18,43.98,45.53,1.012204,45.4985,-1,53.0,43.36,44.41,1,1,-0.06641760066417601,0,2.0946056122485706,0.9666666666666667,1.0,49.99999999995943,23.525173875809585,24.3059809370419,0.0,705.6686010151437,0.7336504161712248,15.084540325292703,-42.065353200208236,53.2027385433207,8.406064320201928,1033.25,-8.0,-0.8887754629476321,8033.332140197699,0.0,-0.38550000000000073,-76.67766776677664,-486775.3372391751,-36477.812284329804
002594.SZ,20180620,44.98,44.44,46.22,44.44,45.39,0.41,0.9115,56962.99,257906.372,45.53,44.98,46.78,44.98,45.94,1.012204,45.2761,-1,49.48,40.48,44.82,1,1,0.009115162294353052,1,0.9585236481756697,0.9666666666666667,1.0,49.99999999996202,22.89279799025097,26.89382247408832,14.165368720764878,705.6686010151437,0.7358378056052475,17.897190166544004,-38.639686952676136,52.97445659914211,9.22466867762631,1023.55,-8.0,-1.0271771732888602,5905.827286996482,0.0,-0.36050000000000076,-78.5970302099334,-238285.26476794644,-65307.4483534179
002594.SZ,20180621,45.39,45.77,47.36,45.4,45.77,0.38,0.8372,76182.62,353226.547,45.94,46.33,47.94,45.95,46.33,1.012204,46.3658,-1,49.93,40.85,45.19,1,1,0.008371888081075252,1,1.28115499769062,0.9666666666666667,0.0,49.999999999964174,29.120485149122672,29.306181686015737,27.370179461567474,711.5763795651715,0.6999405822935232,15.041094803944453,-35.45312736240136,52.75301605508119,9.86010447891818,1013.15,-6.0,-0.9892054539145176,6782.009556813885,0.0,-0.37000000000000066,-73.70517928286846,62666.317739878315,-47025.4817686613
002594.SZ,20180622,45.77,45.82,47.25,45.52,46.85,1.08,2.3596,60454.74,280666.477,46.33,46.38,47.83,46.08,47.42,1.012204,46.4259,-1,50.35,41.19,46.26,1,1,0.023596242079964913,1,1.0187836848442862,0.9666666666666667,1.0,49.999999999965524,33.81374341052495,35.791146956119576,62.867686892884244,711.5763795651715,0.677790563866513,16.722149988975044,-26.73829778361812,52.54708033869744,10.312148608653894,1003.68,-4.0,-0.75107749732061,5018.919341315066,0.0,-0.3010000000000005,-71.54639175257722,303267.04294699174,3016.3074764319826
002594.SZ,20180625,46.85,47.7,47.7,45.92,46.06,-0.79,-1.6862,57418.05,267602.978,47.42,48.28,48.28,46.48,46.62,1.012204,46.6061,-1,51.54,42.17,45.48,1,1,-0.01686232657417286,0,0.9594396802287147,0.9666666666666667,1.0,49.99999999996646,33.71654613184978,33.37908394885171,49.66449752192183,711.5763795651715,0.6370165745856352,19.40852033904663,-30.196321005570205,52.331450779852915,10.766124768985364,997.23,-6.0,-0.6369447550149188,3302.4134270201107,0.0,-0.38400000000000034,-71.10539845758346,516554.8127286652,76378.95108389386
002594.SZ,20180626,46.06,45.99,47.12,45.22,46.38,0.32,0.6947,64116.04,297323.008,46.62,46.55,47.7,45.77,46.95,1.012204,46.3726,-1,50.67,41.45,45.79,1,1,0.006947459834997893,1,1.0652985076176789,0.9666666666666667,1.0,49.99999999996706,33.860231559107305,35.28168530541207,61.37264132613364,716.5200278817337,0.6378091872791519,15.155429170174168,-27.627728437949255,52.12634601222068,11.133306850366917,987.47,-4.0,-0.4633858981730974,2940.04992966606,0.0,-0.2890000000000004,-69.89823245848947,368852.2688026341,118160.85361514246
002594.SZ,20180627,46.38,46.59,48.1,46.5,47.1,0.72,1.5524,95524.88,453690.793,46.95,47.16,48.69,47.07,47.67,1.012204,47.4945,-1,51.02,41.74,46.5,1,1,0.015523932729624823,1,1.581925935683042,0.9666666666666667,1.0,49.99999999996693,41.06125667817647,39.470322668113376,88.79715184952276,727.6432365939986,0.5636042402826856,12.217421966878838,-21.93044807334939,51.93948668793383,11.261159023823652,981.4300000000001,-4.0,-0.20956786483387457,6592.708825857848,0.0,-0.31200000000000044,-57.50649350649343,588963.6813652338,185418.40043658408
002594.SZ,20180628,47.1,47.1,47.44,45.81,46.01,-1.09,-2.3142,61273.16,285276.155,47.67,47.67,48.02,46.37,46.57,1.012204,46.5581,-1,51.81,42.39,45.43,1,1,-0.02314225053078567,0,0.9960273125311395,0.9666666666666667,1.0,49.99999999996639,42.829133738153324,35.703030296483,75.13439176893283,727.6432365939986,0.5577822311289242,2.9848902476421495,-27.11522154531157,51.73369177193379,11.335319390460194,975.37,-4.0,-0.1492927907315127,4174.794354042413,0.0,-0.23650000000000054,-53.33713633770669,435561.7323863887,221153.162143699
002594.SZ,20180629,46.01,46.12,47.77,45.99,47.68,1.67,3.6296,74976.05,351475.14,46.57,46.68,48.35,46.55,48.26,1.012204,46.8783,-1,50.61,41.41,47.08,1,1,0.036296457291893125,1,1.2624422060873228,0.9666666666666667,1.0,49.99999999996534,48.50635234539045,44.451039692337076,100.0,754.0541082547676,0.5254877281308996,8.182574931016742,-14.817553743125004,51.569261590264894,11.332599544504566,970.9599999999999,-4.0,0.13912735982950908,4189.90033190384,0.0,-0.19500000000000028,-45.059042883778574,578878.0892458241,272256.7231582883
002594.SZ,20180702,47.68,47.67,47.67,45.85,45.98,-1.7,-3.5654,61757.49,288563.47,48.26,48.25,48.25,46.41,46.54,1.012204,46.7253,-1,52.45,42.91,45.4,1,1,-0.03565436241610742,0,1.0251555951808755,0.9666666666666667,1.0,49.999999999963826,48.025632457867644,38.681522998444336,71.36013965520846,754.0541082547676,0.48126801152737714,10.024478114879251,-22.81859856859366,51.363839189072806,11.44097328492663,967.27,-4.0,0.12497680999941352,2283.5067903086965,0.0,-0.2570000000000004,-44.15666456096004,423534.8565782937,293867.8850754319
002594.SZ,20180703,45.98,46.46,46.72,44.06,45.35,-0.63,-1.3702,93103.13,421287.431,46.54,47.03,47.29,44.6,45.9,1.012204,45.2495,-1,50.58,41.38,44.78,1,1,-0.013701609395389225,0,1.5244818935504818,0.9666666666666667,1.0,49.999999999962185,46.77739596180695,36.7764833407945,61.903529571362995,743.7223534004722,0.4834973943254194,16.770208832969544,-25.54662762891759,51.15062461358526,11.560908523247486,962.79,-4.0,0.05820755527709309,4955.452569091477,0.0,-0.28650000000000053,-49.34097421203424,182837.44765042688,278006.3940147169
002594.SZ,20180704,45.35,45.35,46.13,45.0,45.79,0.44,0.9702,63419.35,289309.686,45.9,45.9,46.69,45.55,46.35,1.012204,45.6185,-1,49.89,40.82,45.21,1,1,0.009702315325248012,1,1.0052628394973404,0.9666666666666667,1.0,49.99999999996044,46.855800328466614,39.03477207499433,73.11366681460252,743.7223534004722,0.5002995805871775,13.964994654637652,-22.36690791107148,50.95245229726114,11.693093146197443,957.99,-4.0,0.09839520416270497,2556.1404279263124,0.0,-0.31550000000000045,-40.90407938257982,383850.78898583294,293127.0218677335
002594.SZ,20180705,45.79,45.79,46.89,45.4,45.58,-0.21,-0.4586,55737.49,257799.358,46.35,46.35,47.46,45.95,46.14,1.012204,46.2524,-1,50.37,41.21,45.0,1,1,-0.004586154182135815,0,0.8778386519432393,0.9666666666666667,1.0,49.999999999958774,46.171423752120916,38.33104735505746,69.62037980817026,743.7223534004722,0.48333333333333306,14.430447232726287,-23.342307445869,50.7563381084682,11.821124970302588,953.08,-4.0,0.12032743963211967,-93.56571703789177,0.0,-0.3395000000000003,-41.215469613259614,546530.5860891142,329327.53104221646
002594.SZ,20180706,45.58,46.27,46.76,45.52,46.03,0.45,0.9873,67812.12,314076.55,46.14,46.83,47.33,46.08,46.59,1.012204,46.3157,-1,50.14,41.02,45.45,1,1,0.009872751206669639,1,1.0758417172974828,0.9666666666666667,1.0,49.999999999957055,50.661943300654215,40.794210828689195,81.84751452915631,751.0649391624339,0.4422287390029322,16.708810462164696,-19.94307812913419,50.57615902242775,11.846185463468608,947.0300000000001,-2.0,0.21363287727845037,-239.47266882488748,0.0,-0.3225000000000005,-44.00446179587277,757207.3068681139,390453.213303059
002594.SZ,20180709,46.03,46.39,46.95,45.91,46.52,0.49,1.0645,72893.41,337170.01,46.59,46.96,47.52,46.47,47.09,1.012204,46.2552,-1,50.63,41.43,45.93,1,1,0.010645231370845165,1,1.1343901545330026,0.9666666666666667,1.0,49.999999999955385,55.54456951613834,43.443197429055296,94.25966968025979,759.0601992143478,0.40298507462686534,15.358307231772436,-16.27027987180445,50.41443470826426,11.78444004225821,941.95,0.0,0.3514009306638237,299.5504550203482,0.0,-0.2765000000000004,-37.528868360277116,981279.0008484102,474856.89723810914
002594.SZ,20180710,46.52,46.55,46.88,46.31,46.63,0.11,0.2365,46390.56,216079.243,47.09,47.12,47.45,46.88,47.2,1.012204,46.5783,-1,51.17,41.87,46.04,1,1,0.002364574376612305,1,0.7100356969619531,0.9666666666666667,1.0,49.9999999999538,59.04990959851406,44.048411885958146,97.34148840345101,759.0601992143478,0.4179566563467489,13.124952988041429,-15.434999284589097,50.26203912549674,11.66343614925929,938.1300000000001,2.0,0.46051292289754064,-2792.316794934042,0.0,-0.23750000000000035,-31.07947805456697,1098451.6029877274,563941.8552023403
002594.SZ,20180711,46.63,45.62,46.03,44.73,45.46,-1.17,-2.5091,50742.54,230516.244,47.2,46.18,46.59,45.28,46.01,1.012204,45.4286,-1,51.29,41.97,44.88,1,1,-0.025091143040960828,0,0.7745208403524269,0.9666666666666667,1.0,49.99999999995216,55.28129871226627,39.23872117589476,52.92323563062295,740.0145111791604,0.3991621783363249,12.665739057383659,-21.73043993845557,50.083061273234385,11.603673018364546,935.7600000000001,0.0,0.38152119875294765,-4053.344407853705,0.0,-0.26250000000000034,-35.94266813671442,951576.7272361773,619318.2654928884
002594.SZ,20180712,45.46,45.8,47.0,45.68,46.52,1.06,2.3317,69617.29,322903.03,46.01,46.36,47.57,46.24,47.09,1.012204,46.3826,-1,50.01,40.91,45.93,1,1,0.023317201935767695,1,1.0589587189136855,0.9666666666666667,1.0,49.99999999995063,59.76712234548579,45.08868798620664,100.0,757.2695789717234,0.35654761904761834,12.290360857149475,-13.661000783270087,49.93657025205394,11.408044388443692,931.1,2.0,0.47252780270530215,-2237.875155384075,0.0,-0.1745000000000001,-28.706624605678208,1030426.6702071008,678048.0375949187
002594.SZ,20180713,46.52,46.62,46.62,45.8,45.95,-0.57,-1.2253,53283.7,246023.438,47.09,47.19,47.19,46.36,46.51,1.012204,46.1724,-1,51.17,41.87,45.37,1,1,-0.012252794496990571,0,0.7978854508922728,0.9666666666666667,1.0,49.9999999999479,59.20442374307679,42.70754862482409,75.72000907019611,757.2695789717234,0.3358294930875572,11.463308101989997,-16.783476803245183,49.778594768313205,11.196560348299608,928.28,2.0,0.45619277824297466,-3078.014608713557,0.0,-0.2264999999999997,-27.564102564102555,811114.9331765225,697057.5941065765
002594.SZ,20180716,45.95,44.8,44.8,42.8,43.95,-2.0,-4.3526,125033.28,549450.646,46.51,45.35,45.35,43.32,44.49,1.012204,43.9444,-1,50.55,41.36,43.39,1,1,-0.043525571273122954,0,1.8512740160060452,0.9666666666666667,1.0,49.999999999947,56.4177955640562,35.60290259150629,0.0,724.3089879392218,0.28664142779881013,15.543608875499139,-26.589278945676202,49.57484174703924,10.987944283734464,924.95,2.0,0.18987613547945692,5710.943027280115,0.0,-0.22349999999999923,-36.18823529411764,473932.88315426325,665182.6353991032
002594.SZ,20180717,43.95,43.46,43.9,42.78,43.55,-0.4,-0.9101,69395.4,300926.791,44.49,43.99,44.44,43.3,44.08,1.012204,43.3641,-1,48.35,39.56,43.0,1,1,-0.009101251422070633,0,0.9729884361702479,0.9666666666666667,1.0,49.9999999999476,58.576774775312195,34.371360654295216,0.0,724.3089879392218,0.33906947100063695,-5.983324305782386,-28.366319004528894,49.36932670334609,10.387071231599423,920.7199999999999,2.0,-0.015379626109707,3802.3439018122294,0.0,-0.08799999999999919,-22.381224957069257,209311.8416906682,600058.2362978982
002594.SZ,20180718,43.55,43.55,44.24,43.22,43.3,-0.25,-0.5741,44874.54,196079.174,44.08,44.08,44.78,43.75,43.83,1.012204,43.695,-1,47.91,39.2,42.75,1,1,-0.00574052812858783,0,0.6522015290100506,0.9666666666666667,1.0,49.99999999994923,58.161198939339506,33.58931932886467,0.0,724.3089879392218,0.34256278171281357,-10.808280292587536,-29.489240849972308,49.16553963983063,9.88321838574132,920.52,0.0,-0.15242341170886764,-748.2599038106277,0.0,-0.14799999999999933,-12.643678160919556,303030.9743258745,557625.7703018949
002594.SZ,20180719,43.3,43.58,43.58,41.98,42.15,-1.15,-2.6559,61876.97,263568.678,43.83,44.11,44.11,42.49,42.66,1.012204,42.5956,-1,47.63,38.97,41.62,1,1,-0.026558891454965372,0,0.9072830655915669,0.9666666666666667,1.0,49.999999999952166,53.28856035463559,30.186856540627506,0.0,705.0721441486882,0.3754601226993865,-12.080252531366064,-34.46372702413166,48.94660043939779,9.605196049427608,918.71,-2.0,-0.3540535816322752,-1414.7267284864333,0.0,-0.2194999999999993,-26.87913409500903,183726.52919815795,504211.59300136106
002594.SZ,20180720,42.15,42.5,43.16,42.16,42.91,0.76,1.8031,56934.64,243361.983,42.66,43.02,43.69,42.67,43.43,1.012204,42.7441,-1,46.37,37.94,42.37,1,1,0.018030842230130517,1,0.8436635101903629,0.9666666666666667,1.0,49.999999999954866,52.998850898913275,34.88144343042559,31.503422293712834,705.0721441486882,0.3829787234042553,-16.33851932638088,-28.173266562573083,48.74012934862213,9.382207447033732,915.34,-2.0,-0.34100502380478304,-2409.4566336033035,0.0,-0.25049999999999956,-29.592439456585993,328279.96174272883,479078.50282155647
002594.SZ,20180723,42.91,42.69,43.85,42.51,43.5,0.59,1.375,51941.1,225317.617,43.43,43.21,44.39,43.03,44.03,1.012204,43.3794,-1,47.2,38.62,42.95,1,1,0.013749708692612606,1,0.771681298599506,0.9666666666666667,1.0,49.999999999956714,52.67051454789182,38.34748742918245,54.76260363269595,705.0721441486882,0.3878326996197718,-17.886180901494367,-23.453761741213214,48.54912354403809,9.066368692332263,910.15,0.0,-0.21500481167469143,-3558.8346587657707,0.0,-0.1279999999999994,-27.781013395457222,455774.8431080966,475749.4085767765
002594.SZ,20180724,43.5,43.7,44.43,43.41,44.29,0.79,1.8161,55479.84,244567.193,44.03,44.23,44.97,43.94,44.83,1.012204,44.0822,-1,47.85,39.15,43.73,1,1,0.018160919540229914,1,0.8276230336866368,0.9666666666666667,1.0,49.99999999995759,57.17646034108376,42.74213656817167,84.25326828716001,717.8769026286299,0.3766153846153846,-22.888992980954022,-17.362866046326516,48.381522704593365,8.710389442230094,908.3399999999999,0.0,0.0012032747936339128,-3647.759176862797,0.0,-0.11799999999999962,-18.249856073690317,612738.7830823329,495319.3192204274
002594.SZ,20180725,44.29,44.54,44.54,43.7,44.05,-0.24,-0.5419,64748.65,285047.289,44.83,45.08,45.08,44.23,44.59,1.012204,44.0237,-1,48.72,39.86,43.49,1,1,-0.005418830435764299,0,0.9721530961499578,0.9666666666666667,1.0,49.99999999995808,55.9670686931869,41.76807431528295,77.71674117338914,713.9868494195337,0.36715282181357006,-27.108346707911636,-18.64641976707429,48.213720380841515,8.691023235715594,906.5,-2.0,0.13115079414958108,-2327.677068096929,0.0,-0.16799999999999962,-25.396825396825392,802628.404270091,539220.6170846651
002594.SZ,20180726,44.05,44.05,44.23,42.88,43.0,-1.05,-2.3837,51790.19,224937.888,44.59,44.59,44.77,43.4,43.52,1.012204,43.4325,-1,48.46,39.65,42.46,1,1,-0.023836549375709337,0,0.7959818601947908,0.9666666666666667,1.0,49.99999999995748,56.543603620700154,37.71817776448047,50.53956791389729,713.9868494195337,0.36808645899555004,-26.472714537401345,-24.07723785004812,48.025225117798186,8.670509819459845,903.2900000000001,-2.0,0.09653626291809969,-3025.3374300916867,0.0,-0.16599999999999931,-25.98425196850394,651194.9745152018,555216.9538604561
002594.SZ,20180727,43.0,43.02,43.34,42.72,42.99,-0.01,-0.0233,36789.62,158234.195,43.52,43.55,43.87,43.24,43.51,1.012204,43.0106,-1,47.3,38.7,42.45,1,1,-0.00023255813953482196,0,0.5695835202225991,0.9666666666666667,1.0,49.99999999995555,52.21140668367309,37.68070515967904,50.288104830730106,713.9868494195337,0.40440653873489707,-34.21907056954897,-24.128013692141973,47.84330486484839,8.70839707997504,900.64,-4.0,0.09311269247035048,-5204.8571965381925,0.0,-0.24549999999999947,-32.27885178676041,474438.31658139604,543677.1485348761
002594.SZ,20180730,42.99,42.95,43.1,41.85,42.5,-0.49,-1.1398,55929.82,236871.679,43.51,43.47,43.63,42.36,43.02,1.012204,42.3516,-1,47.29,38.69,41.96,1,1,-0.011397999534775605,0,0.8922921069361849,0.9666666666666667,1.0,49.999999999953715,52.67668423421364,35.80367377318098,37.692126991677895,705.8488276420139,0.4004665629860028,-35.32344977824972,-26.65795600691973,47.65669110272166,8.63281144220988,896.06,-4.0,0.04794130126671936,-3829.4924146073236,0.0,-0.18349999999999939,-35.0561797752809,269747.04810366966,504544.2770447038
002594.SZ,20180731,42.5,42.54,42.54,42.04,42.24,-0.26,-0.6118,30211.63,127788.053,43.02,43.06,43.06,42.55,42.76,1.012204,42.2976,-1,46.75,38.25,41.71,1,1,-0.00611764705882345,0,0.4842408076386734,0.9666666666666667,1.0,49.999999999952166,55.62457854726474,34.812722161369265,31.04226240670637,705.8488276420139,0.4123298638911125,-51.64117709124841,-27.998934313317676,47.47097323039235,8.508237827187857,891.8800000000001,-4.0,0.008218001205069658,-6014.8808788668175,0.0,-0.14299999999999927,-30.23536511768257,133713.5697818326,451568.4617214365
002594.SZ,20180801,42.24,42.82,42.97,41.88,41.98,-0.26,-0.6155,44291.8,187567.711,42.76,43.34,43.49,42.39,42.49,1.012204,42.3482,-1,46.46,38.02,41.45,1,1,-0.006155303030303205,0,0.7476026670016817,0.9666666666666667,1.0,49.99999999995103,54.74654421539313,33.805113394623454,28.818607359279163,701.504114214293,0.41835905767668496,-47.315196896614125,-29.358514911409745,47.28626346678445,8.48096281604953,889.85,-6.0,-0.026026910334050246,-5224.132971947984,0.0,-0.20699999999999932,-34.371108343711086,184734.93997719287,413449.3871865446
002594.SZ,20180802,41.98,41.95,41.98,39.5,40.1,-1.88,-4.4783,107980.45,434793.686,42.49,42.46,42.49,39.98,40.59,1.012204,40.266,-1,46.18,37.78,39.59,1,1,-0.044783230109575856,0,1.8525099264687181,0.9666666666666667,1.0,49.999999999951775,48.097269658590754,27.587362488369944,0.0,670.0884940446202,0.5364806866952786,-31.18956873819726,-38.235506604786714,47.07490350372232,8.731164668134596,884.9399999999999,-6.0,-0.2617528094072301,3734.2486972200923,0.0,-0.28899999999999937,-48.981900452488674,29758.327266273933,358636.37862650596
002594.SZ,20180803,40.1,40.28,40.48,38.2,38.33,-1.77,-4.414,96515.78,378310.911,40.59,40.77,40.97,38.67,38.8,1.012204,39.1968,-1,44.11,36.09,37.84,1,1,-0.044139650872818015,0,1.5848011385386032,0.9666666666666667,1.0,49.99999999995506,41.751305274960224,23.25127702531143,0.0,670.0884940446202,0.5751633986928099,-19.044432874759625,-45.07561532491214,46.84618519706281,9.41966647503636,879.9,-8.0,-0.5967694733437292,7741.602075859281,0.0,-0.3744999999999994,-52.65091863517057,-222335.54963536962,275640.3888748095
002594.SZ,20180806,38.33,38.33,38.65,36.88,37.29,-1.04,-2.7133,73788.2,279140.177,38.8,38.8,39.12,37.33,37.75,1.012204,37.8299,-1,42.16,34.5,36.82,1,1,-0.02713279415601355,0,1.1837161252755137,0.9666666666666667,1.0,49.99999999995938,35.89741001363646,21.147976952866387,0.0,670.0884940446202,0.6384858044164032,-11.841751955398504,-48.5965112225557,46.61227031204738,10.311602344768463,872.64,-10.0,-0.8819235904848499,6980.484868333223,0.0,-0.4329999999999995,-59.78526110297697,-441434.5027788853,173201.1186385674
002594.SZ,20180807,37.29,37.68,38.0,36.73,38.0,0.71,1.904,68164.75,255655.37,37.75,38.14,38.46,37.18,38.46,1.012204,37.5055,-1,41.02,33.56,37.52,1,1,0.019039957093054394,1,1.0927200356519955,0.9666666666666667,1.0,49.999999999962796,31.619277281868563,26.065126885630452,22.77073996099825,670.0884940446202,0.6243161094224922,-6.046599085505604,-42.052583051592016,46.37462325554995,10.990511033060109,863.06,-10.0,-0.8955046736579706,5437.6629991759655,0.0,-0.4209999999999997,-64.12729026036641,-647356.9813033456,55978.53293257982
002594.SZ,20180808,38.0,38.02,39.49,38.02,38.29,0.29,0.7632,73069.54,282739.399,38.46,38.48,39.97,38.48,38.76,1.012204,38.6946,-1,41.8,34.2,37.81,1,1,0.007631578947368434,1,1.1512542097083638,0.9666666666666667,1.0,49.99999999996518,36.503326216630384,28.039012835210713,31.911572411737527,675.2023272886449,0.6596017983301219,-4.291044778413798,-39.41291710938141,46.14137385587213,11.564955122608428,854.43,-8.0,-0.7897228988759046,4817.142891939785,0.0,-0.3995000000000001,-49.53995157384981,-437707.51277332415,-14548.045025406449
002594.SZ,20180809,38.29,37.89,39.55,37.83,39.25,0.96,2.5072,74875.55,292537.448,38.76,38.35,40.03,38.29,39.73,1.012204,39.0698,-1,42.12,34.46,38.75,1,1,0.025071820318621096,1,1.1593180083018018,0.9666666666666667,1.0,49.99999999996676,36.128435162552904,34.292806657948496,60.87215218954599,692.1308787171406,0.6393018745959921,-1.1453790513085826,-30.93470573134507,45.91472873050493,11.960280622550464,846.8,-8.0,-0.527356444853794,4400.739306875223,0.0,-0.36750000000000044,-57.322596879718105,-194211.02010841458,-40214.18432297904
002594.SZ,20180810,39.25,39.4,41.77,39.4,41.69,2.44,6.2166,103583.65,422283.651,39.73,39.88,42.28,39.88,42.2,1.012204,40.7674,-1,43.18,35.33,41.16,1,1,0.062165605095541254,1,1.5973108820217066,0.9666666666666667,1.0,49.999999999967756,42.56722466445268,46.91938480740954,100.0,735.1576135979003,0.46539792387543244,8.713203194057709,-12.612316463159287,45.73892432225237,11.98750401080681,839.4300000000001,-6.0,0.009502806418106857,7557.727463683703,0.0,-0.21950000000000075,-40.488254260709255,120313.35497113026,-17281.67870953485
002594.SZ,20180813,41.69,41.1,43.55,40.88,43.17,1.48,3.55,132330.97,562164.129,42.2,41.6,44.08,41.38,43.7,1.012204,42.4817,-1,45.86,37.52,42.62,1,1,0.03550011993283775,1,1.9644234578913857,0.9666666666666667,1.0,49.99999999996879,52.50436194151265,52.83922835368324,100.0,761.2557970501646,0.46432818073721754,11.264270028169829,-3.3760677063168663,45.62072452711861,11.872659128436958,834.36,-4.0,0.5677142027795483,12776.734068229614,0.0,-0.07350000000000101,-19.57052220595407,523879.93366660853,60027.123058485624
002594.SZ,20180814,43.17,43.17,43.95,42.61,43.15,-0.02,-0.0463,81990.57,354897.702,43.7,43.7,44.49,43.13,43.68,1.012204,43.2852,-1,47.49,38.85,42.6,1,1,-0.0004632846884411457,0,1.210574321980662,0.9333333333333333,1.0,49.99999999996989,58.27880925086756,52.75360752850443,99.72982819739141,761.2557970501646,0.4750608272506083,11.674082094959143,-3.4886662365127776,45.507175517845106,11.727738812642292,834.36,-4.0,0.9172994192675503,8891.077122131683,0.0,-0.07900000000000099,-6.4727954971857145,789939.2284256034,164300.28096807387
002594.SZ,20180815,43.15,43.0,43.9,41.78,42.13,-1.02,-2.3638,98822.81,422981.147,43.68,43.52,44.44,42.29,42.64,1.012204,42.802,-1,47.47,38.84,41.6,1,1,-0.02363847045191181,0,1.4456568791320539,0.9333333333333333,1.0,49.99999999997084,52.71842994414223,48.44235875801505,86.12591992642214,743.2608743852477,0.453805926786752,16.583029539366958,-9.170906143334806,45.361106093044725,11.597833276277163,834.02,-4.0,0.9880699146987015,8055.823358281235,0.0,-0.11000000000000085,-12.206356517733724,558248.3513145947,220578.57673186256
002594.SZ,20180816,42.13,41.45,43.2,41.24,42.26,0.13,0.3086,74037.66,313880.308,42.64,41.96,43.73,41.74,42.78,1.012204,42.3947,-1,46.34,37.92,41.72,1,1,0.0030856871587940926,1,1.0419646585913684,0.9333333333333333,1.0,49.999999999971806,52.28033524255681,49.01426842652484,87.93054941636099,743.2608743852477,0.48239654107473773,16.780922494558407,-8.315345471430629,45.225713787903175,11.350518394102187,831.68,-2.0,1.024903453775997,3846.078536489613,0.0,0.0019999999999988916,-9.966934341048585,307924.60945758835,233056.58140696626
002594.SZ,20180817,42.12,42.95,43.0,42.01,42.45,0.33,0.7835,57459.69,244648.242,42.78,43.62,43.67,42.66,43.11,1.015568,42.5774,2,46.33,37.91,42.05,1,1,0.004495977283483388,1,0.8017945056016449,0.9333333333333333,1.0,49.99999999997257,52.28652666840703,49.889173423400266,90.69126399279097,743.2608743852477,0.5,15.743599987670036,-7.024971300799473,45.10282232643124,11.166603758771647,831.54,-2.0,1.043857248466161,-1219.2900085364145,0.0,-0.04350000000000094,-4.2750929368029205,445879.5094792609,263459.8568458655
002594.SZ,20180820,42.45,42.97,45.35,42.9,45.24,2.79,6.5724,147217.13,652700.919,43.11,43.64,46.06,43.57,45.94,1.015568,44.3359,-1,46.7,38.21,44.82,1,1,0.06572438162544159,1,2.0535206712987,0.9333333333333333,1.0,49.99999999997329,55.513870958572376,60.58489744304691,100.0,792.1112357406031,0.4837261503928173,19.809785922600696,9.618121425733264,45.109982878277975,10.993189674585665,831.48,-2.0,1.3800834665573412,7019.521965308633,0.0,0.029499999999999103,3.192407247627301,751456.88811641,333173.7184559433
002594.SZ,20180821,45.24,45.25,45.58,44.4,44.9,-0.34,-0.7515,98459.57,442864.999,45.94,45.95,46.29,45.09,45.6,1.015568,44.9794,-1,49.76,40.72,44.48,1,1,-0.0075154730327144925,0,1.287829014380755,0.9333333333333333,1.0,49.999999999973696,56.85900120127324,58.93405974384402,95.81397918832445,792.1112357406031,0.5094991364421416,19.383352715437784,7.474222371223346,45.09923633229979,10.878921222508419,833.65,-4.0,1.4949002942271619,5469.838088044333,0.0,-0.017500000000000782,5.634987384356641,1029371.4680793264,432630.53983071237
002594.SZ,20180822,44.9,45.55,45.81,44.16,44.79,-0.11,-0.245,90880.71,408588.402,45.6,46.26,46.52,44.85,45.49,1.015568,44.9588,-1,49.39,40.41,44.37,1,1,-0.0024498886414253684,0,1.1562004489109095,0.9333333333333333,1.0,49.999999999973554,51.54151351091697,58.37981552629034,94.40858492664097,792.1112357406031,0.526682134570766,22.21694953361622,6.763117933350747,45.08351488705474,10.747200345133544,834.92,-4.0,1.490872062759636,3109.5416342193166,0.0,-0.031000000000000583,3.4134007585335127,771247.2077151572,481004.3495284902
002594.SZ,20180823,44.79,44.82,45.4,43.62,44.32,-0.47,-1.0493,83316.91,370017.549,45.49,45.52,46.11,44.3,45.01,1.015568,44.4109,-1,49.27,40.31,43.9,1,1,-0.010493413708417054,0,1.0426408037607091,0.9333333333333333,1.0,49.99999999997276,50.441568893796806,55.95828972695078,88.2683341939741,792.1112357406031,0.5450180072028814,22.415090425892455,3.677824183355527,45.045819857425485,10.530524772683155,836.0899999999999,-4.0,1.3632185002339277,359.73447554998165,0.0,-0.0035000000000007248,4.648187633262275,478191.8719813847,480602.5670217609
002594.SZ,20180824,44.32,44.35,44.35,42.82,43.45,-0.87,-1.963,78309.5,339680.03,45.01,45.04,45.04,43.49,44.13,1.015568,43.3766,-1,48.75,39.89,43.04,1,1,-0.019629963898916913,0,0.9610197246477441,0.9333333333333333,1.0,49.99999999997175,49.12690888104762,51.68468515561511,74.21705838795147,792.1112357406031,0.5182648401826486,25.692628484996064,-1.8489053036086462,44.971233445070936,10.422472361033234,837.1,-4.0,1.110609604139791,-2164.59524416402,0.0,-0.0470000000000006,3.939008894536215,177993.10777681693,437372.64427248325
002594.SZ,20180827,43.45,43.44,45.25,43.38,45.01,1.56,3.5903,87641.04,392169.181,44.13,44.12,45.95,44.06,45.71,1.015568,44.7472,-1,47.8,39.11,44.59,1,1,0.03590333716915994,1,1.048816610171477,0.9333333333333333,1.0,49.999999999970896,53.52940872800936,57.89425215211622,91.73276337899,820.5506725128779,0.4884346422807965,26.488982282279526,7.461849491902198,44.97321721920956,10.233209049725204,837.38,-2.0,1.1005458437145381,-2580.1804065895703,0.0,0.05399999999999956,11.4213197969543,325698.45397379436,421419.1885155277
002594.SZ,20180828,45.01,45.05,46.15,44.92,45.59,0.58,1.2886,80942.81,368320.457,45.71,45.75,46.87,45.62,46.3,1.015568,45.5038,-1,49.51,40.51,45.16,1,1,0.012886025327704997,1,0.950619916495273,0.9333333333333333,1.0,49.99999999997026,56.76707458468562,59.95494595891396,97.60402666611058,820.5506725128779,0.49814912744579587,28.85479057635106,10.658261211960799,45.00571822400373,10.014334190990223,839.76,0.0,1.115441246719487,-3692.3438655468763,0.0,0.09599999999999972,19.49634443541835,545044.380322539,439079.9302022436
002594.SZ,20180829,45.59,45.41,46.82,45.41,46.3,0.71,1.5574,91448.33,423581.624,46.3,46.12,47.55,46.12,47.02,1.015568,46.3192,-1,50.15,41.03,45.87,1,1,0.015573590699714757,1,1.0429311784746205,0.9333333333333333,1.0,49.999999999969646,58.097231042053046,62.38201771638686,100.0,833.3295928349692,0.5211776859504136,28.339875891567363,14.465330916245714,45.076266029617194,9.762926276203958,842.2,2.0,1.1592500045448693,-2978.5857931643604,0.0,0.18249999999999994,20.273531777956556,789046.2722432204,489075.1219223832
002594.SZ,20180830,46.3,45.5,46.42,44.64,45.0,-1.3,-2.8078,91240.95,413735.712,47.02,46.21,47.14,45.33,45.7,1.015568,45.3454,-1,50.93,41.67,44.58,1,1,-0.028077753779697567,0,1.013317917378822,0.9333333333333333,1.0,49.99999999996862,58.278811847681986,55.72262007106033,52.22696864239232,833.3295928349692,0.5372736954206606,21.271902894653685,5.777874066367626,45.07242447796177,9.268414352628449,846.64,2.0,0.9596953917516742,-2518.347558395966,0.0,0.25,28.602150537634444,536009.804548641,495780.0765832772
002594.SZ,20180831,45.0,44.42,44.88,43.9,44.46,-0.54,-1.2,66898.26,296774.484,45.7,45.11,45.58,44.58,45.15,1.015568,44.3621,-1,49.5,40.5,44.04,1,1,-0.01200000000000001,0,0.7499400873087487,0.9333333333333333,1.0,49.99999999996699,58.89229276273184,53.18291794151895,34.0077127974271,833.3295928349692,0.5749287749287755,12.072827552285629,2.380353310898776,45.04256722347131,8.417345510534945,851.16,2.0,0.7128818246163358,-5315.91547105813,0.0,0.3495000000000001,28.381279519106954,258370.87540090212,461864.4764143665
002594.SZ,20180903,44.46,44.39,44.39,43.13,43.67,-0.79,-1.7769,56080.26,244217.934,45.15,45.08,45.08,43.8,44.35,1.015568,43.5479,-1,48.91,40.01,43.26,1,1,-0.017768780926675665,0,0.6392812086736196,0.9333333333333333,1.0,49.99999999996553,59.14544180679593,49.619845310357995,8.447025539572321,833.3295928349692,0.5832369942196537,7.959347410539011,-2.444972748003449,44.978804922094675,7.239124911483859,856.97,2.0,0.4158520016984456,-8270.415744019134,0.0,0.3655000000000001,34.50292397660826,40172.545405647485,401622.77198454953
002594.SZ,20180904,43.67,43.89,44.58,43.61,44.52,0.85,1.9464,59574.3,263787.461,44.35,44.57,45.27,44.29,45.21,1.015568,44.2787,-1,48.04,39.3,44.1,1,1,0.019464163040989302,1,0.6860353110755568,0.9333333333333333,1.0,49.9999999999641,62.595926144142474,53.2491121016225,31.679556395550634,849.5496558967902,0.5154816513761472,5.530980855739244,2.746419786406489,44.95635703489201,6.0309632434806035,863.85,2.0,0.3112925231343002,-9322.826528797916,0.0,0.3810000000000002,39.89120580235726,170542.385299674,368611.2881724245
002594.SZ,20180905,44.52,44.08,44.51,42.5,42.5,-2.02,-4.5373,82855.24,358289.748,45.21,44.77,45.2,43.16,43.16,1.015568,43.2429,-1,48.97,40.07,42.1,1,1,-0.04537286612758318,0,0.9588726860840514,0.9333333333333333,1.0,49.99999999996335,58.25409295897584,44.960083560749844,0.0,811.0031530910508,0.46896191966614525,8.200482416023817,-8.81297514189289,44.849696134891495,4.908300074459373,870.37,0.0,-0.034171980658048606,-6581.11928775604,0.0,0.28850000000000053,28.59778597785982,28879.581398204784,320078.18720467883
002594.SZ,20180906,42.5,42.5,43.2,42.05,42.6,0.1,0.2353,46915.89,200948.426,43.16,43.16,43.87,42.7,43.26,1.015568,42.8316,-1,46.75,38.25,42.2,1,1,0.0023529411764706687,1,0.539894249134035,0.9333333333333333,1.0,49.99999999996305,55.07891255751995,45.413099014675225,2.6002592472134007,811.0031530910508,0.40524303659202643,3.9649328783521636,-8.178761710750052,44.751329523043744,4.080946835226738,874.5899999999999,0.0,-0.24185648757263956,-9148.65861117118,0.0,0.22550000000000062,22.28070175438605,-129473.22810568492,255856.55644605547
002594.SZ,20180907,42.6,43.29,44.08,42.65,42.82,0.22,0.5164,68764.74,298371.255,43.26,43.96,44.77,43.31,43.49,1.015568,43.3902,-1,46.86,38.34,42.42,1,1,0.00516431924882621,1,0.8042630253544396,0.9666666666666667,1.0,49.999999999962924,54.303045563104895,46.45720280373673,8.593301005574503,815.1914322854176,0.3691733996270975,-2.415845868076871,-6.738063079972452,44.66555831725808,4.213752439809077,877.9399999999999,0.0,-0.33642851747753694,-7512.668685984566,0.0,0.08750000000000072,17.427772600186444,3261.04273677367,219771.4830590152
002594.SZ,20180910,42.82,42.98,43.44,41.15,41.73,-1.09,-2.5455,52933.19,222230.731,43.49,43.65,44.12,41.79,42.38,1.015568,41.9832,-1,47.1,38.54,41.34,1,1,-0.02545539467538538,0,0.6319674072990548,0.9666666666666667,1.0,49.99999999996331,48.92130503800853,42.15498249150571,0.0,815.1914322854176,0.3611464968152868,-4.392850735341902,-12.794995892840774,44.54365575768033,4.723052121724732,880.5,-2.0,-0.5215817066235622,-8119.97666673027,0.0,-0.0784999999999993,2.1718602455146794,-94632.59581533991,174856.61464839306
002594.SZ,20180911,41.73,41.55,41.86,40.91,41.52,-0.21,-0.5032,35223.14,145958.369,42.38,42.2,42.51,41.55,42.17,1.015568,41.4382,-1,45.9,37.56,41.13,1,1,-0.005032350826743248,0,0.4414509391827328,0.9666666666666667,1.0,49.99999999996376,45.21925385604005,41.360287244606255,0.0,815.1914322854176,0.3719320327249848,-6.595877164414908,-13.928638575866541,44.419727106470106,5.22543623858446,878.4100000000001,-2.0,-0.6402954968734758,-10322.760120769493,0.0,-0.07899999999999885,-13.55206847360909,-216485.02128748255,118950.66665755371
002594.SZ,20180912,41.52,41.01,42.5,40.71,42.04,0.52,1.2524,55875.93,233559.547,42.17,41.65,43.16,41.34,42.69,1.015568,41.7997,-1,45.67,37.37,41.65,1,1,0.012524084778420042,1,0.72143488356748,0.9666666666666667,1.0,49.99999999996342,50.016933759872344,44.16708264091852,13.351876050737527,825.4009588940019,0.39701104613385346,-7.9128062355750926,-10.194793441130289,44.31795954249378,5.508969771557729,875.22,0.0,-0.6165100338605826,-8490.101832568304,0.0,0.01600000000000108,-6.62188099808057,-123554.27420011791,84307.10367788633
002594.SZ,20180913,42.04,42.71,43.05,42.09,42.92,0.88,2.0932,55448.31,235991.197,42.69,43.37,43.72,42.75,43.59,1.015568,42.5606,-1,46.24,37.84,42.52,1,1,0.020932445290199775,1,0.736328546664584,0.9666666666666667,1.0,49.9999999999626,54.20709618671961,48.646798393275525,34.66180464282244,825.4009588940019,0.37856257744733596,-13.866514770788454,-4.116275001038428,44.25413022424038,5.653584285424956,876.02,0.0,-0.4573018038235694,-6895.4321932103185,0.0,-0.013999999999998635,3.2527881040892623,54140.48126399447,79997.5861901875
002594.SZ,20180914,42.92,44.21,45.45,44.21,44.81,1.89,4.4035,105337.03,470960.344,43.59,44.9,46.16,44.9,45.51,1.015568,44.7099,-1,47.21,38.63,44.39,1,1,0.04403541472506989,1,1.4163096268677235,0.9666666666666667,1.0,49.99999999996199,55.74634647412357,56.68505271231828,72.8996382494955,861.7478324333696,0.34248878923766835,-11.105499238731849,7.428122262544747,44.282566436731976,5.622976982380273,876.9300000000001,0.0,-0.09160520126325811,904.3341801786573,0.0,0.04100000000000144,10.064794816414775,377734.7379296527,122531.4650101111
002594.SZ,20180917,44.81,44.0,45.46,43.5,44.81,0.0,0.0,85194.87,380849.816,45.51,44.68,46.17,44.18,45.51,1.015568,44.7034,-1,49.29,40.33,44.39,1,1,0.0,0,1.1097682656515861,0.9333333333333333,1.0,49.99999999995799,48.038775736425706,56.68505271231828,72.8996382494955,861.7478324333696,0.405980066445183,-12.83056414093904,7.428122262544747,44.30954795926537,5.6688351729021536,834.48,-1.0,0.14332191021168644,3243.982858047156,0.0,-0.031999999999998606,-3.3937703393769567,191559.74485014076,132392.64784440107
002594.SZ,20180918,44.81,44.17,45.34,44.05,45.08,0.27,0.6025,68125.47,305784.416,45.51,44.86,46.05,44.74,45.78,1.015568,44.8855,-1,49.29,40.33,44.66,1,1,0.006025440749832578,1,0.9247753361207669,0.9333333333333333,1.0,49.99999999995846,46.918931408915576,57.779976804905345,100.0,861.7478324333696,0.407877169559413,-11.061416504608083,9.024847475922929,44.34954720508852,5.696894720329079,832.9499999999999,1.0,0.3181048495553147,2423.4863308623244,0.0,0.031000000000001294,-8.17120622568087,339464.0180040067,161974.27215291618
002594.SZ,20180919,45.08,45.1,47.38,44.7,46.96,1.88,4.1704,130011.23,605521.15,45.78,45.8,48.12,45.4,47.69,1.015568,46.5745,-1,49.59,40.57,46.52,1,1,0.04170363797693,1,1.8019488583450132,0.9333333333333333,1.0,49.99999999996028,54.70765172157486,64.50758305050738,100.0,897.685852064575,0.39820895522388106,-3.1518316732798377,19.23526209256441,44.49776531136544,5.69255114613121,831.84,3.0,0.6507960286925053,9737.227894628415,0.0,0.16200000000000117,2.6833631484795006,602539.7331038686,224912.19514590938
002594.SZ,20180920,46.96,46.96,47.5,45.95,45.95,-1.01,-2.1508,82025.3,384946.509,47.69,47.69,48.24,46.67,46.67,1.015568,46.9302,-1,51.66,42.26,45.52,1,1,-0.0215076660988075,0,1.1068514970339456,0.9333333333333333,1.0,49.99999999996213,60.413091073375234,59.06252728562361,76.47649293229485,897.685852064575,0.39271255060728777,-4.23505294122958,12.11918819569316,44.575300251536554,5.694703876543303,833.94,3.0,0.6946714193268757,7720.2516262583395,0.0,0.13650000000000126,10.359774599046453,813811.4850086244,309040.6651262973
002594.SZ,20180921,45.95,47.5,48.75,46.6,47.01,1.06,2.3069,162412.36,771531.286,46.67,48.24,49.51,47.33,47.74,1.015568,47.5045,-1,50.55,41.36,46.57,1,1,0.02306855277475517,1,2.193508076219064,0.9333333333333333,1.0,49.99999999996414,67.70770387494802,62.62792474929605,91.87957713517389,918.3941655180777,0.4599542334096114,-0.12022895881432562,17.5549593111988,44.711591218139226,5.625556700236773,835.54,5.0,0.81784448006451,16328.028038706074,0.0,0.15700000000000108,20.154705629566024,1266195.4435912408,445777.0620498606
002594.SZ,20180925,47.01,47.3,48.65,47.3,48.2,1.19,2.5314,102447.05,493193.076,47.74,48.04,49.41,48.04,48.95,1.015568,48.1413,-1,51.71,42.31,47.75,1,1,0.0253137630291429,1,1.3092704351673137,0.9333333333333333,1.0,49.99999999996605,68.17039358595791,66.18818085683827,100.0,918.3941655180777,0.4699006428988897,-3.172278532881011,23.170753296218567,44.91619595026634,5.62440794017996,839.1700000000001,5.0,0.9989914083836098,13192.8241245439,0.0,0.12350000000000136,19.462505418292217,1519335.891772964,599142.609153161
002594.SZ,20180926,48.2,48.66,48.95,47.78,48.26,0.06,0.1245,99681.82,481689.819,48.95,49.42,49.71,48.52,49.01,1.015568,48.3227,-1,53.02,43.38,47.81,1,1,0.0012448132780082943,1,1.2619911499422323,0.9666666666666667,1.0,49.99999999996734,68.66865706655172,66.36218148691847,100.0,918.3941655180777,0.4966847498493075,-3.310661410427216,23.447502689395535,45.112759883324586,5.62440794017996,842.03,5.0,1.060474388725896,10132.382047608939,0.0,0.07650000000000112,15.58382553384832,1747379.4918457423,763176.4495378155
002594.SZ,20180927,48.26,48.5,48.6,47.5,47.8,-0.46,-0.9532,62774.25,301075.048,49.01,49.26,49.36,48.24,48.54,1.015568,47.9616,-1,53.09,43.43,47.35,1,1,-0.009531703273932934,0,0.7854175612719191,0.9666666666666667,1.0,49.99999999996781,63.89299712431053,63.6574581902145,89.18192649528687,918.3941655180777,0.5042839657282746,-5.013950580176684,19.960273232566465,45.26626562553311,5.628444843934294,845.22,3.0,0.9749438793126977,2898.3701722908118,0.0,-0.0029999999999990477,11.111111111111164,1426413.329970487,857924.5753139114
002594.SZ,20180928,47.8,48.0,49.28,47.9,49.1,1.3,2.7197,76871.14,375320.282,48.54,48.75,50.05,48.65,49.86,1.015568,48.8246,-1,52.58,43.02,48.64,1,1,0.027196652719665426,1,0.9793627304650976,0.9666666666666667,1.0,49.99999999996784,69.55411393930565,67.6680157227288,100.0,943.3714126974397,0.5244798041615668,-7.092891508529782,26.164996689551618,45.496590903944174,5.593318445480632,846.6,5.0,1.024167895607599,-68.97054996827319,0.0,0.07700000000000103,17.87037037037041,1416475.4314161092,937717.5547570826
002594.SZ,20181008,49.1,47.0,47.95,46.42,46.55,-2.55,-5.1935,111389.04,525032.408,49.86,47.73,48.7,47.14,47.27,1.015568,47.135,-1,54.01,44.19,46.11,1,1,-0.05193482688391049,0,1.4322421904228884,0.9666666666666667,1.0,49.99999999996755,67.39590198895044,54.87565539819792,51.37413579751296,894.3775816917681,0.46702997275204355,-2.9582306111329686,8.757052548478525,45.55114598414169,5.643062815348171,850.7,5.0,0.6615427365163966,2400.1079511417083,0.0,0.05250000000000092,18.198700092850558,1032036.1246227282,951191.6361664606
002594.SZ,20181009,46.55,46.61,47.6,46.61,47.09,0.54,1.16,41623.04,196036.934,47.27,47.34,48.34,47.34,47.82,1.015568,47.0982,-1,51.21,41.9,46.65,1,1,0.011600429645542532,1,0.5203073294172879,0.9666666666666667,1.0,49.999999999966825,70.56254759009512,56.74068258690001,53.50255626962086,894.3775816917681,0.4734806629834252,-4.521304669437727,11.479639457949224,45.63283688455422,5.573935328410117,852.79,7.0,0.4526732758671197,-5168.584549572141,0.0,0.11250000000000107,20.54924242424245,1015095.9867687677,960320.8291096473
002594.SZ,20181010,47.09,47.35,47.56,45.45,45.91,-1.18,-2.5058,88215.47,406966.964,47.82,48.09,48.3,46.16,46.62,1.015568,46.1333,-1,51.8,42.38,45.48,1,1,-0.025058398810787974,0,1.112789617833512,0.9666666666666667,1.0,49.99999999996582,65.60752206150765,51.71111030584348,16.109967408989327,871.9659115623077,0.4650027129679866,3.1790840451433118,4.319637246332761,45.64660524439297,5.695635492398749,856.74,5.0,0.13055969303117587,-3768.7674968627034,0.0,0.009000000000000697,12.38532110091748,768580.5143050649,932929.3555661356
002594.SZ,20181011,45.91,44.41,45.18,42.67,42.82,-3.09,-6.7306,119795.39,525829.641,46.62,45.1,45.88,43.33,43.49,1.015568,43.894,-1,50.5,41.32,42.42,1,1,-0.06730559790895219,0,1.4843389002252372,0.9666666666666667,1.0,49.99999999996646,64.18094399941927,41.3696951359303,0.0,813.2777245283821,0.43948717948717936,5.64719007548455,-11.371176035749992,45.52731062600167,6.103419607720132,858.13,5.0,-0.48972843314182746,1271.420023028325,0.0,0.008500000000000795,4.388581167447853,379919.60174359893,853927.9621629162
002594.SZ,20181012,42.82,43.21,46.8,43.21,46.42,3.6,8.4073,129205.13,582234.034,43.49,43.88,47.53,43.88,47.14,1.015568,45.0628,-1,47.1,38.54,45.98,1,1,0.08407286314806162,1,1.5651129011507037,0.9666666666666667,1.0,49.99999999996699,68.45070115071954,53.130025741687206,44.718941526861144,881.6523113640237,0.3726086956521738,17.42603309034031,5.972956482294729,45.572358688945926,5.962236362513997,858.9000000000001,5.0,-0.409393525884826,5496.510256296973,0.0,0.16400000000000076,16.652649285113547,537330.7989643887,808699.795991698
002594.SZ,20181015,46.42,46.58,47.85,46.3,46.93,0.51,1.0987,95431.35,449287.101,47.14,47.31,48.59,47.02,47.66,1.015568,47.0796,-1,51.06,41.78,46.49,1,1,0.010986643688065456,1,1.1011178963511143,0.9666666666666667,1.0,49.99999999996744,69.04307573678005,54.52175088474313,50.01101003923054,881.6523113640237,0.36796908544439666,16.624839618225813,8.107014436384611,45.64224942647619,5.805189252706346,862.6,5.0,-0.2875930349190208,3464.9567073601665,0.0,0.2050000000000008,23.739899961523676,777624.9779807879,804260.5362758538
002594.SZ,20181016,46.93,46.95,47.46,45.28,45.96,-0.97,-2.0669,64697.09,298245.832,47.66,47.68,48.2,45.98,46.68,1.015568,46.0988,-1,51.62,42.24,45.53,1,1,-0.020669081610909856,0,0.7351856371264672,0.9666666666666667,1.0,49.99999999996777,68.39827608253387,51.39586459174185,38.12475181721143,881.6523113640237,0.36987483815278377,14.15539842983551,3.4082200207786975,45.65789610324699,5.556423769293224,866.62,5.0,-0.33443250460820284,-2001.5897650826937,0.0,0.2180000000000007,26.068208545668398,553164.8068794222,768389.7177906493
002594.SZ,20181017,45.96,46.7,47.66,45.88,47.31,1.35,2.9373,110262.62,517523.05,46.68,47.43,48.4,46.59,48.05,1.015568,46.9355,-1,50.56,41.36,46.87,1,1,0.02937336814621405,1,1.2446505272049437,0.9666666666666667,1.0,49.99999999996791,71.48470733628926,55.24196902213209,52.749656923589015,907.5494092826797,0.3525298231180583,17.183540270672797,9.19053964358021,45.74379806326305,5.119487352407868,870.64,7.0,-0.1876406326966058,408.5528671287484,0.0,0.25000000000000033,35.99673868732168,723324.571588682,761951.8397617968
002594.SZ,20181018,47.31,47.0,47.3,45.71,46.18,-1.13,-2.3885,83864.95,389252.607,48.05,47.73,48.04,46.42,46.9,1.015568,46.4142,-1,52.04,42.58,45.75,1,1,-0.023885013739167293,0,0.9082073331854073,0.9666666666666667,1.0,49.99999999996793,67.51852793514715,51.56387556514983,38.763617606581725,907.5494092826797,0.28852327447833037,14.674530390305643,3.7198165338671116,45.76534224652499,4.872855857244065,877.24,5.0,-0.24328740119769332,-1556.6698103533581,0.0,0.15750000000000028,32.28865979381445,426568.80894842185,714039.9782170289
002594.SZ,20181019,46.18,45.08,47.27,44.0,47.02,0.84,1.819,119985.53,548809.979,46.9,45.78,48.01,44.68,47.75,1.015568,45.7397,-1,50.8,41.56,46.58,1,1,0.01818969250757907,1,1.279973370782901,0.9666666666666667,1.0,49.9999999999674,62.518671758376996,54.01494624302078,48.08387313309381,924.0574539729666,0.2656752411575561,23.674718486529628,7.352042096394537,45.82948037603338,4.688001527021844,879.2,5.0,-0.1709055954235872,1821.818808407741,0.0,0.2440000000000005,19.283970707892607,84751.40872021765,624141.611146056
002594.SZ,20181022,47.02,47.61,50.2,47.56,50.01,2.99,6.359,168944.9,830863.889,47.75,48.35,50.98,48.3,50.79,1.015568,49.1796,-1,51.72,42.32,49.54,1,1,0.06358996171841769,1,1.7422836380762252,0.9666666666666667,1.0,49.999999999967855,63.95927418257317,61.48599709911517,76.49272468479624,982.8182320967261,0.28983833718244795,27.35849053061001,18.82618271428533,46.066030465880104,4.632443873832138,883.3,5.0,0.2527331493551883,10007.067061190412,0.0,0.33400000000000035,22.92152292152293,435403.9238157007,597179.0843845768
002594.SZ,20181023,50.01,49.85,49.99,47.3,48.46,-1.55,-3.0994,115358.17,561568.014,50.79,50.63,50.77,48.04,49.21,1.015568,48.6804,-1,55.01,45.01,48.01,1,1,-0.03099380123975204,0,1.1518780723310225,0.9666666666666667,1.0,49.99999999996845,62.749630432213124,56.37293751973467,57.050191985779705,982.8182320967261,0.273519796585543,27.33113221034346,11.304192818524083,46.192915630940746,4.628393028762283,933.31,4.0,0.29428467805877956,7664.701689997575,0.0,0.2240000000000002,25.10873863187028,107829.45981698344,527271.9951606349
002594.SZ,20181024,48.46,48.3,49.74,48.01,48.77,0.31,0.6397,104536.87,511363.113,49.21,49.05,50.51,48.76,49.53,1.015568,48.917,-1,53.31,43.61,48.31,1,1,0.006397028477094668,1,1.0283387420120975,0.9666666666666667,1.0,49.99999999996911,63.53339902641424,57.14059146374868,59.969214671963556,982.8182320967261,0.2731229597388465,27.177622088359726,12.470681522106371,46.330937743001726,4.6240956578724,937.27,4.0,0.33090411728335845,4287.532980352735,0.0,0.20200000000000068,25.579567779960705,327322.01950274734,498707.7129237938
002594.SZ,20181025,48.77,47.35,49.75,46.89,49.6,0.83,1.7019,110847.35,534735.63,49.53,48.09,50.52,47.62,50.37,1.015568,48.2407,-1,53.65,43.89,49.13,1,1,0.01701865901168742,1,1.0712307179297047,0.9666666666666667,1.0,49.9999999999688,57.72310154312279,59.21008192369895,88.68621489386369,999.5444804592497,0.28393665158371034,24.48821317567587,15.599047735898406,46.5108903543819,4.627728082892047,939.46,4.0,0.4281287398101128,2615.654548239898,0.0,0.2215000000000007,13.656746840603354,74499.11639882112,438106.4848487977
002594.SZ,20181026,49.6,49.99,50.14,47.98,48.62,-0.98,-1.9758,76780.49,375759.895,50.37,50.77,50.92,48.73,49.38,1.015568,48.9395,-1,54.56,44.64,48.16,1,1,-0.01975806451612916,0,0.7489432072030827,0.9666666666666667,1.0,49.99999999996842,57.698719934647286,55.78502678158471,71.65994859311675,999.5444804592497,0.2842582106455265,24.85244631684107,10.682422847556488,46.62205290944293,4.644442144869161,942.1,4.0,0.326247106724719,-3059.274970570019,0.0,0.20350000000000038,13.089864587607707,211009.7629135335,405664.0960009028
002594.SZ,20181029,48.62,48.63,48.98,46.9,47.38,-1.24,-2.5504,69283.76,330502.208,49.38,49.39,49.74,47.63,48.12,1.015568,47.7027,-1,53.48,43.76,46.94,1,1,-0.025503907856848973,0,0.6775506977691782,0.9666666666666667,1.0,49.999999999968026,52.10731585183111,51.70916260297624,51.39845030149354,999.5444804592497,0.2823397075365578,22.210293111797018,4.748619736776481,46.659859533999764,4.790998815591399,945.1300000000001,2.0,0.07098156517410859,-7547.490221433523,0.0,0.16550000000000048,3.212520593080697,-4046.0472971035633,347134.07552975905
002594.SZ,20181030,47.38,47.45,47.74,44.88,46.53,-0.85,-1.794,96486.76,446449.785,48.12,48.19,48.48,45.58,47.25,1.015568,46.2706,-1,52.12,42.64,46.09,1,1,-0.017940059096665295,0,0.9885961770781008,0.9666666666666667,1.0,49.999999999967486,47.010018882096,49.06287538909113,38.243511492521,981.6125934100652,0.28598556779339146,26.02058680407713,0.8474657001691656,46.65362334118982,5.037338693156367,945.8599999999999,0.0,-0.21742460073531866,-6610.502635427361,0.0,0.0745000000000001,-7.578124999999986,-295240.57272524154,255366.26863618757
002594.SZ,20181031,46.53,46.44,47.45,46.1,46.79,0.26,0.5588,61159.22,286724.573,47.25,47.16,48.19,46.82,47.52,1.015568,46.8817,-1,51.18,41.88,46.35,1,1,0.005587792821835302,1,0.6285520684744889,0.9666666666666667,1.0,49.99999999996707,45.85858604952577,49.90734233121291,6.797542210669874,981.6125934100652,0.28382962683754226,25.246342940052887,2.0223701162236205,46.660248803075696,5.23904875777517,944.18,0.0,-0.36931317184594703,-10288.260739913576,0.0,0.1120000000000001,-4.5558086560364615,-134382.25236392696,199687.90849331408
002594.SZ,20181101,46.79,47.23,47.5,44.98,45.7,-1.09,-2.3296,109019.61,506616.966,47.52,47.97,48.24,45.68,46.41,1.015568,46.4703,-1,51.47,42.11,45.27,1,1,-0.023295575977772986,0,1.14305524977629,0.9666666666666667,1.0,49.999999999966846,44.85708473003751,46.431956360945605,0.0,958.7453626595423,0.27724594992636226,28.72443671363517,-3.047393951750684,46.61591612502193,5.578166325989387,943.0799999999999,0.0,-0.5991388623250955,-6024.490155493458,0.0,0.07050000000000053,-7.26669125783846,-328905.48773732735,124174.56617465105
002594.SZ,20181102,45.7,46.45,48.15,45.7,48.02,2.32,5.0766,139156.35,653896.214,46.41,47.17,48.9,46.41,48.77,1.015568,46.99,-1,50.27,41.13,47.57,1,1,0.05076586433260388,1,1.4244994369517272,0.9666666666666667,1.0,49.999999999966576,46.503151910138776,53.80548223099139,48.98037675260296,1007.4168996698297,0.2672107877927608,30.328065597191742,7.275997424890955,46.687642076525016,5.648685054720169,940.98,0.0,-0.4291641609706325,744.9300156231766,0.0,0.09400000000000049,-7.108655616942912,-39713.40544242854,100761.99880078255
002594.SZ,20181105,48.02,48.0,49.12,47.2,48.25,0.23,0.479,110088.11,530983.606,48.77,48.75,49.88,47.93,49.0,1.015568,48.2326,-1,52.82,43.22,47.8,1,1,0.0047896709704289275,1,1.0921206054182107,0.9666666666666667,1.0,49.99999999996591,52.05420778798323,54.47451674339997,53.42459557760082,1007.4168996698297,0.2911832946635731,29.476574290997927,8.235347359462681,46.768167006309355,5.5837533964181025,939.0799999999999,2.0,-0.2832923569744168,1171.6337477431744,0.0,0.12900000000000061,3.8645564961354353,261234.73528698692,123686.6754416689
002594.SZ,20181106,48.25,48.17,48.18,46.9,47.63,-0.62,-1.285,55657.95,263813.779,49.0,48.92,48.93,47.63,48.37,1.015568,47.3991,-1,53.08,43.43,47.18,1,1,-0.012849740932642462,0,0.5525069272387688,1.0,1.0,49.99999999996524,49.63054470447776,52.276586803752934,38.82432992218662,1007.4168996698297,0.29028527370855833,29.074509149735118,5.148409853660556,46.81131956290268,5.610063776599931,940.78,0.0,-0.2680189710031893,-5639.270178964321,0.0,0.07800000000000047,1.6570605187319956,50867.85477454495,113283.98677493692
002594.SZ,20181107,47.63,46.6,48.05,46.59,47.25,-0.38,-0.7978,69529.11,328618.537,48.37,47.33,48.8,47.32,47.99,1.015568,47.2634,-1,52.39,42.87,46.81,1,1,-0.007978165022044958,0,0.6854287839520978,1.0,1.0,49.99999999996449,50.04729681236906,50.92049325143652,29.816160116467707,999.3795613982669,0.2995226730310265,23.983365412966965,3.2485954484021398,46.8328877243222,5.557446502578775,941.27,0.0,-0.3041594513868311,-7899.013138570557,0.0,0.18250000000000063,4.868078781122271,-202000.41146591795,68243.35845481479
002594.SZ,20181108,47.25,47.68,49.55,47.68,48.98,1.73,3.6614,142158.55,691476.023,47.99,48.42,50.32,48.42,49.74,1.015568,48.6412,-1,51.98,42.53,48.52,1,1,0.03661375661375654,1,1.4144491021502208,1.0,1.0,49.999999999963485,56.33585728589398,56.45826834420923,66.60213133236635,1035.9706014240658,0.29394449116904986,18.791440128390324,10.958350252070796,46.94633536047228,4.78725550209012,942.61,2.0,-0.10062682122321065,329.91865319034787,0.0,0.3270000000000003,21.81037846273899,40249.92475607456,64244.29649785191
002594.SZ,20181109,48.98,48.8,50.89,48.33,50.0,1.02,2.0825,146773.06,733720.348,49.74,49.56,51.68,49.08,50.78,1.015568,49.9901,-1,53.88,44.08,49.53,1,1,0.020824826459779677,1,1.4442941329832002,1.0,1.0,49.999999999963144,56.97071633165571,59.3691827418865,100.0,1057.5445094161555,0.3250000000000002,11.772510025793686,15.154422535950477,47.11378440246432,4.629061612780102,948.1199999999999,2.0,0.1520670208560131,6019.714551531972,0.0,0.22650000000000042,20.946745562130204,348928.89891828736,104913.52541505697
002594.SZ,20181112,50.0,49.98,52.1,49.7,51.61,1.61,3.22,133711.84,686089.554,50.78,50.76,52.91,50.47,52.41,1.015568,51.3111,-1,55.0,45.0,51.13,1,1,0.032200000000000006,1,1.304491883939966,1.0,1.0,49.999999999964146,57.97842004356707,63.51532849560767,100.0,1057.5445094161555,0.3632286995515697,14.366250827839492,21.315294531460218,47.37352712603193,4.522343358225105,951.52,2.0,0.4972857811987099,7549.993023312487,0.0,0.2905000000000005,15.192551840880313,680382.0329063516,187123.31219952763
002594.SZ,20181113,51.61,50.62,52.45,50.5,51.0,-0.61,-1.1819,105875.44,544505.063,52.41,51.41,53.27,51.29,51.79,1.015568,51.4288,-1,56.77,46.45,50.52,1,1,-0.011819414842084819,0,1.0139857673574644,1.0,1.0,49.9999999999653,61.88718743112773,60.97646195964449,85.13837598367459,1057.5445094161555,0.38514129443938044,12.020169079984855,17.900924850979653,47.577129271645184,4.298437605484164,956.51,2.0,0.5979165877029551,4489.903927734385,0.0,0.3590000000000007,23.109782144382777,940539.8898520833,294754.25186417846
002594.SZ,20181114,51.0,50.93,52.8,50.88,51.9,0.9,1.7647,102128.68,532606.599,51.79,51.72,53.62,51.67,52.71,1.015568,52.1505,-1,56.1,45.9,51.41,1,1,0.01764705882352935,1,0.9591886216913433,1.0,1.0,49.99999999996662,61.93147337821007,63.306927873260854,98.78009668873295,1057.5445094161555,0.4094927873429503,11.599731695528726,21.339213533258448,47.82690724039972,4.220431039405437,961.51,2.0,0.7313357419157687,1777.5319928331082,0.0,0.37700000000000067,22.380336351875847,1176392.3506082175,420702.5516847555
002594.SZ,20181115,51.9,51.66,52.29,51.36,51.81,-0.09,-0.1734,69457.86,359591.469,52.71,52.46,53.1,52.16,52.62,1.015568,51.7712,-1,57.09,46.71,51.32,1,1,-0.001734104046242746,0,0.654846847995191,1.0,1.0,49.99999999996733,62.10756920880845,62.902381895361096,96.41202805034665,1057.5445094161555,0.4303178484107582,7.847947882958965,20.806650141920773,48.05604252301489,4.005642696128958,966.49,2.0,0.7502861082790766,-4270.493772960403,0.0,0.425500000000001,21.59383033419028,819300.0600183555,477645.0528752698
002594.SZ,20181116,51.81,52.0,52.7,50.89,51.55,-0.26,-0.5018,113240.88,586888.029,52.62,52.81,53.52,51.68,52.35,1.015568,51.8265,-1,56.99,46.63,51.07,1,1,-0.005018336228527431,0,1.0749323754941416,1.0,1.0,49.99999999996792,61.911387667765894,61.67621417561347,89.23447721271229,1052.237395491272,0.39859084046300963,-0.033136280278050975,19.215503869458832,48.25439199973738,3.8949480905746805,975.19,0.0,0.6730881870224659,-2324.2509965525624,0.0,0.3060000000000006,28.41628959276023,396690.8337201192,466080.164424534
002594.SZ,20181119,51.55,51.72,55.3,51.58,54.7,3.15,6.1106,162487.77,875664.702,52.35,52.53,56.16,52.38,55.55,1.015568,53.8911,-1,56.71,46.4,54.19,1,1,0.061105722599418044,1,1.5473589175740141,1.0,1.0,49.999999999969205,62.06981765095214,69.44690867219006,100.0,1116.535121888896,0.5202196704942585,4.856712206342723,30.833441289780783,48.65596394063228,3.8949480905746805,979.72,0.0,0.9733755874898469,5233.299440811497,0.0,0.33500000000000085,25.165562913907323,536394.3633515621,476125.04998553806
002594.SZ,20181120,54.7,54.0,56.98,53.4,55.4,0.7,1.2797,173210.8,959224.885,55.55,54.84,57.87,54.23,56.26,1.015568,55.379,-1,60.17,49.23,54.88,1,1,0.01279707495429605,1,1.6545605425680252,1.0,1.0,49.99999999997057,68.69368070081832,70.86087822762877,100.0,1130.823505532812,0.6308654848800833,7.892974319237192,33.084524062919506,49.08335766883425,3.832794381469834,983.11,2.0,1.1795968402098813,10982.796287891286,0.0,0.4745000000000008,32.59911894273134,885002.2949174289,534536.0849758082
002594.SZ,20181121,55.4,54.76,56.0,54.1,55.0,-0.4,-0.722,94100.96,516953.989,56.26,55.61,56.87,54.94,55.86,1.015568,54.9361,-1,60.94,49.86,54.48,1,1,-0.0072202166064981865,0,0.8747107012177402,1.0,1.0,49.99999999997131,63.89314950725893,68.89868194377729,90.15968705622164,1130.823505532812,0.6279190451478983,7.979178335252394,30.529226928767116,49.45111707335858,3.795916425009452,991.1,0.0,1.1729613948483566,3806.762237879546,0.0,0.46300000000000063,24.858511101436733,486067.4787735306,527611.9983754829
002594.SZ,20181122,55.0,54.65,56.96,54.65,55.3,0.3,0.5455,102001.86,570471.566,55.86,55.5,57.85,55.5,56.16,1.015568,55.9276,-1,60.5,49.5,54.78,1,1,0.005454545454545379,1,0.9527743805322227,1.0,1.0,49.99999999997176,69.00264274744458,69.57906643051402,93.57178009027824,1136.9916337448092,0.6456776947705444,4.832500292682416,31.56656390082564,49.81755394446163,3.7917020004040887,998.8599999999999,0.0,1.1199306489193979,2.4033199754612724,0.0,0.38300000000000056,34.15168785620349,583122.5184158371,535542.072666962
002594.SZ,20181123,55.3,55.3,55.67,53.31,54.0,-1.3,-2.3508,95170.96,515611.648,56.16,56.16,56.54,54.14,54.84,1.015568,54.1774,-1,60.83,49.77,53.49,1,1,-0.023508137432188048,0,0.8926563394145124,1.0,1.0,49.999999999971806,64.66501114103808,63.13375361357989,61.24886945124353,1136.9916337448092,0.6348373557187831,5.198665665131118,23.17688327614801,50.06287807283869,3.782861904637736,1004.39,0.0,0.8338311140477495,-3369.527761754476,0.0,0.3865000000000009,23.243712055507466,271130.0739042964,497768.92998658126
002594.SZ,20181126,54.0,53.91,55.3,53.48,54.16,0.16,0.2963,82746.26,449937.036,54.84,54.75,56.16,54.31,55.0,1.015568,54.3755,-1,59.4,48.6,53.65,1,1,0.002962962962962834,1,0.7694822902574401,1.0,1.0,49.99999999997172,63.96970782892031,63.58090630651504,63.49131709440099,1136.9916337448092,0.6729699666295887,3.660750889902599,23.80634845224505,50.30442555139367,3.630111481331136,1008.8900000000001,2.0,0.6010934965066284,-6999.945914505619,0.0,0.4615000000000009,27.615626403233136,-66505.72492521862,417158.2649991813
002594.SZ,20181127,54.16,54.55,57.4,54.55,57.25,3.09,5.7053,159156.1,898849.519,55.0,55.4,58.29,55.4,58.14,1.015568,56.476,-1,59.58,48.74,56.71,1,1,0.05705317577548019,1,1.470833493922819,1.0,1.0,49.99999999997185,69.281996289906,70.91732973144616,100.0,1201.8606172801021,0.6142433234421371,3.178588032075624,34.685698792589235,50.74988724097771,3.279725279397655,1015.3100000000001,4.0,0.7866040817525857,752.3136738189132,0.0,0.6425000000000012,45.950782997762936,147663.5396225839,378659.0185168103
002594.SZ,20181128,57.25,57.25,58.68,56.31,57.65,0.4,0.6987,120959.46,695702.141,58.14,58.14,59.59,57.19,58.55,1.015568,57.5153,-1,62.98,51.53,57.11,1,1,0.00698689956331866,1,1.086381857464133,1.0,1.0,49.999999999972154,70.3414185204771,71.71174504585335,100.0,1201.8606172801021,0.672888015717093,7.143798628612851,35.93222587123749,51.196528996261726,2.9468198335739437,1025.52,4.0,0.8794079051159995,603.0785945434982,0.0,0.645000000000001,47.22586282219319,420133.49155209726,384583.94323613704
002594.SZ,20181129,57.65,57.85,59.1,57.1,57.65,0.0,0.0,104920.41,609939.043,58.55,58.75,60.02,57.99,58.55,1.015568,58.1335,-1,63.42,51.89,57.11,1,1,0.0,0,0.9176852934347393,0.9666666666666667,1.0,49.99999999996922,74.79012993209086,71.71174504585335,100.0,1201.8606172801021,0.6953814218993257,4.329630089780398,35.93222587123749,51.61425979537298,2.2293525458834975,978.02,5.0,0.8561815168322955,-1664.1203943870787,0.0,0.7115000000000006,56.382978723404364,673297.8675512504,425828.7895668675
002594.SZ,20181130,57.65,57.43,58.4,56.42,57.0,-0.65,-1.1275,89648.39,514882.194,58.55,58.32,59.31,57.3,57.89,1.015568,57.4335,-1,63.42,51.89,56.47,1,1,-0.011274934952298366,0,0.7855169075123888,0.9666666666666667,1.0,49.99999999996888,70.14902450573419,68.20078848640875,67.29516556526615,1201.8606172801021,0.7107954545454549,1.9436790190614524,31.41627970909932,51.951295005454796,2.059580434435483,990.72,3.0,0.6765328315930228,-5038.274820389763,0.0,0.6115000000000006,50.13309671694773,358850.82710771356,416260.5092155598
002594.SZ,20181203,57.0,58.35,58.92,55.58,56.08,-0.92,-1.614,194258.36,1110534.662,57.89,59.26,59.84,56.45,56.95,1.015568,57.1679,-1,62.7,51.3,55.55,1,1,-0.01614035087719301,0,1.7398677385731267,0.9666666666666667,1.0,49.999999999968466,62.636954041485716,63.464631573483096,17.820854930287116,1182.4621652117214,0.6839803171131768,7.494248458435088,25.2183700858381,52.197480581636796,1.9983557577396993,1002.4399999999999,1.0,0.3722556683278082,6383.291600157147,0.0,0.4855000000000004,40.95063985374779,-187365.52199870395,330028.21904209355
002594.SZ,20181204,56.08,55.4,56.84,55.11,56.32,0.24,0.428,118279.68,663603.374,56.95,56.26,57.72,55.97,57.2,1.015568,56.1046,-1,61.69,50.47,55.79,1,1,0.004279600570613384,1,1.0208868508114572,0.9666666666666667,1.0,49.999999999968054,60.68931872323326,64.16377620093621,24.787547938291425,1182.4621652117214,0.6984924623115578,8.83922127359016,26.174468204845112,52.445174246054,1.7683656304986428,1009.3000000000001,3.0,0.15302303527259742,3415.751498831498,0.0,0.5585000000000004,33.97046046915731,-640942.5365528411,191318.11109996005
002594.SZ,20181205,56.32,55.65,58.15,55.14,57.93,1.61,2.8587,156248.38,887736.695,57.2,56.52,59.06,56.0,58.83,1.015568,56.8157,-1,61.95,50.69,57.39,1,1,0.028586647727272707,1,1.3131128773659237,0.9666666666666667,1.0,49.999999999967805,64.79964003931298,68.51627765518892,68.15846184938246,1216.264794579457,0.5966562173458728,14.067013302344042,32.28763891703058,52.790685983606785,1.266572630509283,1016.39,5.0,0.17309883146583704,6120.887539538186,0.0,0.6400000000000006,39.300582847627,-397604.99591315864,107186.23866951454
002594.SZ,20181206,57.93,57.51,57.8,54.88,55.35,-2.58,-4.4537,135824.84,759428.435,58.83,58.41,58.7,55.73,56.21,1.015568,55.9123,-1,63.72,52.14,54.83,1,1,-0.04453650958052824,0,1.1013409617383605,0.9666666666666667,1.0,49.999999999967564,59.32209743106082,56.6436594727044,0.0,1216.264794579457,0.5387693846923465,16.60966151448701,16.074503861424844,52.932148414406036,1.5439758475146665,1027.07,3.0,-0.19307044151607844,4772.875962200673,0.0,0.46700000000000086,33.18758198513337,-715428.5819918944,-10330.164282115307
002594.SZ,20181207,55.35,55.9,57.9,55.55,56.89,1.54,2.7823,126354.19,718653.311,56.21,56.77,58.8,56.41,57.78,1.015568,56.8761,-1,60.89,49.82,56.36,1,1,0.027822944896115587,1,1.0271854954478756,0.9666666666666667,1.0,49.99999999996682,59.28392994361498,60.98901535815241,28.838141808746776,1216.264794579457,0.45831301803998065,14.217584604514048,22.07518980638328,53.162222454185496,1.5953028464629,1034.0900000000001,3.0,-0.25583784624285055,2342.1923286908386,0.0,0.45650000000000085,31.171171171171153,-407413.8713182607,-67056.40814442179
002594.SZ,20181210,56.89,56.02,56.55,55.05,55.39,-1.5,-2.6367,115499.23,642323.334,57.78,56.89,57.43,55.91,56.25,1.015568,55.6128,-1,62.58,51.2,54.87,1,1,-0.02636667252592728,0,0.9467991564758428,0.9666666666666667,1.0,49.99999999996557,54.361502135396,55.18717085815372,0.0,1216.264794579457,0.4215686274509806,9.618525377683731,13.737287896099485,53.28288025232681,1.872492444130342,1041.28,1.0,-0.5125767565534005,-821.693912694398,0.0,0.3435000000000006,18.93597835888184,-728725.416448378,-161580.5521878441
002594.SZ,20181211,55.39,55.72,57.34,55.7,56.16,0.77,1.3901,111477.8,630306.945,56.25,56.59,58.23,56.57,57.03,1.015568,56.541,-1,60.93,49.85,55.63,1,1,0.013901426250225501,1,0.9207066202668613,0.9666666666666667,1.0,49.999999999964345,54.650607193281836,57.426108320806,13.549138617555878,1216.264794579457,0.3998054474708173,7.631590313421151,16.80764338277622,53.4429133844486,1.9756405805967074,1044.22,3.0,-0.5865341109479125,-3405.2085522589696,0.0,0.34650000000000036,18.899413622011714,-488998.33501611464,-208354.52116331132
002594.SZ,20181212,56.16,56.7,58.48,56.6,58.25,2.09,3.7215,131204.08,756589.988,57.03,57.58,59.39,57.48,59.16,1.015568,57.6651,-1,61.78,50.54,57.7,1,1,0.03721509971509973,1,1.0811267843480799,0.9666666666666667,1.0,49.99999999996338,55.40600834898609,62.85139132282603,46.38074408221251,1261.5282101896967,0.37747126436781625,6.840037173237778,24.48691006967891,53.72787498407113,1.9756405805967074,1049.5,3.0,-0.3722350980742277,-2450.7175034749853,0.0,0.3755000000000003,21.587440034888743,-146555.15400669118,-199526.04014093702
002594.SZ,20181213,58.25,58.25,58.56,57.12,58.4,0.15,0.2575,101065.04,585047.648,59.16,59.16,59.47,58.01,59.31,1.015568,57.8882,-1,64.08,52.43,57.85,1,1,0.0025751072961373023,1,0.8229220248977519,0.9666666666666667,1.0,49.99999999996274,58.71286362773212,63.2137132806563,48.573369161168976,1261.5282101896967,0.3764328289775334,8.676167423374359,25.009862087639117,54.00599960497468,1.975260019662955,1054.33,5.0,-0.23526062354642363,-5687.69980471429,0.0,0.3754999999999999,26.06800348735826,149953.62749615777,-149600.37333563776
002594.SZ,20181214,58.4,58.37,58.99,56.9,57.3,-1.1,-1.8836,92911.18,537878.635,59.31,59.28,59.91,57.79,58.19,1.015568,57.8917,-1,64.24,52.56,56.76,1,1,-0.018835616438356184,0,0.746917832384514,0.9666666666666667,1.0,49.999999999962164,58.92096180474604,58.69283032004382,21.214824794091214,1261.5282101896967,0.3320088300220753,9.117299332283096,18.666138759388403,54.192135942093515,2.0140266551773527,1060.62,5.0,-0.31294005291767935,-8563.079367544913,0.0,0.34450000000000003,30.043668122270674,-79791.69097618107,-139627.70442714397
002594.SZ,20181217,57.3,56.67,57.0,54.0,54.89,-2.41,-4.2059,142955.98,786141.531,58.19,57.55,57.89,54.84,55.74,1.015568,54.9919,-1,63.03,51.57,54.37,1,1,-0.04205933682373464,0,1.158698992300283,0.9666666666666667,1.0,49.999999999962014,52.94291913962882,50.21884474773991,0.0,1208.469170284685,0.2642628936558651,4.841678502637722,6.233528581145343,54.22743906654178,2.4212544329442474,1066.37,3.0,-0.6875773321893104,-3613.3591642785377,0.0,0.10649999999999978,5.948275862068925,-457272.29330460774,-185005.5028382102
002594.SZ,20181218,54.89,54.05,56.1,53.98,55.04,0.15,0.2733,91365.2,504509.55,55.74,54.89,56.97,54.82,55.9,1.015568,55.219,-1,60.38,49.4,54.52,1,1,0.0027327382036801406,1,0.7464495541484097,0.9666666666666667,1.0,49.99999999996216,47.57509888535202,50.69598260426959,2.2199789228611517,1208.469170284685,0.2710674157303372,-1.9102090138402827,6.872766923081146,54.268791749995245,2.7418183370800335,1066.95,3.0,-0.9003893669416505,-6982.5455133408,0.0,0.08599999999999994,-6.01436265709161,-763938.5051678208,-267710.217456726
002594.SZ,20181219,55.04,55.21,55.95,53.38,53.5,-1.54,-2.798,113363.1,617053.242,55.9,56.07,56.82,54.21,54.33,1.015568,54.4316,-1,60.54,49.54,53.0,1,1,-0.027979651162790664,0,0.9582078783935595,0.9666666666666667,1.0,49.999999999962846,47.230433344060486,45.83837668938621,0.0,1174.6566244591324,0.25733333333333347,1.1485048684431438,-0.4607997825920365,54.232351313838926,3.3183507699745745,1066.9,3.0,-1.2142680491947302,-5980.813093966809,0.0,-0.0115000000000002,-4.383561643835655,-1120154.8528834342,-389488.0225176843
002594.SZ,20181220,53.5,53.51,54.34,52.83,53.87,0.37,0.6916,104322.25,560669.532,54.33,54.34,55.19,53.65,54.71,1.015568,53.744,-1,58.85,48.15,53.36,1,1,0.006915887850467151,1,0.8746691607167824,0.9666666666666667,1.0,49.999999999963805,43.03453501968269,47.14867534979616,5.777865695708885,1174.6566244591324,0.27780239255649125,-2.4393801425249437,1.2528813816751763,54.214880306887196,3.744096458049609,1065.08,3.0,-1.3284882706425618,-6239.99548081884,0.0,-0.026000000000000155,-15.654101995565455,-1461239.735992495,-542595.410156943
002594.SZ,20181221,53.87,53.61,54.19,51.92,52.98,-0.89,-1.6521,103208.9,545598.258,54.71,54.44,55.03,52.73,53.8,1.015568,52.8635,-1,59.26,48.48,52.48,1,1,-0.01652125487284206,0,0.864493569457486,0.9666666666666667,1.0,49.9999999999651,42.93778772269637,44.36817378446201,0.0,1174.6566244591324,0.32400722021660666,-2.59071100910227,-2.9393131718722367,54.15780491129814,4.24330477960681,1063.6,3.0,-1.4693714434627134,-6249.856799485668,0.0,0.007499999999999574,-14.01446654611216,-1749689.8836648054,-715037.4778009234
002594.SZ,20181224,52.98,52.73,53.44,52.08,53.21,0.23,0.4341,81600.71,431280.133,53.8,53.55,54.27,52.89,54.04,1.015568,52.8525,-1,58.28,47.68,52.71,1,1,0.004341260853152118,1,0.6812068758737462,0.9666666666666667,1.0,49.99999999996649,42.994193375183045,45.26649045103366,3.720029826692191,1174.6566244591324,0.322986954565902,-4.516050713330601,-1.7928358300399776,54.11348051485769,4.658762683092662,1062.2,3.0,-1.4732805472436845,-8704.552486517732,0.0,0.018999999999999774,-15.466666666666697,-1953633.2118353476,-891979.725520127
002594.SZ,20181225,53.21,52.6,52.99,50.88,52.22,-0.99,-1.8606,112456.35,584096.975,54.04,53.42,53.81,51.67,53.03,1.015568,51.9399,-1,58.53,47.89,51.73,1,1,-0.018605525277203605,0,0.9392404303360821,0.9666666666666667,1.0,49.99999999996807,37.18581124952605,42.11419654660754,0.0,1152.8015209407233,0.40834575260804773,-7.437161703282061,-6.510539069460496,54.02918505170697,5.225247255554658,1061.25,1.0,-1.5434892318338218,-5846.866220301229,0.0,-0.1350000000000005,-31.388888888888935,-2241320.167916895,-1084742.6458625225
002594.SZ,20181226,52.22,52.24,52.68,51.0,51.0,-1.22,-2.3363,77390.62,401148.28,53.03,53.05,53.5,51.79,51.79,1.015568,51.8342,-1,57.44,47.0,50.52,1,1,-0.023362696284948248,0,0.6592260694282492,0.9666666666666667,1.0,49.99999999996935,32.62626277263982,38.551337455461535,0.0,1152.8015209407233,0.3923627684964201,-10.047265654398558,-11.994546852333242,53.902239907352865,5.944006730520689,1057.6200000000001,-1.0,-1.6774109551592726,-8209.855967211357,0.0,-0.21700000000000053,-43.92059553349885,-2375429.6996018966,-1269126.5106824331
002594.SZ,20181227,51.0,52.11,52.45,50.76,50.84,-0.16,-0.3137,100761.5,519075.086,51.79,52.92,53.27,51.55,51.63,1.015568,51.5152,-1,56.1,45.9,50.36,1,1,-0.0031372549019607066,0,0.8745311686370644,0.9666666666666667,1.0,49.9999999999699,28.090508957191204,38.09614402837122,0.0,1149.1848887181643,0.38986262434865027,-10.706199066392937,-12.701480789014624,53.77494037907635,6.611363948364741,1110.07,-2.0,-1.7051297726398489,-6243.904684978858,0.0,-0.2705000000000002,-50.40816326530623,-2586910.415287189,-1457381.3541973983
002594.SZ,20181228,50.84,50.86,51.4,50.11,51.0,0.16,0.3147,82507.06,419993.12,51.63,51.65,52.2,50.89,51.79,1.015568,50.9039,-1,55.92,45.76,50.52,1,1,0.0031471282454760274,1,0.7173916300289883,0.9666666666666667,1.0,49.99999999996973,28.299110726577766,38.873413057678455,3.0945232856739198,1149.1848887181643,0.4306498545101846,-13.393022775235849,-11.756509807969962,53.65833541520754,7.188503203688617,1101.78,0.0,-1.6200999595061136,-6966.345680335305,0.0,-0.24200000000000016,-51.278195488721906,-2709367.3335301434,-1636236.4941020762
002594.SZ,20190102,51.0,51.02,51.39,48.98,49.17,-1.83,-3.5882,85554.45,424670.6,51.79,51.81,52.19,49.74,49.94,1.015568,49.6375,-1,56.1,45.9,48.71,1,1,-0.035882352941176476,0,0.7462051326343341,0.9666666666666667,1.0,49.999999999969916,29.900753041666604,33.66663399843663,0.0,1107.9494309465126,0.46493265211333074,-16.285361758396213,-19.84769882884048,53.48702569522806,7.987072578008421,1094.25,0.0,-1.7191606587909123,-6601.203559483076,0.0,-0.22100000000000009,-51.976284584980334,-2813356.1878240798,-1804396.4503480766
002594.SZ,20190103,49.17,49.26,49.87,47.98,48.06,-1.11,-2.2575,83477.6,407386.244,49.94,50.03,50.65,48.73,48.81,1.015568,48.8019,-1,54.09,44.25,47.61,1,1,-0.022574740695546103,0,0.7643242096115217,0.9666666666666667,1.0,49.999999999970356,30.557301716395585,30.95802512276799,0.0,1107.9494309465126,0.49151785714285773,-14.045497854961013,-24.280571734867806,53.29134413197909,8.899517416421185,1089.01,-2.0,-1.8325970484979508,-6212.515337805142,0.0,-0.32699999999999996,-50.60975609756108,-2903207.006787427,-1961369.3869822696
002594.SZ,20190104,48.06,47.8,51.0,47.51,50.65,2.59,5.3891,126537.87,627892.541,48.81,48.54,51.79,48.25,51.44,1.015568,49.6209,-1,52.87,43.25,50.17,1,1,0.05389096962130657,1,1.1773437292034812,0.9666666666666667,1.0,49.99999999997058,28.966111069746574,42.568683346353644,41.86313241070133,1167.6579000715951,0.4910179640718568,-9.711566564974776,-9.41747956324771,53.177410984924094,9.381193014935993,1081.3799999999999,-2.0,-1.4726697478445363,-54.193876318024195,0.0,-0.29849999999999993,-52.00000000000006,-2455350.1376748616,-2031938.0656526398
002594.SZ,20190107,50.65,50.85,51.88,50.0,51.39,0.74,1.461,136045.5,693197.812,51.44,51.64,52.69,50.78,52.19,1.015568,50.9534,-1,55.72,45.59,50.91,1,1,0.01461006910167817,1,1.2835462257857966,0.9666666666666667,1.0,49.99999999997039,35.23258539103098,45.39420728366081,73.13918967766753,1184.7174626787616,0.5329619312906226,-13.58536880320739,-5.618607091173624,53.0970784428014,9.706654532645667,1073.45,0.0,-1.0676840843832807,5115.213855732394,0.0,-0.16350000000000015,-33.7338262476895,-1801598.5287545081,-1999032.4175243354
002594.SZ,20190108,51.39,52.3,53.64,52.05,52.88,1.49,2.8994,147051.57,777381.422,52.19,53.11,54.48,52.86,53.7,1.015568,52.8645,-1,56.53,46.25,52.38,1,1,0.02899396769799578,1,1.3872406102961468,0.9666666666666667,1.0,49.99999999997019,35.57084353795443,50.658081266561716,99.80797740727027,1219.0671225229212,0.5342019543973946,-16.102002223871892,1.6207881868877987,53.08657383210813,9.92597901780148,1069.49,0.0,-0.5575267660002452,9573.395998522421,0.0,-0.184,-25.716768027801926,-1118615.5851014326,-1873258.5843210637
002594.SZ,20190109,52.88,51.8,53.0,48.5,50.46,-2.42,-4.5764,262205.3,1327590.6,53.7,52.61,53.83,49.26,51.25,1.015568,50.6317,-1,58.17,47.59,49.99,1,1,-0.04576399394856279,0,2.4496514429932765,0.9666666666666667,1.0,49.999999999969674,33.563095341441056,43.3490454912361,62.89840129400726,1163.2777421048904,0.5122713074520308,-0.6197961151216086,-9.03842873589292,52.97280369743682,10.334710178993063,1065.6000000000001,0.0,-0.5059765962287837,26623.19144654482,0.0,-0.21949999999999967,-32.19666931007137,-1305760.08353556,-1792187.3699231348
002594.SZ,20190110,50.46,49.9,50.19,48.64,48.85,-1.61,-3.1906,153455.9,757175.097,51.25,50.68,50.97,49.4,49.61,1.015568,49.3415,-1,55.51,45.41,48.39,1,1,-0.03190646056282198,0,1.3417131823379838,0.9666666666666667,1.0,49.99999999996922,28.091130592870954,39.287757515260466,42.282785042298784,1163.2777421048904,0.4937634408602154,-0.9645933869651664,-15.262910370885635,52.80644446580208,10.941209360813943,1060.6699999999998,-2.0,-0.6400370091962198,22032.7587286136,0.0,-0.29399999999999943,-43.02496328928052,-1704095.2320375498,-1779602.7787966228
002594.SZ,20190111,48.85,48.5,49.29,48.38,49.02,0.17,0.348,96799.55,472494.719,49.61,49.26,50.06,49.13,49.78,1.015568,48.8117,-1,53.74,43.97,48.56,1,1,0.0034800409416582134,1,0.8310971164848467,0.9666666666666667,1.0,49.99999999996889,22.43225049902466,39.927736876373466,45.53140198248257,1163.2777421048904,0.5382090951711209,-5.332695467425019,-14.392861594694828,52.652088906064975,11.515593011750303,1052.8899999999999,-2.0,-0.6547572141767541,10717.98469591666,0.0,-0.34549999999999914,-50.96296296296296,-1909237.628339623,-1798122.0430170514
002594.SZ,20190114,49.02,49.2,49.21,47.31,48.8,-0.22,-0.4488,109746.34,527419.471,49.78,49.97,49.98,48.05,49.56,1.015568,48.058,-1,53.92,44.12,48.34,1,1,-0.004487964096287378,0,0.9563802719698953,1.0,1.0,49.99999999996867,17.61863250205974,39.34965537771559,42.59698649433184,1158.0569933643135,0.5457943925233645,-2.7589759681419044,-15.264168724257301,52.49665559387284,11.983804308165968,1044.98,-4.0,-0.6421910849689763,4641.05407403583,0.0,-0.37299999999999933,-55.7168784029038,-2105977.1374581847,-1842101.3422229276
002594.SZ,20190115,48.8,48.39,48.96,47.85,48.8,0.0,0.0,83530.65,405053.064,49.56,49.14,49.72,48.59,49.56,1.015568,48.4915,-1,53.68,43.92,48.34,1,1,0.0,0,0.7251815438974092,0.9666666666666667,1.0,49.999999999965375,21.25104640508262,39.34965537771559,42.59698649433184,1158.0569933643135,0.47733990147783245,-7.313949325500778,-15.2641687242573,52.34749407735525,12.241764219725345,985.99,-3.0,-0.5836376919093977,-2843.428893819646,0.0,-0.2989999999999995,-55.09761388286333,-1669753.9386692876,-1817480.2845724078
002594.SZ,20190116,48.8,48.8,49.12,48.32,48.93,0.13,0.2664,65923.79,321851.881,49.56,49.56,49.88,49.07,49.69,1.015568,48.8218,-1,53.68,43.92,48.47,1,1,0.002663934426229586,1,0.5746654239543948,0.9666666666666667,1.0,49.999999999965524,24.97005375929173,39.94552302020157,45.62168671922789,1158.0569933643135,0.4877913429522751,-18.207895601261594,-14.501133591478569,52.208355091844915,12.418383588949286,977.01,-1.0,-0.48140701745772585,-9712.517851392546,0.0,-0.2034999999999993,-47.04716607213634,-1272505.5414806376,-1739626.749845012
002594.SZ,20190117,48.93,48.9,48.91,47.33,47.49,-1.44,-2.943,98743.78,471791.914,49.69,49.66,49.67,48.07,48.23,1.015568,47.7794,-1,53.82,44.04,47.04,1,1,-0.029429797670140978,0,0.890665155955303,0.9666666666666667,1.0,49.99999999996584,25.035899676571788,35.75509582983798,24.350543328686143,1123.9756103591099,0.44743656136716725,-19.510810215224325,-20.627668132416446,52.030018498407294,12.632275145785783,971.96,-3.0,-0.5564496104980314,-9377.41645750495,0.0,-0.32349999999999923,-47.23538704581359,-1274191.3098081308,-1673135.9726968862
002594.SZ,20190118,47.49,47.49,47.49,46.04,46.82,-0.67,-1.4108,125995.91,587354.337,48.23,48.23,48.23,46.76,47.55,1.015568,46.6169,-1,52.24,42.74,46.38,1,1,-0.014108233312276286,0,1.1327089917389974,0.9666666666666667,1.0,49.99999999996655,25.09330554420626,33.969526668404924,15.286766309981681,1108.1183002108553,0.45010845986984827,-23.923271242859606,-23.318782978187357,51.83977537499585,12.830354025439384,963.5,-3.0,-0.6391223330194946,-5233.717294843087,0.0,-0.2714999999999993,-48.89058913542465,-1466426.1153176948,-1643605.9930712876
002594.SZ,20190121,46.82,46.76,48.26,46.12,48.21,1.39,2.9688,131233.26,623110.349,47.55,47.49,49.01,46.84,48.96,1.015568,47.4811,-1,51.5,42.14,47.76,1,1,0.029688167449807734,1,1.17313140801414,0.9666666666666667,1.0,49.9999999999669,30.454660796430318,40.59732676031053,48.930325716758375,1141.0163018617116,0.4188078108941416,-18.007722510820173,-14.81744352559223,51.692540353153,12.885048526476051,956.79,-3.0,-0.457858168147943,-1718.0173504911177,0.0,-0.2169999999999991,-41.106719367588965,-1075495.073932718,-1562447.2903372063
002594.SZ,20190122,48.21,48.06,48.8,47.6,47.7,-0.51,-1.0579,84093.77,405187.157,48.96,48.81,49.56,48.34,48.44,1.015568,48.1828,-1,53.03,43.39,47.25,1,1,-0.010578718108276264,0,0.7428034776077471,0.9666666666666667,1.0,49.99999999996582,34.45376766603556,39.048614698461726,41.068865573982556,1141.0163018617116,0.3983228511530398,-22.58242939223399,-17.026611428974896,51.534790542625544,12.92591572661787,951.4,-3.0,-0.3621292137397911,-5461.453375152949,0.0,-0.20349999999999896,-30.962504831851582,-674923.3797560246,-1435658.1602541807
002594.SZ,20190123,47.7,47.42,48.88,47.33,48.8,1.1,2.3061,96619.67,468388.887,48.44,48.16,49.64,48.07,49.56,1.015568,48.4776,-1,52.47,42.93,48.34,1,1,0.023060796645702153,1,0.860711558073722,0.9666666666666667,1.0,49.99999999996418,38.505099294610936,44.00987352426328,60.1630704253278,1167.3290467683755,0.3809523809523811,-19.653567223424854,-10.519109073067863,51.41826125964808,12.888245874569966,946.65,-3.0,-0.11871209891017953,-5930.6787320915355,0.0,-0.15849999999999936,-29.657345411579378,-266616.8637524261,-1268652.2607539303
002594.SZ,20190124,48.8,48.93,48.97,47.66,48.52,-0.28,-0.5738,71711.59,346868.853,49.56,49.69,49.73,48.4,49.28,1.015568,48.37,-1,53.68,43.92,48.06,1,1,-0.0057377049180327155,0,0.6345792148173536,0.9666666666666667,1.0,49.9999999999625,42.49672194349174,43.04931338103788,54.407268521839455,1167.3290467683755,0.3950103950103953,-22.66898795388328,-11.832756167570778,51.29657949432927,12.802609594680238,942.41,-3.0,0.028646583039051876,-9087.475791444773,0.0,-0.1599999999999991,-24.469820554649317,47010.402900867164,-1080700.451660388
002594.SZ,20190125,48.52,48.55,49.64,48.19,49.18,0.66,1.3603,100929.16,495909.173,49.28,49.31,50.41,48.94,49.95,1.015568,49.1344,-1,53.37,43.67,48.72,1,1,0.013602638087386598,1,0.9095233956812769,0.9666666666666667,1.0,49.99999999996089,46.592079600839945,46.038995768013876,72.32183607405996,1183.2078013204598,0.4068522483940047,-22.11225823692193,-7.9023135034517455,51.20375469684653,12.582793320949355,937.9200000000001,-1.0,0.227984831233349,-6834.248941983098,0.0,-0.06649999999999885,-20.1768488745981,440982.7180165347,-863317.1417065419
002594.SZ,20190128,49.18,49.2,49.85,48.28,48.46,-0.72,-1.464,86253.59,421062.141,49.95,49.97,50.63,49.03,49.21,1.015568,48.8168,-1,54.1,44.26,48.01,1,1,-0.014640097600650659,0,0.7691172909979099,0.9666666666666667,1.0,49.99999999995927,46.99887417313407,43.364547790344574,77.84121276920163,1183.2078013204598,0.3950103950103953,-20.82230656130122,-11.475066575571823,51.08809245786019,12.387131889891545,935.3199999999999,-1.0,0.2727968484936176,-6894.980459863949,0.0,-0.03999999999999915,-18.390342052313905,257160.85592167312,-703248.8563310826
002594.SZ,20190129,48.46,48.45,48.45,47.03,48.0,-0.46,-0.9492,61503.17,294079.276,49.21,49.2,49.2,47.76,48.75,1.015568,47.8153,-1,53.31,43.61,47.55,1,1,-0.009492364836979017,0,0.5519899466181882,0.9666666666666667,1.0,49.999999999957616,47.54089372196601,41.69794175721108,64.0327675146586,1183.2078013204598,0.3889457523029685,-18.36926168174408,-13.725865109515087,50.961224598210805,12.234019625126033,933.67,-3.0,0.25096912386821213,-9673.064332498252,0.0,-0.06949999999999931,-19.523809523809526,87707.81742346496,-590255.0457947188
002594.SZ,20190130,48.0,47.95,48.27,46.9,47.15,-0.85,-1.7708,83426.14,395168.911,48.75,48.7,49.02,47.63,47.88,1.015568,47.3675,-1,52.8,43.2,46.71,1,1,-0.017708333333333326,0,0.755872706378992,0.9666666666666667,1.0,49.999999999956074,47.6755607474356,38.73547940137225,39.487675005702975,1162.2551631720767,0.40948275862068984,-22.98745695718006,-17.79147192602023,50.81202690088782,11.960453466365296,930.55,-3.0,0.13816735827175197,-8029.47997528439,0.0,-0.01699999999999946,-16.371134020618555,-160482.21507733152,-528858.9271208063
002594.SZ,20190131,47.15,47.1,47.49,46.27,46.42,-0.73,-1.5483,71885.09,336548.858,47.88,47.83,48.23,46.99,47.14,1.015568,46.8176,-1,51.87,42.44,45.98,1,1,-0.015482502651113395,0,0.6519349563535375,0.9666666666666667,1.0,49.99999999995516,47.98612483232838,36.34713463232442,19.69935830894607,1162.2551631720767,0.4180418041804183,-25.325067336658748,-21.150577167195802,50.64711795507775,11.61207103715243,928.17,-3.0,-0.010740590838309139,-7953.529389084497,0.0,0.009000000000000341,-13.738834538494245,-367186.9525343692,-505762.9307513153
002594.SZ,20190201,46.42,46.75,48.31,46.51,48.27,1.85,3.9854,91780.0,437206.887,47.14,47.48,49.06,47.23,49.02,1.015568,47.6364,-1,51.06,41.78,47.82,1,1,0.03985351141749249,1,0.8367630162781313,0.9666666666666667,1.0,49.99999999995396,47.04448659641789,45.51554867417096,95.66304789777475,1208.5751125875947,0.43577981651376163,-32.63746699158332,-9.242945245568198,50.54438451488407,11.394510458173306,927.08,-3.0,0.15485042974767182,-4833.655979231866,0.0,-0.05749999999999957,-15.258620689655167,-140855.73916752613,-453633.3319536312
002594.SZ,20190211,48.27,48.8,50.33,48.8,50.2,1.93,3.9983,128870.65,643280.484,49.02,49.56,51.11,49.56,50.98,1.015568,49.9168,-1,53.1,43.44,49.73,1,1,0.03998342655893938,1,1.1938360887066228,0.9666666666666667,1.0,49.999999999953836,46.774721709165995,53.104438733580075,100.0,1256.8980868427027,0.4079441760601183,-31.74846492223898,1.399490760888694,50.52775574610542,11.131712782656773,925.35,-3.0,0.5187406475147016,2236.341154967511,0.0,-0.014499999999999246,-16.260869565217398,272891.6583480169,-349844.04762482434
002594.SZ,20190212,50.2,50.21,51.15,49.88,50.58,0.38,0.757,102991.51,520271.543,50.98,50.99,51.95,50.66,51.37,1.015568,50.516,-1,55.22,45.18,50.11,1,1,0.007569721115537664,1,0.957277425061678,0.9666666666666667,1.0,49.99999999995451,45.44281011447974,54.449703773413624,100.0,1256.8980868427027,0.39726027397260305,-31.24327340337418,3.3508990604142066,50.53032693211053,10.929225154768899,923.84,-3.0,0.78882816116462,3369.3115289476154,0.0,-0.024999999999999644,-21.379936450295013,626998.3748239288,-210295.13013214536
002594.SZ,20190213,50.58,50.58,52.09,50.32,51.57,0.99,1.9573,122964.82,631189.934,51.37,51.37,52.9,51.1,52.37,1.015568,51.3309,-1,55.64,45.52,51.09,1,1,0.019572953736654908,1,1.1668158546485308,0.9666666666666667,1.0,49.99999999995633,55.35339816264366,57.84271309528728,100.0,1281.499294948165,0.37600994406463695,-44.30144212635963,8.326448425057086,50.583957451618936,10.497883152345194,921.16,-1.0,1.0620231742850734,6566.389505911646,0.0,0.09150000000000028,-1.1328527291451636,1006688.8828190612,-36440.27113911588
002594.SZ,20190214,51.57,51.85,54.06,51.85,53.72,2.15,4.1691,169124.15,900048.082,52.37,52.66,54.9,52.66,54.56,1.015568,53.2182,-1,56.73,46.41,53.22,1,1,0.04169090556525101,1,1.7183411664175732,0.9666666666666667,1.0,49.999999999959854,63.798539011835764,64.09742602165984,100.0,1334.9261610357846,0.48226097414311536,-34.82367102898713,17.97911553834004,50.760141987880175,9.840474879442217,922.27,1.0,1.4684809882678338,14216.909141780576,0.0,0.2375,24.54251883745968,1507110.1073509543,184066.92578803698
002594.SZ,20190215,53.72,53.4,53.4,51.52,51.67,-2.05,-3.8161,152915.89,798355.783,54.56,54.23,54.23,52.32,52.47,1.015568,52.2088,-1,59.09,48.35,51.19,1,1,-0.03816083395383463,0,1.5413924773822019,0.9666666666666667,1.0,49.99999999996288,61.732987713859686,55.62335680255931,69.46313427772812,1334.9261610357846,0.4332793084819022,-25.55391268111749,6.702713956561146,50.806372616074604,9.201317858972683,927.61,-1.0,1.397742812569145,16264.995855557336,0.0,0.125,26.172300981461298,1043529.8145007147,306847.33846127667
002594.SZ,20190218,51.67,51.93,52.79,51.64,52.45,0.78,1.5096,168184.85,878505.553,52.47,52.74,53.61,52.44,53.27,1.015568,52.2345,-1,56.84,46.5,51.96,1,1,0.015095800270950255,1,1.6486747487467093,0.9666666666666667,1.0,49.99999999996554,68.1360204563779,57.90380237795184,77.6808698805655,1355.077939739247,0.4205558468799167,-28.23584514048428,10.142541465275762,50.89257894811625,8.598896319286471,930.0400000000001,1.0,1.3896378860239649,18674.756133213836,0.0,0.17100000000000043,29.418344519015676,1421260.126583986,466049.16533594945
002594.SZ,20190219,52.45,52.5,52.66,50.99,51.74,-0.71,-1.3537,144364.53,746470.487,53.27,53.32,53.48,51.78,52.55,1.015568,51.7073,-1,57.7,47.21,51.25,1,1,-0.013536701620591063,0,1.375764108344142,0.9666666666666667,1.0,49.999999999967514,62.18035487361648,55.12679862801829,67.67375423996806,1355.077939739247,0.4054600606673413,-22.18851394024967,6.384294518135689,50.93550861038504,8.257944670735842,982.6999999999999,0.0,1.2278712362690518,16153.146171662622,0.0,0.11250000000000071,22.623679822123435,1062252.7872423637,551221.1113225801
002594.SZ,20190220,51.74,51.8,52.8,51.54,52.36,0.62,1.1983,124998.99,653706.171,52.55,52.61,53.62,52.34,53.18,1.015568,52.2969,-1,56.91,46.57,51.87,1,1,0.011982991882489413,1,1.1576578211077473,0.9666666666666667,1.0,49.99999999996872,63.31362336440432,57.063292578215396,74.65203754167533,1355.077939739247,0.3956586087814511,-17.75811601747523,9.231222250719691,51.00960334161041,7.896358796129952,985.92,0.0,1.1452288892501195,11204.60685891345,0.0,0.1340000000000007,22.966242390702845,1291326.533808878,656950.4573920512
002594.SZ,20190221,52.36,52.3,53.01,51.56,51.94,-0.42,-0.8021,126055.57,659357.725,53.18,53.11,53.84,52.36,52.75,1.015568,52.3069,-1,57.6,47.12,51.45,1,1,-0.008021390374331583,0,1.1363572400011879,0.9666666666666667,1.0,49.999999999968495,62.274046759968634,55.32162097380701,68.37580937537318,1344.2083305969536,0.41662337662337723,-16.987924466404884,6.912805791422485,51.056970635537745,7.475842404948204,990.0,0.0,0.9811614216490392,7575.372265833532,0.0,0.18650000000000055,30.942741469057296,940444.0513888026,697449.5422487301
002594.SZ,20190222,51.94,51.8,51.88,50.9,51.88,-0.06,-0.1155,119677.84,614630.406,52.75,52.61,52.69,51.69,52.69,1.015568,51.3571,-1,57.13,46.75,51.39,1,1,-0.0011551790527530859,0,1.0657439503679926,0.9666666666666667,1.0,49.999999999967294,62.12189808099361,55.06306387808676,67.44408187711846,1344.2083305969536,0.4259656652360524,-18.890042497937014,6.572657098335267,51.09873845755712,6.921795246440955,994.45,0.0,0.8183714062943223,3997.1563879308633,0.0,0.22400000000000092,33.17647058823532,494002.6451856422,668385.6998111461
002594.SZ,20190225,51.88,51.88,55.13,51.5,55.06,3.18,6.1295,258382.09,1389428.008,52.69,52.69,55.99,52.3,55.92,1.015568,53.7742,-1,57.07,46.69,54.54,1,1,0.061295296838858926,1,2.307411218432221,0.9666666666666667,1.0,49.999999999966725,64.54147481618952,64.52610957286078,100.0,1426.6019792341608,0.43367596671561487,-6.847704400491062,20.65599121716095,51.326333666068486,6.595174202193952,999.83,0.0,1.076589022425893,19146.969764678026,0.0,0.3105000000000008,41.683778234086276,699185.9256991819,672785.7320808657
002594.SZ,20190226,55.06,57.2,58.67,56.44,56.74,1.68,3.0512,291995.5,1676147.79,55.92,58.09,59.58,57.32,57.62,1.015568,57.4032,-1,60.57,49.55,56.21,1,1,0.030512168543407103,1,2.4674983731900113,0.9666666666666667,1.0,49.999999999967216,67.92271978030928,68.32151931968384,100.0,1470.1306992689117,0.5740740740740747,-0.4810304931174002,26.792816255653364,51.65319747594829,6.175339516317842,1006.0899999999999,2.0,1.391243115971213,31784.027192932423,0.0,0.30550000000000066,50.47951176983437,1492326.5522370487,789862.9921031776
002594.SZ,20190227,56.74,56.2,56.25,54.15,54.96,-1.78,-3.1371,228542.62,1257964.248,57.62,57.07,57.13,54.99,55.82,1.015568,55.0429,-1,62.41,51.07,54.44,1,1,-0.03137116672541418,0,1.7753400987200205,0.9666666666666667,1.0,49.99999999996773,60.79060850531933,60.88826714377304,67.40655203213942,1470.1306992689117,0.5565529622980255,2.4813276176674557,16.724032776191038,51.83699905985391,5.970794131844954,1015.5,0.0,1.279986654579243,29722.15248699136,0.0,0.17450000000000082,37.584695097648485,862533.3888744242,800244.4773562128
002594.SZ,20190228,54.96,55.12,55.22,54.16,54.51,-0.45,-0.8188,94237.38,515781.621,55.82,55.98,56.08,55.0,55.36,1.015568,54.7322,-1,60.46,49.46,54.0,1,1,-0.008187772925764225,0,0.6963633419608356,0.9666666666666667,1.0,49.99999999996824,57.643096607044846,59.13658701948508,39.640641000571144,1470.1306992689117,0.5523385300668153,0.9603928405029241,14.308408214364718,51.98249738491277,5.746619827603408,1021.75,0.0,1.0744475934144444,9444.35178411784,0.0,0.16450000000000067,31.291198138813513,468164.64186958165,752804.5008581226
002594.SZ,20190301,54.51,54.88,54.98,52.88,53.8,-0.71,-1.3025,174562.53,935733.501,55.36,55.73,55.84,53.7,54.64,1.015568,53.6045,-1,59.96,49.06,53.3,1,1,-0.013025133003118694,0,1.2792758260525803,0.9666666666666667,1.0,49.99999999996852,52.53335485287805,56.38057439742256,13.91937931677661,1450.9820513789662,0.5511111111111112,4.358195340887023,10.510073350672885,52.078141359821494,5.649616759915276,1028.54,-2.0,0.7849546539040235,6185.051947855274,0.0,0.07900000000000026,23.181818181818237,-105266.50736976176,630222.9282541391
002594.SZ,20190304,53.8,54.0,54.79,52.73,53.68,-0.12,-0.223,302258.1,1617182.254,54.64,54.84,55.64,53.55,54.52,1.015568,53.5034,-1,59.18,48.42,53.18,1,1,-0.0022304832713754275,0,2.1568935408464065,0.9666666666666667,1.0,49.99999999996869,48.563276089508356,55.906339418752495,6.360284909357112,1447.7456601862993,0.5662100456621006,6.483519151778908,9.860607439903173,52.16194191374667,5.466181231394554,1033.48,-2.0,0.5315325210255992,19795.518727214818,0.0,0.10000000000000035,21.68309325246404,-1104002.5136378426,382476.43655528466
002594.SZ,20190305,53.68,53.66,54.23,53.0,54.08,0.4,0.7452,196305.91,1054132.204,54.52,54.5,55.07,53.83,54.92,1.015568,53.6984,-1,59.05,48.31,53.57,1,1,0.007451564828613977,1,1.3005897708838599,1.0,1.0,49.99999999996858,52.67578902308486,57.19870223327075,16.10774621969645,1447.7456601862993,0.567765567765568,5.006878561284527,11.681816333290959,52.26394772846359,5.1691219165987,1038.02,0.0,0.37916257813915544,13399.31885049137,0.0,0.14350000000000057,25.6851996867659,-467038.5585904005,261117.1515344725
002594.SZ,20190306,54.08,54.5,54.96,53.5,54.44,0.36,0.6657,220521.78,1195892.022,54.92,55.35,55.82,54.33,55.29,1.015568,54.2301,-1,59.49,48.67,53.93,1,1,0.006656804733727872,1,1.3985735882232784,1.0,1.0,49.99999999996831,57.11102202968275,58.38100069702645,25.025062938553127,1457.3830203502614,0.5807962529274008,5.100828449597647,13.340562398698555,52.381392960970686,4.655170091575785,1043.25,2.0,0.2921480731012225,11382.130501725384,0.0,0.1805000000000007,28.631659639708744,240854.96121448162,258222.55291733096
002594.SZ,20190307,54.44,54.1,54.1,53.01,53.38,-1.06,-1.9471,182839.43,976603.632,55.29,54.94,54.94,53.84,54.21,1.015568,53.4132,-1,59.88,49.0,52.88,1,1,-0.01947097722263036,0,1.1112765443154509,1.0,1.0,49.9999999999677,55.08674382572305,53.67919945701394,0.0,1457.3830203502614,0.5608856088560891,4.032000779022737,7.105764484310996,52.432324661130046,3.9952492989805486,1050.2,2.0,0.06875050470402355,4289.024322094876,0.0,0.1785000000000007,28.238440962934703,-219280.85618653835,190007.7801882068
002594.SZ,20190308,53.38,53.0,53.0,51.05,51.12,-2.26,-4.2338,185281.5,962751.253,54.21,53.83,53.83,51.84,51.92,1.015568,51.9615,-1,58.72,48.04,50.64,1,1,-0.042337954289996316,0,1.0893868096022155,1.0,1.0,49.99999999996746,51.199778126107056,45.30202428169305,0.0,1395.6804046516552,0.4468085106382983,4.436146667576875,-4.664124003747143,52.372747698672754,4.131253070614263,1057.1599999999999,0.0,-0.38173754541483373,-502.21853144642955,0.0,0.008500000000000441,16.880263639692465,-638502.6610281949,71649.14572872086
002594.SZ,20190311,51.12,51.1,52.48,51.1,52.37,1.25,2.4452,126196.5,654575.666,51.92,51.9,53.3,51.9,53.19,1.015568,51.8696,-1,56.23,46.01,51.88,1,1,0.024452269170579077,1,0.7221388776581671,1.0,1.0,49.99999999996739,51.23780519809892,49.95409561838614,20.20926753178308,1395.6804046516552,0.41055581503970123,3.219374821049779,1.6295212020932954,52.37261472376774,4.329995985461654,1059.99,0.0,-0.5020761249360799,-11451.41625943227,0.0,0.0019999999999999575,7.047768206734581,-251670.49482007523,25460.625650321424
002594.SZ,20190312,52.37,52.4,52.88,51.71,51.99,-0.38,-0.7256,138615.48,725665.664,53.19,53.22,53.7,52.52,52.8,1.015568,52.351,-1,57.61,47.13,51.5,1,1,-0.007256062631277316,0,0.7938118248827114,1.0,1.0,49.99999999996678,51.76271628850212,48.600848138870774,14.330565686751285,1385.5532602222563,0.3900046707146196,2.4036069129970037,-0.28913376016088727,52.35444765446155,4.71730663924309,1062.99,-2.0,-0.6160763161535883,-16533.791757148414,0.0,-0.03699999999999974,5.305145592341468,223444.33910376776,53744.01328652805
002594.SZ,20190313,51.99,51.78,52.77,51.3,52.0,0.01,0.0192,127209.68,662997.519,52.8,52.59,53.59,52.1,52.81,1.015568,52.1185,-1,57.19,46.79,51.51,1,1,0.0001923446816696206,1,0.7211381065260226,0.9666666666666667,1.0,49.99999999996608,48.33727516777043,48.640278420007384,14.501856503824099,1385.5532602222563,0.3803230543318653,0.4002440063202255,-0.23671380803812922,52.33760914837007,5.0736929329961455,1063.97,-2.0,-0.6689457096555826,-20675.729963630823,0.0,-0.0754999999999999,-0.0814995925020554,-26269.90175099112,42313.453995453885
002594.SZ,20190314,52.0,52.01,55.15,52.01,54.57,2.57,4.9423,350367.43,1889955.259,52.81,52.82,56.01,52.82,55.42,1.015568,53.9421,-1,57.2,46.8,54.06,1,1,0.049423076923077014,1,1.9838087023871944,0.9666666666666667,1.0,49.99999999996544,50.90759128624739,57.63519157101346,53.57705400994271,1454.031565583241,0.3726618705035975,5.417822998780412,12.180977426978707,52.456862380624784,5.145258558504578,1064.4,-2.0,-0.3524569011473955,5974.626676159132,0.0,-0.04099999999999966,1.5631262525049863,467173.5415835711,103007.75222232778
002594.SZ,20190315,54.57,55.05,56.2,54.13,55.39,0.82,1.5027,255425.62,1416034.163,55.42,55.91,57.07,54.97,56.25,1.015568,55.4382,-1,60.03,49.11,54.87,1,1,0.015026571376214104,1,1.3756546899410844,0.9666666666666667,1.0,49.99999999996528,56.2712589238869,60.039920195404626,64.02354130439666,1454.031565583241,0.39602446483180465,5.8360848901584035,15.688945884820345,52.618448856491746,5.101824009101616,1064.81,0.0,-0.04361089638105442,9913.582503034202,0.0,0.06250000000000036,12.003029155622883,1191501.842119235,258506.90792188596
002594.SZ,20190318,55.39,55.5,56.44,55.39,55.66,0.27,0.4875,154589.09,863433.541,56.25,56.36,57.32,56.25,56.53,1.015568,55.8535,-1,60.93,49.85,55.14,1,1,0.004874526087741415,1,0.8102104029851411,0.9666666666666667,1.0,49.99999999996557,56.2361798349522,60.82835756929287,99.61562529847441,1454.031565583241,0.4065934065934071,4.934598422126886,16.840293158144206,52.78767539328365,5.092181024091407,1068.56,0.0,0.17415449700691799,-1363.9838582907905,0.0,0.044500000000000026,18.625277161862527,1664687.5461804932,459389.85624454415
002594.SZ,20190319,55.66,56.15,56.66,55.51,55.99,0.33,0.5929,124059.88,695763.5,56.53,57.02,57.54,56.37,56.86,1.015568,56.0829,-1,61.23,50.09,55.46,1,1,0.005928853754940899,1,0.6525298784323721,0.9666666666666667,1.0,49.999999999966235,59.785667519918874,61.81990327776855,100.0,1454.031565583241,0.4148424986652433,1.6078122277655282,18.276104721594812,52.96803657449152,5.033728222578753,1071.41,2.0,0.3306778922775555,-12610.976251721164,0.0,0.0745000000000001,22.193015396169734,1981801.4902733574,676877.2325343746
002594.SZ,20190320,55.99,56.25,56.67,54.85,55.4,-0.59,-1.0538,122722.7,685243.136,56.86,57.13,57.55,55.7,56.26,1.015568,55.8367,-1,61.59,50.39,54.88,1,1,-0.01053759599928561,0,0.6489619856141534,0.9666666666666667,1.0,49.99999999996696,56.5056436126714,58.94697214897142,82.60714266353618,1454.031565583241,0.41550802139037457,4.639665304251647,14.553828717718197,53.100698822916975,5.0295951927560845,1076.54,0.0,0.32243259132991886,-19494.542269147852,0.0,0.003999999999999915,17.576664173522822,1599589.8582456545,808693.3219217004
002594.SZ,20190321,55.4,55.4,55.98,54.64,55.05,-0.35,-0.6318,109001.92,603820.541,56.26,56.26,56.85,55.49,55.91,1.015568,55.3954,-1,60.94,49.86,54.53,1,1,-0.006317689530685899,0,0.5767531366742253,0.9666666666666667,1.0,49.99999999996765,56.65992549350833,57.24734766016246,72.31753774989822,1454.031565583241,0.4170692431561999,3.6373985865794114,12.346018830306564,53.20498274041532,5.019107874473254,1079.51,0.0,0.24124328552859797,-24818.502100657795,0.0,0.004499999999999815,13.960323291697279,1130565.664641447,854675.0851673785
002594.SZ,20190322,55.05,55.15,57.58,54.99,57.0,1.95,3.5422,173032.54,982926.478,55.91,56.01,58.48,55.85,57.89,1.015568,56.8059,-1,60.56,49.55,56.47,1,1,0.03542234332425065,1,0.9197026831914629,0.9666666666666667,1.0,49.999999999968125,60.38630859867936,63.552684279637404,100.0,1505.5367709036282,0.37134502923976626,11.997067900584096,21.247446568013505,53.42409519394207,4.960328136659135,1082.56,2.0,0.41160157952928156,-18905.448417973897,0.0,0.09299999999999961,23.582520765619336,1276590.9530141582,914948.7805740614
002594.SZ,20190325,57.0,56.0,57.97,55.72,56.5,-0.5,-0.8772,124562.02,709514.797,57.89,56.87,58.87,56.59,57.38,1.015568,56.9608,-1,62.7,51.3,55.97,1,1,-0.00877192982456143,0,0.6528155115841848,0.9666666666666667,1.0,49.999999999968395,59.03241944307825,61.06575728011524,86.37349553494353,1505.5367709036282,0.4271300448430495,3.152758348937807,18.012784833536465,53.596950475868624,4.96420472983899,1089.03,0.0,0.41704989655905167,-20575.254928749862,0.0,-0.04100000000000037,15.931664680174777,1493378.3202399695,997581.5719549055
002594.SZ,20190326,56.5,57.0,57.55,55.08,55.25,-1.25,-2.2124,105549.04,594394.98,57.38,57.89,58.45,55.94,56.11,1.015568,56.3146,-1,62.15,50.85,54.73,1,1,-0.02212389380530977,0,0.5732734899163412,0.9666666666666667,1.0,49.99999999996794,53.58742122457337,55.24539625717845,54.48225969145971,1505.5367709036282,0.3974727168294084,3.990683036975838,10.271118441526552,53.683752199613956,5.011449636676383,1091.52,-2.0,0.22217318827771493,-23103.599350693537,0.0,-0.10550000000000033,-7.5227599425012315,1132316.741372807,1016829.4533003201
002594.SZ,20190327,55.25,54.77,56.55,53.7,54.71,-0.54,-0.9774,147450.06,804456.203,56.11,55.62,57.43,54.54,55.56,1.015568,54.5579,-1,60.78,49.73,54.2,1,1,-0.009773755656108607,0,0.8435644901715266,0.9666666666666667,1.0,49.999999999966306,54.88508297222442,52.89968944449603,41.629536486125645,1490.8220223735293,0.4279529993815709,7.116389565111072,7.076923483410788,53.73607956018393,5.042775559480831,1091.33,-2.0,0.0020670991226268143,-18210.08258634826,0.0,-0.04650000000000034,-2.672718103883014,623352.5970675801,960618.4738385001
002594.SZ,20190328,54.71,55.65,55.66,52.5,52.77,-1.94,-3.546,167947.28,895034.578,55.56,56.52,56.53,53.32,53.59,1.015568,53.2926,-1,60.18,49.24,52.27,1,1,-0.03545969658197767,0,0.983646721157634,0.9666666666666667,1.0,49.99999999996555,53.765356534753415,45.43575171722693,0.0,1437.9579258024337,0.3918459796149492,15.8066680633685,-3.4945570321255457,53.69168340023262,5.235538149843482,1091.77,-2.0,-0.4010081223147153,-11611.589814627845,0.0,-0.16000000000000014,-3.500000000000014,45555.35722970229,829895.1714658147
002594.SZ,20190329,52.77,52.86,53.56,52.16,53.49,0.72,1.3644,128353.96,680888.783,53.59,53.68,54.39,52.97,54.32,1.015568,53.0477,-1,58.05,47.49,52.99,1,1,0.013644115974985827,1,0.7358693739896102,0.9666666666666667,1.0,49.99999999996517,54.51276985033994,48.34856550909568,16.077853035189513,1437.9579258024337,0.3916242218449351,11.403256501412342,0.3489609873844737,53.68204591467941,5.28814055716506,1088.95,0.0,-0.5572110318711407,-11933.565605657881,0.0,-0.07449999999999975,-7.300672430355434,-458661.0582728697,645815.7100745741
002594.SZ,20190401,53.49,53.54,54.79,53.3,54.45,0.96,1.7947,160698.15,870253.123,54.32,54.37,55.64,54.13,55.3,1.015568,54.1545,-1,58.84,48.14,53.94,1,1,0.01794727986539546,1,0.9336700495000724,0.9666666666666667,1.0,49.99999999996484,61.66638333466926,52.02591310814666,36.37570194743224,1463.7653591314736,0.37385197190707736,7.7797471882529345,5.285720834787042,53.7205481048894,5.2450824023529785,1087.46,2.0,-0.5185882691337211,-7367.31184901158,0.0,-0.012999999999999545,-0.45745654162858784,-95921.75154834555,539853.2155570141
002594.SZ,20190402,54.45,54.61,54.98,54.0,54.68,0.23,0.4224,128436.6,697294.567,55.3,55.46,55.84,54.84,55.53,1.015568,54.291,-1,59.9,49.01,54.17,1,1,0.004224058769513261,1,0.778231489199948,0.9666666666666667,1.0,49.999999999964444,60.89159524444995,52.891269455215514,41.15220781611511,1463.7653591314736,0.3773173391494004,6.102838487241411,6.454456428159381,53.76918521439558,5.219225499737972,1088.46,2.0,-0.4518690400556058,-8205.764277990074,0.0,-0.030499999999999618,5.272727272727259,311495.29865414556,507230.6559994615
002594.SZ,20190403,54.68,54.71,54.9,54.17,54.39,-0.29,-0.5304,101702.57,554172.127,55.53,55.56,55.75,55.01,55.24,1.015568,54.4895,-1,60.15,49.21,53.88,1,1,-0.00530358449158741,0,0.6291800401938759,0.9666666666666667,1.0,49.99999999996407,56.12807727433132,51.62677165064312,34.172561564099965,1463.7653591314736,0.3787629994526548,1.8777287684353405,4.739092879963662,53.80014882272447,5.24090432553916,1089.8600000000001,0.0,-0.4363774918550978,-11663.619352899848,0.0,-0.04349999999999952,2.798507462686544,20426.7250460831,437687.237291836
002594.SZ,20190404,54.39,54.54,55.64,54.42,55.19,0.8,1.4709,147706.21,814495.088,55.24,55.39,56.51,55.27,56.05,1.015568,55.1429,-1,59.83,48.95,54.67,1,1,0.01470858613715742,1,0.9486463964697707,0.9666666666666667,1.0,49.999999999963734,61.536773223892915,54.83463793810925,51.879015327260205,1485.295278000846,0.3842309827873405,2.4791590259333773,8.997189569958032,53.872286857126156,5.120341150921012,1089.81,2.0,-0.31368945444228347,-7271.518693462578,0.0,0.025000000000000355,10.318949343339568,242525.2228987962,409806.9495214018
002594.SZ,20190408,55.19,55.48,55.62,52.9,53.44,-1.75,-3.1709,165600.19,896323.907,56.05,56.34,56.49,53.72,54.27,1.015568,54.1258,-1,60.71,49.67,52.94,1,1,-0.031708642870085124,0,1.0757072158659307,0.9666666666666667,1.0,49.999999999962945,61.773976539828716,47.42567457873575,10.983773630849472,1438.1985804740934,0.39257142857142857,6.2101943164177635,-1.1745251719333079,53.8519435457369,4.823172847335842,1092.0500000000002,2.0,-0.4549993677364004,-1760.6714346593108,0.0,0.017000000000000525,12.643678160919507,-12780.090421732748,349437.3723866683
002594.SZ,20190409,53.44,53.55,55.3,53.55,54.93,1.49,2.7882,133048.7,724828.855,54.27,54.38,56.16,54.38,55.79,1.015568,54.4785,-1,58.78,48.1,54.41,1,1,0.027881736526946144,1,0.8698190979569441,0.9666666666666667,1.0,49.999999999961524,61.934458770491695,53.22110063641537,42.97277639230002,1438.1985804740934,0.37598647125140944,7.601166131577527,6.634385361821094,53.906685396872945,4.577830296939103,1094.3899999999999,2.0,-0.33979488575053707,-2272.1143654677817,0.0,0.022500000000000853,18.13422179914324,321858.70720437146,345497.5630749116
002594.SZ,20190410,54.93,54.95,56.3,53.67,55.52,0.59,1.0741,176454.57,976494.639,55.79,55.81,57.18,54.51,56.38,1.015568,55.3397,-1,60.42,49.44,55.0,1,1,0.010740943018387128,1,1.1510111976497202,0.9666666666666667,1.0,49.99999999996025,62.49383268782812,55.32130966410341,54.56529637576351,1453.646189476091,0.37158774373259057,14.021105843006307,9.54441100563239,53.99084234828549,4.217760290475612,1095.18,4.0,-0.18394869321864582,3168.619705731251,0.0,0.0715000000000007,19.62616822429905,754585.1471121004,403938.64650879573
002594.SZ,20190411,55.52,55.78,57.4,54.73,54.93,-0.59,-1.0627,183873.02,1031866.08,56.38,56.65,58.29,55.58,55.79,1.015568,56.1184,-1,61.07,49.97,54.41,1,1,-0.010626801152737841,0,1.1847800590080626,0.9666666666666667,1.0,49.99999999995907,67.08624966611805,52.76988161914371,40.48218359621122,1438.1985804740934,0.32164058283863994,18.062709972290087,6.064591843414089,54.03827633543107,3.867756727196439,1101.28,2.0,-0.16098920914225223,7454.362670853383,0.0,0.018000000000000682,25.848800362154826,1243035.9478655686,523809.6895597633
002594.SZ,20190412,54.93,54.75,54.75,53.67,54.09,-0.84,-1.5292,89460.41,484592.128,55.79,55.6,55.6,54.51,54.93,1.015568,54.1683,-1,60.42,49.44,53.58,1,1,-0.015292190060076427,0,0.5661009443024814,0.9666666666666667,1.0,49.999999999957296,61.155395747237044,49.2847784546509,24.625882069825035,1438.1985804740934,0.3458333333333334,6.535376348347914,1.244645708885989,54.0407700230949,3.9409899823282473,1104.2099999999998,0.0,-0.254066018512874,-2222.716848445638,0.0,-0.14299999999999927,3.0411449016100534,838937.8223008369,568827.9942370595
002594.SZ,20190415,54.09,54.46,55.24,53.33,53.54,-0.55,-1.0168,100201.48,544377.825,54.93,55.31,56.1,54.16,54.37,1.015568,54.3283,-1,59.5,48.68,53.04,1,1,-0.010168238121649131,0,0.6911222550208074,0.9666666666666667,1.0,49.99999999995552,55.33057334303824,47.09175883741508,16.751782034835927,1423.574634841615,0.35148215366001206,5.082905801250409,-1.8301048219059721,54.017360241820825,4.134090749314952,1105.32,-2.0,-0.3773995756074793,-6717.744076972074,0.0,-0.20599999999999952,-4.58273034249877,458288.7384512923,553036.6719819499
002594.SZ,20190416,53.54,53.54,57.05,53.3,56.73,3.19,5.9582,210095.7,1165362.389,54.37,54.37,57.94,54.13,57.61,1.015568,55.4682,-1,58.89,48.19,56.2,1,1,0.0595816212177811,1,1.5310584644964198,0.9666666666666667,1.0,49.99999999995494,56.221049728916825,58.598626824206676,100.0,1508.3935195099893,0.2987146529562982,16.758757694769713,14.097423883538642,54.16474367436002,4.113486957039244,1103.2299999999998,-2.0,-0.035015831813901444,4941.631316257777,0.0,-0.05449999999999946,-1.8796992481202963,699641.7740904307,573980.2579974472
002594.SZ,20190417,56.73,58.1,62.4,58.1,62.4,5.67,9.9947,491714.14,2999382.073,57.61,59.0,63.37,59.0,63.37,1.015568,60.9985,-1,62.4,51.06,61.81,1,1,0.09994711792702282,1,3.5122977960018673,0.9666666666666667,1.0,49.99999999996007,61.914626806353546,70.76802347252934,100.0,1659.1531044848111,0.41306978620411455,26.989734197884236,33.54510941916741,54.688447582504054,4.102854457049357,1104.4499999999998,-2.0,0.8979375928202722,48021.88369096328,0.0,0.16850000000000023,17.90988262021964,1811347.7275448162,750747.039361357
002594.SZ,20190418,62.4,62.3,62.31,58.9,59.32,-3.08,-4.9359,314696.52,1902702.645,63.37,63.27,63.28,59.82,60.24,1.015568,60.4615,-1,68.64,56.16,58.76,1,1,-0.049358974358974295,0,1.986964271619618,0.9666666666666667,1.0,49.999999999964345,57.95087025250833,60.38475771175725,56.14483145549629,1659.1531044848111,0.37536656891495607,29.67975958602563,18.238946261321335,54.949223714598716,4.215767951618846,1110.18,-2.0,1.0332859938003272,49890.17964765533,0.0,0.06200000000000046,23.31450094161957,868654.890448939,767591.0180881545
002594.SZ,20190419,59.32,59.01,61.8,58.51,60.13,0.81,1.3655,174364.29,1050880.591,60.24,59.93,62.76,59.42,61.07,1.015568,60.2693,-1,65.25,53.39,59.57,1,1,0.013654753877275772,1,1.038010860555435,0.9666666666666667,1.0,49.999999999968,56.613555110267,61.96526423663107,62.82032080836394,1659.1531044848111,0.3691420331651046,33.45125721111806,20.753321638111814,55.24712654561117,4.241557931469969,1112.71,0.0,1.1557621880083677,30398.322529463552,0.0,0.13550000000000076,24.15623814941221,238221.88233992015,691966.8558384068
002594.SZ,20190422,60.13,60.0,60.13,57.19,57.71,-2.42,-4.0246,152524.84,888126.618,61.07,60.93,61.07,58.08,58.61,1.015568,58.2283,-1,66.14,54.12,57.17,1,1,-0.04024613337768168,0,0.8906696656031905,0.9666666666666667,1.0,49.99999999997043,51.797929958957575,54.915940828533884,33.04652195648618,1659.1531044848111,0.36299184686281466,31.042142984272214,10.10463653769349,55.37625692015108,4.5623837802012615,1117.8500000000001,-2.0,0.8488536038298551,13594.711509496105,0.0,-0.07149999999999927,11.724659606656594,-327486.1590021389,546330.710861186
002594.SZ,20190423,57.71,57.75,57.91,56.61,56.96,-0.75,-1.2996,99685.87,569865.394,58.61,58.65,58.81,57.49,57.85,1.015568,57.1661,-1,63.48,51.94,56.43,1,1,-0.01299601455553634,0,0.5856227592219836,0.9666666666666667,1.0,49.9999999999722,48.47567113280759,52.90710828458825,24.5619380286383,1659.1531044848111,0.359803232607168,25.647448589831768,7.025654998917343,55.456971748946714,4.957519931766207,1117.79,-2.0,0.5001199023316327,-4630.704868963818,0.0,-0.13599999999999923,0.5370569280343602,-716117.713915184,365980.93589313317
002594.SZ,20190424,56.96,57.44,58.17,56.65,58.15,1.19,2.0892,112922.85,651607.907,57.85,58.33,59.08,57.53,59.06,1.015568,57.7038,-1,62.66,51.26,57.6,1,1,0.020891853932584192,1,0.6682688261880914,0.9666666666666667,1.0,49.99999999997357,51.71466341453963,55.67749253938173,36.26304163382747,1693.8158887955015,0.3605633802816902,20.115668173808594,11.174262899610971,55.59954100169847,5.140537054315129,1116.89,0.0,0.38992488566352623,-14347.695018391092,0.0,-0.01299999999999919,3.8112522686025514,-454111.79198121454,248824.83191108354
002594.SZ,20190425,58.15,57.7,57.7,56.0,56.16,-1.99,-3.4222,92924.85,526376.238,59.06,58.6,58.6,56.87,57.03,1.015568,56.6454,-1,63.97,52.34,55.63,1,1,-0.0342218400687877,0,0.548724932002803,1.0,1.0,49.99999999997458,52.49299424867968,50.343872557957404,13.735755072272326,1693.8158887955015,0.34304857621440543,13.797539057779804,3.0779454876193006,55.62705098363893,5.533361390111498,1118.49,0.0,0.028248840678561038,-22431.64402493692,0.0,-0.08699999999999938,6.636838180462348,-626066.8676300279,123840.30340521049
002594.SZ,20190426,56.16,56.09,56.59,55.13,55.36,-0.8,-1.4245,82089.26,457693.828,57.03,56.96,57.47,55.99,56.22,1.015568,55.7556,-1,61.78,50.54,54.84,1,1,-0.014245014245014231,0,0.4926717048989317,1.0,1.0,49.999999999975245,53.75424468414066,48.339111320083795,5.268366872444773,1693.8158887955015,0.3566701497735981,5.467041324551147,-0.003685045305014138,55.61433473874897,5.850531704220153,1119.42,0.0,-0.32026932987487,-27847.687058906376,0.0,0.020500000000000185,6.995884773662574,-835192.5164947349,-13164.38515192455
002594.SZ,20190429,55.36,56.5,56.98,55.45,55.65,0.29,0.5238,105128.2,591529.429,56.22,57.38,57.87,56.31,56.52,1.015568,56.2674,-1,60.9,49.82,55.13,1,1,0.005238439306358256,1,0.6476294198176603,1.0,1.0,49.999999999975465,57.229082210001756,49.12991950636235,8.608455346982712,1702.688840525102,0.3359264497878359,5.676020581354369,1.1242626354286622,55.61605217838978,6.179275453326769,1122.62,0.0,-0.5024180355364889,-26920.563142907304,0.0,-0.05350000000000001,17.42605915267783,-561562.868944525,-91507.02569372462
002594.SZ,20190430,55.65,55.55,56.9,55.25,56.9,1.25,2.2462,79274.23,447723.208,56.52,56.41,57.79,56.11,57.79,1.015568,56.4778,-1,61.22,50.09,56.37,1,1,0.022461814914645162,1,0.49187808172522485,1.0,1.0,49.99999999997566,56.219029392097355,52.50478044042806,22.86265036497746,1702.688840525102,0.33251662583129155,5.981496660331517,5.937928075115492,55.680823022188804,6.408367405809149,1124.57,0.0,-0.44706602071720103,-28245.371615930897,0.0,-0.031500000000000125,12.213422259274665,-312706.3365229317,-123106.92724075422
002594.SZ,20190506,56.9,54.88,55.28,51.84,52.05,-4.85,-8.5237,135543.64,725208.717,57.79,55.73,56.14,52.65,52.86,1.015568,53.5037,-1,62.59,51.21,51.56,1,1,-0.0852372583479789,0,0.862811966436281,1.0,1.0,49.999999999975905,52.26230598171769,41.10894442289706,0.0,1557.5563119390433,0.31816812292859276,15.744187456926747,-11.632652324681192,55.52803911726056,7.3480963051387755,1127.47,-2.0,-1.0233113442178587,-20365.977605731154,0.0,-0.1765000000000004,-4.4194756554307375,-493051.35761611414,-175956.13158009137
002594.SZ,20190507,52.05,52.42,53.58,52.07,53.01,0.96,1.8444,85742.47,454013.999,52.86,53.24,54.41,52.88,53.84,1.015568,52.9509,-1,57.26,46.85,52.51,1,1,0.018443804034582234,1,0.544567518479148,1.0,1.0,49.99999999997623,52.55675055420349,43.71311104196732,8.780335406613208,1557.5563119390433,0.31187241582988756,18.164869214589867,-7.903782761948454,55.41760965175717,8.016758217234548,1124.62,0.0,-1.221328324136186,-20622.553696368905,0.0,-0.1310000000000006,-10.804109103790331,-751099.5538892661,-258119.4776242592
002594.SZ,20190508,53.01,52.03,53.32,51.41,51.85,-1.16,-2.1883,98147.03,511300.537,53.84,52.84,54.15,52.21,52.66,1.015568,52.0954,-1,58.31,47.71,51.36,1,1,-0.021882663648368217,0,0.6265267703360785,1.0,1.0,49.99999999997645,48.82722215443127,41.33460292179561,0.7608412200558345,1523.4728310514884,0.3211572180011689,19.71169149678351,-11.657145409067796,55.2675273561846,8.834968078736273,1123.55,-2.0,-1.4397019687897954,-17978.49638290249,0.0,-0.1725000000000005,-15.808170515097757,-1027007.4696900407,-367960.6193479423
002594.SZ,20190509,51.85,51.9,52.25,50.67,51.11,-0.74,-1.4272,74263.9,380777.299,52.66,52.71,53.06,51.46,51.91,1.015568,51.2735,-1,57.04,46.67,50.63,1,1,-0.014271938283510144,0,0.4816869558154817,1.0,1.0,49.999999999976836,50.29502204772394,39.84514992870953,0.0,1523.4728310514884,0.35320686540198715,13.006202093880784,-14.010430984399333,55.09728736307561,9.616341086090944,1120.1799999999998,-2.0,-1.6024990596117652,-18245.59867216695,0.0,-0.1100000000000005,-14.440433212996439,-1217974.5132661993,-489391.175621979
002594.SZ,20190510,51.11,51.86,52.32,49.7,52.26,1.15,2.25,90465.03,467950.646,51.91,52.67,53.13,50.47,53.07,1.015568,51.7272,-1,56.22,46.0,51.77,1,1,0.02250048914106828,1,0.6046812459445421,1.0,1.0,49.99999999997715,49.52221586886074,43.26654382976772,15.467342769711351,1557.751714943275,0.3863705506540917,15.389711188466013,-9.249780551981344,54.974675719820276,10.247815503876536,1116.44,-2.0,-1.4770445619386856,-15165.60439032199,0.0,-0.1590000000000007,-20.057102069950076,-974826.0499203537,-558739.0148074611
002594.SZ,20190513,52.26,52.2,52.2,50.5,51.02,-1.24,-2.3728,64960.77,331705.667,53.07,53.01,53.01,51.29,51.81,1.015568,51.0625,-1,57.49,47.03,50.54,1,1,-0.023727516264829607,0,0.4404758615342299,1.0,1.0,49.999999999977206,45.46029157509423,40.58603303295115,3.3493638139848896,1557.751714943275,0.3788782816229116,9.920895132523246,-13.356165048074006,54.81150987679337,11.014098694355342,1115.03,-4.0,-1.4791780347462709,-15437.688848162528,0.0,-0.2465000000000007,-20.92020129403312,-1066468.2247935769,-631271.7590911919
002594.SZ,20190514,51.02,50.45,51.0,50.1,50.19,-0.83,-1.6268,62974.78,318067.063,51.81,51.24,51.79,50.88,50.97,1.015568,50.5071,-1,56.12,45.92,49.72,1,1,-0.01626813014504125,0,0.4437846239982439,1.0,1.0,49.99999999997726,40.91072750402696,38.85099655515915,0.0,1557.751714943275,0.3761848341232226,0.9014714633394748,-16.0331897881835,54.62672252311873,11.82349052871967,1108.6499999999999,-4.0,-1.5054675052128246,-14759.580490128428,0.0,-0.2170000000000009,-29.08309455587399,-1202123.7080070667,-712822.0375077456
002594.SZ,20190515,50.19,50.61,51.33,50.33,51.29,1.1,2.1917,68026.85,346688.295,50.97,51.4,52.13,51.11,52.09,1.015568,50.9634,-1,55.21,45.17,50.81,1,1,0.02191671647738591,1,0.5007165038067809,1.0,1.0,49.999999999977206,43.54419404380622,42.367406083913764,20.898049909213345,1591.8925176218484,0.37330981775426203,0.44849349868778715,-11.23849665665642,54.48568799578939,12.423434745406846,1103.91,-2.0,-1.295751902244084,-12589.512080536872,0.0,-0.15000000000000108,-20.078125000000085,-961547.6989549578,-748354.2748573474
002594.SZ,20190516,51.29,51.25,51.89,51.2,51.47,0.18,0.3509,58377.0,300715.977,52.09,52.05,52.7,52.0,52.27,1.015568,51.5127,-1,56.42,46.16,50.99,1,1,0.0035094560343147396,1,0.4331044901214198,1.0,1.0,49.999999999976865,46.235490938270125,42.945587074489,24.33418415319003,1591.8925176218484,0.3774145616641901,-6.173753915213159,-10.452338876305243,54.357093802121895,12.955305364732567,1099.8700000000001,0.0,-1.0635777506060142,-11445.860918037579,0.0,-0.09300000000000104,-18.321785989222555,-695422.2276908564,-740792.5538335629
002594.SZ,20190517,51.47,51.3,51.45,50.0,50.22,-1.25,-2.4286,67504.82,340767.75,52.27,52.1,52.25,50.78,51.0,1.015568,50.4805,-1,56.62,46.32,49.75,1,1,-0.024285991839906762,0,0.5087173956439464,1.0,1.0,49.999999999975486,40.70990090937088,39.94837835146698,8.037199105603218,1553.2318289288755,0.400504572690003,-18.345681256203424,-14.851265389494756,54.18934699154302,13.670359788536205,1098.0400000000002,-2.0,-1.0095923781200888,-8582.718789771556,0.0,-0.3065000000000008,-30.62672447772966,-728862.0610524791,-739088.1977219795
002594.SZ,20190520,50.22,50.4,50.42,48.5,49.0,-1.22,-2.4293,78295.97,383243.529,51.0,51.18,51.2,49.26,49.76,1.015568,48.9481,-1,55.24,45.2,48.54,1,1,-0.024293110314615673,0,0.6235415355426576,1.0,1.0,49.99999999997442,24.074208962892982,37.21821586267545,0.0,1515.498996764534,0.5066030814380045,-29.39561149962942,-18.94211881839019,53.98904343351891,14.283191093511581,1091.73,-4.0,-1.0639921576703948,-4560.062255977282,0.0,-0.5915000000000006,-67.93680297397776,-841364.9590536442,-753699.163626503
002594.SZ,20190521,49.0,49.16,49.61,48.7,49.4,0.4,0.8163,59860.63,295136.969,49.76,49.93,50.38,49.46,50.17,1.015568,49.304,-1,53.9,44.1,48.94,1,1,0.008163265306122325,1,0.5706683275171012,1.0,1.0,49.99999999997324,27.912162783096804,38.69750256330094,9.67703824558708,1515.498996764534,0.5410903173311634,-42.143134601783956,-17.002100041573797,53.807671544090304,14.788948772601223,1078.03,-2.0,-0.974279640292238,-3741.458181444599,0.0,-0.43050000000000066,-75.38318625174179,-974637.6653900156,-785261.8067355762
002594.SZ,20190522,49.4,49.49,49.51,48.6,48.93,-0.47,-0.9514,52623.37,257348.049,50.17,50.26,50.28,49.36,49.69,1.015568,48.9038,-1,54.34,44.46,48.47,1,1,-0.009514170040485825,0,0.5710381281462056,1.0,1.0,49.99999999997219,30.30126919307301,37.5771240084182,2.3478666113450477,1515.498996764534,0.47978547854785497,-54.058765499151065,-18.643360569894448,53.618704417866,15.186218615741076,1069.03,-4.0,-0.9077653601883409,-3536.2065441307495,0.0,-0.5145000000000011,-74.90530303030306,-1074871.0236475547,-826634.552008716
002594.SZ,20190523,48.93,49.3,49.48,47.47,47.59,-1.34,-2.7386,107057.19,514288.095,49.69,50.07,50.25,48.21,48.33,1.015568,48.0386,-1,53.82,44.04,47.14,1,1,-0.027386061720825583,0,1.2438846060278423,1.0,1.0,49.99999999997162,31.579882824519146,34.50943505046117,0.0,1473.9954477012911,0.46200345423143385,-53.146794738609195,-23.201092702389722,53.398229221812485,15.62964679239985,1058.38,-4.0,-0.9682518284209136,4153.316269595089,0.0,-0.48550000000000076,-74.2468415937804,-1315114.1787248715,-896417.3558253098
002594.SZ,20190524,47.59,47.71,49.69,47.0,48.61,1.02,2.1433,93766.16,451740.393,48.33,48.45,50.46,47.73,49.37,1.015568,48.1773,-1,52.35,42.83,48.15,1,1,0.02143307417524687,1,1.1190155820738488,1.0,1.0,49.99999999997085,37.18785071418652,38.61727936268499,44.632648042095866,1473.9954477012911,0.4767392232180968,-37.674915573402174,-17.908450955791587,53.2110515294328,15.935599080864723,1047.47,-2.0,-0.8017428896899408,7477.188103327739,0.0,-0.40100000000000086,-71.85342538502394,-1017066.5909119537,-913652.9608376875
002594.SZ,20190527,48.61,48.3,48.99,47.3,48.81,0.2,0.4114,79566.86,383543.247,49.37,49.05,49.75,48.04,49.57,1.015568,48.2039,-1,53.47,43.75,48.35,1,1,0.004114379757251596,1,0.9529256282676897,1.0,1.0,49.99999999997004,30.68009661190615,39.419661845889856,56.07132352896856,1473.9954477012911,0.4768270944741536,-33.23726963116854,-16.87217532694725,53.03683731994911,16.178114016283942,1038.12,-2.0,-0.604519935656771,7757.542262354313,0.0,-0.41100000000000064,-75.19460300985996,-1125295.5196414823,-943887.6120953725
002594.SZ,20190528,48.81,48.81,50.5,48.71,50.5,1.69,3.4624,122525.48,610836.937,49.57,49.57,51.29,49.47,51.29,1.015568,49.8539,-1,53.69,43.93,50.03,1,1,0.03462405244826883,1,1.4973237604137144,1.0,1.0,49.999999999969305,37.51058026223046,45.85981815095,100.0,1525.0311433910101,0.4507678410117436,-29.481539583203027,-8.39823022508004,52.92618075416892,16.21903286031762,1028.68,0.0,-0.20683032361560194,13393.270715479674,0.0,-0.24950000000000044,-61.25186289120725,-756961.5960737176,-917183.8955208504
002594.SZ,20190529,50.5,49.51,49.95,49.27,49.6,-0.9,-1.7822,56658.72,281063.737,51.29,50.28,50.73,50.04,50.37,1.015568,49.6064,-1,55.55,45.45,49.13,1,1,-0.017821782178217838,0,0.680097662598208,1.0,1.0,49.999999999968324,38.29775155191521,43.2244878293382,76.78201433131979,1525.0311433910101,0.4487410071942447,-32.8546991731977,-11.975963800288566,52.78675987078237,16.27644399350971,1022.59,0.0,-0.03444373106420606,8169.720822712887,0.0,-0.20850000000000007,-54.443309499489345,-851516.5198201414,-907802.8418493206
002594.SZ,20190530,49.6,49.5,49.5,48.25,48.37,-1.23,-2.4798,55403.62,269187.302,50.37,50.27,50.27,49.0,49.12,1.015568,48.5866,-1,54.56,44.64,47.92,1,1,-0.024798387096774288,0,0.6753396635992119,1.0,1.0,49.99999999996689,32.51604519471884,39.85379126837403,47.08524963957115,1525.0311433910101,0.42709232096635036,-32.07655380282885,-16.658737841619505,52.61147494588643,16.44106884085995,1016.83,-2.0,-0.054350650210373885,4641.722705651089,0.0,-0.22250000000000014,-59.72290945076697,-917431.2850737609,-909178.3337385263
002594.SZ,20190531,48.37,48.64,48.93,47.87,48.25,-0.12,-0.2481,53590.67,259382.616,49.12,49.4,49.69,48.62,49.0,1.015568,48.4007,-1,53.21,43.53,47.8,1,1,-0.0024808765763902896,0,0.6736564743888162,1.0,1.0,49.99999999996535,27.624761878718772,39.52991694269568,44.231827664198306,1525.0311433910101,0.3755102040816329,-33.61449002833022,-17.1115815167374,52.43932458373457,16.44554163374415,1010.51,-4.0,-0.0519407737468951,2279.626291850087,0.0,-0.3095000000000002,-60.447035957240054,-996572.1804074119,-921663.1689769386
002594.SZ,20190603,48.25,48.71,49.16,48.04,48.79,0.54,1.1192,53961.7,261923.867,49.0,49.47,49.93,48.79,49.55,1.015568,48.5388,-1,53.08,43.43,48.33,1,1,0.011191709844559528,1,0.6894500145832738,1.0,1.0,49.99999999996382,32.857114945170366,41.82114971034157,64.4182191486163,1542.0988494517592,0.37091319052987615,-45.894461639333905,-14.172981453424732,52.29017665576758,16.120448610297764,1001.65,-2.0,0.048688207919449944,1045.6767489830236,0.0,-0.16400000000000006,-50.574712643678225,-775299.9510348458,-900754.1378423539
002594.SZ,20190604,48.79,48.44,48.6,47.7,48.51,-0.28,-0.5739,49330.99,237326.287,49.55,49.19,49.36,48.44,49.27,1.015568,48.109,-1,53.67,43.91,48.05,1,1,-0.0057388809182209455,0,0.6649398436965783,1.0,1.0,49.999999999962284,33.837952484576846,40.95462577516407,56.783904716179336,1542.0988494517592,0.370457209847597,-47.18853090904064,-15.332553575218121,52.137768129825474,15.84680211841578,998.39,-4.0,0.10083194547077845,-57.268549453729065,0.0,-0.18999999999999986,-47.109471094711004,-802212.4386325018,-886676.7522409465
002594.SZ,20190605,48.51,48.98,49.35,48.6,48.9,0.39,0.804,67271.46,329419.97,49.27,49.74,50.12,49.36,49.66,1.015568,48.9688,-1,53.36,43.66,48.44,1,1,0.008039579468150926,1,0.9295736848168565,1.0,1.0,49.99999999996078,39.40213162187805,42.73441890696406,72.46437220386564,1554.4966756996707,0.3265807243707798,-52.74010586507483,-13.09233759626887,52.00377438717384,15.456247021289757,993.58,-2.0,0.20513846355592458,1860.7257706436067,0.0,-0.18499999999999978,-36.969696969697026,-550563.551829501,-838660.5807535972
002594.SZ,20190606,48.9,49.69,50.12,49.0,49.37,0.47,0.9611,106347.88,527701.775,49.66,50.46,50.9,49.76,50.14,1.015568,49.6203,-1,53.79,44.01,48.91,1,1,0.009611451942740157,1,1.5015733618597014,1.0,1.0,49.99999999995895,45.94093490088692,44.89032304723434,91.45848122365223,1569.4376457933074,0.33208489388264695,-51.82344545708034,-10.372710641363396,51.89136578760022,14.96853034193591,990.23,0.0,0.34641495603947225,8265.095019433822,0.0,-0.16149999999999984,-26.296296296296376,-206411.3583042936,-748339.2632608396
002594.SZ,20190610,49.37,51.0,51.91,50.66,50.9,1.53,3.099,131081.81,671025.777,50.14,51.79,52.72,51.45,51.69,1.015568,51.1914,-1,54.31,44.43,50.42,1,1,0.03099048004861249,1,1.8098098749045568,1.0,1.0,49.99999999995789,47.4448099171206,51.31575684902716,100.0,1618.0752718428062,0.31707317073170765,-56.92764093610416,-1.970015469161851,51.84508789577982,14.522916267097273,989.9,0.0,0.6379614626002574,15296.263305600525,0.0,-0.18649999999999983,-8.813160987074127,222512.55444579385,-609646.1464456064
002594.SZ,20190611,50.9,50.57,51.69,50.15,51.55,0.65,1.277,119686.34,611970.77,51.69,51.36,52.49,50.93,52.35,1.015568,51.1312,-1,55.99,45.81,51.07,1,1,0.012770137524557912,1,1.6074054057680194,1.0,1.0,49.99999999995777,45.71620099398285,53.78122624761208,100.0,1618.0752718428062,0.3105629348513598,-51.93043575249156,1.3872694917364579,51.83084115482116,13.938628380107515,987.79,2.0,0.8946378216003481,17705.460540806736,0.0,-0.07850000000000001,-16.79617453676036,-4880.0180657897145,-523250.9852484897
002594.SZ,20190612,51.55,51.56,51.56,50.56,50.75,-0.8,-1.5519,93790.99,476661.987,52.35,52.36,52.36,51.35,51.54,1.015568,50.8217,-1,56.71,46.4,50.27,1,1,-0.015518913676042634,0,1.2149782082829446,1.0,1.0,49.99999999995774,44.77889070388956,50.398330183089655,82.44638482269076,1618.0752718428062,0.3111533586818758,-47.49918957437704,-2.7604711379043314,51.7807933049785,13.238648078384312,988.33,2.0,0.9288925631467748,15200.350503159018,0.0,-0.10599999999999987,-7.528230865746565,-277702.165039198,-488172.5823614481
002594.SZ,20190613,50.75,50.7,50.7,49.89,50.22,-0.53,-1.0443,68058.93,341679.829,51.54,51.49,51.49,50.67,51.0,1.015568,50.2035,-1,55.83,45.68,49.75,1,1,-0.010443349753694653,0,0.8643893797287,1.0,1.0,49.99999999995779,40.36840623248339,48.2337219970537,63.416488512812045,1618.0752718428062,0.32281393819855364,-46.051801408582556,-5.457692792615939,51.71052616206112,12.639012610245745,988.89,0.0,0.8542864581553884,9732.566779648932,0.0,-0.16400000000000006,-14.511232544019428,-469597.78148534475,-485519.03937914764
002594.SZ,20190614,50.22,50.3,50.49,49.3,49.35,-0.87,-1.7324,62553.08,311449.188,51.0,51.08,51.28,50.07,50.12,1.015568,49.7896,-1,55.24,45.2,48.89,1,1,-0.01732377538829144,0,0.7944455861700221,1.0,1.0,49.999999999957595,36.472754330720555,44.82995721949419,37.67204757272499,1618.0752718428062,0.308805031446541,-38.20936651001514,-9.781717099016968,51.609115392021124,12.054656600323252,988.1800000000001,-2.0,0.670016355805003,5253.863296022468,0.0,-0.22249999999999978,-23.780111179740643,-615773.9544784869,-504126.884393339
002594.SZ,20190617,49.35,49.49,49.93,49.0,49.1,-0.25,-0.5066,53005.07,261630.786,50.12,50.26,50.71,49.76,49.86,1.015568,49.3596,-1,54.29,44.42,48.64,1,1,-0.005065856129685908,0,0.6714021025301794,1.0,1.0,49.9999999999571,36.848181792561206,43.87188014111331,30.467117831199857,1618.0752718428062,0.329530201342282,-39.473913577113656,-11.012798107924413,51.5027919834686,11.286900353513028,986.64,-2.0,0.5042775280404379,1101.980149251598,0.0,-0.1879999999999999,-20.643086816720313,-730158.831834163,-536417.162599171
002594.SZ,20190618,49.1,49.11,49.6,48.97,49.2,0.1,0.2037,54723.68,269093.638,49.86,49.87,50.37,49.73,49.97,1.015568,49.1732,-1,54.01,44.19,48.74,1,1,0.0020366598778003286,1,0.6995958648176113,1.0,1.0,49.999999999956515,37.410811063823694,44.38388893242086,34.05983187839915,1621.3707408282294,0.35631349782293187,-47.86441426721856,-10.378616842269425,51.40451607742908,10.549994649207163,985.1899999999999,0.0,0.4023650615787844,-1191.9026673500302,0.0,-0.1134999999999998,-14.186369958275428,-851366.4259134866,-581409.9145012161
002594.SZ,20190619,49.2,50.12,50.35,49.46,49.6,0.4,0.813,92549.67,461559.434,49.97,50.9,51.13,50.23,50.37,1.015568,49.8715,-1,54.12,44.28,49.13,1,1,0.008130081300812941,1,1.20126931591648,1.0,1.0,49.99999999995562,42.52555630839219,46.48671433603834,48.81514564379507,1634.5526167699222,0.35631349782293187,-44.51426676297832,-7.78599555530968,51.32527719476977,9.802868418042486,985.69,0.0,0.3831736686791545,2410.31611888764,0.0,-0.1514999999999997,-3.3519553072625996,-581003.9881009865,-581351.9250154691
002594.SZ,20190620,49.6,49.6,50.49,49.08,50.29,0.69,1.3911,121168.66,604664.111,50.37,50.37,51.28,49.84,51.07,1.015568,49.9027,-1,54.56,44.64,49.82,1,1,0.01391129032258065,1,1.5400638988055613,1.0,1.0,49.99999999995451,48.14431303873052,49.99873733721218,73.45865681902627,1657.2913527693424,0.3507142857142858,-35.401573353730086,-3.37696209623203,51.27764308637398,9.155600745859012,985.26,2.0,0.452977201358026,8338.630842626015,0.0,-0.0889999999999997,-5.205479452054831,-229011.61844064412,-531017.5955047798
002594.SZ,20190621,50.29,50.2,50.68,50.0,50.55,0.26,0.517,106524.86,537052.469,51.07,50.98,51.47,50.78,51.34,1.015568,50.4157,-1,55.32,45.26,50.08,1,1,0.0051700139192683014,1,1.2974231467755146,1.0,1.0,49.999999999953374,54.59635574084896,51.29582947362841,80.62310602624294,1657.2913527693424,0.3800309597523221,-44.573606457232785,-1.7264616434225504,51.24359162886985,8.217300261838934,985.78,4.0,0.5189861951904406,9873.259579638678,0.0,0.013999999999999702,8.964558721334257,192626.07519420946,-427639.9282620671
002594.SZ,20190624,50.55,50.55,50.88,50.21,50.76,0.21,0.4154,65401.16,331224.645,51.34,51.34,51.67,50.99,51.55,1.015568,50.6451,-1,55.61,45.5,50.28,1,1,0.004154302670623222,1,0.7968139557027911,1.0,1.0,49.99999999995224,53.90131043719605,52.37055122914352,89.00195713198724,1657.2913527693424,0.3806771263418664,-59.6534665190185,-0.3640993487552905,51.22064730149373,7.3609686582395035,988.99,4.0,0.5715919041542328,5171.289417778413,0.0,-0.020500000000000185,13.941967445152152,441452.89310824836,-303483.8109234506
002594.SZ,20190625,50.76,50.5,50.68,49.7,49.9,-0.86,-1.6942,78742.19,393724.882,51.55,51.29,51.47,50.47,50.68,1.015568,50.0018,-1,55.84,45.68,49.43,1,1,-0.01694247438928287,0,0.976222544481312,1.0,1.0,49.99999999995036,53.83699004100216,47.72595118855611,45.18529315909333,1629.212736469468,0.3296789350039152,-60.76240022705819,-5.802291704408428,51.16140827803302,6.677472326289767,992.45,2.0,0.4751664414959129,3746.66217811744,0.0,-0.07600000000000051,15.49497847919654,293335.98061440245,-218223.84070375733
002594.SZ,20190626,49.9,49.56,50.6,49.41,50.03,0.13,0.2605,57139.27,286425.558,50.68,50.33,51.39,50.18,50.81,1.015568,50.1276,-1,54.89,44.91,49.56,1,1,0.0026052104208418303,1,0.7087582050291763,1.0,1.0,49.99999999994825,48.1919203862261,48.46991467759521,46.40098839081227,1629.212736469468,0.37555753791257773,-59.68478898520669,-4.891331077372345,51.11016697549409,6.220746987189429,993.15,2.0,0.41566188368903845,-17.730604702715937,0.0,-0.13700000000000045,2.830188679245225,152830.38701937953,-165216.09388616637
002594.SZ,20190627,50.03,50.2,50.86,50.06,50.54,0.51,1.0194,81181.08,410302.47,50.81,50.98,51.65,50.84,51.33,1.015568,50.5416,-1,55.03,45.03,50.07,1,1,0.01019388366979812,1,1.0495354287024663,1.0,1.0,49.99999999994631,52.61991672201334,51.39258300903943,75.89504682850739,1645.820741578391,0.38909426987060963,-54.318137010004925,-1.2899097306203882,51.08336638805616,5.537128535475047,992.6800000000001,4.0,0.4299720080018673,774.613068866387,0.0,-0.1245000000000008,3.512880562060843,375098.44386259606,-88028.30277920034
002594.SZ,20190628,50.54,50.55,50.83,50.23,50.72,0.18,0.3562,55170.97,278912.037,51.33,51.34,51.62,51.01,51.51,1.015568,50.5541,-1,55.59,45.49,50.24,1,1,0.0035615354174911573,1,0.7021382086974762,1.0,1.0,49.9999999999445,56.10747164994172,52.41834182291172,86.24647469113475,1645.820741578391,0.43091095189355155,-57.35472722230668,-0.014133697977867912,51.06606567229672,4.421830913946024,993.31,6.0,0.4466979333761504,-2008.6637978583185,0.0,-0.059500000000000594,13.712374581939741,550035.0553604371,3123.6055264621536
002594.SZ,20190701,50.72,51.6,52.13,51.08,51.91,1.19,2.3462,114363.63,591468.284,51.51,52.4,52.94,51.88,52.72,1.015568,51.7182,-1,55.79,45.65,51.42,1,1,0.023462145110410004,1,1.4556743103646819,1.0,1.0,49.99999999994357,61.04819307500152,58.63348065107051,100.0,1684.435226643026,0.40867158671586756,-51.82322702535304,8.045786470022657,51.10948640951851,3.939679356709949,995.1,8.0,0.591954801371327,3992.2952400362574,0.0,-0.02450000000000081,27.65957446808509,875036.636064949,127682.60988910311
002594.SZ,20190702,51.91,51.91,54.4,51.55,53.18,1.27,2.4465,158556.34,845973.987,52.72,52.72,55.25,52.35,54.01,1.015568,53.3548,-1,57.1,46.72,52.68,1,1,0.0244654209208246,1,1.9430288011038266,1.0,1.0,49.9999999999446,63.616075417074924,64.03301964506241,100.0,1725.6456434767122,0.5790838375108037,-26.242726622673008,15.679497291026708,51.2235416339381,3.5145962437871647,998.6099999999999,8.0,0.8190194105755816,13260.840193962085,0.0,0.034999999999999434,37.67820773930751,1201112.300556092,281029.7085558158
002594.SZ,20190703,53.18,53.18,54.2,52.77,53.4,0.22,0.4137,118723.44,636771.038,54.01,54.01,55.04,53.59,54.23,1.015568,53.6348,-1,58.5,47.86,52.9,1,1,0.004136893569010924,1,1.367271155676758,1.0,1.0,49.99999999994664,67.78578445361498,64.8880207119123,100.0,1725.6456434767122,0.5039096437880106,-19.155218782421024,16.936880514765104,51.344736039603596,3.126960476201295,1002.59,10.0,0.9495726201450254,13336.711855065885,0.0,0.04249999999999936,47.62833008447038,1530947.5788631265,459589.40431400307
002594.SZ,20190704,53.4,53.42,54.11,52.82,53.24,-0.16,-0.2996,81471.45,435697.733,54.23,54.25,54.95,53.64,54.07,1.015568,53.4786,-1,58.74,48.06,52.74,1,1,-0.0029962546816478808,0,0.90221065971549,1.0,1.0,49.99999999994897,63.46376622882769,63.70198536559486,94.3565501842646,1725.6456434767122,0.4813829787234048,-13.02815164611143,15.617014273442148,51.44908116358507,2.777681917568406,1008.19,8.0,0.9621248466037787,7945.834899448271,0.0,0.03749999999999929,43.48422496570637,1227191.1314717159,569246.793907962
002594.SZ,20190705,53.24,53.24,53.77,52.18,53.26,0.02,0.0376,82513.29,437855.977,54.07,54.07,54.61,52.99,54.09,1.015568,53.0649,-1,58.56,47.92,52.76,1,1,0.00037565740045075735,1,0.9066196472389225,0.9666666666666667,1.0,49.99999999995123,58.34591027404557,63.79107832658506,94.65013980048438,1726.2938950332398,0.5013850415512473,-7.903236895777949,15.742148238670811,51.54889051425771,2.4879480040154767,1011.47,8.0,0.9208398162862355,4280.639870853726,0.0,0.054499999999999105,34.11764705882348,908912.2471161745,617770.4300805639
002594.SZ,20190708,53.26,53.27,53.29,51.26,52.32,-0.94,-1.7649,97308.46,509579.132,54.09,54.1,54.12,52.06,53.13,1.015568,52.3674,-1,58.59,47.93,51.83,1,1,-0.01764926774314679,0,1.0833682906331568,0.9666666666666667,1.0,49.999999999953005,51.96231541079069,56.74177815135039,55.73008571150964,1695.8260718764384,0.530273437500001,-1.1783882512957329,7.831022372493811,51.58848552578567,2.516561860630822,1015.39,6.0,0.7233461711938641,3634.858758425953,0.0,0.011999999999999034,16.34756995581735,557349.1485889407,609138.8184389034
002594.SZ,20190709,52.32,52.19,55.05,52.07,54.89,2.57,4.9121,181053.1,978273.334,53.13,53.0,55.91,52.88,55.74,1.015568,54.0324,-1,57.55,47.09,54.37,1,1,0.0491207951070336,1,2.054348752073433,0.9666666666666667,1.0,49.99999999995492,60.34892295049835,67.36137201717459,100.0,1779.1263968902465,0.5000000000000006,8.257744430464685,22.98141696312722,51.78183072967288,2.516561860630822,1017.3100000000001,6.0,0.8846482836008791,13707.544321264886,0.0,0.09799999999999934,30.276466621712657,834485.5793479098,641331.2128544758
002594.SZ,20190710,54.89,54.6,54.6,53.51,53.9,-0.99,-1.8036,119791.95,645839.746,55.74,55.45,55.45,54.34,54.74,1.015568,53.9135,-1,60.38,49.4,53.39,1,1,-0.018036072144288595,0,1.3135087133694765,0.9666666666666667,1.0,49.99999999995591,63.5845127043454,61.1352491676875,68.29137045836795,1779.1263968902465,0.49230769230769267,8.257682631796513,15.296589838644367,51.89812486946799,2.5249386540540795,1020.64,6.0,0.8059828437420584,11431.226541498201,0.0,0.1034999999999993,34.80453972257239,394446.551413156,606061.9755057159
002594.SZ,20190711,53.9,53.92,54.15,52.89,53.25,-0.65,-1.2059,92303.7,493283.916,54.74,54.76,54.99,53.71,54.08,1.015568,53.4414,-1,59.29,48.51,52.75,1,1,-0.012059369202226278,0,0.9978776868077015,0.9666666666666667,1.0,49.99999999995592,62.52504848656721,57.38493621384222,49.19163744740428,1779.1263968902465,0.48757016840417045,10.557448997154365,10.523455886278278,51.969274351064705,2.547319332607976,1024.04,6.0,0.622593176874455,5818.68212509697,0.0,0.09399999999999942,36.875800256081845,67394.24404734944,529109.442440235
002594.SZ,20190712,53.25,53.3,54.78,53.2,54.26,1.01,1.8967,103750.3,562711.506,54.08,54.13,55.63,54.03,55.1,1.015568,54.2371,-1,58.58,47.93,53.75,1,1,0.018967136150234598,1,1.1071156357062275,0.9666666666666667,1.0,49.999999999954895,66.86953428223964,61.35221841624181,69.39635950060983,1812.8713294885401,0.4821570182394929,12.026756351100925,16.19793855715365,52.096025588305785,2.37571854141257,1026.75,8.0,0.5936336108243454,3365.4747215222596,0.0,0.18949999999999925,44.57215836526174,269249.12572896737,491986.54005291115
002594.SZ,20190715,54.26,54.28,55.88,53.62,55.35,1.09,2.0088,122206.76,672943.701,55.1,55.13,56.75,54.45,56.21,1.015568,55.066,-1,59.69,48.83,54.83,1,1,0.020088462956137088,1,1.27601611297844,0.9666666666666667,1.0,49.999999999954085,70.95553086162779,65.12556689604074,88.16499393908785,1849.2891280352137,0.5137546468401494,18.63898447615694,21.829653063009182,52.28480205194989,2.1247696953956283,1030.44,10.0,0.6718437635961925,3908.11491700845,0.0,0.2624999999999993,53.333333333333286,546604.2112683166,499789.06451225484
002594.SZ,20190716,55.35,55.14,55.25,54.6,54.78,-0.57,-1.0298,53946.09,295764.35,56.21,56.0,56.11,55.45,55.63,1.015568,54.8259,-1,60.89,49.82,54.27,1,1,-0.010298102981029844,0,0.5436349399415701,0.9666666666666667,1.0,49.99999999995349,70.76280232701629,61.73133836865009,64.74351533070966,1849.2891280352137,0.4885057471264375,17.970398738308237,17.483668491633743,52.42439491316404,1.878454989364242,1036.82,8.0,0.5997200027468288,-4777.028430916011,0.0,0.23999999999999916,59.0504451038575,326446.8311717795,475025.8883207584
002594.SZ,20190717,54.78,54.79,55.2,54.4,54.65,-0.13,-0.2373,62128.71,340228.56,55.63,55.64,56.06,55.25,55.5,1.015568,54.7619,-1,60.26,49.3,54.14,1,1,-0.0023731288791529748,0,0.6263396662145142,0.9666666666666667,1.0,49.999999999953,66.86427864463526,60.95110534423207,57.10196265678673,1844.9005265995697,0.4981684981684988,16.356965567900694,16.486073931998536,52.547848245872906,1.700914328373833,1042.82,6.0,0.4919433649765612,-9022.925987398316,0.0,0.2589999999999989,55.21472392638027,96322.51398956767,420925.40627344546
002594.SZ,20190718,54.65,54.37,54.37,53.06,53.45,-1.2,-2.1958,89584.4,478991.316,55.5,55.22,55.22,53.89,54.28,1.015568,53.4682,-1,60.12,49.19,52.95,1,1,-0.021957913998170042,0,0.9171937904320551,0.9666666666666667,1.0,49.99999999995247,61.37531092107049,54.147771253506235,0.0,1804.3903595013178,0.456920903954803,14.177321329297524,7.607685308357745,52.59407608494838,1.7842557583808052,1048.39,4.0,0.2297789850991514,-7783.323640899249,0.0,0.1784999999999993,46.58169177288528,-187992.68043991236,333937.1081715372
002594.SZ,20190719,53.45,53.61,54.23,53.36,53.93,0.48,0.898,60072.25,323902.159,54.28,54.44,55.07,54.19,54.77,1.015568,53.9188,-1,58.8,48.11,53.42,1,1,0.008980355472404167,1,0.6251466189427889,0.9666666666666667,1.0,49.999999999951825,60.4876310209611,56.25130733936039,15.919476632273923,1804.3903595013178,0.44993045897079353,14.656336620881964,10.480542068914424,52.66435875080444,1.8233218301649075,1051.75,4.0,0.09849408709665619,-10423.867384448495,0.0,0.1769999999999996,44.59134615384613,-7652.641522071033,285138.5725010218
002594.SZ,20190722,53.93,54.5,55.43,54.04,54.9,0.97,1.7986,115344.18,632700.582,54.77,55.35,56.29,54.88,55.75,1.015568,54.8533,-1,59.32,48.54,54.38,1,1,0.017986278509178444,1,1.2300699025290778,0.9666666666666667,1.0,49.999999999950234,61.7270714010431,60.22267645806909,45.97463865615038,1836.8446270465852,0.4273447820343469,18.349251392967606,16.034299799842472,52.78788783030636,1.8000346967900063,1055.47,4.0,0.1184409066612504,-4512.787928629544,0.0,0.1864999999999995,47.70277935337489,303478.6195442327,287758.5792214805
002594.SZ,20190723,54.9,54.8,57.25,54.36,56.33,1.43,2.6047,141071.81,790277.018,55.75,55.65,58.14,55.21,57.21,1.015568,56.0195,-1,60.39,49.41,55.8,1,1,0.026047358834244028,1,1.465413516480076,0.9666666666666667,1.0,49.999999999949864,67.19051052537742,65.233258221529,83.8945202469188,1884.6895781700207,0.49904519414385806,27.228384621576655,23.408125744659948,52.99604279413457,1.6516284621319917,1059.07,6.0,0.29057349163736146,2687.8038696875146,0.0,0.2929999999999996,56.70538542766627,617991.0636992379,334934.6484325887
002594.SZ,20190724,56.33,56.8,57.26,56.2,56.34,0.01,0.0178,106123.97,602258.056,57.21,57.68,58.15,57.07,57.22,1.015568,56.7504,-1,61.96,50.7,55.81,1,1,0.0001775252973550412,1,1.067816821609188,0.9333333333333333,1.0,49.99999999995019,70.96671364473917,65.26620807137473,84.14388338748176,1884.6895781700207,0.4618345093008339,24.459521518564536,23.457606163354082,53.19263181877687,1.514320430583974,1065.8600000000001,6.0,0.3671652504985454,2568.710560211981,0.0,0.2465,62.81112737920938,959269.1612255292,424125.29311729455
002594.SZ,20190725,56.34,56.34,56.98,55.82,56.8,0.46,0.8165,69022.62,389643.343,57.22,57.22,57.87,56.69,57.68,1.015568,56.4515,-1,61.97,50.71,56.27,1,1,0.008164714235001647,1,0.6778001308687903,0.9333333333333333,1.0,49.9999999999507,67.11691702284945,66.82381683840201,95.93180399206081,1884.6895781700207,0.4523809523809529,24.973502613485813,25.779325880961785,53.408694836890525,1.4495622857956014,1071.65,6.0,0.4364578574830156,-2412.695066266941,0.0,0.25249999999999984,58.5558852621167,735645.5750285526,468628.1905331886
002594.SZ,20190726,56.6,56.25,57.88,56.0,57.42,0.82,1.4488,105883.85,605449.724,57.68,57.33,58.99,57.07,58.52,1.019157,57.1806,2,62.26,50.94,57.08,1,1,0.01091549295774663,1,1.0460208636824853,0.9333333333333333,1.0,49.999999999951946,68.12567851693031,68.85133241681986,100.0,1905.261893988074,0.4255319148936176,30.26888828623612,28.84160075858254,53.65480101705538,1.404140935128579,1077.42,6.0,0.5169699411986204,-734.8331889297001,0.0,0.3024999999999999,60.0,845228.4632962714,522428.2294993433
002594.SZ,20190729,57.42,57.84,57.95,56.59,57.22,-0.2,-0.3483,63434.02,362394.96,58.52,58.95,59.06,57.67,58.32,1.019157,57.1294,-1,63.16,51.68,56.88,1,1,-0.0034831069313828733,0,0.6113473350275149,0.9333333333333333,1.0,49.999999999953516,67.42515950810721,67.41997092161124,90.26520528387393,1905.261893988074,0.44629753168779235,29.60044719049039,27.061486375498284,53.87051505610174,1.406299321855587,1084.65,4.0,0.494454351374392,-5092.24603852205,0.0,0.2559999999999999,58.59683794466403,957809.1647158281,584625.5059588412
002594.SZ,20190730,57.22,57.25,57.46,56.54,57.08,-0.14,-0.2447,75485.23,429968.22,58.32,58.35,58.56,57.62,58.17,1.019157,56.9606,-1,62.94,51.5,56.74,1,1,-0.0024466969591052656,0,0.7457943700763648,0.9333333333333333,1.0,49.99999999995502,61.766503700926634,66.3796798813581,83.19010947069954,1900.6002955057543,0.4826839826839833,14.59789964504115,25.780981573118893,54.06274942114349,1.4125185208096938,1090.56,2.0,0.41507447435044886,-6036.165026750325,0.0,0.18399999999999964,49.29577464788733,677410.6222355117,597880.5225697941
002594.SZ,20190731,57.08,56.8,56.8,55.48,55.95,-1.13,-1.9797,89719.83,502687.43,58.17,57.89,57.89,56.54,57.02,1.019157,56.0286,-1,62.79,51.37,55.62,1,1,-0.019796776454099385,0,0.9243655990735473,0.9333333333333333,1.0,49.99999999995609,56.14195463572519,58.52955428454977,29.800828400512774,1862.9745363270317,0.45294515910629723,12.524892634639707,15.860568882727256,54.166872242900894,1.5241095669894582,1094.8700000000001,0.0,0.17690937502970971,-4498.655060833573,0.0,0.13049999999999998,37.26775956284152,370538.8827353027,565403.1454505811
002594.SZ,20190801,55.95,55.7,56.28,55.18,55.73,-0.22,-0.3932,88669.6,493036.92,57.02,56.77,57.36,56.24,56.8,1.019157,55.6038,-1,61.55,50.36,55.4,1,1,-0.003932082216264621,0,0.9274015214923658,0.9333333333333333,1.0,49.99999999995593,55.80629746803193,57.11340694801243,20.169506295560957,1862.9745363270317,0.4511126095751858,10.234525855806092,14.017644749042809,54.251740883522935,1.658779664765628,1097.04,0.0,-0.03254928149278813,-3427.0632527866096,0.0,0.14099999999999965,34.116390816871366,43231.69942165888,490807.22458930657
002594.SZ,20190802,55.73,54.06,55.03,53.85,54.39,-1.34,-2.4045,84179.92,458483.256,56.8,55.1,56.08,54.88,55.43,1.019157,54.4647,-1,61.3,50.16,54.07,1,1,-0.024044500269154834,0,0.8771418228391483,0.9333333333333333,1.0,49.99999999995541,55.69243464259326,49.29057643579222,0.0,1862.9745363270317,0.4142414860681118,6.477685091811956,3.4658277736386625,54.2585528330151,2.034797443428226,1100.5900000000001,-2.0,-0.3559125074716212,-3134.858890315703,0.0,0.15649999999999978,29.35118434603507,-251736.8629119296,384729.4978034157
002594.SZ,20190805,54.39,54.2,54.47,52.21,52.38,-2.01,-3.6955,104575.32,555556.899,55.43,55.24,55.51,53.21,53.38,1.019157,53.125,-1,59.83,48.95,52.07,1,1,-0.036955322669608326,0,1.0887134234206448,0.9333333333333333,1.0,49.99999999995694,55.43738458271802,40.360446838429496,0.0,1794.1277112118023,0.34146341463414653,7.033472515267555,-9.725484571601886,54.17779785839268,2.790706793431487,1101.77,-2.0,-0.8184221491667181,-163.11699845428484,0.0,0.1129999999999999,24.726911618669384,-554778.9601174996,250514.00381471353
002594.SZ,20190806,52.38,51.41,51.98,50.45,51.37,-1.01,-1.9282,108362.19,554889.918,53.38,52.39,52.98,51.42,52.35,1.019157,51.207,-1,57.62,47.14,51.07,1,1,-0.019282168766704966,0,1.1238864760487868,0.9333333333333333,1.0,49.999999999960025,47.643604904707836,36.75680501459638,0.0,1759.5330378951942,0.478927203065134,-3.2546680522078733,-15.42865088921411,54.06472202367142,3.6522361698185444,1102.08,-4.0,-1.2143998715770836,2212.8600935621494,0.0,-0.024000000000000198,3.4978437949210246,-896350.9219838269,86676.15727206491
002594.SZ,20190807,51.37,51.65,51.9,50.57,50.8,-0.57,-1.1096,71130.98,363369.325,52.35,52.64,52.89,51.54,51.77,1.019157,51.0845,-1,56.51,46.23,50.5,1,1,-0.011095970410745615,0,0.7666394328218146,0.9333333333333333,1.0,49.99999999996359,45.89566846872066,34.864846638934026,0.0,1759.5330378951942,0.49212598425196846,-1.3696045870707387,-18.487818440684563,53.93800077875037,4.452209330099958,1099.0900000000001,-4.0,-1.4889914622716198,-1149.5289299024626,0.0,-0.031500000000000125,-3.0179028132991377,-1082131.6344474906,-80296.38440215727
002594.SZ,20190808,50.8,51.13,51.31,50.5,50.86,0.06,0.1181,71456.16,363707.712,51.77,52.11,52.29,51.47,51.83,1.019157,50.8994,-1,55.88,45.72,50.56,1,1,0.0011811023622048111,1,0.7908835512300851,0.9333333333333333,1.0,49.99999999996672,46.50382176785114,35.2427002977599,1.1117761962660389,1761.6112265226295,0.5119453924914674,-4.416136312100606,-18.014809549049524,53.81783388348655,5.089389551965688,1095.44,-2.0,-1.5893020631767452,-3136.210523823337,0.0,-0.0115000000000002,-2.8688524590162956,-1266080.5957186236,-249694.1288759382
002594.SZ,20190809,50.86,51.3,51.96,50.86,50.99,0.13,0.2556,85773.44,440459.429,51.83,52.28,52.96,51.83,51.97,1.019157,51.3515,-1,55.95,45.77,50.69,1,1,0.0025560361777428042,1,0.9604291567767397,0.9333333333333333,1.0,49.99999999996902,45.83157901486614,36.10753797305299,3.6564278585329775,1766.1139685487392,0.5446623093681913,-7.468363529255024,-16.950018497472165,53.70599981124094,5.666214883487323,1093.1,-2.0,-1.5625614547916595,-2363.445894818801,0.0,-0.075,-2.763561924257857,-989609.8833651887,-355396.37951725966
002594.SZ,20190812,50.99,50.88,51.2,49.8,51.2,0.21,0.4118,90738.99,458849.775,51.97,51.85,52.18,50.75,52.18,1.019157,50.5681,-1,56.09,45.89,50.9,1,1,0.0041184545989410015,1,1.0263597023711497,0.9333333333333333,1.0,49.99999999997049,39.745420303922025,37.55825114326848,7.9249279314632295,1773.3876287447627,0.6322730799069046,-12.792689030697478,-15.18288975781803,53.60478473397575,6.162232011037951,1089.28,-2.0,-1.4438171768527557,-1089.8477826639464,0.0,-0.1125,-13.846153846153769,-1063228.810792754,-456515.29827090167
002594.SZ,20190813,51.2,50.51,50.69,49.4,49.5,-1.7,-3.3203,135333.2,674159.669,52.18,51.48,51.66,50.35,50.45,1.019157,49.8148,-1,56.32,46.08,49.21,1,1,-0.033203125,0,1.5585066227422257,0.9333333333333333,1.0,49.99999999997138,38.21269510184065,31.352212990929996,0.0,1714.5056176340968,0.6098430813124107,-7.094292187191704,-24.85801469441351,53.45790774627908,6.887130246488654,1085.1299999999999,-2.0,-1.5141242768931946,5491.399922811563,0.0,-0.14499999999999993,-22.017866526537013,-1339469.648285117,-582651.6339872181
002594.SZ,20190814,49.5,50.2,50.5,49.76,50.29,0.79,1.596,92687.29,465589.31,50.45,51.16,51.47,50.71,51.25,1.019157,50.2323,-1,54.45,44.55,49.99,1,1,0.01595959595959595,1,1.0196113046441189,0.9333333333333333,1.0,49.99999999997165,42.40863717206517,36.595370471020125,13.982081607148855,1714.5056176340968,0.582425068119891,-7.149774805231218,-18.259247798590582,53.3345995738574,7.420379354726229,1079.4299999999998,0.0,-1.3779765424413164,3906.942377037897,0.0,-0.1335000000000001,-18.916102136529418,-952876.5854956047,-635540.9127741305
002594.SZ,20190815,50.29,49.45,50.37,49.04,50.11,-0.18,-0.3579,66446.66,330083.346,51.25,50.4,51.33,49.98,51.07,1.019157,49.6764,-1,55.32,45.26,49.82,1,1,-0.003579240405647277,0,0.7188671404269902,0.9333333333333333,1.0,49.999999999971024,43.05460212507127,35.922147768612625,12.670415462102202,1714.5056176340968,0.652269399707174,-6.301263496111412,-19.282391084734424,53.21065577989981,7.910528754005887,1075.15,0.0,-1.2402295871679478,-627.5725656993184,0.0,-0.05450000000000053,-16.208939149165303,-953677.9102787757,-680989.0552747941
002594.SZ,20190816,50.11,50.3,51.55,50.12,51.07,0.96,1.9158,90301.27,461801.383,51.07,51.26,52.54,51.08,52.05,1.019157,51.1401,-1,55.12,45.1,50.77,1,1,0.019157852724007274,1,0.9893256712470687,0.9666666666666667,1.0,49.999999999969425,43.83604797930103,42.0456777352656,30.528798379245032,1747.3518637512138,0.6301272984441297,-1.5567051825923075,-11.450696573749335,53.12039217124004,8.268149843508617,1071.9,0.0,-0.9603701866711294,-378.0668313227377,0.0,-0.03200000000000038,-10.951156812339299,-664166.0907463185,-678585.774627869
002594.SZ,20190819,51.07,52.0,52.19,51.2,52.1,1.03,2.0168,106806.25,553165.931,52.05,53.0,53.19,52.18,53.1,1.019157,51.7915,-1,56.18,45.96,51.79,1,1,0.020168396318778203,1,1.1510903412773983,0.9666666666666667,1.0,49.99999999996771,43.38931685965227,47.80860909555573,60.55189846141824,1782.593148647704,0.6274647887323939,-4.429510824050684,-3.756931711359874,53.07362756485059,8.521814576442264,1069.04,0.0,-0.5949848000507714,1919.6801364372473,0.0,-0.04700000000000024,-11.63993792033105,-249185.55483895005,-617242.8860865949
002594.SZ,20190820,52.1,51.79,52.09,51.3,51.43,-0.67,-1.286,87995.64,454068.932,53.1,52.78,53.09,52.28,52.42,1.019157,51.6013,-1,57.31,46.89,51.13,1,1,-0.012859884836852187,0,0.9527448694582824,0.9666666666666667,1.0,49.99999999996599,36.6236960335483,44.69516935808862,51.79479021580943,1782.593148647704,0.6629464285714279,-20.434536066391807,-8.100849444928759,53.001699956736935,8.835301695042117,1066.78,-2.0,-0.4107714542469385,868.8810957311272,0.0,-0.14150000000000026,-23.679727427597868,-418029.75032543484,-588783.8666921435
002594.SZ,20190821,51.43,51.33,51.62,50.88,51.62,0.19,0.3694,85677.85,438446.555,52.42,52.31,52.61,51.85,52.61,1.019157,51.1739,-1,56.57,46.29,51.32,1,1,0.0036943418238382097,1,0.9550926686922504,0.9666666666666667,1.0,49.99999999996437,30.83423597506311,45.77363990882703,80.39432895996717,1782.593148647704,0.6541850220264315,-21.794225391550928,-6.663758648288427,52.940289156433295,9.119433989861955,1061.46,-2.0,-0.23906738872522992,-122.5509603314639,0.0,-0.10400000000000062,-39.901477832512256,-620303.0974322208,-593286.613940726
002594.SZ,20190822,51.62,50.9,50.9,49.67,50.21,-1.41,-2.7315,211089.24,1057906.186,52.61,51.88,51.88,50.62,51.17,1.019157,50.1165,-1,56.78,46.46,49.91,1,1,-0.02731499418829908,0,2.3802399881182645,0.9666666666666667,1.0,49.99999999996287,28.772383511236896,39.60185295919107,50.13029533205135,1733.9016271522903,0.6115305422100202,-19.081257312176188,-15.44464076693618,52.8303555467036,9.54188068913845,1057.26,-4.0,-0.2878765498607532,15278.23462241331,0.0,-0.1615000000000002,-42.823667252489685,-1151512.8886430883,-673033.2246124921
002594.SZ,20190823,50.21,50.0,50.01,48.24,48.89,-1.32,-2.629,246969.39,1209219.992,51.17,50.96,50.97,49.16,49.83,1.019157,48.9623,-1,55.23,45.19,48.6,1,1,-0.026289583748257295,0,2.5783091297972223,0.9666666666666667,1.0,49.99999999996196,21.447500375340127,34.86274542290796,21.332328230670083,1688.3180751140305,0.6358873608382446,-17.335392603753483,-22.618550577093863,52.68516010696764,10.081866514374413,1051.47,-6.0,-0.4601971641581244,28683.838684124443,0.0,-0.27550000000000024,-54.77272727272725,-1743242.198523671,-825920.2208855177
002594.SZ,20190826,48.89,48.02,49.05,47.74,49.03,0.14,0.2864,142274.41,690592.163,49.83,48.94,49.99,48.65,49.97,1.019157,48.5395,-1,53.78,44.0,48.74,1,1,0.0028635712824709447,1,1.3834321664515534,0.9666666666666667,1.0,49.999999999961375,17.493226129492058,35.7410666059454,26.66959148960773,1688.3180751140305,0.6390532544378694,-15.984781413697506,-21.467996223887194,52.548471036813986,10.5632720131771,1041.26,-4.0,-0.5135025723620685,22128.42865948177,0.0,-0.19400000000000012,-62.270450751252085,-2051423.4817718212,-1000992.1152978467
002594.SZ,20190827,49.03,49.12,49.63,49.1,49.54,0.51,1.0402,144791.6,715147.678,49.97,50.06,50.58,50.04,50.49,1.019157,49.3915,-1,53.93,44.13,49.25,1,1,0.010401794819498322,1,1.3559342604559763,0.9666666666666667,1.0,49.99999999996081,23.410449285735837,38.969541147990334,46.28794851941599,1705.879613321417,0.5815147625160457,-18.448045450105933,-17.249285923668552,52.42992192892145,10.868667588653322,1032.83,-2.0,-0.44102175005491273,17039.112419819125,0.0,-0.16449999999999995,-49.575371549893845,-1392838.6783346725,-1056970.195731679
002594.SZ,20190828,49.54,50.3,51.34,49.79,49.81,0.27,0.545,176509.72,890016.555,50.49,51.26,52.32,50.74,50.76,1.019157,50.4231,-1,54.49,44.59,49.52,1,1,0.005450141299959688,1,1.60101027346185,0.9666666666666667,1.0,49.999999999960345,30.268328588662513,40.66904998576413,56.6152937471848,1715.1768982547394,0.5801630434782603,-14.405548690124592,-15.023042398096395,52.32390621717181,11.110457370440686,1025.29,0.0,-0.3231274206764376,16823.74041254838,0.0,-0.1465,-33.709594663930226,-822424.3343881657,-1023463.6441111772
002594.SZ,20190829,49.81,49.78,49.78,48.8,49.1,-0.71,-1.4254,97408.62,478134.197,50.76,50.73,50.73,49.73,50.04,1.019157,49.0854,-1,54.79,44.83,48.81,1,1,-0.014254165830154597,0,0.8500735885646281,0.9666666666666667,1.0,49.999999999960124,30.306474648528805,37.69632284425064,38.55102789812755,1715.1768982547394,0.47928994082840204,-14.236525457104886,-19.266196972456573,52.19996421264018,11.30216524157314,1018.8199999999999,0.0,-0.3072951487576081,5491.760222172103,0.0,-0.18199999999999966,-37.06770579639553,-968485.5240430543,-1015609.6269585883
002594.SZ,20190830,49.1,49.58,49.89,49.16,49.45,0.35,0.7128,101825.34,504256.094,50.04,50.53,50.85,50.1,50.4,1.019157,49.5217,-1,54.01,44.19,49.16,1,1,0.007128309572301372,1,0.8852421621946531,0.9666666666666667,1.0,49.999999999959904,34.50746049474486,40.023691244185585,52.69366511430847,1727.4032101567589,0.4732770745428967,-17.105075536933622,-16.254011477549874,52.09029827388356,11.30978103464387,1012.1899999999999,2.0,-0.22026951594251987,-1566.5459994236226,0.0,-0.20499999999999935,-30.265848670756675,-593448.6408198085,-955300.9146530484
002594.SZ,20190902,49.45,49.98,50.0,49.34,49.72,0.27,0.546,118336.76,587224.054,50.4,50.94,50.96,50.29,50.67,1.019157,49.6231,-1,54.4,44.51,49.43,1,1,0.005460060667340727,1,1.0209570413445777,0.9666666666666667,1.0,49.99999999995897,39.433865936949644,41.82894717788193,53.810251143709095,1736.8349364811738,0.35657051282051216,-29.952193080675094,-13.917716227364421,51.99313604119869,11.18491743277052,1007.0600000000001,4.0,-0.10289207866553673,-4028.9066244136047,0.0,-0.12699999999999925,-22.65193370165745,-135433.6395400567,-838177.0182083354
002594.SZ,20190903,49.72,49.99,49.99,49.15,49.49,-0.23,-0.4626,95675.33,472364.324,50.67,50.95,50.95,50.09,50.44,1.019157,49.3716,-1,54.69,44.75,49.2,1,1,-0.004625905068382896,0,0.8205730483315216,0.9666666666666667,1.0,49.99999999995754,39.71057213273113,40.704975669807204,45.12816135429265,1736.8349364811738,0.3803418803418799,-33.82739835888958,-15.441479910279718,51.8923448606144,10.991196314060238,1004.6700000000001,4.0,-0.036226989540526056,-8472.193425891888,0.0,-0.1499999999999993,-11.39240506329115,-265077.616306379,-756305.6750794845
002594.SZ,20190904,49.49,49.48,49.48,49.01,49.37,-0.12,-0.2425,107035.02,525959.123,50.44,50.43,50.43,49.95,50.32,1.019157,49.139,-1,54.44,44.54,49.08,1,1,-0.002424732269145413,0,0.9230227777419088,1.0,1.0,49.99999999995467,39.15742295864484,40.099556687866965,40.45161757746161,1732.6235767645087,0.39555555555555494,-40.375501244156,-16.255601757048098,51.791758073703285,10.748639325797685,1002.26,4.0,0.009280342770510153,-9562.555301271888,0.0,-0.11299999999999918,-15.009264978381736,-551270.8328739689,-727014.9833358394
002594.SZ,20190905,49.37,49.5,50.4,49.49,50.14,0.77,1.5597,174907.43,875402.27,50.32,50.45,51.37,50.44,51.1,1.019157,50.0495,-1,54.31,44.43,49.85,1,1,0.015596516102896585,1,1.485330050562173,1.0,1.0,49.99999999995166,44.64452813436218,45.682258136380504,83.57505522271322,1759.6464682797746,0.37207357859531714,-35.96423539399466,-9.157050822243479,51.72030541906358,10.47448397005316,1001.13,4.0,0.1527151232644095,-1259.3956880774713,0.0,-0.067499999999999,-5.569007263922565,-205767.984584908,-652551.1263714206
002594.SZ,20190906,50.14,50.34,51.2,50.21,50.49,0.35,0.698,146573.57,741340.589,51.1,51.3,52.18,51.17,51.46,1.019157,50.5781,-1,55.15,45.13,50.19,1,1,0.006980454726765117,1,1.192341630706088,1.0,1.0,49.999999999948905,45.97338870523939,48.052230460499345,100.0,1759.6464682797746,0.3653530377668303,-33.63796544562501,-6.058525059297973,51.66526889254245,10.194229400916207,1000.41,4.0,0.2960549366373204,219.7274896584131,0.0,-0.04449999999999932,-4.619076184763053,219249.12981288182,-528008.2326308059
002594.SZ,20190909,50.49,50.85,51.66,50.56,51.58,1.09,2.1588,194828.41,997120.932,51.46,51.82,52.65,51.53,52.57,1.019157,51.1794,-1,55.54,45.44,51.28,1,1,0.02158843335313909,1,1.546635546461726,1.0,1.0,49.99999999994759,51.69299072203347,54.683558389489036,100.0,1797.634478785319,0.34073506891271016,-32.98172611166127,2.970520947808831,51.661087853358765,9.90479727566997,1001.1,4.0,0.52559648994759,7119.06176636029,0.0,-0.023999999999999487,4.667081518357136,809737.1905445721,-336901.743605752
002594.SZ,20190910,51.58,51.7,51.87,50.86,51.15,-0.43,-0.8337,128373.64,656697.45,52.57,52.69,52.86,51.83,52.13,1.019157,51.1552,-1,56.74,46.42,50.85,1,1,-0.008336564559906945,0,0.978654173303861,1.0,1.0,49.99999999994685,56.7767671664405,51.87048815162988,85.80749315074947,1797.634478785319,0.37743850720949923,-32.48361542966546,-0.5454031931886717,51.63688307412607,9.421187097347438,1001.77,4.0,0.6019310375978777,2396.780412486998,0.0,-0.000999999999999801,9.836065573770448,1200796.850323617,-117230.51590155644
002594.SZ,20190911,51.15,51.26,51.68,50.9,51.11,-0.04,-0.0782,116357.2,595551.884,52.13,52.24,52.67,51.88,52.09,1.019157,51.1831,-1,56.27,46.04,50.81,1,1,-0.0007820136852394466,0,0.8894064767349332,0.9666666666666667,1.0,49.999999999946496,52.70499765920695,51.604545505832576,84.46575885233447,1797.634478785319,0.40307971014492716,-29.670254573376802,-0.8768163603029113,51.61201339426262,9.01276125109031,1003.9499999999999,2.0,0.6266426742737157,-2419.363340660526,0.0,-0.012999999999999545,6.4372211599744915,846378.4857767194,20427.91290962581
002594.SZ,20190912,51.11,51.3,51.38,50.36,50.79,-0.32,-0.6261,99144.81,503285.197,52.09,52.28,52.36,51.32,51.76,1.019157,50.7626,-1,56.22,46.0,50.49,1,1,-0.006261005674036424,0,0.7510448848183213,0.9666666666666667,1.0,49.9999999999458,52.02602559566825,49.42152188322864,72.22099095309198,1797.634478785319,0.39803220035778136,-29.740686125742304,-3.5824401916237063,51.57427219159376,8.569852237546751,1004.9599999999999,2.0,0.5805365084748055,-7699.540575602605,0.0,-0.07149999999999927,7.672469374597007,533124.4783250404,93670.27939754218
002594.SZ,20190916,50.79,51.35,51.36,50.85,51.16,0.37,0.7285,83787.72,428267.71,51.76,52.33,52.34,51.82,52.14,1.019157,51.1134,-1,55.87,45.71,50.86,1,1,0.007284898602087031,1,0.6269467613884117,0.9666666666666667,1.0,49.999999999945004,51.91352292940481,51.95244083101799,83.92253082499586,1797.634478785319,0.4202077431539185,-37.447796276931975,-0.25191301068125543,51.5545946398774,8.215242183425524,1005.6400000000001,2.0,0.5792052933866427,-12739.418757585685,0.0,-0.11949999999999968,3.3738191632928505,757294.3933425935,188473.72424683522
002594.SZ,20190917,51.16,51.2,51.23,49.68,49.97,-1.19,-2.326,105597.65,529991.14,52.14,52.18,52.21,50.63,50.93,1.019157,50.1897,-1,56.28,46.04,49.68,1,1,-0.023260359655981167,0,0.7920711018147363,0.9666666666666667,1.0,49.99999999994412,47.85998402611015,44.278246174876145,38.746288724244195,1755.8208542787802,0.40465116279069807,-26.6579551156426,-10.044068104571421,51.48671669344565,7.981791351127136,1005.8,0.0,0.40557669732776835,-12591.622919040168,0.0,-0.18599999999999994,-11.737089201877964,608125.1462933829,248423.92739634204
002594.SZ,20190918,49.97,50.0,50.13,49.81,50.04,0.07,0.1401,53282.99,266325.727,50.93,50.96,51.09,50.76,51.0,1.019157,49.9833,-1,54.97,44.97,49.75,1,1,0.0014008405043026695,1,0.3998484368298653,0.9666666666666667,1.0,49.9999999999429,48.541660580104974,44.79483184347375,41.787311303944676,1755.8208542787802,0.4068965517241378,-30.550461205081685,-9.379199353550213,51.4242868719844,7.663954237582912,1003.51,2.0,0.2929534602320314,-18632.258683280175,0.0,-0.166,-17.284726587052198,385651.33208012837,268027.8423511687
002594.SZ,20190919,50.04,50.18,50.26,49.8,50.19,0.15,0.2998,61707.61,308751.024,51.0,51.14,51.22,50.75,51.15,1.019157,50.0345,-1,55.04,45.04,49.89,1,1,0.002997601918465209,1,0.4691797024436952,0.9666666666666667,1.0,49.99999999994094,51.39759348995431,45.95116196926776,40.43331816264886,1761.0841062400475,0.4085064292779425,-32.03389071499557,-7.9085980437549965,51.37015962986191,7.348318394866026,1002.43,2.0,0.23401422247040138,-20440.07878827278,0.0,-0.18000000000000008,-13.808606294155453,488744.0134667777,299558.72393911285
002594.SZ,20190920,50.19,50.4,50.44,50.0,50.07,-0.12,-0.2391,68762.85,344745.443,51.15,51.37,51.41,50.96,51.03,1.019157,50.1354,-1,55.21,45.17,49.78,1,1,-0.002390914524805665,0,0.5276307003363461,0.9666666666666667,1.0,49.99999999993911,57.178173317612064,45.13663410858522,34.53837652911147,1756.8735046710337,0.4682539682539681,-39.28884096650093,-8.939592146749474,51.31378197930498,6.822234436054232,1001.25,2.0,0.17681786348465078,-19628.277314926618,0.0,-0.1620000000000001,-5.082417582417591,661393.2925145032,351249.37659274007
002594.SZ,20190923,50.07,49.9,49.95,48.85,49.18,-0.89,-1.7775,95935.17,471134.534,51.03,50.86,50.91,49.79,50.12,1.019157,49.1097,-1,55.08,45.06,48.89,1,1,-0.017775114839225115,0,0.7786471381590813,0.9666666666666667,1.0,49.99999999993857,60.81765951484407,39.538728299580285,0.0,1725.6448763675141,0.4922526817640046,-41.87547703298494,-16.258758951560615,51.2286936216508,6.085132876626245,1001.11,2.0,0.025030028844349905,-14604.71685019329,0.0,-0.14250000000000007,-3.2212885154061652,511128.34955397394,374089.22987291636
002594.SZ,20190924,49.18,49.4,50.4,49.19,49.87,0.69,1.403,79833.75,398163.616,50.12,50.35,51.37,50.13,50.83,1.019157,49.8741,-1,54.1,44.26,49.58,1,1,0.014030093533956789,1,0.6902702257649568,0.9666666666666667,1.0,49.999999999937494,65.91790404358105,45.211905871321974,37.45949963163879,1725.6448763675141,0.3434004474272935,-37.60736283134969,-9.102249678588478,51.16988305327742,5.25677022537369,1002.5500000000001,2.0,0.023517828079543612,-12694.621664564671,0.0,-0.16950000000000004,6.899055918663734,653864.4547818545,414057.11914562184
002594.SZ,20190925,49.87,49.85,49.85,48.9,49.04,-0.83,-1.6643,80753.45,396537.328,50.83,50.8,50.8,49.84,49.98,1.019157,49.1047,-1,54.86,44.88,48.75,1,1,-0.016643272508522156,0,0.7175931059159185,0.9666666666666667,1.0,49.99999999993689,61.31008257051031,40.31190550961553,5.105222082025362,1696.9244984371946,0.3315334773218146,-29.4863967205741,-15.67486194459889,51.084357966368145,4.7205257528292455,1003.39,0.0,-0.07778454452509664,-10634.68670539464,0.0,-0.23100000000000023,-7.407407407407419,425504.9835670014,415692.52834867605
002594.SZ,20190926,49.04,49.3,49.5,48.48,48.49,-0.55,-1.1215,69524.45,339274.8,49.98,50.24,50.45,49.41,49.42,1.019157,48.7994,-1,53.94,44.14,48.2,1,1,-0.011215334420880851,0,0.6359029754659237,0.9666666666666667,1.0,49.999999999936946,56.02321740023832,37.41794555924362,0.0,1696.9244984371946,0.3553459119496862,-31.854660340935318,-19.723724948508128,50.98518396937282,4.293687800170037,1003.35,-2.0,-0.2004078473668145,-10115.18497615421,0.0,-0.24700000000000025,-26.4781491002571,208499.03867724573,386093.4583956146
002594.SZ,20190927,48.49,48.49,48.81,48.38,48.58,0.09,0.1856,40680.99,197703.06,49.42,49.42,49.75,49.31,49.51,1.019157,48.5984,-1,53.34,43.64,48.29,1,1,0.0018560527943904948,1,0.3912288642439402,0.9666666666666667,1.0,49.99999999993719,57.57829289042331,38.199778072838164,4.528263903989275,1696.9244984371946,0.3912556053811662,-36.3500501884395,-18.74167089621663,50.89211671673547,3.9239474589133643,1001.9200000000001,0.0,-0.24782320035661431,-12813.602911932649,0.0,-0.20850000000000043,-20.555555555555543,59584.50889103848,339449.32275210373
002594.SZ,20190930,48.58,48.65,49.13,48.54,48.78,0.2,0.4117,49144.51,240165.086,49.51,49.58,50.07,49.47,49.71,1.019157,48.8692,-1,53.44,43.72,48.49,1,1,0.004116920543433489,1,0.4858759557834927,0.9666666666666667,1.0,49.99999999993626,56.445295446037264,39.99381788536082,17.72247524218801,1703.9106017654663,0.3979475484606616,-35.513617262337775,-16.506204698283742,50.80814117349716,3.9123238145188255,1001.36,0.0,-0.23100935100250763,-12596.601616817265,0.0,-0.19550000000000053,-21.00371747211895,166442.74379494123,314734.0971867948
002594.SZ,20191008,48.78,48.8,49.26,48.3,48.42,-0.36,-0.738,48614.84,237568.931,49.71,49.73,50.2,49.23,49.35,1.019157,48.8676,-1,53.66,43.9,48.14,1,1,-0.0073800738007380184,0,0.4934907252647897,0.9666666666666667,1.0,49.99999999993568,52.36042671978738,37.8631490140325,3.063081630728902,1703.9106017654663,0.4029345372460504,-28.403890665490586,-19.38192264539912,50.71646148308826,4.017402838847331,1001.28,-2.0,-0.2457685581488095,-11682.786144323065,0.0,-0.2015000000000004,-24.768946395563844,95159.16767463624,283366.25011362927
002594.SZ,20191009,48.42,48.3,48.32,47.28,48.09,-0.33,-0.6815,50471.12,241379.431,49.35,49.23,49.25,48.19,49.01,1.019157,47.8253,-1,53.26,43.58,47.81,1,1,-0.006815365551425034,0,0.531129197130478,0.9666666666666667,1.0,49.99999999993541,53.66731232104786,35.971346022538384,0.0,1692.297828147486,0.512276785714286,-23.01692890162317,-21.97498973504957,50.618875919193755,4.144126904884552,999.71,-2.0,-0.2751542273238432,-10048.965819279314,0.0,-0.1870000000000001,-30.128755364806892,-19986.55849522166,240030.13459807917
002594.SZ,20191010,48.09,48.4,49.2,48.36,49.0,0.91,1.8923,62553.09,306006.456,49.01,49.33,50.14,49.29,49.94,1.019157,48.9195,-1,52.9,43.28,48.71,1,1,0.018922852983988214,1,0.6743115481742049,0.9666666666666667,1.0,49.99999999993422,58.342698806856,44.24429962396087,51.76712672421441,1724.3209311546434,0.47076923076923144,-16.867207048429567,-11.559236171147514,50.55069752736631,4.129396758574613,998.31,0.0,-0.15327209579129786,-6721.445043422071,0.0,-0.15150000000000005,-15.711947626841223,153116.5932917844,227613.91441146567
002594.SZ,20191011,49.0,48.5,48.96,47.97,48.43,-0.57,-1.1633,75741.74,368013.99,49.94,49.43,49.9,48.89,49.36,1.019157,48.588,-1,53.9,44.1,48.15,1,1,-0.011632653061224518,0,0.8365392710352862,0.9666666666666667,1.0,49.99999999993208,51.59729661528148,40.69723375124863,47.35445777693961,1704.2625039963139,0.4806282722513097,-14.205160812942228,-16.273282319831587,50.466145602052585,4.2672087379640855,997.9399999999999,-2.0,-0.13151844684535074,-2350.2087777131856,0.0,-0.1870000000000001,-27.630453378956403,12884.36695410253,196938.26477469952
002594.SZ,20191014,48.43,48.98,49.38,48.5,48.85,0.42,0.8672,83881.52,410269.732,49.36,49.92,50.33,49.43,49.79,1.019157,48.9106,-1,53.27,43.59,48.56,1,1,0.008672310551311124,1,0.9801134747059473,0.9666666666666667,1.0,49.999999999929834,49.648765923821294,44.24423104396033,82.89616828187269,1719.042397691925,0.4771309771309779,-14.043366977478668,-11.657145266830838,50.398157546743164,4.374043876960313,996.23,-2.0,-0.04700502169479459,1807.0031332962208,0.0,-0.2009999999999998,-30.647985989492184,224680.78103571344,200901.4813834158
002594.SZ,20191015,48.85,48.9,49.0,47.9,48.0,-0.85,-1.74,76610.72,369180.666,49.79,49.84,49.94,48.82,48.92,1.019157,48.1892,-1,53.74,43.97,47.72,1,1,-0.017400204708290734,0,0.9291905988457054,0.9666666666666667,1.0,49.9999999999263,40.63246706383612,39.1417597448312,31.76825844500504,1719.042397691925,0.489339019189766,-12.415772922513591,-18.546148909421927,50.30513889545547,4.581488085164466,994.74,-4.0,-0.0895750502206003,3641.087854268364,0.0,-0.2824999999999996,-39.44636678200695,80539.49453326652,183706.9118333945
002594.SZ,20191016,48.0,48.0,48.24,47.48,47.52,-0.48,-1.0,71503.54,340699.06,48.92,48.92,49.16,48.39,48.43,1.019157,47.6479,-1,52.8,43.2,47.24,1,1,-0.009999999999999898,0,0.9342228488855944,0.9666666666666667,1.0,49.999999999923816,33.37554420541866,36.57649054213576,6.54878632355846,1719.042397691925,0.4665959703075301,-14.080869852982527,-22.15456683254004,50.201895874622956,4.832691243177859,991.11,-4.0,-0.16213770337246647,4190.791279065274,0.0,-0.2789999999999992,-46.75540765391014,-126195.34367857152,139435.16104597077
002594.SZ,20191017,47.52,47.52,47.75,47.4,47.52,0.0,0.0,38510.23,183173.449,48.43,48.43,48.66,48.31,48.43,1.019157,47.5649,-1,52.27,42.77,47.24,1,1,0.0,0,0.5225659623977837,0.9333333333333333,0.0,49.99999999991578,35.37724893355612,36.57649054213575,6.548786323558383,1719.042397691925,0.43663471778487867,-18.403759957255705,-22.154566832540052,50.10247999554198,5.070057410616605,939.4300000000001,-3.0,-0.18806079651590224,337.84602808419004,0.0,-0.2714999999999993,-48.05194805194806,-238802.54976174142,85401.20235915476
002594.SZ,20191018,47.52,47.99,47.99,46.82,46.9,-0.62,-1.3047,75009.71,353826.124,48.43,48.91,48.91,47.72,47.8,1.019157,47.1707,-1,52.27,42.77,46.62,1,1,-0.013047138047138196,0,1.074604771236411,0.9333333333333333,1.0,49.99999999991691,36.16384344631464,33.30653482880559,0.0,1696.6138142203552,0.4685242518059863,-14.406009323213294,-26.795911173214343,49.99084445741833,5.371793712805547,936.0400000000001,-3.0,-0.2620974601638777,2796.348637856492,0.0,-0.30049999999999955,-48.2200647249191,-427525.3528260514,12125.980189839596
002594.SZ,20191021,46.9,46.9,46.98,46.21,46.57,-0.33,-0.7036,52825.36,245221.092,47.8,47.8,47.88,47.1,47.46,1.019157,46.4211,-1,51.59,42.21,46.3,1,1,-0.007036247334754719,0,0.7701008154594079,0.9333333333333333,1.0,49.99999999991944,30.633298720122283,31.682959250416403,0.0,1696.6138142203552,0.5202072538860107,-10.301902904920642,-29.162234836381746,49.875451611544115,5.59414703065745,932.2299999999999,-5.0,-0.3247980352982993,1585.3624112630787,0.0,-0.3074999999999992,-57.91925465838514,-556795.0682741273,-69148.45530501282
002594.SZ,20191022,46.57,46.59,46.86,46.52,46.8,0.23,0.4939,33224.07,155146.533,47.46,47.48,47.76,47.41,47.7,1.019157,46.697,-1,51.23,41.91,46.52,1,1,0.004938801803736181,1,0.49553207349719686,0.9333333333333333,1.0,49.999999999922196,35.010045927438,34.094332297630494,19.19678135856188,1696.6138142203552,0.4867663981588038,-24.09724634877776,-26.170070488842352,49.767327623117794,5.750188873589526,927.5200000000001,-3.0,-0.3048904381145108,-1536.0300813136273,0.0,-0.23549999999999932,-49.75041597337773,-382676.80122456234,-113938.2190078056
002594.SZ,20191023,46.8,46.79,46.95,46.56,46.6,-0.2,-0.4274,30367.55,141635.932,47.7,47.69,47.85,47.45,47.49,1.019157,46.6406,-1,51.48,42.12,46.33,1,1,-0.004273504273504147,0,0.4787675739671035,0.9333333333333333,1.0,49.99999999992524,35.730444937458685,33.00344113453152,10.512268952572885,1696.6138142203552,0.4795918367346947,-22.071814666387215,-27.703091731519713,49.65828572091552,5.929112877942385,924.66,-5.0,-0.2884375119497453,-3550.474529981111,0.0,-0.24699999999999916,-43.50590372388737,-382980.8492872829,-152372.88047630235
002594.SZ,20191024,46.6,46.5,46.82,46.5,46.66,0.06,0.1288,31568.84,147314.379,47.49,47.39,47.72,47.39,47.55,1.019157,46.6645,-1,51.26,41.94,46.39,1,1,0.0012875536480685401,1,0.5068627800508723,0.9333333333333333,1.0,49.999999999926814,31.46554168983822,33.688915632276014,15.969286096922996,1698.798295526218,0.4845360824742278,-22.97921164214411,-26.87118171485146,49.55387567727182,6.091829979813101,921.36,-5.0,-0.2411698036085288,-4239.492724689928,0.0,-0.23949999999999924,-45.86739327883737,-415921.7045926172,-190022.71249291877
002594.SZ,20191025,46.66,46.8,47.17,46.44,47.04,0.38,0.8144,37075.53,173422.874,47.55,47.7,48.07,47.33,47.94,1.019157,46.7756,-1,51.33,41.99,46.76,1,1,0.008144020574367916,1,0.6100369595666043,0.9333333333333333,1.0,49.99999999992734,29.414814561292545,38.01451076866508,50.405062914970514,1712.6333437966846,0.46607341490545123,-16.993128592268423,-21.590577665720538,49.4600130393313,6.188054952694361,917.36,-3.0,-0.13567285854871924,-3502.4561477938987,0.0,-0.21099999999999924,-43.90681003584228,-302534.7326209096,-206095.8582254889
002594.SZ,20191028,47.04,47.03,47.46,47.03,47.3,0.26,0.5527,52591.92,248669.255,47.94,47.93,48.37,47.93,48.21,1.019157,47.2828,-1,51.74,42.34,47.02,1,1,0.005527210884353595,1,0.8885044643818761,0.9333333333333333,1.0,49.999999999925166,35.14038322887937,40.85724165860884,73.03585553269828,1722.0994294554246,0.5011961722488049,-25.116165680001618,-18.051751732196315,49.37572290370805,6.207849492585043,914.32,-1.0,-0.01421629361474519,-624.6585975177695,0.0,-0.16149999999999948,-29.811320754716924,-87345.0482744386,-189131.4568039103
002594.SZ,20191029,47.3,47.34,47.89,47.1,47.15,-0.15,-0.3171,55109.38,261660.444,48.21,48.25,48.81,48.0,48.05,1.019157,47.4802,-1,52.03,42.57,46.87,1,1,-0.003171247357293794,0,0.9664184402358734,0.9333333333333333,1.0,49.99999999992173,33.48679191811996,39.725321661941535,64.02471529601421,1716.638226190767,0.4654731457800525,-28.094929223808354,-19.47501176954137,49.2903770415055,6.223384895805046,913.03,-3.0,0.058578415514175974,1786.3685883610779,0.0,-0.19449999999999967,-30.05671077504715,102559.481209249,-147461.32280203042
002594.SZ,20191030,47.15,45.9,45.9,43.5,43.96,-3.19,-6.7656,172418.84,764931.68,48.05,46.78,46.78,44.33,44.8,1.019157,44.3647,-1,51.87,42.44,43.7,1,1,-0.06765641569459169,0,3.09060092498533,0.9333333333333333,1.0,49.99999999992568,31.331468016726575,24.304283350891737,0.0,1600.4966367623779,0.5893909626719069,-4.828637191161076,-42.018078744137135,49.143202992989,6.542769672065603,910.31,-3.0,-0.2910881108483525,18425.88615811953,0.0,-0.25099999999999945,-45.707997065297064,-61976.07422160334,-135249.144433398
002594.SZ,20191031,43.96,43.95,43.95,42.6,42.85,-1.11,-2.525,110683.57,475701.013,44.8,44.79,44.79,43.42,43.67,1.019157,42.9785,-1,48.36,39.56,42.6,1,1,-0.025250227479526877,0,1.8333776354936957,0.9666666666666667,1.0,49.99999999993352,30.594456439690035,21.21780257149671,0.0,1600.4966367623779,0.6312849162011186,-0.7167069754354823,-47.41057040366813,48.985604918829374,6.992125562052512,904.77,-3.0,-0.6210701279070943,20216.84574566562,0.0,-0.26549999999999974,-51.187335092348185,-361749.99659702205,-167606.40902820142
002594.SZ,20191101,42.85,42.8,43.75,42.3,43.57,0.72,1.6803,67304.5,291051.703,43.67,43.62,44.59,43.11,44.4,1.019157,43.244,-1,47.14,38.57,43.31,1,1,0.016802800466744428,1,1.0780906132561503,0.9666666666666667,1.0,49.999999999940556,34.99662229689376,27.63714646958132,32.68598390010608,1600.4966367623779,0.6226912928759908,9.439519236903813,-38.608732146815036,48.82728546542039,7.303323579771063,898.6899999999999,-3.0,-0.6864278792591492,14903.953113570384,0.0,-0.23149999999999943,-49.89844278943798,-161183.6931667931,-166688.87819085736
002594.SZ,20191104,43.57,43.57,43.8,43.13,43.43,-0.14,-0.3213,54119.18,234941.651,44.4,44.4,44.64,43.96,44.26,1.019157,43.4119,-1,47.93,39.21,43.17,1,1,-0.0032132201055772303,0,0.8487881272126836,0.9666666666666667,1.0,49.99999999994652,34.94485808639925,27.173498532944528,30.325183601379376,1600.4966367623779,0.6259946949602138,9.609636933562324,-39.3499533433344,48.6714066009932,7.63714311010184,893.95,-5.0,-0.6906999799452649,9236.834195488282,0.0,-0.24499999999999958,-44.89528795811506,69579.45339908358,-132936.25939229436
002594.SZ,20191105,43.43,43.52,44.35,43.02,43.95,0.52,1.1973,76990.13,336061.252,44.26,44.35,45.2,43.84,44.79,1.019157,43.6499,-1,47.77,39.09,43.69,1,1,0.01197329035229111,1,1.2027967046175545,0.9666666666666667,1.0,49.99999999995097,39.9315364004899,31.75320243377605,53.644097550591056,1619.6598477021992,0.6172624237140379,11.974520135015307,-33.06838876825017,48.52092500523859,7.858760755496417,887.71,-3.0,-0.5706472664345141,8225.774063215897,0.0,-0.20449999999999982,-38.93521488133404,330619.7947296682,-66713.96594629972
002594.SZ,20191106,43.95,44.1,44.85,43.53,44.31,0.36,0.8191,96714.21,429240.472,44.79,44.94,45.71,44.36,45.16,1.019157,44.3824,-1,48.35,39.56,44.05,1,1,0.008191126279863514,1,1.4781770815127897,0.9666666666666667,1.0,49.99999999995424,45.59603297322532,34.809637603081136,69.20683921417955,1632.9266860451523,0.6156521739130447,13.126403276128412,-28.836111031053047,48.378227005462705,8.00322857060046,882.8199999999999,-1.0,-0.3980845614484063,9765.642831403286,0.0,-0.18350000000000008,-30.106100795755857,653836.5377969538,36221.82030273649
002594.SZ,20191107,44.31,44.03,45.65,43.69,44.68,0.37,0.835,96835.5,433523.302,45.16,44.87,46.52,44.53,45.54,1.019157,44.769,-1,48.74,39.88,44.42,1,1,0.008350259535093496,1,1.429513441737678,0.9666666666666667,1.0,49.999999999956486,46.68118181024749,37.88849024586324,84.88372605970315,1646.5620476754095,0.6459854014598553,20.60385668031633,-24.550427462318105,48.24535574512486,8.151328074305374,878.4200000000001,-1.0,-0.19947196471871909,10299.395549737,0.0,-0.18100000000000022,-32.567567567567465,935614.4981992095,164706.4885736612
002594.SZ,20191108,44.68,45.88,45.95,44.8,44.88,0.2,0.4476,91373.13,414639.25,45.54,46.76,46.83,45.66,45.74,1.019157,45.3787,-1,49.15,40.21,44.62,1,1,0.004476275738585667,1,1.3155863260997138,0.9666666666666667,1.0,49.99999999995772,52.78673502082847,39.5504166025732,93.3459145638573,1646.5620476754095,0.6685552407932023,19.939903808130822,-22.23682246737771,48.12073633737792,8.239035534033185,874.1,1.0,-0.01618676976813216,9438.407340934195,0.0,-0.2275000000000002,-21.391752577319508,1218362.623494167,315228.7935623049
002594.SZ,20191111,44.88,44.8,44.8,43.63,43.95,-0.93,-2.0722,61673.58,272426.327,45.74,45.66,45.66,44.47,44.79,1.019157,44.1723,-1,49.37,40.39,43.69,1,1,-0.020721925133689867,0,0.8780923292167024,0.9666666666666667,1.0,49.999999999957694,47.41082388002653,34.87717127978454,69.55070685929842,1646.5620476754095,0.6036036036036045,20.42641170626706,-28.717990384108745,47.97916563847015,8.369027253940118,870.55,-1.0,0.003692366599347796,4633.324514465232,0.0,-0.2635000000000002,-31.064356435643468,999119.4293207098,412927.4558135056
002594.SZ,20191112,43.95,43.92,44.33,43.55,44.1,0.15,0.3413,44569.29,196281.802,44.79,44.76,45.18,44.38,44.94,1.019157,44.0397,-1,48.35,39.56,43.84,1,1,0.0034129692832765013,1,0.6447592630991633,0.9666666666666667,1.0,49.999999999955584,48.762542565192355,36.18686750386306,76.21941169485544,1646.5620476754095,0.5711538461538475,16.193996225475633,-26.92201272122976,47.84417439219378,8.40968812356291,865.1,1.0,0.057947392167019274,-794.9101738016818,0.0,-0.20950000000000024,-30.505302557704184,785816.1090800025,466197.2634230052
002594.SZ,20191113,44.1,44.12,44.17,43.0,43.28,-0.82,-1.8594,57977.94,251998.384,44.94,44.97,45.02,43.82,44.11,1.019157,43.4645,-1,48.51,39.69,43.03,1,1,-0.018594104308390036,0,0.8586347462375378,0.9666666666666667,1.0,49.999999999953644,49.48681993790711,32.355981932813116,56.71332725905367,1615.9457012106966,0.5297951582867795,18.125670351178773,-32.35335219763488,47.69715005999506,8.495430728143766,861.03,1.0,0.006966079386720114,-2432.8264893974224,0.0,-0.2275000000000002,-29.5828065739569,552837.800765956,478574.48304342676
002594.SZ,20191114,43.28,43.5,43.82,43.32,43.52,0.24,0.5545,40397.89,175929.259,44.11,44.33,44.66,44.15,44.35,1.019157,43.5491,-1,47.61,38.95,43.26,1,1,0.005545286506469571,1,0.6043325155519409,0.9666666666666667,1.0,49.99999999995132,52.47617735107965,34.54024351638636,67.83513971960714,1615.9457012106966,0.5182149362477241,18.673923209078893,-29.390589643608966,47.556699534896765,8.534311193032265,904.31,2.0,0.02797476334458704,-5558.890373693577,0.0,-0.22650000000000006,-28.954081632652937,641579.8843097234,501860.96893861203
002594.SZ,20191115,43.52,43.53,43.63,42.8,43.12,-0.4,-0.9191,46149.19,199139.088,44.35,44.36,44.47,43.62,43.95,1.019157,43.1512,-1,47.87,39.17,42.87,1,1,-0.009191176470588314,0,0.6893957539586874,0.9666666666666667,1.0,49.99999999994927,53.86690840273057,32.648048432972445,61.7600111912191,1601.0932591039805,0.519516728624536,14.016426595220636,-32.058801144895824,47.413159208534495,8.559934941133971,899.9499999999999,2.0,0.011253702820680722,-6463.248552417361,0.0,-0.19250000000000006,-28.681177976952533,525301.8215338668,505209.6621665056
002594.SZ,20191118,43.12,42.9,43.03,42.52,42.83,-0.29,-0.6725,53686.47,229761.352,43.95,43.72,43.85,43.33,43.65,1.019157,42.7969,-1,47.43,38.81,42.58,1,1,-0.0067254174397031186,0,0.8196597844713343,0.9666666666666667,1.0,49.999999999947676,54.01791748365176,31.308893209016347,55.044472219912265,1590.3252385766114,0.5214552238805977,10.742741983191328,-33.963200753321175,47.26903674921566,8.668150702910049,896.09,2.0,-0.014224848400124834,-5684.991493088781,0.0,-0.17950000000000016,-26.758711374095867,326554.54009713925,479687.5018708819
002594.SZ,20191119,42.83,42.56,43.75,42.56,43.74,0.91,2.1247,53463.48,231949.857,43.65,43.38,44.59,43.38,44.58,1.019157,43.3847,-1,47.11,38.55,43.48,1,1,0.021246789633434515,1,0.8157190641345289,0.9666666666666667,1.0,49.999999999946155,54.61326570168004,39.67120611816709,100.0,1590.3252385766114,0.4903508771929828,17.719232699933833,-22.61114262214254,47.13898526270791,8.699893145916066,892.13,2.0,0.10933801709664515,-4870.42867970226,0.0,-0.13099999999999987,-23.43149807938532,380240.42611424613,465480.7767627911
002594.SZ,20191120,43.74,43.6,43.6,43.01,43.1,-0.64,-1.4632,39386.84,170527.992,44.58,44.44,44.44,43.83,43.93,1.019157,43.2957,-1,48.11,39.37,42.85,1,1,-0.014631915866483824,0,0.5918071393564148,0.9666666666666667,1.0,49.99999999994478,54.351450267339445,36.32216208646976,73.20273331040902,1590.3252385766114,0.4721283783783785,18.678063587566154,-27.17947676767427,46.99892763406123,8.779081330355055,888.9200000000001,2.0,0.12175582430011067,-5832.92531625819,0.0,-0.1465,-20.6508135168961,246686.06147553123,434224.38886461116
002594.SZ,20191121,43.1,43.2,43.87,42.78,43.62,0.52,1.2065,56999.71,247633.914,43.93,44.03,44.71,43.6,44.46,1.019157,43.4448,-1,47.41,38.79,43.36,1,1,0.012064965197215782,1,0.8506851792821792,0.9666666666666667,1.0,49.99999999994293,57.548260214120155,40.70233352571886,100.0,1609.512457232292,0.45447154471544726,24.28753618533649,-21.06716410192676,46.871923662417984,8.819278076001844,885.2,2.0,0.21163857413458942,-3800.7973164087052,0.0,-0.1335000000000001,-17.99007444168734,323397.4873621729,418391.9743642629
002594.SZ,20191122,43.62,43.73,44.6,43.45,43.82,0.2,0.4585,70268.9,309191.771,44.46,44.57,45.45,44.28,44.66,1.019157,44.0012,-1,47.98,39.26,43.56,1,1,0.004585052728106387,1,1.029188669391274,0.9666666666666667,1.0,49.99999999993991,58.47693055798442,42.34500631887798,100.0,1616.892156715246,0.46122112211221133,25.655388059078845,-18.756436605029375,46.75385263692071,8.881216841314787,882.21,2.0,0.3040373750305152,-543.9683517014273,0.0,-0.14100000000000001,-15.272727272727245,485467.8886277066,427974.24783046916
002594.SZ,20191125,43.82,44.16,45.28,43.54,44.87,1.05,2.3962,121726.63,541772.289,44.66,45.01,46.15,44.37,45.73,1.019157,44.5073,-1,48.2,39.44,44.61,1,1,0.023961661341852958,1,1.7405511128028244,0.9666666666666667,1.0,49.999999999938176,60.36372852235545,50.15233195970703,100.0,1655.6355790007551,0.43299767621998464,33.47348224223041,-7.425508616538901,46.67080658944246,8.872277213054828,878.72,2.0,0.5009665559748875,8185.197724115412,0.0,-0.11899999999999977,-14.647377938517181,776109.8211242526,477707.90115815256
002594.SZ,20191126,44.87,44.78,45.09,43.75,44.6,-0.27,-0.6017,99568.05,442825.714,45.73,45.64,45.95,44.59,45.45,1.019157,44.4747,-1,49.36,40.38,44.34,1,1,-0.006017383552484823,0,1.3566530809762938,0.9666666666666667,1.0,49.99999999993702,54.78680965063477,48.33962424200796,90.38016499173949,1655.6355790007551,0.28012279355333886,34.3686150036673,-9.756157025358572,46.581817282447936,8.831426843078535,875.9200000000001,2.0,0.5834695643736754,10472.023806968671,0.0,-0.11849999999999952,-16.188149053145985,474646.69090845634,477270.585408196
002594.SZ,20191127,44.6,44.46,44.47,43.85,43.9,-0.7,-1.5695,48330.98,212902.105,45.45,45.31,45.32,44.69,44.74,1.019157,44.0509,-1,49.06,40.14,43.64,1,1,-0.015695067264574036,0,0.6391688862280831,0.9666666666666667,1.0,49.999999999935866,59.7608772470107,43.90859003167061,66.86516717758026,1655.6355790007551,0.34629981024667966,16.040839310487165,-15.557857985868512,46.47397995110487,8.540650430147236,873.37,2.0,0.5337144845500488,4865.726330214923,0.0,-0.049499999999999746,2.4645257654966315,268237.8432570373,447408.7651008876
002594.SZ,20191128,43.9,43.58,43.73,43.15,43.18,-0.72,-1.6401,48120.03,208644.192,44.74,44.41,44.57,43.98,44.01,1.019157,43.3591,-1,48.29,39.51,42.93,1,1,-0.016400911161731146,0,0.6932627216205348,1.0,1.0,49.99999999993494,62.5175664340477,39.8612314412657,45.38629252017963,1655.6355790007551,0.3596059113300496,7.757531745354624,-21.05306294264129,46.35014679497721,8.110715467284667,873.3100000000001,2.0,0.3999016909719808,1107.708868830291,0.0,-0.014499999999999602,12.643678160919464,74169.08140612638,394088.8102873503
002594.SZ,20191129,43.18,43.27,43.62,43.02,43.39,0.21,0.4863,44103.62,190926.826,44.01,44.1,44.46,43.84,44.22,1.019157,43.2905,-1,47.5,38.86,43.13,1,1,0.004863362667901772,1,0.6653857759424294,1.0,1.0,49.99999999993392,58.52792031060299,41.55343523541721,54.36662682402046,1655.6355790007551,0.3558091286307051,-1.1840426331465537,-18.68184144915813,46.235521230021156,7.758523341618399,874.0300000000001,2.0,0.33820723649099116,-1783.0768273816548,0.0,-0.04699999999999989,14.23813488759368,-89920.51565147459,324944.6208675182
002594.SZ,20191202,43.39,43.39,43.54,43.05,43.15,-0.24,-0.5531,43310.93,187308.255,44.22,44.22,44.37,43.87,43.98,1.019157,43.2473,-1,47.73,39.05,42.9,1,1,-0.005531228393639176,0,0.6650661760034273,1.0,1.0,49.999999999932605,54.880617667855624,40.16253530875151,46.98527809532983,1655.6355790007551,0.35215605749486617,-3.005860281776371,-20.553975118503022,46.118791517443704,7.380840085263653,873.77,2.0,0.26674254490066307,-3563.2341400887617,0.0,-0.051999999999999956,7.104795737122544,-241829.7213854869,243976.8576885175
002594.SZ,20191203,43.15,43.15,43.84,42.99,43.79,0.64,1.4832,47048.04,204097.553,43.98,43.98,44.68,43.81,44.63,1.019157,43.3807,-1,47.47,38.84,43.53,1,1,0.014831981460023291,1,0.7284971546007364,1.0,1.0,49.99999999993136,53.805685781740124,45.410065436959236,74.83332747546427,1680.1919352130492,0.34787018255578067,-7.788975481988057,-13.236189346856763,46.022574933505545,7.0328458854876414,873.74,2.0,0.3046114832968989,-3967.6684720638277,0.0,-0.04149999999999991,4.9954586739327596,-137036.5218266953,189546.37490062998
002594.SZ,20191204,43.79,43.72,44.44,43.44,44.13,0.34,0.7764,68959.71,303525.492,44.63,44.56,45.29,44.27,44.98,1.019157,44.0149,-1,48.17,39.41,43.87,1,1,0.007764329755652,1,1.0931199011977775,1.0,1.0,49.999999999929884,52.74672244664877,48.018123958540635,88.67399931932187,1693.2374994508305,0.34857723577235733,-10.311939015689362,-9.518600311492682,45.94103072922032,6.709690127515972,873.6500000000001,2.0,0.37003860102052233,-1159.866136668411,0.0,-0.03149999999999977,5.765765765765714,54029.18680961541,170186.77660191362
002594.SZ,20191205,44.13,44.2,44.41,43.9,44.04,-0.09,-0.2039,62864.53,277165.4,44.98,45.05,45.26,44.74,44.88,1.019157,44.0893,-1,48.54,39.72,43.78,1,1,-0.0020394289598912874,0,1.0189154274503736,1.0,1.0,49.999999999928455,51.35404389015686,47.37294027607766,85.25008242708621,1693.2374994508305,0.35878661087866043,-25.513835242325573,-10.338801996384003,45.859864685113855,6.4460565749225545,874.37,0.0,0.39358227032562154,-57.905633866810604,0.0,-0.07199999999999988,2.78810408921931,279598.48599188606,185817.0208004811
002594.SZ,20191206,44.04,44.05,44.14,43.47,43.71,-0.33,-0.7493,68145.73,297440.95,44.88,44.89,44.99,44.3,44.55,1.019157,43.6478,-1,48.44,39.64,43.45,1,1,-0.007493188010899154,0,1.1357820996425154,1.0,1.0,49.99999999992714,44.48162971591448,44.98615591007754,62.64560669188496,1680.5497525203407,0.28482972136222856,-28.952820919707115,-13.369751710602252,45.77117739394242,6.211560153823239,873.83,-2.0,0.3581104752900941,1369.2596327094288,0.0,-0.0389999999999997,-12.301587301587325,136677.9296121744,178797.15063072302
002594.SZ,20191209,43.71,43.71,43.8,43.27,43.38,-0.33,-0.755,58259.85,252881.168,44.55,44.55,44.64,44.1,44.21,1.019157,43.4057,-1,48.08,39.34,43.12,1,1,-0.007549759780370535,0,0.9901809858689455,1.0,1.0,49.99999999992481,44.64460736286146,42.67089833862609,45.90497665861469,1680.5497525203407,0.3036303630363031,-34.57054533641533,-16.346450969052782,45.67592478662535,5.964500236407214,872.75,-2.0,0.2866922144240709,986.466538656754,0.0,-0.0129999999999999,-4.432432432432549,-39612.98997425818,147595.70197286856
002594.SZ,20191210,43.38,43.53,43.53,43.2,43.43,0.05,0.1153,42173.17,182927.32,44.21,44.36,44.36,44.03,44.26,1.019157,43.3753,-1,47.72,39.04,43.17,1,1,0.001152604887044717,1,0.7188581095839739,1.0,1.0,49.99999999992127,44.75880670621291,43.148322572769864,31.94110411820193,1680.5497525203407,0.30700778642936544,-38.684089640614516,-15.712322182437893,45.585780127188414,5.787954346734911,872.4,-2.0,0.2443352633748015,-1304.3962409763099,0.0,-0.026999999999999958,-2.320441988950364,-179020.12750665494,100936.29776150806
002594.SZ,20191211,43.43,43.36,44.23,43.19,44.12,0.69,1.5888,88873.29,389740.624,44.26,44.19,45.08,44.02,44.97,1.019157,43.8535,-1,47.77,39.09,43.86,1,1,0.015887635275155354,1,1.5179797723317887,1.0,1.0,49.9999999999181,50.99798834349484,49.40957767059508,92.78255724175507,1707.2497140501364,0.31151241534988666,-35.45317334575866,-7.22309513290523,45.52102272556163,5.446054304025488,871.42,0.0,0.30354351987053363,3345.677450360273,0.0,0.052999999999999756,11.304347826086797,-62150.86924695701,77638.13104601305
002594.SZ,20191212,44.12,44.09,44.09,43.23,43.48,-0.64,-1.4506,80922.75,353467.368,44.97,44.93,44.93,44.06,44.31,1.019157,43.6796,-1,48.53,39.71,43.22,1,1,-0.01450589301903904,0,1.3466509569383882,1.0,1.0,49.99999999991462,46.10160517253247,44.512716611172195,45.199103454204725,1707.2497140501364,0.29805615550755904,-27.617665366346213,-13.424509866413803,45.43687865754292,5.190963235255066,872.26,-2.0,0.2528602633306065,5119.450736376149,0.0,0.021499999999999277,13.904338153503836,-237348.3779651951,32640.058330126172
002594.SZ,20191213,43.48,43.79,43.89,43.23,43.37,-0.11,-0.253,141600.83,614076.972,44.31,44.63,44.73,44.06,44.2,1.019157,43.3668,-1,47.83,39.13,43.11,1,1,-0.0025298988040478587,0,2.2795423781105972,1.0,1.0,49.99999999991121,42.819588241733015,43.710866034764,40.31729161300719,1702.93054504035,0.3076923076923075,-27.470420481275923,-14.458971693749467,45.35268678813794,4.857989840710804,872.52,-2.0,0.20302643938845466,13745.198659935231,0.0,0.020999999999999373,18.108419838523588,-656721.3143118576,-65840.1377615858
002594.SZ,20191216,43.37,43.43,44.15,43.23,44.13,0.76,1.7524,125263.48,547285.347,44.2,44.26,45.0,44.06,44.98,1.019157,43.6907,-1,47.71,39.03,43.87,1,1,0.01752363384828226,1,1.8726597729007886,1.0,1.0,49.999999999907544,49.50111434009684,50.363803365436546,100.0,1702.93054504035,0.2881355932203387,-19.639981141129184,-5.307787425077168,45.29755397039751,4.389833150821382,872.63,0.0,0.26691739145923266,16352.237852833507,0.0,0.05949999999999953,29.171668667466953,-362012.59146039165,-108150.48828998662
002594.SZ,20191217,44.13,44.17,45.55,44.16,45.04,0.91,2.0621,190471.75,857264.002,44.98,45.02,46.42,45.01,45.9,1.019157,45.0074,-1,48.54,39.72,44.78,1,1,0.020620892816678005,1,2.7028952336880647,1.0,1.0,49.999999999907246,54.13655776657655,56.92819418267974,100.0,1738.046493283874,0.29343220338983017,-14.412028093541648,4.3326229654809785,45.28475812216573,4.0544148624171195,874.1999999999999,0.0,0.41727650105585945,25421.033580840154,0.0,0.043999999999999415,34.51720310765813,116684.08864073362,-76031.26301416945
002594.SZ,20191218,45.04,45.08,45.08,44.53,44.7,-0.34,-0.7549,113229.13,506519.518,45.9,45.94,45.94,45.38,45.56,1.019157,44.734,-1,49.54,40.54,44.44,1,1,-0.007548845470692678,0,1.464423388527935,1.0,1.0,49.999999999907914,51.581322378666194,54.05192639358107,82.8442901604573,1738.046493283874,0.3030634573304155,-13.962541355196793,0.7067906973674101,45.25671568701453,3.5389974524589367,875.54,0.0,0.4534548865449951,19824.826167718154,0.0,0.04999999999999964,24.252491694352173,-230287.2376903689,-98067.83082505509
002594.SZ,20191219,44.7,44.7,45.0,44.26,44.97,0.27,0.604,101163.47,451499.532,45.56,45.56,45.86,45.11,45.83,1.019157,44.6307,-1,49.17,40.23,44.71,1,1,0.006040268456375841,1,1.2487458733842398,1.0,1.0,49.99999999990985,46.76585586602952,55.955052375083866,94.19562443138351,1738.046493283874,0.28796400449943726,-16.816347211769887,3.509846996915633,45.24258335516001,3.0820759249253706,877.02,0.0,0.49299450990908344,13603.939188838234,0.0,0.04249999999999972,18.27242524916943,-511430.1505267469,-157119.59078243963
002594.SZ,20191220,44.97,45.23,47.28,45.05,46.62,1.65,3.6691,289838.02,1344330.942,45.83,46.1,48.19,45.91,47.51,1.019157,46.3821,-1,49.47,40.47,46.35,1,1,0.036691127418278846,1,3.4827826477099895,1.0,1.0,49.9999999999168,53.33880692541424,65.38944006807243,100.0,1801.8173786278453,0.414893617021277,-2.3395234186303315,18.339207927046136,45.32020354312948,2.6062815184321293,878.54,0.0,0.7075812775884645,32908.16067888588,0.0,0.10749999999999957,30.24574669187144,-142657.79037751025,-155053.61929602115
002594.SZ,20191223,46.62,46.32,46.42,45.47,45.54,-1.08,-2.3166,132775.09,608250.688,47.51,47.21,47.31,46.34,46.41,1.019157,45.8106,-1,51.28,41.96,45.27,1,1,-0.02316602316602312,0,1.4095214764615724,1.0,1.0,49.99999999992228,46.49302975974884,56.81157955013346,62.24290880949946,1801.8173786278453,0.4136933461909357,-9.984106060505008,7.008101810393737,45.33140354390775,2.427317310633148,881.62,-2.0,0.6705780458433231,22995.745574073302,0.0,0.032999999999999474,15.42750929368028,-515621.0256464989,-206563.2487746608
002594.SZ,20191224,45.54,45.75,46.85,45.75,46.78,1.24,2.7229,156602.22,725017.631,46.41,46.63,47.75,46.63,47.68,1.019157,46.2968,-1,50.09,40.99,46.5,1,1,0.02722880983750553,1,1.6527742982675482,1.0,1.0,49.999999999927994,53.31788976994064,62.83911798089312,88.77427029625875,1850.8787213924156,0.37830687830687837,-11.261975093861404,16.65320497784168,45.41187183882332,2.423305107609271,882.0699999999999,0.0,0.7724084242236546,18326.08396954582,0.0,0.09349999999999951,17.12204007285972,-143597.95280844835,-197568.20649377332
002594.SZ,20191225,46.78,47.05,48.14,46.51,46.85,0.07,0.1496,191832.57,906693.865,47.68,47.95,49.06,47.4,47.75,1.019157,47.2649,-1,51.46,42.1,46.57,1,1,0.0014963659683624453,1,1.9654406335816221,1.0,1.0,49.99999999993348,59.011682793655325,63.15176221863245,90.1504336145852,1853.6483133226734,0.4808590102707751,-0.25797138069822734,17.16375104933762,45.49210826256292,2.373605283292011,883.98,2.0,0.8048250947009241,18600.95493598809,0.0,0.11149999999999985,32.53218884120175,341895.9445961955,-120501.89919520635
002594.SZ,20191226,46.85,46.21,47.25,46.14,46.41,-0.44,-0.9392,110345.72,513101.998,47.75,47.1,48.16,47.02,47.3,1.019157,46.4995,-1,51.54,42.17,46.14,1,1,-0.009391675560298962,0,1.0531391537913901,1.0,1.0,49.99999999993709,57.156102159391416,59.74897943642553,75.17243536658829,1853.6483133226734,0.49376797698945335,4.620090478684776,12.600065539466554,45.54132477198843,2.2272634644791354,887.3299999999999,2.0,0.7251068861149012,7020.920534572862,0.0,0.14149999999999957,30.847457627118693,43286.14830989763,-97103.60669447723
002594.SZ,20191227,46.41,46.2,46.85,46.0,46.0,-0.41,-0.8834,109621.27,507597.022,47.3,47.09,47.75,46.88,46.88,1.019157,46.3046,-1,51.05,41.77,45.73,1,1,-0.00883430295194998,0,1.0160542026474477,1.0,1.0,49.999999999938346,55.355072753225784,56.684016465916756,60.858874991356416,1853.6483133226734,0.48447789275635,6.583408299166787,8.456395334366066,45.56501346811191,2.1387329835472615,891.16,0.0,0.5814600625293681,-1090.3610587804724,0.0,0.12549999999999956,27.92046396023199,-305533.705653416,-126879.33511718278
002594.SZ,20191230,46.0,46.35,47.8,46.02,47.64,1.64,3.5652,196477.12,925707.98,46.88,47.24,48.72,46.9,48.55,1.019157,47.1153,-1,50.6,41.4,47.36,1,1,0.03565217391304354,1,1.7674356409277907,1.0,1.0,49.99999999993946,60.15644791230763,64.52339251926071,96.00505297312883,1919.7349053628732,0.4280964256026601,16.78970021293101,20.737824641834678,45.68431316336013,1.9573538340809207,893.62,2.0,0.6656013819753254,4578.536629741764,0.0,0.2019999999999996,34.003091190108165,8662.44384167553,-107516.22383734588
002594.SZ,20191231,47.64,47.51,48.1,46.9,47.67,0.03,0.063,132166.16,626863.842,48.55,48.42,49.02,47.8,48.58,1.019157,47.43,-1,52.4,42.88,47.39,1,1,0.0006297229219143219,1,1.112290798443576,0.9666666666666667,1.0,49.999999999940776,61.66402807483663,64.64942771985038,96.58643438869619,1919.7349053628732,0.4334500875656747,18.0704392300561,20.942054965765188,45.798671756951414,1.8805066206577274,897.53,2.0,0.6810951518017451,-717.2499915933804,0.0,0.17799999999999977,36.834319526627155,411119.0055859386,-33425.47677687668
002594.SZ,20200102,47.67,47.69,48.47,47.51,48.17,0.5,1.0489,159345.7,765516.493,48.58,48.6,49.4,48.42,49.09,1.019157,48.0412,-1,52.44,42.9,47.89,1,1,0.010488777008600847,1,1.2946588830340455,0.9666666666666667,1.0,49.999999999941764,63.183710357402425,66.76844212110991,100.0,1939.8705767008519,0.4559585492227984,16.20638637284904,24.361248886132373,45.939100967344025,1.843006388262055,901.5999999999999,2.0,0.7111860088003961,-928.8197307142618,0.0,0.18149999999999977,36.88100517368807,933273.9093096473,104674.43552119817
002594.SZ,20200103,48.17,48.2,48.99,47.68,48.04,-0.13,-0.2699,129936.07,628361.961,49.09,49.12,49.93,48.59,48.96,1.019157,48.3593,-1,52.99,43.35,47.76,1,1,-0.002698775171268486,0,1.0183189912537634,0.9666666666666667,1.0,49.99999999994192,64.25494343012343,65.66629890967894,93.28151489437823,1939.8705767008519,0.4991394148020662,21.24166714787365,22.90645109662962,46.06206003601835,1.7958727971323176,906.18,2.0,0.6668174316169138,-5163.2702758991945,0.0,0.18149999999999977,37.15967623252389,1297340.0068544555,275055.2314259492
002594.SZ,20200106,48.04,47.39,49.19,47.19,48.28,0.24,0.4996,169871.38,822172.472,48.96,48.3,50.13,48.09,49.2,1.019157,48.3997,-1,52.84,43.24,48.0,1,1,0.004995836802664577,1,1.2972017237179105,0.9666666666666667,1.0,49.999999999942546,61.58414062930194,66.7572768090514,99.91219833877658,1949.56185352034,0.5203816131830011,28.448412505571337,24.620082837090056,46.193679017941726,1.7002894431330375,909.23,4.0,0.6238102571537247,-2834.575405363168,0.0,0.2429999999999996,36.55677655677651,900287.4866155095,364374.1250244578
002594.SZ,20200107,48.28,48.31,48.5,47.77,48.05,-0.23,-0.4764,93400.58,449013.435,49.2,49.24,49.43,48.69,48.97,1.019157,48.0739,-1,53.11,43.45,47.77,1,1,-0.00476387738193873,0,0.6865748516456216,0.9666666666666667,1.0,49.9999999999422,60.635726207000005,64.63754242485689,83.2430538214172,1949.56185352034,0.5249343832020997,28.384963385297056,21.887018210718264,46.3014225557251,1.5332898017816496,913.9300000000001,4.0,0.5225004969436924,-11365.373588488066,0.0,0.24649999999999928,33.142857142857146,497626.44025197544,383410.1700569603
002594.SZ,20200108,48.05,47.55,48.35,47.15,47.28,-0.77,-1.6025,110974.45,529249.404,48.97,48.46,49.28,48.05,48.19,1.019157,47.6911,-1,52.86,43.25,47.0,1,1,-0.01602497398543179,0,0.8053561927754985,0.9666666666666667,1.0,49.999999999941686,59.034446599661116,57.99792767979404,18.892089832061544,1918.3201755346863,0.49382716049382724,32.74487053185373,13.142667584037419,46.354145823574065,1.43196039335442,919.0799999999999,2.0,0.31984466928638544,-14226.166843878229,0.0,0.23799999999999955,29.895470383275182,91789.26411219058,341750.0406362789
002594.SZ,20200109,47.28,47.75,48.2,47.38,47.65,0.37,0.7826,89217.0,425352.462,48.19,48.66,49.12,48.29,48.56,1.019157,47.6762,-1,52.01,42.55,47.37,1,1,0.00782571912013541,1,0.6316893899643293,0.9666666666666667,1.0,49.99999999994105,59.147808665064616,60.11790720633453,34.05142600907002,1918.3201755346863,0.5038038884192731,28.60694692675741,16.184138835279395,46.42583996716652,1.412781785634784,923.1700000000001,2.0,0.20906592611642272,-18370.784949764336,0.0,0.19499999999999956,27.521613832852992,316452.7694642575,338136.1447545616
002594.SZ,20200110,47.65,47.66,47.66,46.61,46.92,-0.73,-1.532,109294.63,512929.719,48.56,48.57,48.57,47.5,47.82,1.019157,46.9309,-1,52.42,42.89,46.64,1,1,-0.015320041972717635,0,0.7737522935661609,0.9666666666666667,1.0,49.99999999994,58.42767390065941,54.29516061235529,0.0,1888.9314299283837,0.5000000000000003,27.666104112449453,8.307629195151481,46.45132630126137,1.3830650655821515,926.71,2.0,0.020805800384231743,-17721.306992975195,0.0,0.18850000000000017,21.98483804272903,87526.54354847278,302334.7731536918
002594.SZ,20200113,46.92,51.61,51.61,50.51,51.61,4.69,9.9957,518827.59,2662873.914,47.82,52.6,52.6,51.48,52.6,1.019157,51.3248,-1,51.61,42.23,51.31,1,1,0.09995737425404938,1,3.6365230682783563,0.9666666666666667,0.0,49.999999999942986,67.99625583758372,72.63395393124807,100.0,2077.744055809972,0.5078787878787883,28.824313401720808,37.131233283970936,46.788190723365,1.1636535482258583,929.74,4.0,0.4855868071576599,35647.61987828124,0.0,0.20950000000000024,40.19715224534494,1170527.2317747914,426362.2672424203
002594.SZ,20200114,51.61,55.0,55.99,53.0,53.44,1.83,3.5458,614975.96,3356918.724,52.6,56.05,57.06,54.02,54.46,1.019157,54.5862,-1,56.77,46.45,53.13,1,1,0.03545824452625457,1,3.807130532789435,0.9666666666666667,1.0,49.99999999994966,72.9148193637352,76.58230409296839,100.0,2151.417212603854,0.6733067729083674,37.71537639974374,44.32021344767054,47.24532907318269,1.1036734538775304,938.12,4.0,0.9691729682925829,79182.19569212751,0.0,0.09649999999999999,51.206434316353835,2169311.1305959043,675354.9620072038
002594.SZ,20200115,53.44,54.01,54.75,52.28,53.31,-0.13,-0.2433,298705.23,1594534.514,54.46,55.04,55.8,53.28,54.33,1.019157,53.3815,-1,58.78,48.1,53.0,1,1,-0.002432634730538785,0,1.6057841601321212,0.9666666666666667,1.0,49.99999999995603,65.50353561494268,75.74623607512622,96.24865331634162,2151.417212603854,0.6986301369863023,38.720710590695234,43.09663889929367,47.658583371114986,1.1050130988635698,948.74,2.0,1.186821266806442,61450.91719213141,0.0,0.018000000000000328,39.693969396939636,1269474.6949773948,760229.209574374
002594.SZ,20200116,53.31,53.49,54.54,51.78,54.09,0.78,1.4631,335737.07,1778235.678,54.33,54.51,55.58,52.77,55.13,1.019157,52.9651,-1,58.64,47.98,53.77,1,1,0.014631401238041741,1,1.7538375705103812,0.9666666666666667,1.0,49.999999999961645,70.23143889385679,77.34441155304914,100.0,2182.89546107189,0.6807893209518289,45.801602522217934,45.98875109491864,48.10568550512547,1.092044602884823,955.4399999999999,4.0,1.3398185240589395,51202.72124940273,0.0,0.06700000000000017,39.50561797752803,1829354.522719632,912961.3971665537
002594.SZ,20200117,54.09,53.86,59.5,53.2,57.95,3.86,7.1363,530600.38,3022542.423,55.13,54.89,60.64,54.22,59.06,1.019157,56.9646,-1,59.5,48.68,57.61,1,1,0.07136254390830099,1,2.619532590509267,0.9666666666666667,1.0,49.99999999996748,75.59295751935753,83.23266749180517,100.0,2338.672434259864,0.6940441882804999,58.60861495043898,57.29513375559715,48.84304872665093,1.0914914961527795,964.38,4.0,1.834336483789535,66210.17387347048,0.0,0.25800000000000056,52.04157386785445,2686596.0038043736,1166337.7695433851
002594.SZ,20200120,57.95,57.3,59.9,56.5,58.76,0.81,1.3978,300775.62,1742179.866,59.06,58.4,61.05,57.58,59.89,1.019157,57.9229,-1,63.75,52.16,58.41,1,1,0.013977566867989566,1,1.34258521243338,0.9666666666666667,1.0,49.999999999972324,76.03004351507823,84.16285524191102,100.0,2338.672434259864,0.7222222222222225,54.918452287924985,59.18251573131668,49.59476551335406,1.0914914961527795,975.91,4.0,2.123520981694213,41904.554934329004,0.0,0.26150000000000057,53.791130185979924,3424503.9842365887,1488932.9430709856
002594.SZ,20200121,58.76,57.72,57.73,56.55,56.72,-2.04,-3.4717,203836.57,1161444.87,59.89,58.83,58.84,57.63,57.81,1.019157,56.9792,-1,64.64,52.88,56.39,1,1,-0.034717494894486056,0,0.9076584460218485,0.9666666666666667,1.0,49.999999999975635,74.25058799858591,73.15548961908901,63.14624962072026,2338.672434259864,0.6757402101241645,52.96051805974189,42.48770939624561,50.07822186616992,1.2351816050216278,988.05,4.0,1.9002462968396454,11097.807244836396,0.0,0.2505000000000006,46.908097027673335,2444409.552604952,1625429.601575838
002594.SZ,20200122,56.72,56.5,60.5,56.1,59.27,2.55,4.4958,327979.95,1927419.433,57.81,57.58,61.66,57.17,60.41,1.019157,58.7664,-1,62.39,51.05,58.92,1,1,0.04495768688293378,1,1.4377066874909585,0.9666666666666667,1.0,49.99999999997799,75.48901441176747,77.17417582154053,76.60120907539076,2443.8137372810675,0.6516853932584272,57.04921120405321,49.46186510487961,50.73242201069968,1.2351816050216278,998.61,4.0,1.9489916602950794,6023.852861935069,0.0,0.3375000000000007,50.8383422967415,2494095.7845199844,1749524.7705678588
002594.SZ,20200123,59.27,57.99,61.88,57.51,59.83,0.56,0.9448,291584.96,1735366.427,60.41,59.1,63.07,58.61,60.98,1.019157,59.5149,-1,65.2,53.34,59.48,1,1,0.00944828749789095,1,1.2318961755724436,0.9666666666666667,1.0,49.999999999979536,76.28781336221635,77.95468401529386,79.21442781702399,2443.8137372810675,0.6983289357959548,58.00531531833429,50.83992394614116,51.38588771165213,1.2351816050216278,1009.61,4.0,1.9072421593983453,-3159.3971625449485,0.0,0.43950000000000033,51.02426725496371,2937740.777824264,1919269.914461631
002594.SZ,20200203,59.83,53.85,54.48,53.85,53.85,-5.98,-9.995,100398.0,540735.185,60.98,54.88,55.52,54.88,54.88,1.019157,53.8592,-1,65.81,53.85,53.53,1,1,-0.09994985793080391,0,0.4154107714116333,0.9666666666666667,0.0,49.999999999979934,76.20314427804921,55.95240754255219,5.548626871780592,2443.8137372810675,0.561527581329562,54.482506021119065,15.452968014788402,51.52135870080045,2.5449084193076157,1022.19,4.0,0.9718787751155737,-34186.59584505009,0.0,0.42950000000000055,25.313807531380704,2258229.302772483,1967692.6842203243
002594.SZ,20200204,53.85,54.0,57.5,54.0,56.36,2.51,4.6611,367775.3,2057907.669,54.88,55.03,58.6,55.03,57.44,1.019157,55.9556,-1,59.24,48.47,56.03,1,1,0.046610956360259914,1,1.5248599262699782,0.9666666666666667,1.0,49.99999999997997,79.41715094686543,60.936171119427165,22.23476096645313,2557.722232742079,0.5220539828834763,57.42981589039764,23.393365048554124,51.80567119231052,2.8273377493266385,1029.19,6.0,0.6068576384276216,-18671.74359972452,0.0,0.5575000000000007,32.06069505628972,2252316.370843999,2008353.2108808493
002594.SZ,20200205,56.36,57.7,62.0,56.99,60.81,4.45,7.8957,446230.25,2698234.964,57.44,58.81,63.19,58.08,61.97,1.019157,60.4673,-1,62.0,50.72,60.45,1,1,0.07895670688431511,1,1.756162186380909,0.9666666666666667,1.0,49.9999999999801,80.65717715081765,67.87583027767649,45.46942719804821,2759.6715573641914,0.4636938836999099,58.69775672129274,34.81781838953083,52.383739747507995,2.8273377493266385,1039.55,6.0,0.8646803686205269,1130.8409467081801,0.0,0.6485000000000006,37.49155595586575,2866053.5697378246,2130881.833574703
002594.SZ,20200206,60.81,58.45,60.85,58.4,60.75,-0.06,-0.0987,301131.81,1792085.752,61.97,59.57,62.02,59.52,61.91,1.019157,59.5117,-1,66.89,54.73,60.39,1,1,-0.0009866798223976403,0,1.129604451289252,0.9333333333333333,1.0,49.99999999998012,81.41203682035078,67.70119355212078,44.88472614320721,2759.6715573641914,0.46327513546056615,58.01680231080341,34.53306708658801,52.91971053408531,2.8274238305042605,1053.5,4.0,0.9217679654326281,-5953.078763748461,0.0,0.7555000000000003,38.228749443702675,3571813.9127107924,2336729.2734512873
002594.SZ,20200207,60.75,60.74,60.74,56.66,57.9,-2.85,-4.6914,321281.59,1868897.083,61.91,61.9,61.9,57.75,59.01,1.019157,58.1701,-1,66.83,54.68,57.56,1,1,-0.04691358024691361,0,1.1681695728201213,0.9333333333333333,1.0,49.99999999997985,76.07492798375579,59.827162499570974,13.73517711704679,2630.2054843026613,0.43266797863368023,60.60666711153835,21.68265362521418,53.208289028387306,3.0231319531279293,1066.74,2.0,0.4918425836194782,-8412.508715892589,0.0,0.5894999999999999,32.190145430866025,2671827.7788208416,2384600.488504081
002594.SZ,20200210,57.9,59.2,63.36,58.85,60.93,3.03,5.2332,352796.46,2143782.477,59.01,60.33,64.57,59.98,62.1,1.019157,60.7654,-1,63.69,52.11,60.57,1,1,0.05233160621761668,1,1.2460726441610186,0.9333333333333333,1.0,49.99999999997972,77.18767073399863,64.54804737807287,30.46970373219579,2767.848361978604,0.435404211073564,62.12109784722567,29.245987859735784,53.68352720100323,3.022529588326731,1075.65,4.0,0.5285790185040735,-6374.709901880124,0.0,0.6839999999999999,35.146356653518744,3082880.147657736,2484354.725526032
002594.SZ,20200211,60.93,60.0,60.12,58.28,59.04,-1.89,-3.1019,196175.74,1162310.506,62.1,61.15,61.27,59.4,60.17,1.019157,59.2484,-1,67.02,54.84,58.69,1,1,-0.03101920236336786,0,0.6666527814468888,0.9333333333333333,1.0,49.99999999997961,76.39374454410148,59.825451880789714,13.729113339543186,2767.848361978604,0.4174975074775675,57.73649844989699,21.539302322197607,53.99353766143081,3.1010934474698337,1089.3899999999999,2.0,0.22671370426282778,-25623.17842035173,0.0,0.5914999999999999,27.847604084838927,2135028.5140249077,2434450.981025872
002594.SZ,20200212,59.04,59.04,60.6,58.35,59.19,0.15,0.2541,197455.56,1171671.704,60.17,60.17,61.76,59.47,60.32,1.019157,59.3385,-1,64.94,53.14,58.84,1,1,0.0025406504065039748,1,0.6680162685004297,0.9333333333333333,1.0,49.999999999979444,78.22301917025341,60.07511560533702,14.614117814509312,2774.8804970446063,0.41833166833166857,58.49471426720235,21.92821359764274,54.29524974236851,3.164363243536024,1099.24,4.0,-0.011697005958644091,-36992.34282962204,0.0,0.6120000000000001,30.270163675803552,2246737.136967781,2407634.7175890016
002594.SZ,20200213,59.19,58.5,60.13,57.5,57.55,-1.64,-2.7707,236947.03,1387055.829,60.32,59.62,61.28,58.6,58.65,1.019157,58.5386,-1,65.11,53.27,57.21,1,1,-0.027707383003885755,0,0.7877550354401786,0.9333333333333333,1.0,49.99999999997931,76.29741177777363,55.979047038960715,0.09443131386083385,2697.9958203229785,0.40943534588120284,58.12079219725869,15.348036836079562,54.47402548170638,3.3670974105792335,1111.02,4.0,-0.4262782929402471,-37865.452186417766,0.0,0.5779999999999997,29.681978798586535,1494805.6945082108,2277230.571434603
002594.SZ,20200214,57.55,57.56,57.9,56.44,56.9,-0.65,-1.1295,211173.83,1205977.325,58.65,58.66,59.01,57.52,57.99,1.019157,57.1083,-1,63.31,51.8,56.57,1,1,-0.011294526498696777,0,0.6876692510593152,0.9333333333333333,1.0,49.999999999979195,73.42480100061543,54.39600021242782,0.0,2697.9958203229785,0.4066521000242779,57.367629559563795,12.808119329387848,54.604344349777676,3.66599994510513,1121.64,2.0,-0.8022162995013851,-40357.842257006705,0.0,0.5499999999999996,23.913864752550012,579700.8108264441,2034726.319919152
002594.SZ,20200217,56.9,56.91,58.56,56.91,58.48,1.58,2.7768,209889.0,1215249.654,57.99,58.0,59.68,58.0,59.6,1.019157,57.8996,-1,62.59,51.21,58.14,1,1,0.02776801405975382,1,0.6701775368909801,0.9333333333333333,1.0,49.999999999978556,75.35980886984353,57.539286661206944,13.342368678494356,2697.9958203229785,0.30566127497621326,56.069843779027856,17.45863564420165,54.82112017115951,3.7217246099052104,1130.8799999999999,4.0,-0.847770961182678,-40516.94608808022,0.0,0.6654999999999994,26.670452394472804,865420.7313203178,1867682.664405033
002594.SZ,20200218,58.48,57.8,60.0,57.77,59.47,0.99,1.6929,228365.32,1350970.758,59.6,58.91,61.15,58.88,60.61,1.019157,59.1583,-1,64.33,52.63,59.12,1,1,0.01692886456908349,1,0.7176472290752733,0.9333333333333333,1.0,49.99999999997773,74.43590856302389,59.42635588510075,21.352447847960654,2743.6698261731794,0.3020344287949922,55.61379074035576,20.263655570094325,55.08735411521781,3.7600958712956123,1141.73,4.0,-0.7572322940393201,-36590.683651188985,0.0,0.7489999999999994,23.012718600953853,1271138.6468128096,1782462.090463287
002594.SZ,20200219,59.47,64.47,64.48,61.66,61.91,2.44,4.1029,437476.53,2773613.068,60.61,65.71,65.72,62.84,63.1,1.019157,63.4003,-1,65.42,53.52,61.55,1,1,0.04102909029762891,1,1.440532794045314,0.9333333333333333,1.0,49.999999999977106,73.99854147449774,63.70747265490861,39.52458685891439,2856.2401032181187,0.326059050064185,49.10270532248641,26.724019344931765,55.499065119544845,3.7600958712956123,1149.59,4.0,-0.3993420408526118,-5894.46973556724,0.0,0.6989999999999995,23.165410551368467,2294375.9191976245,1855592.6374253351
002594.SZ,20200220,61.91,63.17,68.1,63.11,68.1,6.19,9.9984,649390.94,4366081.68,63.1,64.38,69.4,64.32,69.4,1.019157,67.2335,-1,68.1,55.72,67.7,1,1,0.0999838475205943,1,2.202700526813674,0.9666666666666667,1.0,49.99999999997811,80.2143205437339,71.82846462713657,100.0,3141.8179781804856,0.36258609197956004,49.34211137687725,39.75800441856654,56.33767536368805,3.7597023958643585,1156.75,6.0,0.5869004684696542,40342.706929518085,0.0,0.9804999999999989,31.325757575757535,3720053.905109044,2121944.2470944365
002594.SZ,20200221,68.1,67.0,68.27,65.68,67.5,-0.6,-0.8811,455189.16,3046190.98,69.4,68.28,69.58,66.94,68.79,1.019157,66.9214,-1,74.91,61.29,67.1,1,1,-0.008810572687224627,0,1.457304372746702,0.9666666666666667,1.0,49.99999999997951,80.86570797050624,70.1889846642358,90.59524847492335,3141.8179781804856,0.3361588222172652,44.34213097983078,37.266750871654516,57.06730204702194,3.764860581881703,1173.24,4.0,1.047299997175176,41970.10660514696,0.0,0.9754999999999988,35.73901950063783,4911466.003176305,2520447.355106132
002594.SZ,20200224,67.5,65.42,67.14,64.96,66.2,-1.3,-1.9259,357968.79,2351741.646,68.79,66.67,68.43,66.2,67.47,1.019157,65.6968,-1,74.25,60.75,65.81,1,1,-0.019259259259259198,0,1.1245468513555583,0.9666666666666667,1.0,49.999999999980865,74.25191808003134,66.6398666962978,70.23600446038567,3141.8179781804856,0.3411402886207712,26.419558157492524,31.904236367168615,57.64094088009793,3.816200243427186,1187.54,2.0,1.062244690947332,27834.246995886744,0.0,0.8099999999999987,26.489028213166115,3521839.002789365,2663503.3047751654
002594.SZ,20200225,66.2,64.4,72.19,64.17,70.85,4.65,7.0242,407434.09,2786635.361,67.47,65.63,73.57,65.4,72.21,1.019157,68.3948,-1,72.82,59.58,70.43,1,1,0.07024169184290008,1,1.3156143751948484,0.9666666666666667,1.0,49.99999999998245,74.95546546525304,72.07844473036889,100.0,3362.5045884303227,0.397744523964433,33.8417435086729,40.636180652107775,58.525546415636455,3.816200243427186,1195.21,2.0,1.5542126274445485,23218.140641720645,0.0,1.059499999999998,28.92593294184502,3457430.460428031,2776921.4698684323
002594.SZ,20200226,70.85,69.78,75.8,69.0,71.7,0.85,1.1997,522768.32,3774510.844,72.21,71.12,77.25,70.32,73.07,1.019157,72.2024,-1,77.94,63.77,71.28,1,1,0.011997177134791981,1,1.6594553017673788,0.9666666666666667,1.0,49.99999999998394,79.34853067217223,72.94666332017906,100.0,3402.845151594272,0.488646482635797,42.74186339339073,42.06563239894463,59.416802168004615,3.7364063044668177,1205.45,4.0,1.8308231088591738,33165.098744887975,0.0,1.2054999999999982,40.162308385933244,4362880.7478588205,3003487.081009916
002594.SZ,20200227,71.7,71.68,73.15,68.08,70.05,-1.65,-2.3013,272699.96,1912686.987,73.07,73.05,74.55,69.38,71.39,1.019157,70.1389,-1,78.87,64.53,69.64,1,1,-0.023012552301255318,0,0.8239400540286307,0.9666666666666667,1.0,49.99999999998502,74.70054083006417,68.49427100315685,75.99874305753627,3402.845151594272,0.49863698318945937,38.884341738240586,35.40341652627413,60.10240755612459,3.7716734818603244,1222.5,2.0,1.634690195791503,5004.598274035758,0.0,0.9854999999999976,30.45364178564973,3163411.6201224234,3026333.4437402748
002594.SZ,20200228,70.05,66.66,68.99,64.95,65.37,-4.68,-6.6809,338253.52,2251947.903,71.39,67.94,70.31,66.19,66.62,1.019157,66.5757,-1,77.06,63.05,64.99,1,1,-0.0668094218415417,0,1.0306114716170636,0.9666666666666667,1.0,49.99999999998557,69.63441321186701,57.731012733333564,17.977861500337617,3175.503034399965,0.45596177814707106,34.02904966472207,18.773585296123066,60.40033652776166,4.257064597366831,1235.0400000000002,0.0,0.7620716606659892,-5291.598322855934,0.0,0.8289999999999982,19.42148760330575,1654393.7461497802,2830342.058370204
002594.SZ,20200302,65.37,65.6,67.23,64.0,66.85,1.48,2.264,225643.21,1492112.197,66.62,66.86,68.52,65.23,68.13,1.019157,66.1271,-1,71.91,58.83,66.46,1,1,0.022640354902860427,1,0.6826501150874118,0.9666666666666667,1.0,49.99999999998572,68.09286138935715,59.87820255826842,29.55259504200638,3175.503034399965,0.4995417048579287,37.9119679975072,21.963988269828764,60.77492066112948,3.926244609785319,1239.21,2.0,0.2956858516517684,-26578.994998629612,0.0,0.8914999999999982,32.265446224256294,556744.0961345928,2505542.349479403
002594.SZ,20200303,66.85,69.8,70.2,67.46,67.87,1.02,1.5258,274252.92,1880749.812,68.13,71.14,71.54,68.75,69.17,1.019157,68.5772,-1,73.54,60.17,67.47,1,1,0.015258040388930638,1,0.8142845322231085,0.9666666666666667,1.0,49.99999999998546,67.95886162086207,61.33593962802214,37.41073499790163,3223.954987954012,0.4593119810201661,33.142127333714434,24.125990526171172,61.19429387579571,3.893612874311677,1252.21,2.0,0.04898138152363973,-33001.59345936305,0.0,0.6769999999999985,32.82904689863841,997410.6295130923,2290094.960912787
002594.SZ,20200304,67.87,66.95,67.8,64.72,66.58,-1.29,-1.9007,180932.53,1198529.239,69.17,68.23,69.1,65.96,67.86,1.019157,66.2418,-1,74.66,61.08,66.19,1,1,-0.019006925003683617,0,0.5447704191444227,0.9666666666666667,1.0,49.99999999998491,63.89131715803613,58.44384931299079,21.820508933028986,3223.954987954012,0.49653757373685564,25.20995273066657,19.710693179141497,61.50130654883744,4.208303536848299,1263.7199999999998,0.0,-0.3420476706555453,-47810.618661538756,0.0,0.5029999999999983,19.796557120500786,395038.95904949587,2019372.6749323169
002594.SZ,20200305,66.58,67.02,67.62,65.5,66.81,0.23,0.3454,170003.67,1128290.419,67.86,68.3,68.92,66.75,68.09,1.019157,66.3686,-1,73.24,59.92,66.42,1,1,0.0034544908380895745,1,0.533158654675374,0.9666666666666667,1.0,49.99999999998438,63.2898879642945,58.81670496308262,8.29095264009012,3223.954987954012,0.49438202247191015,22.79374906791149,20.24314433432559,61.80527511687308,4.476048364483318,1268.37,2.0,-0.6082528919361829,-56474.740104364,0.0,0.3774999999999988,18.795801148742328,643176.7360348757,1822773.2550898255
002594.SZ,20200306,66.81,65.5,67.55,65.33,65.36,-1.45,-2.1703,147209.6,972613.004,68.09,66.75,68.84,66.58,66.61,1.019157,66.0699,-1,73.49,60.13,64.98,1,1,-0.02170333782367917,0,0.47136498976928504,0.9666666666666667,1.0,49.99999999998394,64.73743288300193,55.43955752572117,0.0,3223.954987954012,0.5127118644067796,15.953537620545747,15.174464856462896,62.00023394359979,4.774872623837669,1275.17,2.0,-0.9953070557159727,-62218.86996403085,0.0,0.512499999999999,22.608340147179078,127738.43893753178,1580625.4242109265
002594.SZ,20200309,65.36,63.29,63.29,59.18,59.45,-5.91,-9.0422,292478.82,1789143.869,66.61,64.5,64.5,60.31,60.59,1.019157,61.1717,-1,71.9,58.82,59.1,1,1,-0.09042227662178692,0,0.9633648186938483,0.9666666666666667,1.0,49.99999999998413,59.86740011790623,44.27971001256428,0.0,2932.4376382170444,0.47637795275590555,12.971833855252308,-2.4651878331963686,61.88178794899483,6.1150961464766835,1282.6299999999999,0.0,-2.004802031722832,-44239.06641719075,0.0,0.23399999999999926,4.3660629170638785,-676769.1395097543,1258140.4865365436
002594.SZ,20200310,59.45,57.6,61.5,57.33,60.17,0.72,1.2111,266805.23,1578089.168,60.59,58.7,62.68,58.43,61.32,1.019157,59.1476,-1,65.4,53.51,59.82,1,1,0.012111017661900814,1,0.8876186469279496,0.9666666666666667,1.0,49.999999999984446,59.21490941746951,45.71341799232423,5.001256898057307,2932.4376382170444,0.49049911325057016,17.913530852262774,-0.4914728024031226,61.80067485486194,7.059961811275554,1279.03,2.0,-2.500719883815293,-34049.603812506175,0.0,0.4104999999999993,7.207207207207219,-1528656.4873573058,860026.6331231366
002594.SZ,20200311,60.17,60.77,61.15,58.6,58.75,-1.42,-2.36,222212.47,1327803.13,61.32,61.93,62.32,59.72,59.88,1.019157,59.7538,-1,66.19,54.15,58.4,1,1,-0.02359980056506572,0,0.7306810930401381,0.9666666666666667,1.0,49.999999999984745,56.04244556321468,43.344645654856556,0.0,2932.4376382170444,0.4752086401570938,17.469423743536524,-4.317710186891785,61.66167697124839,8.108387502518823,1281.83,0.0,-2.916180665689171,-31614.272980329937,0.0,0.30199999999999927,8.621022179363564,-2326691.7406245577,404781.1511591804
002594.SZ,20200312,58.75,57.31,57.66,55.9,57.03,-1.72,-2.9277,232382.54,1319050.413,59.88,58.41,58.76,56.97,58.12,1.019157,56.762,-1,64.63,52.88,56.69,1,1,-0.029276595744680778,0,0.7610248155074529,0.9666666666666667,1.0,49.99999999998509,56.130283986735705,40.60033050657496,0.0,2846.5858469364775,0.48750612444879965,13.97580697909877,-8.789417194770836,61.460506516051666,9.227046507762138,1280.45,0.0,-3.2910774066310884,-27105.018714762253,0.0,0.33549999999999935,3.3584143879610977,-3147639.5429018466,-102707.51942096627
002594.SZ,20200313,57.03,53.8,56.5,52.35,55.66,-1.37,-2.4022,213198.07,1162290.579,58.12,54.83,57.58,53.35,56.73,1.019157,54.5169,-1,62.73,51.33,55.33,1,1,-0.024022444327546966,0,0.6987202169552468,0.9666666666666667,1.0,49.99999999998563,56.18162910165279,38.50893195361292,0.0,2846.5858469364775,0.564516129032258,20.066444266392352,-12.2286614212692,61.21806926779047,10.391058665320084,1279.58,0.0,-3.568723290126672,-25217.15048956062,0.0,0.46149999999999947,0.9138147285432936,-3729042.379780746,-620755.3566152204
002594.SZ,20200316,55.66,56.59,57.33,53.88,53.88,-1.78,-3.198,238773.48,1326361.268,56.73,57.67,58.43,54.91,54.91,1.019157,55.5489,-1,61.23,50.09,53.56,1,1,-0.03197987782968015,0,0.7822797636366169,0.9666666666666667,1.0,49.99999999998623,56.288515875342775,35.919960826358455,0.0,2755.5523793197526,0.5618112122664111,23.250058342618555,-16.53301880015388,60.92640903463912,11.749495245879796,1280.01,-2.0,-3.8150562063099547,-19300.864486104343,0.0,0.24749999999999944,2.4347212420607107,-2957424.6935199145,-954565.2618873196
002594.SZ,20200317,53.88,53.88,54.96,51.88,53.04,-0.84,-1.559,180918.52,961588.993,54.91,54.91,56.01,52.87,54.06,1.019157,53.1504,-1,59.27,48.49,52.73,1,1,-0.015590200445434355,0,0.5899415156342049,0.9666666666666667,1.0,49.99999999998674,53.41171691764458,34.73322300025348,0.0,2755.5523793197526,0.575138254388074,23.637491753977617,-18.517984658658573,60.620408795616,13.10071964138506,1277.1999999999998,-4.0,-3.900177089924779,-21774.457786519124,0.0,0.12199999999999918,-4.218017705259477,-3218279.973596011,-1277953.0778457043
002594.SZ,20200318,53.04,53.59,54.67,52.02,52.09,-0.95,-1.7911,172684.32,925695.049,54.06,54.62,55.72,53.02,53.09,1.019157,53.6062,-1,58.34,47.74,51.78,1,1,-0.017911010558069318,0,0.5674812241015018,0.9666666666666667,1.0,49.99999999998713,48.707780180372765,33.38965436493159,0.0,2755.5523793197526,0.596508728179551,21.289554237514302,-20.76133046245457,60.2985334415322,14.457875737730614,1272.4,-6.0,-3.8849418108743388,-22994.004693471536,0.0,0.1749999999999993,-13.478098090602764,-3565665.4351458694,-1604769.1288885851
002594.SZ,20200319,52.09,52.11,52.52,49.88,51.36,-0.73,-1.4014,194450.0,993678.521,53.09,53.11,53.53,50.84,52.34,1.019157,51.102,-1,57.3,46.88,51.06,1,1,-0.014014206181608868,0,0.6680752925699087,1.0,1.0,49.99999999998728,40.822368955993,32.35397261361078,0.0,2716.9355001317426,0.7482678983833717,12.552151534391355,-22.487493807560195,59.968605761180726,15.788220665533133,1263.01,-8.0,-3.770669551480501,-19482.156451123672,0.0,-0.10900000000000035,-24.96631376323385,-3995015.1110569104,-1946232.8406269173
002594.SZ,20200320,51.36,52.3,52.79,51.4,52.52,1.16,2.2586,148296.2,772921.084,52.34,53.3,53.8,52.38,53.53,1.019157,52.1201,-1,56.5,46.22,52.21,1,1,0.02258566978193155,1,0.5526986078022522,1.0,1.0,49.999999999987075,36.5941190872165,35.7636632672378,11.764869692700797,2716.9355001317426,0.736363636363636,8.194873419789117,-18.181190650631358,59.678398116088985,16.88218458611995,1246.1000000000001,-6.0,-3.350488284269334,-21813.379586702416,0.0,-0.12300000000000004,-27.544204322200393,-3313649.3053849125,-2141578.04987806
002594.SZ,20200323,52.52,50.25,50.8,47.89,48.15,-4.37,-8.3206,242739.76,1190535.685,53.53,51.21,51.77,48.81,49.07,1.019157,49.0458,-1,57.77,47.27,47.87,1,1,-0.08320639756283332,0,0.9595658725842079,1.0,1.0,49.99999999998701,37.99561770173638,29.69185389714425,0.0,2490.8690847552057,0.7292918735301799,9.757758191807206,-28.19233045428377,59.28419459117871,18.39998008083633,1231.1200000000001,-6.0,-3.458782695033826,-9689.812881198086,0.0,-0.2670000000000002,-30.780780780780773,-3440031.2139775297,-2327071.359035127
002594.SZ,20200324,48.15,49.26,49.88,47.39,49.73,1.58,3.2814,205027.11,1002130.021,49.07,50.2,50.84,48.3,50.68,1.019157,48.8779,-1,52.97,43.34,49.44,1,1,0.0328141225337486,1,0.829374673323944,1.0,1.0,49.9999999999868,34.120049682047465,34.05140725019906,14.968500072961158,2490.8690847552057,0.8071022727272721,-8.897894845808521,-22.488360397166446,58.93154635887072,19.6342693589996,1214.34,-6.0,-3.125324985685933,-5987.51745785345,0.0,-0.5659999999999996,-45.51373346897252,-2738112.8091791635,-2385791.566198561
002594.SZ,20200325,49.73,51.55,52.8,51.04,52.25,2.52,5.0674,289787.42,1504804.536,50.68,52.54,53.81,52.02,53.25,1.019157,51.9279,-1,54.7,44.76,51.94,1,1,0.050673637643273706,1,1.22228555704956,1.0,1.0,49.9999999999864,28.52854215915677,40.39911860212832,41.58531906162018,2617.0904821729237,0.6986710062381337,-25.308404018414684,-13.97420423681179,58.65783905294192,20.439887679639313,1195.07,-6.0,-2.4053655539412353,7887.93096862964,0.0,-0.6269999999999996,-49.093183239524706,-1631203.8132444518,-2277993.3157765456
002594.SZ,20200326,52.25,52.5,55.18,51.61,54.27,2.02,3.866,296620.84,1588496.992,53.25,53.51,56.24,52.6,55.31,1.019157,53.5531,-1,57.48,47.03,53.95,1,1,0.03866028708133973,1,1.3157566188504135,1.0,1.0,49.999999999985846,34.925510646791636,44.97142587846491,95.3687910278214,2718.267951531571,0.6125134264232006,-27.264514722326812,-7.659865909103687,58.46489922126671,20.91891273498147,1173.5300000000002,-4.0,-1.5392311426342964,17448.138349153458,0.0,-0.45699999999999896,-38.82599580712787,-709876.542978317,-2053976.6339482272
002594.SZ,20200327,54.27,55.4,56.05,54.44,54.78,0.51,0.9397,229972.49,1269534.018,55.31,56.46,57.12,55.48,55.83,1.019157,55.2037,-1,59.7,48.84,54.46,1,1,0.009397457158651257,1,1.014732942528669,1.0,1.0,49.99999999998526,41.26714998408534,46.09579487790342,100.0,2718.267951531571,0.6897490172361653,-34.083263194064685,-6.09771668174703,58.30012757808833,21.267416471766886,1157.75,-2.0,-0.8161024086785145,14383.836747933601,0.0,-0.4234999999999992,-24.865214578391175,137955.5612302753,-1740843.4632084412
002594.SZ,20200330,54.78,55.0,57.78,54.87,56.23,1.45,2.647,328937.4,1855914.322,55.83,56.05,58.89,55.92,57.31,1.019157,56.4215,-1,60.26,49.3,55.9,1,1,0.026469514421321616,1,1.4869279583269934,1.0,1.0,49.99999999998482,47.88123297586617,49.26953908309354,100.0,2790.219184275652,0.6903753026634377,-31.792588532561517,-1.6821385264805957,58.20320828453833,21.557413783326698,1148.53,-2.0,-0.09867719550645404,24672.69227514827,0.0,-0.4244999999999994,-17.350021579628795,1192230.6877349373,-1321832.87021653
002594.SZ,20200331,56.23,56.76,59.99,55.45,59.97,3.74,6.6513,350174.44,2037070.401,57.31,57.85,61.14,56.51,61.12,1.019157,58.173,-1,61.85,50.61,59.62,1,1,0.0665125377912148,1,1.5468150479488365,1.0,1.0,49.99999999998486,48.22034015834558,56.400090922865154,100.0,2975.803743215559,0.5707494407158833,-21.355448864852807,8.641023817953272,58.29461117065301,21.64569750571234,1137.13,-2.0,0.8700743517442793,32814.632978245274,0.0,-0.1674999999999997,-20.603237968507386,2164063.030980328,-823847.7414741218
002594.SZ,20200401,59.97,59.9,60.66,57.02,57.12,-2.85,-4.7524,365565.47,2139092.105,61.12,61.05,61.82,58.11,58.21,1.019157,58.5146,-1,65.97,53.97,56.78,1,1,-0.04752376188094054,0,1.5881704757326793,1.0,1.0,49.99999999998497,46.55065925698812,50.56723219749109,78.16082461842451,2834.382354718571,0.5420685959271168,-17.144134684872412,0.4599433010693156,58.23842004131748,21.828986649524023,1129.92,-2.0,1.1024689347400116,38363.166488677176,0.0,-0.28799999999999953,-11.33879781420761,1017215.0349973654,-560838.7734067666
002594.SZ,20200402,57.12,56.7,56.7,54.8,56.59,-0.53,-0.9279,233841.69,1300691.383,58.21,57.79,57.79,55.85,57.67,1.019157,55.6227,-1,62.83,51.41,56.26,1,1,-0.009278711484593694,0,0.9767338103306628,1.0,1.0,49.999999999985086,42.05118000967725,49.541147042800866,74.31899427334383,2834.382354718571,0.5358851674641146,-16.798938932247815,-0.9994151643744574,58.16070835172453,21.981380926127468,1121.5400000000002,-4.0,1.1547479404964136,23130.85492740192,0.0,-0.2829999999999998,-20.636942675159197,28710.40152232442,-476617.46270261076
002594.SZ,20200403,56.59,56.59,56.59,54.91,55.0,-1.59,-2.8097,169189.66,940495.658,57.67,57.67,57.67,55.96,56.05,1.019157,55.5882,-1,62.25,50.93,54.68,1,1,-0.028096836896978283,0,0.6973908262485599,1.0,1.0,49.99999999998516,42.10379627369259,46.493185636374015,62.90692913594235,2834.382354718571,0.4210805084745762,-17.675907449283674,-5.3417678287057075,58.01823832078011,21.976421596229354,1110.58,-4.0,0.95346808855773,4180.020098348791,0.0,-0.3555,-20.535714285714235,-678317.5561096105,-505431.76176075364
002594.SZ,20200407,55.0,56.44,56.92,55.6,56.31,1.31,2.3818,189115.89,1061432.559,56.05,57.52,58.01,56.67,57.39,1.019157,56.126,-1,60.5,49.5,55.98,1,1,0.02381818181818196,1,0.7760103401193429,1.0,1.0,49.999999999984915,47.29183274434076,49.26285717158837,73.27703155995137,2901.8921889855046,0.42551266586248476,-26.8347869408617,-1.4814371638324924,57.93809870918729,21.68930210657916,1100.22,-2.0,0.9717831828068393,-5322.432184081056,0.0,-0.16999999999999993,-6.782106782106709,-244360.33759706933,-468135.8440230845
002594.SZ,20200408,56.31,55.8,55.8,55.04,55.32,-0.99,-1.7581,129543.27,717031.923,57.39,56.87,56.87,56.09,56.38,1.019157,55.3508,-1,61.94,50.68,54.99,1,1,-0.01758124667021843,0,0.5430794645557784,1.0,1.0,49.99999999998434,48.92018639154611,47.27142090668182,65.82076904816995,2901.8921889855046,0.4116063416093327,-39.15809195981089,-4.272071035458279,57.81875339144669,21.459315014595887,1099.2,-4.0,0.8309998835541883,-18539.417947989234,0.0,-0.3224999999999998,-5.11627906976738,-655522.1843266208,-494905.321209304
002594.SZ,20200409,55.32,55.81,56.54,55.55,55.65,0.33,0.5965,133338.32,746729.511,56.38,56.88,57.62,56.61,56.72,1.019157,56.0026,-1,60.85,49.79,55.32,1,1,0.005965292841648484,1,0.5755489564812861,1.0,1.0,49.99999999998356,53.06057653350652,48.025643203248045,68.64470046618112,2919.2028256876956,0.4103277674706244,-43.93757910414146,-3.2459163872913512,57.7188316071746,21.137316440259543,1093.3700000000001,-2.0,0.7644615023329182,-25261.536696259107,0.0,-0.22949999999999982,-6.498015873015817,-427504.2521862993,-485276.5970631605
002594.SZ,20200410,55.65,56.28,56.28,54.15,54.57,-1.08,-1.9407,131854.72,727755.054,56.72,57.36,57.36,55.19,55.62,1.019157,55.1937,-1,61.22,50.09,54.25,1,1,-0.019407008086253286,0,0.5802753632158845,1.0,1.0,49.99999999998276,54.366545646264704,45.72069777496191,60.014608460982885,2919.2028256876956,0.4186119873817032,-38.5685807174897,-6.418556193236584,57.57851150807756,20.73424958111275,1090.9,-2.0,0.5662382748994199,-28176.580123259453,0.0,-0.3009999999999998,-1.3863458017263213,-646802.0896514277,-508351.667432913
002594.SZ,20200413,54.57,54.73,55.94,54.73,55.8,1.23,2.254,102559.56,569833.086,55.62,55.78,57.01,55.78,56.87,1.019157,55.5612,-1,60.03,49.11,55.47,1,1,0.022539857064320934,1,0.4615611571595773,1.0,1.0,49.999999999981945,58.15646458758713,48.73819835740553,65.71658233799863,2919.2028256876956,0.4204689480354878,-49.222095964291974,-2.3934138923000963,57.49584749062199,20.18176373412411,1088.44,0.0,0.5894157614208222,-32038.12854788173,0.0,-0.34049999999999975,10.209869540555943,-385250.1005611238,-490765.7293083717
002594.SZ,20200414,55.8,55.8,58.0,55.38,57.92,2.12,3.7993,233863.05,1338857.701,56.87,56.87,59.11,56.44,59.03,1.019157,57.2496,-1,61.38,50.22,57.58,1,1,0.0379928315412188,1,1.0793536689663161,1.0,1.0,49.999999999981185,58.19431369463173,53.533025304265614,82.08192876576695,3030.1116068786982,0.41598746081504673,-47.27661520865146,4.181929543443496,57.51688988435899,19.41656222392709,1086.4900000000002,2.0,0.8623999679107428,-15719.416532690491,0.0,-0.09899999999999949,11.539536183291489,134703.77251663478,-401412.9433333708
002594.SZ,20200415,57.92,59.36,62.39,58.38,60.14,2.22,3.8329,306227.36,1847393.286,59.03,60.5,63.59,59.5,61.29,1.019157,60.3275,-1,63.71,52.13,59.79,1,1,0.038328729281768004,1,1.414941738452661,1.0,1.0,49.99999999998049,63.62951244657382,57.96679725034915,100.0,3146.251934352295,0.45072115384615374,-36.14485628451538,10.516033040466075,57.65493546731564,18.52397325405789,1089.45,4.0,1.2884458525183926,4905.54410046542,0.0,-0.01799999999999926,28.801904258132822,830033.3288704995,-225492.04730424652
002594.SZ,20200416,60.14,60.1,61.3,59.05,60.01,-0.13,-0.2162,165258.91,992639.139,61.29,61.25,62.47,60.18,61.16,1.019157,60.0657,-1,66.15,54.13,59.66,1,1,-0.002161622879946812,0,0.7421048061017583,1.0,1.0,49.99999999998006,63.423740373421445,57.62007807836667,97.1687379097374,3146.251934352295,0.4621072088724582,-34.50606636574557,10.067531711405676,57.77837172452214,17.48538262945087,1096.08,4.0,1.4852141537274972,-91.59402130227681,0.0,0.05250000000000057,26.133126133126176,222286.97176726535,-161523.61600831625
002594.SZ,20200417,60.01,60.6,60.98,58.68,58.8,-1.21,-2.0163,156490.05,931863.464,61.16,61.76,62.15,59.8,59.93,1.019157,59.5478,-1,66.01,54.01,58.45,1,1,-0.020163306115647428,0,0.703901279723514,1.0,1.0,49.999999999979735,63.59357107916603,54.360873093401175,70.55450868911096,3146.251934352295,0.45537340619307815,-32.699866688851266,5.858496294873112,57.82987078786233,16.301812595450375,1104.54,4.0,1.3867295306832943,-4012.6622781858096,0.0,3.552713678800501e-16,32.229161010046205,-367498.67073236406,-190948.62382603736
002594.SZ,20200420,58.8,59.4,59.4,58.16,58.86,0.06,0.102,107473.6,630616.732,59.93,60.54,60.54,59.27,59.99,1.019157,58.6764,-1,64.68,52.92,58.51,1,1,0.0010204081632654294,1,0.4875851192763178,1.0,1.0,49.99999999997941,60.79033850638365,54.49831396049882,71.67683231039037,3146.251934352295,0.4711055276381908,-31.633761993402576,6.046030615892187,57.88189036594265,15.172229022797811,1111.34,4.0,1.2672850503848032,-12181.590580585718,0.0,-0.0379999999999999,23.773380319869958,-814825.335118405,-280073.8682963756
002594.SZ,20200421,58.86,58.5,59.68,57.8,59.37,0.51,0.8665,147148.34,864113.083,59.99,59.62,60.82,58.91,60.51,1.019157,58.7239,-1,64.75,52.97,59.02,1,1,0.008664627930683011,1,0.6738207701841802,1.0,1.0,49.99999999997914,65.20266858352096,55.71898799235425,81.64469215269196,3173.513036739649,0.536097212294496,-33.481208002740416,7.6913021157075905,57.95820296793435,13.279238612359187,1116.62,6.0,1.1955123131097736,-11236.873141632379,0.0,0.11050000000000004,35.32898636633083,-566906.2455700948,-321049.9221926212
002594.SZ,20200422,59.37,58.4,60.0,57.88,59.43,0.06,0.1011,121458.02,715492.487,60.51,59.52,61.15,58.99,60.57,1.019157,58.9086,-1,65.31,53.43,59.08,1,1,0.001010611419909102,1,0.5686250747628812,1.0,1.0,49.99999999997881,64.78322240425446,55.86898475726601,82.86954554550682,3173.513036739649,0.428949357520786,-32.03138857517749,7.891049795448578,58.0338190283512,11.378163302344296,1127.1100000000001,6.0,1.0972210344687596,-12946.702504005807,0.0,0.13850000000000015,39.71031985515998,-281046.09194236435,-315335.0892997274
002594.SZ,20200423,59.43,59.99,60.55,58.04,58.25,-1.18,-1.9855,116027.98,686078.406,60.57,61.14,61.71,59.15,59.37,1.019157,59.1304,-1,65.37,53.49,57.91,1,1,-0.019855291940097608,0,0.5540416966252553,1.0,1.0,49.99999999997833,60.542080980133974,52.12908552043222,52.330031765217754,3173.513036739649,0.429140127388535,-25.478726928927628,3.2651109606700666,58.04444948169639,9.882911659451974,1137.93,4.0,0.8266924441436798,-13615.282664159917,0.0,0.016499999999999914,33.48868175765651,-558197.9931051536,-350029.78984335973
002594.SZ,20200424,58.25,58.67,60.49,58.5,58.73,0.48,0.824,135948.93,806969.227,59.37,59.79,61.65,59.62,59.86,1.019157,59.3583,-1,64.08,52.43,58.38,1,1,0.008240343347639456,1,0.6772623041806671,1.0,1.0,49.999999999977334,59.14184802885534,53.49289084036116,63.46668244056119,3199.663873780594,0.34944868532654805,-30.054938078801968,5.009054035140427,58.07872996332514,8.824403285324276,1144.57,4.0,0.6723808439501726,-10329.466022130582,0.0,-0.06900000000000048,28.94736842105268,-256369.7636254537,-336649.7860979446
002594.SZ,20200427,58.73,59.02,59.09,56.88,56.98,-1.75,-2.9797,138265.32,799777.332,59.86,60.15,60.22,57.97,58.07,1.019157,57.8437,-1,64.6,52.86,56.64,1,1,-0.02979737783075087,0,0.7175179514970872,1.0,1.0,49.999999999976055,54.586116597824265,48.11131596523246,19.521466366293332,3104.3222804021493,0.3319903303787269,-24.657788460983262,-1.7860418127878392,58.0273439544313,7.787898379077265,1149.3899999999999,2.0,0.3128417981650444,-6960.778852794283,0.0,-0.14000000000000093,13.712374581939876,-587175.1937136841,-372439.1300430503
002594.SZ,20200428,56.98,57.0,57.59,54.76,56.98,0.0,0.0,128657.94,725365.013,58.07,58.09,58.69,55.81,58.07,1.019157,56.3793,-1,62.68,51.28,56.64,1,1,0.0,0,0.6839356575819445,0.9666666666666667,1.0,49.99999999997353,48.575215020292305,48.11131596523244,19.521466366293218,3104.3222804021493,0.3525887890457852,-22.086011999802796,-1.7860418127878326,57.97836119474171,6.879311742022846,1094.61,1.0,0.06616658991199986,-5222.771457891089,0.0,-0.20250000000000093,-0.5860805860805485,-935399.4117556965,-452862.02743057115
002594.SZ,20200429,56.98,58.2,59.45,57.56,58.0,1.02,1.7901,165125.56,964564.485,58.07,59.31,60.59,58.66,59.11,1.019157,58.414,-1,62.68,51.28,57.66,1,1,0.017901017901017946,1,0.9271501582205507,0.9666666666666667,1.0,49.9999999999723,45.71611913899688,51.415345544689075,46.501727192176745,3159.892809114157,0.3990314769975787,-31.53605857953898,2.297070616864971,57.979415283498646,6.535840225224666,1096.1399999999999,1.0,0.03320059766173156,1294.7496997608396,0.0,-0.3730000000000011,1.5417712441735887,-496358.59860655083,-459075.823312854
002594.SZ,20200430,58.0,58.82,60.58,58.51,59.96,1.96,3.3793,218876.25,1303496.245,59.11,59.95,61.74,59.63,61.11,1.019157,59.554,-1,63.8,52.2,59.61,1,1,0.03379310344827591,1,1.2962940764564364,0.9666666666666667,1.0,49.99999999997107,54.72670666937966,57.07191781154356,90.91998236395618,3266.675393698015,0.41700404858299595,-35.448207276541105,9.629721799476036,58.082810974675,5.674826115696937,1093.48,3.0,0.25581307065333403,12669.297566085472,0.0,-0.17700000000000102,-0.03642987249541818,131584.1868910985,-374695.8218551465
002594.SZ,20200506,59.96,59.4,62.5,59.1,62.18,2.22,3.7025,231906.23,1420097.901,61.11,60.54,63.7,60.23,63.37,1.019157,61.2359,-1,65.96,53.96,61.81,1,1,0.03702468312208129,1,1.4358343457220757,0.9666666666666667,1.0,49.99999999997074,61.966804819105654,62.4102462361799,100.0,3387.6230150123843,0.38927738927738914,-24.45672946836911,17.051928297348383,58.31118424896691,4.816796144481689,1095.46,5.0,0.6595495960484771,21265.586028178644,0.0,-0.03250000000000099,23.101141282959475,712425.299866328,-219392.80446636444
002594.SZ,20200507,62.18,62.17,62.17,59.98,60.09,-2.09,-3.3612,225118.02,1362997.62,63.37,63.36,63.36,61.13,61.24,1.019157,60.5459,-1,68.4,55.96,59.74,1,1,-0.03361209392087483,0,1.394641145863896,0.9666666666666667,1.0,49.99999999997052,60.584936759827,55.4226316769231,51.13190688499111,3387.6230150123843,0.3804100227790433,-20.181659721523356,8.241989598276055,58.402871180405285,4.4805146879873785,1101.05,5.0,0.604035123679147,25091.9139277192,0.0,-0.05700000000000074,26.203208556149733,-10015.64266506536,-189481.78135189318
002594.SZ,20200508,60.09,60.11,60.5,59.3,59.78,-0.31,-0.5159,171471.73,1025569.471,61.24,61.26,61.66,60.44,60.93,1.019157,59.8098,-1,66.1,54.08,59.43,1,1,-0.005158928274255348,0,1.044203990690961,0.9666666666666667,1.0,49.99999999997034,55.15500046100194,54.44884945102563,44.32173152609729,3387.6230150123843,0.39856801909307876,-19.65792952433438,6.984778780273884,58.47302919093685,4.331534138718003,1106.55,3.0,0.48939534841655963,19690.004584367132,0.0,-0.06700000000000088,16.568483063328394,-685015.9014173918,-260272.3699326787
002594.SZ,20200511,59.78,59.29,59.66,58.11,58.88,-0.9,-1.5055,190716.21,1121805.579,60.93,60.43,60.8,59.22,60.01,1.019157,58.8207,-1,65.76,53.8,58.53,1,1,-0.015055202408832402,0,1.1676693912541514,0.9666666666666667,1.0,49.999999999970186,54.012935056429974,51.613519084315755,24.49276311388889,3336.621664836554,0.4002876318312561,-14.826319449198667,3.317503942067259,58.49305167101765,4.142989468045601,1110.02,3.0,0.267286310902064,18045.751739060117,0.0,-0.06350000000000086,16.268821153139925,-1357762.4232285619,-417056.663260662
002594.SZ,20200512,58.88,58.89,59.14,58.2,59.13,0.25,0.4246,104019.66,610124.974,60.01,60.02,60.27,59.31,60.26,1.019157,58.6548,-1,64.77,52.99,58.78,1,1,0.004245923913043459,1,0.6251583297375994,0.9666666666666667,1.0,49.99999999996999,50.55096547800881,52.355697160367306,29.683207867364665,3336.621664836554,0.4018286814244466,-14.40947814208642,4.2769310251191595,58.52467977433569,3.9714953160302944,1112.8999999999999,3.0,0.1356323718095711,5279.971647406339,0.0,-0.04350000000000058,11.736393928174763,-1701835.2120572529,-600596.4559458892
002594.SZ,20200513,59.13,59.13,59.75,58.5,58.99,-0.14,-0.2368,111115.16,657743.992,60.26,60.26,60.89,59.62,60.12,1.019157,59.1948,-1,65.04,53.22,58.64,1,1,-0.002367664468121089,0,0.6737381042633545,0.9666666666666667,1.0,49.9999999999698,54.11740792410169,51.875829099827655,26.327236116704082,3328.7216642771573,0.3916330645161291,-17.799167770699356,3.670496775518058,58.547651192885354,3.6103606417215954,1116.37,3.0,0.01748854164785052,-1828.2180676882672,0.0,0.034999999999999434,19.755911517925256,-1406145.5088802907,-715674.8920793752
002594.SZ,20200514,58.99,58.9,58.9,57.55,57.69,-1.3,-2.2038,118363.13,688315.256,60.12,60.03,60.03,58.65,58.8,1.019157,58.1528,-1,64.89,53.09,57.35,1,1,-0.022037633497203002,0,0.722226702968399,0.9666666666666667,1.0,49.999999999969475,50.87140623977932,47.520335352517066,0.0,3255.3645162256175,0.38874937217478645,-15.900661647441385,-1.9056134120622223,58.50758892256511,3.63652078291002,1120.79,1.0,-0.23409095915083067,-4994.089252712049,0.0,-0.07900000000000063,13.726965024445278,-1582719.356417167,-839538.3869847741
002594.SZ,20200515,57.69,57.79,58.58,57.3,57.96,0.27,0.468,102771.06,595823.315,58.8,58.9,59.7,58.4,59.07,1.019157,57.9758,-1,63.46,51.92,57.62,1,1,0.004680187207488418,1,0.6240782063884649,0.9666666666666667,1.0,49.99999999996892,45.75926693760101,48.48769599538573,6.496752401184937,3255.3645162256175,0.42857142857142844,-21.757784660442546,-0.7212254755932376,58.48170132391015,3.865619776091482,1122.7099999999998,1.0,-0.35519613504387504,-8426.844808612732,0.0,-0.17650000000000077,5.110663983903407,-1791292.4656554149,-975503.2553662943
002594.SZ,20200518,57.96,57.4,58.4,56.4,57.18,-0.78,-1.3458,104743.39,601110.774,59.07,58.5,59.52,57.48,58.28,1.019157,57.3889,-1,63.76,52.16,56.84,1,1,-0.01345755693581785,0,0.6624214713030427,0.9666666666666667,1.0,49.99999999996861,38.47092847905338,45.857871433642835,0.0,3211.55526290167,0.46570397111913336,-29.81106658189807,-4.110254339398825,58.42226331968358,4.263336444687371,1123.19,-1.0,-0.5213815285331799,-9585.883166557418,0.0,-0.22650000000000076,-18.820224719101148,-1978335.9528643512,-1118765.0692945882
002594.SZ,20200519,57.18,58.0,58.6,57.75,58.22,1.04,1.8188,94041.9,547143.039,58.28,59.11,59.72,58.86,59.34,1.019157,58.1808,-1,62.9,51.46,57.88,1,1,0.01818817768450498,1,0.6352131959943781,0.9666666666666667,1.0,49.99999999996831,42.68340163622487,49.7697385009609,23.633267817971785,3211.55526290167,0.4415288077581288,-35.99459731610654,0.6497040523664548,58.4125691562232,4.4946255974596,1119.0700000000002,1.0,-0.47362598586337024,-10854.819929431666,0.0,-0.21100000000000066,-7.308048103607774,-1565309.5499738331,-1182557.137963052
002594.SZ,20200520,58.22,58.7,60.3,58.67,59.01,0.79,1.3569,164707.85,981282.457,59.34,59.82,61.46,59.79,60.14,1.019157,59.5772,-1,64.04,52.4,58.66,1,1,0.013569220199244336,1,1.139949868404701,0.9666666666666667,1.0,49.999999999967,48.278103427267595,52.57293442145667,40.56857742723773,3255.133563446025,0.4523670368205727,-36.44707991642181,4.153634249563339,58.4421999150766,4.610093542575734,1116.31,3.0,-0.32510917607510703,-1716.0189279300175,0.0,-0.10550000000000068,2.1350762527232945,-1020370.9739754907,-1159387.6859648288
002594.SZ,20200521,59.01,59.11,59.37,57.01,57.15,-1.86,-3.152,120967.88,697047.198,60.14,60.24,60.51,58.1,58.24,1.019157,57.6225,-1,64.91,53.11,56.81,1,1,-0.031520081342145345,0,0.8348495857915427,0.9666666666666667,1.0,49.99999999996565,48.087858077369454,46.055981394960845,1.1968672995952538,3255.133563446025,0.4093072448439979,-26.032834878219322,-4.218393255371322,58.383262303599786,4.929340642435363,1117.52,1.0,-0.45871528136715745,-1131.246505125222,0.0,-0.17650000000000077,1.7802865827181407,-1183690.5542962076,-1162859.524297883
002594.SZ,20200522,57.15,57.16,57.67,55.51,56.03,-1.12,-1.9598,92349.61,522767.76,58.24,58.26,58.77,56.57,57.1,1.019157,56.6075,-1,62.87,51.44,55.7,1,1,-0.019597550306211686,0,0.6343889968030232,0.9666666666666667,1.0,49.99999999996467,43.924939579712316,42.62925173417745,0.0,3255.133563446025,0.396516393442623,-21.6827439423743,-8.861814347046854,58.281132752782845,5.39515272721529,1117.39,-1.0,-0.6666510640244458,-4005.986739553482,0.0,-0.2765000000000004,-3.816167418957761,-1374748.079706062,-1193129.317927623
002594.SZ,20200525,56.03,56.03,56.55,55.31,56.52,0.49,0.8745,59697.03,334368.698,57.1,57.1,57.63,56.37,57.6,1.019157,56.0109,-1,61.63,50.43,56.19,1,1,0.008745315009816235,1,0.4179510388565623,0.9666666666666667,1.0,49.99999999996383,40.58346908263415,44.57229918918302,9.822799631276743,3255.133563446025,0.38796992481203013,-24.940573865145257,-6.4844454464721775,58.20270736896433,5.76028261899927,1114.82,-1.0,-0.7032626010072106,-9404.173876791305,0.0,-0.3035000000000004,-9.415971394517328,-1501787.065409403,-1237223.2818535916
002594.SZ,20200526,56.52,56.8,58.38,56.8,58.3,1.78,3.1493,98543.68,570419.227,57.6,57.89,59.5,57.89,59.42,1.019157,57.8849,-1,62.17,50.87,57.96,1,1,0.03149327671620661,1,0.7051701525487842,0.9666666666666667,1.0,49.99999999996284,44.354943597677526,51.05702823640059,65.87607450056245,3357.6483855078427,0.37664233576642353,-27.829364452662183,1.7223932579900034,58.20742014957163,5.885056151764399,1110.79,1.0,-0.46431973226436857,-6953.765094346745,0.0,-0.14150000000000026,-4.120982986767501,-1215603.3747218447,-1234134.7236919135
002594.SZ,20200527,58.3,59.6,59.95,57.07,57.3,-1.0,-1.7153,113617.42,662802.627,59.42,60.74,61.1,58.16,58.4,1.019157,58.3364,-1,64.13,52.47,56.96,1,1,-0.01715265866209259,0,0.8181547667846999,0.9666666666666667,1.0,49.99999999996158,43.8560602259392,47.68195134204608,42.74849050629095,3300.0557888439002,0.3673469387755103,-19.228067151736457,-2.711718636896957,58.165381412987784,6.118720746832727,1112.49,-1.0,-0.41895841263669575,-2730.877038943181,0.0,-0.25950000000000023,0.07256894049345419,-897731.326466762,-1186077.095516892
002594.SZ,20200528,57.3,57.35,58.23,56.4,57.48,0.18,0.3141,86300.23,494679.18,58.4,58.45,59.35,57.48,58.58,1.019157,57.3207,-1,63.03,51.57,57.14,1,1,0.003141361256544517,1,0.6264818856857048,0.9666666666666667,1.0,49.99999999996038,44.689561163576634,48.343873868121875,57.46987623865994,3300.0557888439002,0.39692307692307705,-19.37140399040077,-1.8703491201124178,58.133354632618236,6.23818899621845,1109.8,1.0,-0.34574359544884414,-3022.7601018794885,0.0,-0.15100000000000016,-0.2892263195951372,-1073953.5350537887,-1170059.444022163
002594.SZ,20200529,57.48,57.12,58.02,56.81,57.41,-0.07,-0.1218,68036.39,390882.856,58.58,58.21,59.13,57.9,58.51,1.019157,57.452,-1,63.23,51.73,57.07,1,1,-0.0012178148921363485,0,0.5033934357845614,0.9666666666666667,1.0,49.99999999995917,48.16499708603676,48.089066379561515,54.90737000657422,3300.0557888439002,0.3673990802248338,-26.678006064728855,-2.198304749076964,58.099666390076486,6.362152711344333,1167.8200000000002,0.0,-0.29002959961898644,-4966.696468505936,0.0,-0.13550000000000004,9.441233140655086,-830298.646364549,-1121522.1872139324
002594.SZ,20200601,57.41,57.75,59.69,57.44,59.33,1.92,3.3444,161067.81,949983.296,58.51,58.86,60.83,58.54,60.47,1.019157,58.9803,-1,63.15,51.67,58.98,1,1,0.03344365093189339,1,1.2190616284978266,0.9666666666666667,1.0,49.99999999995858,48.11200089933463,55.082273313700945,100.0,3410.42170270177,0.3512457254518807,-21.730196500035408,6.795270438423135,58.162234871315185,6.394864980452668,1168.25,0.0,0.006449938825292378,6372.323596516944,0.0,-0.046499999999999986,5.318291700241694,-385914.57929102995,-1016435.3860820893
002594.SZ,20200602,59.33,59.57,62.18,58.88,61.0,1.67,2.8148,204796.1,1235513.478,60.47,60.71,63.37,60.01,62.17,1.019157,60.329,-1,65.26,53.4,60.64,1,1,0.028147648744311526,1,1.5524084423155424,0.9666666666666667,1.0,49.999999999959456,47.899127731611784,60.11524404322392,100.0,3506.417054859396,0.3562933597621406,-12.395781747440628,13.744950975905438,58.31594032628822,6.408579047194035,1169.13,0.0,0.40637117503806147,19135.088285155805,0.0,-0.03200000000000003,10.236822001527848,162725.5634096088,-847983.8218689896
002594.SZ,20200603,61.0,60.79,61.05,59.48,59.93,-1.07,-1.7541,146356.95,882603.748,62.17,61.95,62.22,60.62,61.08,1.019157,60.3049,-1,67.1,54.9,59.58,1,1,-0.017540983606557425,0,1.1153765517044183,0.9666666666666667,1.0,49.99999999996051,40.1194829863059,55.80103780481939,75.32764419567683,3506.417054859396,0.3610089332632684,-20.39562507379541,8.298745554480488,58.39917872529444,6.42057072674051,1171.0800000000002,-2.0,0.4995161315434878,19037.39589201816,0.0,-0.21400000000000005,-1.4572666404096566,-304338.3558073414,-770320.1838601828
002594.SZ,20200604,59.93,60.48,61.2,59.71,60.11,0.18,0.3004,105743.32,637797.409,61.08,61.64,62.37,60.85,61.26,1.019157,60.3156,-1,65.92,53.94,59.76,1,1,0.003003504088102682,1,0.8330177217774369,0.9666666666666667,1.0,49.99999999996167,46.67133947366439,56.368310305060156,78.57179808877494,3506.417054859396,0.4012850467289717,-22.377558010442762,9.069712179903897,58.4880352891151,6.38476925738284,1168.6100000000001,0.0,0.553902507876399,13115.915354519457,0.0,-0.1285,-4.122877930476967,-70815.40586649394,-670390.9298610844
002594.SZ,20200605,60.11,61.0,63.28,60.33,63.2,3.09,5.1406,265451.22,1643855.456,61.26,62.17,64.49,61.49,64.41,1.019157,61.9268,-1,66.12,54.1,62.83,1,1,0.0514057561137915,1,2.194331746823754,0.9666666666666667,1.0,49.99999999996368,55.84452434183346,64.73563129580862,100.0,3686.667074814737,0.4005025125628139,-10.918386079694697,21.06216171317046,58.759673686170295,6.326167113062175,1168.22,2.0,0.9513010808794643,29392.82131800916,0.0,-0.0019999999999999575,10.854870775347898,488362.676574887,-504854.7003702314
002594.SZ,20200608,63.2,63.0,63.83,62.45,62.79,-0.41,-0.6487,172441.11,1087013.121,64.41,64.21,65.05,63.65,63.99,1.019157,63.0368,-1,69.52,56.88,62.42,1,1,-0.006487341772151933,0,1.3721707515618247,0.9666666666666667,1.0,49.999999999965524,63.32651876637975,63.009009916697835,92.18948822308478,3686.667074814737,0.4389489953632144,-11.013079505828923,18.872472882266656,58.987814093526204,6.215555407823201,1172.27,2.0,1.0939689093226124,26407.24538815081,0.0,0.00799999999999983,23.159509202453968,1017553.5741736935,-287367.80400681356
002594.SZ,20200609,62.79,63.0,64.41,61.69,61.98,-0.81,-1.29,204430.53,1285542.235,63.99,64.21,65.64,62.87,63.17,1.019157,62.8841,-1,69.07,56.51,61.62,1,1,-0.012900143334925951,0,1.6386357124590136,0.9666666666666667,1.0,49.99999999996715,60.584015965281566,59.6254693874824,76.88376835257253,3639.108541121475,0.4556835252879313,-1.1971699122506285,14.563270046538335,59.15104961830373,6.133224279924814,1178.48,0.0,1.0159500512301862,27398.996319438622,0.0,-0.055000000000000424,22.03647416413368,600688.7333601536,-160502.58438296113
002594.SZ,20200610,61.98,62.26,62.42,60.68,61.05,-0.93,-1.5005,186194.03,1140629.413,63.17,63.45,63.62,61.84,62.22,1.019157,61.2603,-1,68.18,55.78,60.69,1,1,-0.015004840271055198,0,1.4347218923777905,0.9666666666666667,1.0,49.9999999999681,54.62118798831444,55.9129899459755,60.09006664688733,3639.108541121475,0.43834296724470084,1.2460739383308768,9.754730292507338,59.250296659723695,6.072816797843569,1181.15,0.0,0.786067135901551,24358.61984121338,0.0,-0.10850000000000044,11.552346570397084,-44872.81250030105,-143984.04554258112
002594.SZ,20200611,61.05,61.87,64.2,61.51,62.84,1.79,2.932,280232.52,1764678.741,62.22,63.06,65.43,62.69,64.04,1.019157,62.9719,-1,67.16,54.95,62.47,1,1,0.029320229320229485,1,2.09863217413013,0.9666666666666667,1.0,49.99999999996858,61.51955458335365,60.952417059401974,81.23715754717202,3745.8080380683623,0.4282352941176465,7.2927300288199595,16.82756791387253,59.4499996648555,5.855613191034358,1183.21,2.0,0.8184260990383141,33225.10248900949,0.0,0.0004999999999999005,20.78513845075357,400229.7462656987,-66239.2181413983
002594.SZ,20200612,62.84,61.4,61.93,60.63,61.48,-1.36,-2.1642,175497.1,1075893.063,64.04,62.58,63.12,61.79,62.66,1.019157,61.3055,-1,69.12,56.56,61.12,1,1,-0.021642266072565364,0,1.2391718815688118,1.0,1.0,49.99999999996809,59.829011147396,55.73924384109576,47.24665011244102,3745.8080380683623,0.4073410922112796,6.933931522528855,9.936695764047549,59.556271821639164,5.68819317534154,1188.75,0.0,0.609540240127906,23643.478233711692,0.0,-0.00400000000000027,13.057742782152218,-174705.70726355677,-81734.43087313524
002594.SZ,20200615,61.48,62.5,63.88,61.25,62.5,1.02,1.6591,195740.28,1225432.62,62.66,63.7,65.1,62.42,63.7,1.019157,62.605,-1,67.63,55.33,62.13,1,1,0.016590761223162165,1,1.3475092749297648,1.0,0.0,49.99999999996727,64.5228308501346,58.599240208310974,64.01720271439845,3807.953844815756,0.4030115146147027,9.016618077264233,13.94395904505791,59.71599565163675,5.402208672376811,1191.6,2.0,0.5627797566062951,18899.018836048814,0.0,0.006999999999999673,21.661909292737057,87498.70819502394,-57558.268149112504
002594.SZ,20200616,62.5,63.8,64.46,63.13,64.1,1.6,2.56,214115.72,1367780.377,63.7,65.02,65.69,64.34,65.33,1.019157,63.8804,-1,68.75,56.25,63.72,1,1,0.025599999999999845,1,1.429242332627785,1.0,1.0,49.99999999996692,66.05952625182681,62.67366660955267,87.61327218780455,3905.4374632430386,0.3954191875540184,10.749741886832922,19.833597063072336,59.96616279954367,5.211132373335584,1196.9199999999998,2.0,0.6928333804267184,17153.648767525076,0.0,0.010999999999999588,22.95695570804739,733829.9732372179,55497.194906077544
002594.SZ,20200617,64.1,64.0,64.11,62.36,64.11,0.01,0.0156,144378.18,912074.334,65.33,65.23,65.34,63.55,65.34,1.019157,63.1726,-1,70.51,57.69,63.73,1,1,0.00015600624024969534,1,0.9266039372666467,0.9666666666666667,1.0,49.999999999966434,61.09684876761812,62.69837535039101,87.76170365677524,3905.4374632430386,0.40921288014311197,10.418216691080584,19.86967656628222,60.20269633523987,5.084915758169118,1201.06,2.0,0.72237375704659,6094.119264976893,0.0,0.000999999999999801,15.708319948602615,367160.5504954327,100020.53141884255
002594.SZ,20200618,64.11,63.8,66.76,62.94,66.74,2.63,4.1023,279033.36,1829902.632,65.34,65.02,68.04,64.15,68.02,1.019157,65.5801,-1,70.52,57.7,66.35,1,1,0.041023241304008584,1,1.8025660568663366,0.9666666666666667,1.0,49.99999999996673,66.78293109352785,68.58781369868946,100.0,4065.651166695373,0.4950281020319928,15.157134464839563,28.7473890911008,60.603487182160606,4.752308305967659,1204.63,4.0,1.0201239447218255,15850.255938923136,0.0,0.24599999999999972,28.6425902864259,675952.9443586636,182296.59041024558
002594.SZ,20200619,66.74,66.69,68.68,66.3,66.99,0.25,0.3746,220618.87,1487253.014,68.02,67.97,70.0,67.57,68.27,1.019157,67.4128,-1,73.41,60.07,66.6,1,1,0.0037458795325142624,1,1.3559762656718375,0.9666666666666667,1.0,49.99999999996784,70.79190115488672,69.08744538408233,100.0,4065.651166695373,0.6006289308176097,14.53594050775657,29.52861678957036,60.997409168543264,4.206328111089073,1213.26,6.0,1.1642771404403174,13463.179573772548,0.0,0.31749999999999934,42.214328004736494,1242055.5528114503,333690.727896132
002594.SZ,20200622,66.99,66.6,68.78,66.29,68.0,1.01,1.5077,196254.8,1325805.162,68.27,67.88,70.1,67.56,69.3,1.019157,67.5553,-1,73.69,60.29,67.6,1,1,0.015076877145842715,1,1.1604841255789324,0.9666666666666667,1.0,49.99999999996956,73.63673601697458,71.08819637994598,100.0,4065.651166695373,0.5434591747146615,18.398965753634393,32.66808145315725,61.439799783215086,3.6810766060965756,1224.24,6.0,1.2989511944378465,7905.458219614637,0.0,0.36299999999999955,47.25274725274721,1732247.448785483,533484.5451660393
002594.SZ,20200623,68.0,67.57,72.09,67.0,71.03,3.03,4.4559,260374.91,1812606.801,69.3,68.86,73.47,68.28,72.39,1.019157,69.6153,-1,74.8,61.2,70.61,1,1,0.04455882352941187,1,1.4798865431481556,0.9666666666666667,1.0,49.99999999997209,75.05962118593003,76.0882574549122,100.0,4246.8117995643,0.652933832709113,28.339375224547048,40.97225882818478,62.083586539012565,3.40638768977325,1234.72,6.0,1.6754868588977034,11927.47211548304,0.0,0.46099999999999997,49.532710280373784,2284055.654582342,783566.1322255111
002594.SZ,20200624,71.03,71.1,73.06,70.76,71.7,0.67,0.9433,196680.98,1414432.114,72.39,72.46,74.46,72.12,73.07,1.019157,71.915,-1,78.13,63.93,71.28,1,1,0.009432634098268444,1,1.0687206417258373,0.9666666666666667,1.0,49.99999999997448,75.84241461903659,77.03406152476234,100.0,4246.8117995643,0.7029535864978895,23.55074771086582,42.61946805607006,62.736675954447456,2.9195510805635143,1245.53,8.0,1.8788399267437432,5402.265867845548,0.0,0.6060000000000005,52.566566017018914,2765118.978313122,1066645.1102380268
002594.SZ,20200629,71.7,71.5,72.43,70.3,70.6,-1.1,-1.5342,173376.3,1233307.83,73.07,72.87,73.82,71.65,71.95,1.019157,71.1347,-1,78.87,64.53,70.18,1,1,-0.015341701534170249,0,0.9212968847690696,0.9666666666666667,1.0,49.999999999976396,73.57900444572753,71.9988461165553,76.35473811983317,4246.8117995643,0.6600324939073913,22.757040789634917,36.057856682732705,63.24613643827587,2.405153782441348,1261.5600000000002,6.0,1.732788608137314,-2248.8892382223785,0.0,0.5545000000000005,57.27221279003962,2076887.8451746358,1210965.5009432568
002594.SZ,20200630,70.6,71.41,72.85,70.87,71.8,1.2,1.6997,169831.01,1223207.515,71.95,72.78,74.25,72.23,73.18,1.019157,72.025,-1,77.66,63.54,71.38,1,1,0.016997167138810276,1,0.8820510376012128,0.9666666666666667,1.0,49.99999999997773,74.43669919032072,73.99573152645266,85.73206850866764,4246.8117995643,0.606601941747572,24.036510235089136,39.26652466987562,63.81340636720044,1.68592414546951,1274.1399999999999,8.0,1.6650055184662182,-7677.559191904118,0.0,0.5595000000000006,57.464788732394375,2209903.907233189,1353670.9875561043
002594.SZ,20200701,71.8,73.21,75.45,71.03,72.47,0.67,0.9331,235093.22,1726221.255,73.18,74.61,76.9,72.39,73.86,1.019157,73.4271,-1,78.98,64.62,72.04,1,1,0.009331476323119814,1,1.189557870180681,0.9666666666666667,1.0,49.999999999978584,75.18301851281662,75.06494821824961,90.75308680372942,4286.44082332068,0.6763265306122437,28.13765658047898,41.00637786588299,64.39466108758994,1.3386304850654558,1287.76,8.0,1.5783911319317676,-2628.872142662087,0.0,0.44350000000000095,58.55064507274227,2434587.426845979,1508087.6217403722
002594.SZ,20200702,72.47,72.63,74.61,71.8,72.14,-0.33,-0.4554,214074.18,1559734.669,73.86,74.02,76.04,73.18,73.52,1.019157,72.8595,-1,79.72,65.22,71.72,1,1,-0.004553608389678443,0,1.0632892579725224,0.9666666666666667,1.0,49.99999999997905,69.62308776654744,73.46276499540741,83.22926928792559,4286.44082332068,0.6895509499136433,23.437038648718648,38.94272888115936,64.9071175278755,1.2736690665331198,1303.49,6.0,1.3532813223110907,-2284.3851029605357,0.0,0.3475000000000012,51.75388154111559,1587552.5319619812,1519439.7517720307
002594.SZ,20200703,72.14,73.3,79.35,73.23,79.35,7.21,9.9945,455388.12,3497719.615,73.52,74.7,80.87,74.63,80.87,1.019157,76.8074,-1,79.35,64.93,78.88,1,1,0.09994455225949528,1,2.256676441037925,0.9666666666666667,1.0,49.99999999998003,75.36976276132219,82.33447785592664,100.0,4714.847232194287,0.6703071672354939,33.56267648120427,54.318453419081735,65.96845242597635,1.2117713637896348,1314.58,8.0,2.012451861295017,28581.70435398587,0.0,0.6930000000000011,62.17765042979943,1989213.5325089796,1586550.2918773093
002594.SZ,20200706,79.35,79.33,81.59,77.41,80.9,1.55,1.9534,461224.16,3661516.239,80.87,80.85,83.15,78.89,82.45,1.019157,79.3869,-1,87.29,71.42,80.42,1,1,0.01953371140516702,1,2.1230356412682663,0.9666666666666667,1.0,49.99999999998138,77.69378791759763,83.60354034722222,100.0,4806.945697347421,0.6931855233126826,37.582355585924326,56.78132880161703,67.08320855441444,1.1670275901982246,1332.28,8.0,2.4643146432609093,46839.649088148515,0.0,0.7900000000000013,65.70618800188944,3082639.0790829286,1800277.261478112
002594.SZ,20200707,80.9,84.76,88.5,83.0,83.0,2.1,2.5958,466705.87,3978641.289,82.45,86.38,90.2,84.59,84.59,1.019157,85.2494,-1,88.99,72.81,82.51,1,1,0.02595797280593315,1,1.985800492405951,0.9666666666666667,1.0,49.99999999998281,79.17920614818829,85.15910771026266,100.0,4931.724263038763,0.9390161725067373,38.98348826165858,59.867116178475236,68.29490929118586,1.1670275901982246,1353.07,8.0,2.8271363042958706,56085.959277036,0.0,0.5920000000000009,69.21772312910747,4133080.1512379795,2133534.817158093
002594.SZ,20200708,83.0,81.94,84.28,81.86,82.75,-0.25,-0.3012,319155.88,2647763.129,84.59,83.51,85.89,83.43,84.34,1.019157,82.9614,-1,91.3,74.7,82.26,1,1,-0.003012048192771122,0,1.3022291874003946,0.9666666666666667,1.0,49.99999999998403,72.76149313814173,84.13575642580405,95.44382049497668,4931.724263038763,0.9441056910569094,39.270925913602866,58.44942264668014,69.38557632790824,1.159933968727233,1373.5200000000002,8.0,2.808742369287307,39539.16224410676,0.0,0.643000000000001,53.39963466612543,2720782.1811984144,2217427.297735282
002594.SZ,20200709,82.75,82.75,86.3,81.46,84.46,1.71,2.0665,327973.52,2764110.59,84.34,84.34,87.95,83.02,86.08,1.019157,84.2785,-1,91.03,74.48,83.96,1,1,0.020664652567975672,1,1.2993166892507857,0.9666666666666667,1.0,49.99999999998516,77.23094234006572,85.42584029793339,100.0,5033.636631495515,0.9161735700197231,39.893079645536005,60.9431713643648,70.54087420994468,1.0766283079399706,1390.57,10.0,2.796137674675178,27561.071680724286,0.0,0.7795000000000009,57.569760538294105,2849593.5985445343,2307736.7692794614
002594.SZ,20200710,84.46,84.47,92.36,83.05,89.0,4.54,5.3753,396029.31,3495161.21,86.08,86.09,94.13,84.64,90.7,1.019157,88.2551,-1,92.91,76.01,88.48,1,1,0.05375325597916181,1,1.5314527218659357,0.9666666666666667,1.0,49.99999999998634,81.42276083151086,88.17522693377518,100.0,5304.2109898543795,0.9324125771378187,49.25226987713201,66.5532139307662,72.00488693693802,0.761894194477064,1411.2,12.0,3.1426573365540644,26572.532548458606,0.0,1.066500000000001,68.02197802197801,3236001.016173942,2440345.9474072442
002594.SZ,20200713,89.0,92.6,97.9,92.29,97.9,8.9,10.0,579871.28,5536512.876,90.7,94.37,99.78,94.06,99.78,1.019157,95.4783,-1,97.9,80.1,97.32,1,1,0.10000000000000009,1,2.1549430272052326,0.9666666666666667,1.0,49.99999999998779,83.0366669638252,91.54324758883229,100.0,5834.632088839818,0.905930967428293,49.618235689095044,74.20027835653826,74.15295165296632,0.7511720188725692,1439.15,12.0,4.24543133114007,47241.69504821724,0.0,1.2830000000000013,71.86593619078312,4693658.003879022,2762247.6697603557
002594.SZ,20200714,97.9,97.9,97.91,90.58,96.55,-1.35,-1.379,536388.69,5075817.585,99.78,99.78,99.79,92.32,98.4,1.019157,94.6295,-1,107.69,88.11,95.98,1,1,-0.013789581205311596,0,1.8882214957270207,0.9666666666666667,1.0,49.99999999998896,76.06002328133555,87.47332622814434,79.17602456917918,5834.632088839818,0.891320204230488,54.805543209091056,68.06495200050774,75.94540825077455,0.5375894315580819,1474.22,12.0,4.446463350313765,51279.65562493107,0.0,1.211500000000001,73.43089430894307,3156143.850315403,2818518.552696791
002594.SZ,20200715,96.55,97.0,97.29,92.69,94.5,-2.05,-2.1233,388695.86,3699030.985,98.4,98.86,99.15,94.47,96.31,1.019157,95.1652,-1,106.21,86.9,93.94,1,1,-0.021232522009321575,0,1.2865806206152357,0.9666666666666667,1.0,49.99999999998978,69.90453316654441,81.54462177713178,48.84148370630235,5834.632088839818,0.8432163187855782,53.61633653363584,59.107666478152254,77.35120720109552,0.9114421274733134,1510.26,10.0,3.972283419562201,31264.03963702559,0.0,1.086500000000001,73.49983782030488,1519483.9396343948,2632942.1794021633
002594.SZ,20200716,94.5,94.4,95.5,85.05,85.05,-9.45,-10.0,560466.63,4984540.817,96.31,96.21,97.33,86.68,86.68,1.019157,88.9356,-1,103.95,85.05,84.55,1,1,-0.09999999999999998,0,1.7977317727844417,0.9666666666666667,1.0,49.99999999999014,62.70519118036187,61.01491305860742,0.0,5251.168879955836,0.7108578284343126,60.33156400907325,26.414888189132963,77.81465578722162,3.0732468060166305,1543.26,8.0,2.1461959532170205,37924.94370111928,0.0,0.6040000000000006,53.09997033521209,-247900.23022965528,2221393.2637404753
002594.SZ,20200717,85.05,83.02,85.36,80.07,81.59,-3.46,-4.0682,430968.74,3549101.616,86.68,84.61,87.0,81.6,83.15,1.019157,82.3517,-1,93.56,76.55,81.11,1,1,-0.04068195179306289,0,1.3096139214691516,0.9666666666666667,1.0,49.99999999999039,59.78637718028385,55.50495615059484,0.0,5251.168879955836,0.6541339319117094,60.993070107649615,17.138457404685685,78.02524530972475,4.829325800627734,1566.26,6.0,0.3281295546426932,22418.035382590344,0.0,0.527000000000001,34.41854408126057,-1902471.066531505,1632269.7879873354
002594.SZ,20200720,81.59,83.7,89.3,81.61,87.17,5.58,6.8391,431730.31,3684539.642,83.15,85.3,91.01,83.17,88.84,1.019157,85.3435,-1,89.75,73.43,86.66,1,1,0.06839073415859787,1,1.257185149910675,0.9666666666666667,1.0,49.999999999990536,61.08529581078102,61.53740407457783,16.738995338670307,5610.300174846798,0.5605389115405066,59.51092445885454,26.317202040762044,78.5753118934508,5.415592932587974,1584.91,6.0,-0.2365278610266799,10404.283099895983,0.0,0.5535000000000011,35.50204918032787,-1095399.6272961348,1242602.7286611255
002594.SZ,20200721,87.17,89.9,91.33,87.68,88.09,0.92,1.0554,317222.34,2834375.732,88.84,91.62,93.08,89.36,89.78,1.019157,89.3498,-1,95.89,78.45,87.57,1,1,0.01055408970976246,1,0.9036511578801784,0.9666666666666667,1.0,49.99999999999062,61.95731288071903,62.44152842219226,19.247783384751585,5610.300174846798,0.5539593552908195,57.83183778817779,27.707015303917537,79.15392733137227,5.860810241588674,1605.78,6.0,-0.5802140659375539,-13526.424876800418,0.0,0.4480000000000011,37.66555266740934,-52334.720274202526,1057611.6645275075
002594.SZ,20200722,88.09,86.0,89.48,85.5,87.19,-0.9,-1.0217,269544.83,2367987.141,89.78,87.65,91.19,87.14,88.86,1.019157,87.8513,-1,96.9,79.28,86.68,1,1,-0.010216823703031008,0,0.757413694724598,0.9666666666666667,1.0,49.999999999990635,58.72485655116467,60.93256606527737,15.06067490459248,5610.300174846798,0.5425662629454095,56.28841994626028,25.273793780239323,79.63331271722595,6.35082562743369,1628.97,4.0,-0.9983570691676054,-35111.2054404137,0.0,0.4375000000000007,33.968866899963785,-717637.2025670586,804004.683513998
002594.SZ,20200723,87.19,86.06,89.0,85.58,88.99,1.8,2.0645,327286.56,2869841.089,88.86,87.71,90.7,87.22,90.69,1.019157,87.6859,-1,95.91,78.47,88.47,1,1,0.020644569331345286,1,0.9102929734842964,0.9666666666666667,1.0,49.99999999999061,59.426906239348185,62.86541594066307,20.423997632303433,5726.122405776081,0.4953354861858627,49.239664391643544,28.15560914041827,80.20431841163563,6.668921103529565,1647.55,4.0,-1.0943575616154444,-40558.84950943684,0.0,0.4109999999999999,30.434782608695635,-14038.107339632697,687141.4276777651
002594.SZ,20200724,88.99,87.78,88.14,82.5,83.0,-5.99,-6.7311,388173.74,3298033.865,90.69,89.46,89.83,84.08,84.59,1.019157,84.9628,-1,97.89,80.09,82.51,1,1,-0.06731093381278785,0,1.0696868797469181,0.9666666666666667,1.0,49.99999999999065,55.4654996811394,53.397707969429156,0.0,5340.691759516965,0.45217818539141813,50.32661719196511,12.903455736010722,80.35462417947556,7.487078063340011,1665.78,2.0,-1.9751978048255925,-35112.562184478884,0.0,0.14199999999999946,22.076612903225794,-756692.6020192918,480879.42343532847
002594.SZ,20200727,83.0,83.5,85.2,82.3,83.52,0.52,0.6265,208828.46,1753284.47,84.59,85.1,86.83,83.88,85.12,1.019157,83.9581,-1,91.3,74.7,83.03,1,1,0.006265060240963738,1,0.5606734805924912,0.9666666666666667,1.0,49.999999999990564,55.021166151049314,54.044745453751794,1.6962336639577007,5340.691759516965,0.4470899470899469,48.940840495984276,13.840477642134868,80.52621841534479,8.168610247240268,1675.6499999999999,4.0,-2.4663774396277365,-53705.79320241485,0.0,0.18799999999999956,18.623729643688,-1480344.6865211907,200704.5505843972
002594.SZ,20200728,83.52,85.98,86.66,83.0,83.91,0.39,0.467,216440.67,1829407.614,85.12,87.63,88.32,84.59,85.52,1.019157,84.5224,-1,91.87,75.17,83.42,1,1,0.004669540229885083,1,0.5783586183252584,0.9666666666666667,1.0,49.999999999990294,55.443950010428864,54.55438149000334,3.032264144418674,5365.630334543445,0.4504776269482151,48.712315226350796,14.566110031208499,80.71082160265392,8.771347088132183,1688.05,4.0,-2.6985481254788297,-62407.053844694776,0.0,0.06499999999999914,19.500968992248026,-1047218.7644845829,22429.791288828623
002594.SZ,20200729,83.91,83.31,87.5,82.52,86.93,3.02,3.5991,287975.5,2464892.396,85.52,84.91,89.18,84.1,88.6,1.019157,85.5938,-1,92.3,75.52,86.42,1,1,0.03599094267667757,1,0.7647469596786867,0.9666666666666667,1.0,49.99999999998979,55.95400801163373,58.40145198510206,13.117507487370014,5558.744428338241,0.42099322799097055,44.90591136388405,20.05427731091372,81.06636396834966,9.122197108075778,1699.54,4.0,-2.414374800249341,-56151.061787436185,0.0,0.28299999999999914,17.747524752475215,-359779.5774951107,-32171.547108876992
002594.SZ,20200730,86.93,87.02,87.63,84.3,85.0,-1.93,-2.2202,224492.69,1917850.499,88.6,88.69,89.31,85.91,86.63,1.019157,85.4304,-1,95.62,78.24,84.5,1,1,-0.02220177154031988,0,0.592005296207002,0.9666666666666667,1.0,49.99999999998928,55.64590686836433,55.18627939467146,4.688808817722236,5558.744428338241,0.38792832442628084,42.86029431977846,15.0811660718117,81.28192940712319,9.585687140205927,1712.56,4.0,-2.447755910650363,-57953.14403936588,0.0,0.20649999999999907,20.748715439197426,-1012188.4314425727,-172173.95915654782
002594.SZ,20200731,85.0,84.96,86.66,83.46,85.39,0.39,0.4588,258122.89,2201963.263,86.63,86.59,88.32,85.06,87.03,1.019157,85.3068,-1,93.5,76.5,84.89,1,1,0.00458823529411756,1,0.6797570434584417,1.0,1.0,49.999999999988674,51.33630301115109,55.71681130754846,6.80575571809668,5584.249255715322,0.36091549295774633,33.59928989112435,15.822866214679083,81.508504888399,10.00248485710653,1723.88,4.0,-2.376731205321498,-52184.26524102339,0.0,-0.07450000000000045,14.4286263947672,-1825394.7939959436,-408348.36413360434
002594.SZ,20200803,85.39,85.41,86.5,84.4,86.17,0.78,0.9135,280303.6,2394349.093,87.03,87.05,88.16,86.02,87.82,1.019157,85.4198,-1,93.93,76.85,85.66,1,1,0.009134559081859672,1,0.7578540235975056,1.0,1.0,49.99999999998806,50.34792375152647,56.8178917076823,12.151185602867706,5635.258910469484,0.3184008566839193,27.272221134378412,17.342754472573137,81.76897759142554,10.355078796859338,1730.87,4.0,-2.188795360827992,-43314.88980062055,0.0,-0.11500000000000057,10.718586912886387,-1037024.722345538,-498159.27244959486
002594.SZ,20200804,86.17,86.95,91.0,86.88,89.0,2.83,3.2842,383955.87,3414415.346,87.82,88.62,92.74,88.54,90.7,1.019157,88.9273,-1,94.79,77.55,88.48,1,1,0.03284205640013926,1,1.0641235908648166,1.0,1.0,49.99999999998747,49.9181054007989,60.64167499224196,76.51236228263923,5820.332401436511,0.31430584918957005,21.576162781286126,22.674948811911026,82.19138964086822,10.552719473866656,1736.14,4.0,-1.6707926577413312,-22469.75779899149,0.0,0.07549999999999954,7.74336283185842,-117622.78899691068,-443796.91767064
002594.SZ,20200805,89.0,89.0,89.0,86.58,88.15,-0.85,-0.9551,190226.84,1667411.299,90.7,90.7,90.7,88.24,89.84,1.019157,87.6538,-1,97.9,80.1,87.63,1,1,-0.00955056179775271,0,0.5333242966964785,1.0,1.0,49.99999999998692,50.70589690789324,58.9531268528193,58.6775479373612,5820.332401436511,0.3110181311018131,20.33848805993268,20.222944186832684,82.53251425069536,10.784923621772384,1740.86,4.0,-1.4389549310652132,-33116.3363931489,0.0,-0.007500000000000284,11.15549215406562,-720891.3080402473,-483381.8305805839
002594.SZ,20200806,88.15,88.81,89.6,87.0,88.73,0.58,0.658,205332.66,1815887.526,89.84,90.51,91.32,88.67,90.43,1.019157,88.4364,-1,96.97,79.34,88.21,1,1,0.006579693703913758,1,0.5862712434612442,1.0,1.0,49.999999999986365,49.94360715789061,59.77616410663127,67.37064722086922,5858.628405892928,0.3172683620842966,13.547148025917497,21.35205929317106,82.89064646884688,10.986415777754699,1746.4,4.0,-1.212834996515359,-36213.01451957405,0.0,-0.09699999999999989,9.318578916715204,-330092.7365065869,-461483.38857001293
002594.SZ,20200807,88.73,87.6,88.76,83.81,85.38,-3.35,-3.7755,245974.16,2120266.841,90.43,89.28,90.46,85.42,87.02,1.019157,86.1988,-1,97.6,79.86,84.88,1,1,-0.03775498703933289,0,0.7148273930354143,1.0,1.0,49.99999999998572,45.231678983277924,53.147530681456864,0.0,5637.435966360173,0.32412790697674415,1.5228333470351978,11.737031360092006,83.02310026578822,11.352475266296256,1752.11,2.0,-1.5009949852312428,-31073.436645876653,0.0,-0.4344999999999999,-4.330648837562663,-761360.2559344796,-504322.941050651
002594.SZ,20200810,85.38,83.79,84.35,80.0,81.98,-3.4,-3.9822,336538.84,2752165.156,87.02,85.4,85.97,81.53,83.55,1.019157,81.7785,-1,93.92,76.84,81.5,1,1,-0.0398219723588662,0,0.9998179560936338,1.0,1.0,49.99999999998519,37.647498336908065,47.40222098553622,0.0,5412.9421471329,0.3615260395639886,-1.6197513102206187,3.016911955891394,82.97193028091114,11.843354476606892,1748.4899999999998,0.0,-2.099350539012402,-14598.174155462562,0.0,-0.7900000000000006,-27.058051820268943,-1703959.3031359436,-675699.5642056928
002594.SZ,20200811,81.98,81.9,83.2,80.95,81.0,-0.98,-1.1954,194172.6,1596334.584,83.55,83.47,84.79,82.5,82.55,1.019157,82.2121,-1,90.18,73.78,80.52,1,1,-0.011954135154915835,0,0.5984973918876576,1.0,1.0,49.99999999998491,40.131963853959704,45.86326169354527,0.0,5412.9421471329,0.35163717714053294,-14.093598303726827,0.6340772065771407,82.87743343132294,12.262709758300103,1733.78,0.0,-2.5471015392139726,-21578.526738614055,0.0,-0.7675000000000004,-26.38199271764315,-2342243.6076680534,-913777.2847003158
002594.SZ,20200812,81.0,81.18,81.98,78.45,81.98,0.98,1.2099,220971.73,1768144.489,82.55,82.74,83.55,79.95,83.55,1.019157,80.0168,-1,89.1,72.9,81.5,1,1,0.012098765432098757,1,0.719021854063268,1.0,1.0,49.999999999984716,41.61910959598192,47.69212075083843,12.375205783793078,5478.432064468581,0.35446985446985435,-15.520832198546737,2.9959242803536146,82.83341820001856,12.36453523296723,1714.94,2.0,-2.6210140738241563,-21253.82357037978,0.0,-0.6025000000000006,-33.793783917118894,-2975875.2281261412,-1208362.7051897193
002594.SZ,20200813,81.98,83.5,83.8,81.65,81.8,-0.18,-0.2196,135827.79,1119875.379,83.55,85.1,85.41,83.21,83.37,1.019157,82.4482,-1,90.18,73.78,81.32,1,1,-0.0021956574774335547,0,0.45437006763741183,1.0,1.0,49.99999999998464,47.34988510987622,47.37554801416171,10.233076380059071,5478.432064468581,0.33170229204223517,-36.24371364024769,2.5247669859896833,82.78296536184904,12.146601436207762,1703.24,2.0,-2.598820442263434,-30606.923109081035,0.0,-0.22000000000000028,-17.22547454319671,-2426176.0678753527,-1382336.0427162384
002594.SZ,20200814,81.8,82.1,82.59,80.0,81.93,0.13,0.1589,120620.31,981262.741,83.37,83.67,84.17,81.53,83.5,1.019157,81.3514,-1,89.98,73.62,81.45,1,1,0.0015892420537897411,1,0.4343476327958209,1.0,1.0,49.999999999984624,50.056857441603576,47.64584026820104,12.062043053113007,5478.432064468581,0.3628169014084503,-40.95670519896753,2.8625825654654586,82.7411852571068,11.696905517285332,1697.8799999999999,4.0,-2.472062565430056,-36539.45460654691,0.0,-0.15700000000000003,-2.5480367585630717,-2517700.8114872915,-1544531.0096835317
002594.SZ,20200817,81.93,82.2,83.23,81.33,82.92,0.99,1.2083,151031.94,1246372.799,83.5,83.77,84.82,82.89,84.51,1.019157,82.5238,-1,90.12,73.74,82.43,1,1,0.012083485902599778,1,0.5760463759166476,1.0,1.0,49.9999999999846,47.150092760944524,49.76203008821447,26.381508730798842,5544.630621087938,0.416693626658039,-54.99079492644406,5.4882483326309,82.75016756853721,11.538837996286272,1697.6200000000001,4.0,-2.1710099903670583,-34111.15635953876,0.0,-0.29450000000000004,-8.460349017009051,-1987921.371763077,-1607872.4899806096
002594.SZ,20200818,82.86,84.01,84.51,81.8,82.18,-0.68,-0.8207,161552.5,1335564.954,84.51,85.68,86.19,83.43,83.81,1.019895,82.6706,2,91.15,74.57,81.76,1,1,-0.008924264351181765,0,0.651021829945405,1.0,1.0,49.9999999999844,45.23061951494879,48.193918813505455,15.770685748555477,5495.148871695693,0.40839570452326684,-53.419577713523175,3.291450035678803,82.72212307571934,11.44815926722059,1694.96,2.0,-1.9923554944446815,-29030.804422710207,0.0,-0.2954999999999998,-21.294466403162062,-1443804.4581545023,-1584434.1997197373
002594.SZ,20200819,82.18,81.4,81.64,79.52,79.65,-2.53,-3.0786,187358.26,1504274.09,83.81,83.02,83.26,81.1,81.23,1.019895,80.2886,-1,90.4,73.96,79.24,1,1,-0.030786079338038452,0,0.7794619390330044,1.0,1.0,49.999999999984084,46.191960753037144,43.18354050139325,0.0,5325.974782557337,0.3878244746600739,-55.5716183701065,-3.910147165730065,82.58155171655999,11.427810883978564,1687.6599999999999,2.0,-2.1237093624549184,-20537.418469753437,0.0,-0.4424999999999997,-22.613553558416328,-1828448.2914921313,-1619293.3556872222
002594.SZ,20200820,79.65,79.64,80.0,78.1,78.55,-1.1,-1.381,122724.3,967851.099,81.23,81.22,81.59,79.65,80.11,1.019895,78.8639,-1,87.62,71.69,78.14,1,1,-0.013810420590081751,0,0.5194473114264345,1.0,1.0,49.99999999998343,40.96574342912623,41.17901723202039,0.0,5325.974782557337,0.4074542008843966,-57.00036356691843,-6.881465241349137,82.40278400767914,11.547578357830712,1682.08,0.0,-2.2551257985672017,-21846.54060571517,0.0,-0.6434999999999995,-24.734231041814304,-2101377.317464051,-1688162.4930839122
002594.SZ,20200821,78.55,80.0,80.64,78.9,79.58,1.03,1.3113,111905.48,893244.022,80.11,81.59,82.24,80.47,81.16,1.019895,79.8213,-1,86.41,70.7,79.17,1,1,0.013112667091024877,1,0.49508849478092665,1.0,1.0,49.99999999998255,46.196206400982504,43.809207903521255,13.514036489284287,5325.974782557337,0.48314606741572996,-66.34188358901093,-3.720235599391323,82.27336639853003,11.285657929587751,1671.64,2.0,-2.1026892486941238,-22312.552849300235,0.0,-0.42549999999999955,-16.454431960049902,-1717420.4436510343,-1692342.200307787
002594.SZ,20200824,79.58,79.9,82.28,79.69,81.44,1.86,2.3373,171280.61,1384872.483,81.16,81.49,83.92,81.28,83.06,1.019895,80.854,-1,87.54,71.62,81.02,1,1,0.02337270671022873,1,0.8070980191725574,1.0,1.0,49.999999999981654,50.58693532439391,48.30459697235597,38.315445849726174,5450.457229096123,0.46005706134094115,-61.7632305903133,1.8007177120446225,82.23296768544077,10.962949505178717,1668.92,2.0,-1.669600346119993,-13215.608386662352,0.0,-0.34949999999999976,-5.187096774193513,-1186277.3408225803,-1620047.220381329
002594.SZ,20200825,81.44,81.0,82.88,80.5,81.24,-0.2,-0.2456,145106.34,1182125.999,83.06,82.61,84.53,82.1,82.86,1.019895,81.4662,-1,89.58,73.3,80.82,1,1,-0.0024557956777996326,0,0.6898641308489661,1.0,1.0,49.99999999998076,49.668484025135335,47.861205335297555,35.93125412371611,5450.457229096123,0.46319569120287213,-61.13436878563609,1.191059861271191,82.1851203271085,10.666633100660503,1668.8,0.0,-1.3424306399453947,-9490.669439791265,0.0,-0.23399999999999962,-6.981627296587874,-679857.2430591004,-1485734.3664781537
002594.SZ,20200826,81.24,82.0,85.31,81.68,83.42,2.18,2.6834,320471.53,2691953.337,82.86,83.63,87.01,83.31,85.08,1.019895,83.9998,-1,89.36,73.12,82.99,1,1,0.026834071885770694,1,1.5498656718969188,1.0,1.0,49.99999999997999,49.96847247532283,52.932631783026174,98.2044645783407,5596.715190192007,0.47760088855979227,-58.32702063961394,7.543980298358117,82.2483602676858,10.462530526759368,1667.52,0.0,-0.7919680599518331,16417.119232039084,0.0,-0.34399999999999975,-2.6958931720835935,298105.1790221869,-1230900.1456923909
002594.SZ,20200827,83.42,86.5,87.55,84.7,85.42,2.0,2.3975,252034.89,2168640.349,85.08,88.22,89.29,86.39,87.12,1.019895,86.0452,-1,91.76,75.08,84.98,1,1,0.023975065931431283,1,1.2093889023132203,1.0,1.0,49.999999999979636,55.771612473844776,57.059273094491466,100.0,5596.715190192007,0.47636632200886236,-54.496050271251256,12.949041661166758,82.4189477287617,10.079299255937752,1663.31,2.0,-0.15157529415700313,23715.414879777512,0.0,-0.2969999999999999,0.41534326899588336,1096662.0063586337,-898391.2668279589
002594.SZ,20200828,85.42,85.0,86.06,83.02,85.39,-0.03,-0.0351,186470.43,1572760.241,87.12,86.69,87.77,84.67,87.09,1.019895,84.3437,-1,93.96,76.88,84.95,1,1,-0.0003512058066026391,0,0.8889040447624483,0.9666666666666667,1.0,49.999999999979565,56.76567533874375,56.978574804737804,99.49183255954728,5596.715190192007,0.4827844311377243,-49.662266165484596,12.844878310331195,82.57859917257193,9.708274709879248,1665.9099999999999,0.0,0.25285927853519385,19279.59151577115,0.0,-0.2990000000000002,-1.2968299711815447,557623.774138263,-690389.1181184986
002594.SZ,20200831,85.39,87.02,88.22,84.88,85.0,-0.39,-0.4567,215346.9,1864842.718,87.09,88.75,89.98,86.57,86.69,1.019895,86.5971,-1,93.93,76.85,84.56,1,1,-0.004567279540929836,0,1.0443946423524668,0.9666666666666667,1.0,49.999999999979636,56.0683573718732,55.87230084958661,92.5254841283133,5571.153427407432,0.48993543486517255,-40.41714745793606,11.438547211595223,82.70709316801266,9.385234027884257,1669.73,-2.0,0.4416736630708754,19731.63982726688,0.0,-0.4380000000000003,1.5865608959402522,892849.8457358344,-464212.1232821653
002594.SZ,20200901,85.0,86.99,93.5,86.31,93.5,8.5,10.0,394612.65,3573272.701,86.69,88.72,95.36,88.03,95.36,1.019895,90.5514,-1,93.5,76.5,93.02,1,1,0.10000000000000009,1,1.9444295895859058,0.9666666666666667,1.0,49.999999999981064,56.29856965396796,69.6865104495416,100.0,6128.2687701481755,0.48124999999999973,-23.610801756801948,31.129603891717224,83.38103107168824,9.162444343798105,1668.56,-2.0,1.6191149279474324,42373.62691886837,0.0,-0.21499999999999986,3.3455545371218847,1551175.10841313,-176299.66161140887
002594.SZ,20200902,93.5,95.88,96.0,91.63,94.3,0.8,0.8556,397047.08,3719378.787,95.36,97.79,97.91,93.45,96.18,1.019895,93.676,-1,102.85,84.15,93.81,1,1,0.00855614973262031,1,1.9513018893960439,0.9666666666666667,1.0,49.99999999998275,63.3861171965258,70.6187775608177,100.0,6180.703155347304,0.5602503912363064,-15.45078262909386,32.613971963863015,84.07055861422798,8.887697165334824,1671.19,0.0,2.3680026385758737,55070.40583839778,0.0,-0.25150000000000006,18.69676320272569,2638554.32792631,225822.33689397946
002594.SZ,20200903,94.3,92.88,95.16,92.15,92.59,-1.71,-1.8134,227794.95,2129704.437,96.18,94.73,97.05,93.98,94.43,1.019895,93.4922,-1,103.73,84.87,92.11,1,1,-0.018133616118769846,0,1.0653632124920582,0.9666666666666667,1.0,49.999999999984055,57.88860501996874,65.9499311899417,84.14101772999473,6180.703155347304,0.5411124546553806,-13.024844182854974,26.480382395947053,84.58367394959575,8.646896599661563,1679.35,-2.0,2.4832615232185047,38829.34788429205,0.0,-0.26199999999999973,15.550847457627093,1756580.40567616,444502.06100571953
002594.SZ,20200904,92.59,88.8,90.59,88.02,90.0,-2.59,-2.7973,222021.32,1979126.649,94.43,90.57,92.39,89.77,91.79,1.019895,89.1413,-1,101.85,83.33,89.54,1,1,-0.027972783237930732,0,1.0329351642869493,0.9666666666666667,1.0,49.999999999984894,58.09027577909272,59.53022370550561,62.33476858687087,6180.703155347304,0.5538366336633661,-18.83425986677342,17.794191814461865,84.88748906850574,8.223812928950899,1683.18,-2.0,2.0773531303315984,26079.129462518013,0.0,-0.09099999999999966,12.268423219431838,823454.6937847845,498638.15140272886
002594.SZ,20200907,90.0,89.48,97.5,89.4,94.74,4.74,5.2667,409986.53,3862436.332,91.79,91.26,99.44,91.18,96.62,1.019895,94.2089,-1,99.0,81.0,94.25,1,1,0.05266666666666664,1,1.9181147905205382,0.9666666666666667,1.0,49.999999999985604,66.65907567130006,66.04460205739208,84.46259258791838,6506.220188195595,0.5763517528223407,-5.6298156404823025,27.39929420837753,85.4852047536737,7.4996498920738786,1687.2,0.0,2.296897816841712,40853.769856993466,0.0,0.2625,33.82928739232576,1102357.4249741659,584883.7619129341
002594.SZ,20200908,94.74,95.88,95.88,90.7,91.0,-3.74,-3.9476,279084.09,2590896.624,96.62,97.79,97.79,92.5,92.81,1.019895,92.8357,-1,104.21,85.27,90.53,1,1,-0.03947646189571452,0,1.2836356374069842,0.9666666666666667,1.0,49.999999999985924,64.93777503567998,58.09800264616967,57.46984766584361,6506.220188195595,0.5326743547501372,2.165447427688989,16.129601208212563,85.79017188353123,6.842504102514852,1699.88,0.0,1.809372808144091,31314.05646352294,0.0,0.06350000000000051,32.60911736178465,200932.58540733764,530033.593840706
002594.SZ,20200909,91.0,88.01,88.7,84.85,85.99,-5.01,-5.5055,263291.56,2281813.618,92.81,89.76,90.46,86.54,87.7,1.019895,86.6649,-1,100.1,81.9,85.55,1,1,-0.055054945054945126,0,1.1878038999576932,0.9666666666666667,1.0,49.999999999986095,64.11903573650469,49.50501821922166,21.245437314023587,6506.220188195595,0.47960444993819523,2.7392081536648343,3.2506532070010996,85.799996828081,6.9263353863723305,1712.43,-2.0,0.7380062865342669,21655.38471085274,0.0,-0.07749999999999986,21.57211452961051,-764288.7984574533,345130.39494096907
002594.SZ,20200910,85.99,87.84,90.17,86.9,87.09,1.1,1.2792,217062.71,1923920.285,87.7,89.59,91.96,88.63,88.82,1.019895,88.6343,-1,94.59,77.39,86.64,1,1,0.012792185137806777,1,0.9699892357385064,0.9666666666666667,1.0,49.99999999998618,64.83224110176019,51.21126567643874,14.720640268404631,6506.220188195595,0.46893884457336227,5.278197794805558,5.6684824732970736,85.86490762692026,6.925451009973465,1714.6200000000001,0.0,0.13503180517431712,8494.36901931226,0.0,-0.029999999999999714,19.93464052287581,-262483.94301866554,258328.3466610213
002594.SZ,20200911,87.09,87.85,91.2,87.22,91.2,4.11,4.7193,205763.7,1843068.555,88.82,89.6,93.01,88.96,93.01,1.019895,89.5721,-1,95.8,78.38,90.73,1,1,0.047192559421288305,1,0.9031052590412056,0.9666666666666667,1.0,49.99999999998613,67.99587646318867,57.05085303714924,40.380615343259194,6506.220188195595,0.4277839029768468,8.177353519536721,14.11044593164723,86.15480751729105,6.745720499128786,1721.71,0.0,0.24111987044645566,-1733.0046239164203,0.0,0.14600000000000007,25.082629452809414,256911.54309664527,258125.94615182473
002594.SZ,20200914,91.2,91.3,94.5,91.3,92.5,1.3,1.4254,223839.09,2078549.015,93.01,93.12,96.38,93.12,94.34,1.019895,92.8591,-1,100.32,82.08,92.02,1,1,0.014254385964912242,1,0.9644188219722255,0.9666666666666667,1.0,49.999999999985874,68.63585951144576,58.7333267264361,43.707557512194526,6598.9623619308395,0.42487954445904513,10.771678990905277,16.59560120177563,86.50710348503507,6.591723109126192,1731.58,0.0,0.4268684598259833,-5832.331402862781,0.0,0.1700000000000003,28.683796539066606,907601.098654611,350908.1107950799
002594.SZ,20200915,92.5,94.01,101.75,93.5,101.3,8.8,9.5135,579221.28,5761285.366,94.34,95.88,103.77,95.36,103.32,1.019895,99.4661,-1,101.75,83.25,100.78,1,1,0.09513513513513505,1,2.4570578527547307,0.9666666666666667,1.0,49.99999999998616,71.63242090105228,67.90018097247712,87.12405240413675,7226.7555379848,0.4402457185405808,21.23323992104074,30.851964148296002,87.42885565857111,6.365123358416982,1739.57,2.0,1.6091015121433436,37189.733350946015,0.0,0.6259999999999998,35.422602089268764,2326895.8800825756,633192.0778361508
002594.SZ,20200916,101.3,100.28,107.87,99.0,105.4,4.1,4.0474,493789.34,5154280.712,103.32,102.28,110.02,100.97,107.5,1.019895,104.3822,-1,111.43,91.17,104.86,1,1,0.04047384007897348,1,1.9241955413774592,0.9666666666666667,1.0,49.99999999998698,76.74832086255655,71.11914938287927,100.0,7226.7555379848,0.5384337131488515,31.145516892939575,36.200269682762304,88.59441504229038,5.915775089823599,1756.39,4.0,2.750383602848083,51143.06686559602,0.0,0.9695,47.22264037332531,3557172.960933745,1050903.6325643784
002594.SZ,20200917,105.4,105.51,115.94,105.15,115.94,10.54,10.0,602351.1,6707262.639,107.5,107.61,118.25,107.24,118.25,1.019895,111.3514,-1,115.94,94.86,115.34,1,1,0.09999999999999987,1,2.2149923995580556,0.9666666666666667,1.0,49.99999999998855,80.9328514264781,77.39485841675953,100.0,7949.431091783279,0.5722230804881815,41.160562016556995,47.24243515919282,90.5117629089693,5.301242123133278,1781.5400000000002,6.0,4.62187336048724,70789.11005894422,0.0,1.5454999999999999,56.38210266264068,5071248.183908261,1625238.5684706476
002594.SZ,20200918,115.94,113.99,115.5,111.5,115.5,-0.44,-0.3795,473753.77,5363840.116,118.25,116.26,117.8,113.72,117.8,1.019895,113.22,-1,127.53,104.35,114.9,1,1,-0.003795066413662229,0,1.6009301155922495,0.9666666666666667,1.0,49.999999999989996,82.3712267348057,76.64610356379083,97.31531321920302,7949.431091783279,0.5651699407545993,42.297812013015836,46.13104547877461,92.2505996760092,4.744368356035693,1818.9299999999998,4.0,5.44096646996862,62542.13449020917,0.0,1.6420000000000001,59.46945542660375,6370489.24933232,2303131.522879458
002594.SZ,20200921,115.5,116.0,119.32,104.34,105.77,-9.73,-8.4242,588770.87,6535043.671,117.8,118.31,121.69,106.42,107.87,1.019895,110.9947,-1,127.05,103.95,105.22,1,1,-0.08424242424242423,0,1.8749679783937847,0.9666666666666667,1.0,49.99999999999106,73.79451135012869,62.29391818040098,45.85504926022605,7279.751745263355,0.5390917928065545,51.787343077776235,24.29287890102823,93.050773574716,4.769539779537744,1858.67,2.0,4.35936627749799,68195.93664003341,0.0,1.0535000000000003,45.07327534850471,5152333.962318283,2710160.44279929
002594.SZ,20200922,105.77,106.5,110.65,104.01,106.77,1.0,0.9454,462881.94,4971987.39,107.87,108.62,112.85,106.08,108.89,1.019895,107.4137,-1,116.35,95.19,106.22,1,1,0.009454476694714886,1,1.3821868339722045,0.9666666666666667,1.0,49.999999999991815,68.01810148928635,63.059518919227855,48.600137555477254,7279.751745263355,0.5169619557753053,53.063503212890375,25.49738431916957,93.87064358959961,4.698424829081082,1879.8000000000002,4.0,3.5027388032326083,51362.54290727695,0.0,1.0550000000000004,30.885717398409433,3096435.159187611,2765342.545140479
002594.SZ,20200923,106.77,109.0,111.01,106.3,110.4,3.63,3.3998,381409.14,4146613.365,108.89,111.17,113.22,108.41,112.6,1.019895,108.7182,-1,117.45,96.09,109.83,1,1,0.03399831413318366,1,1.0873178976634104,0.9666666666666667,1.0,49.99999999999228,68.69739620759148,65.77603667793362,58.34030723542249,7279.751745263355,0.4888230541341233,50.80848854486823,29.76706933119329,94.89205603688934,4.609922540212668,1904.8600000000001,4.0,3.15972315942029,26869.0464400168,0.0,1.0540000000000007,30.78014184397165,3646848.028152384,2891271.899856466
002594.SZ,20200924,110.4,107.88,110.03,106.01,106.4,-4.0,-3.6232,266125.7,2864183.119,112.6,110.03,112.22,108.12,108.52,1.019895,107.6252,-1,121.44,99.36,105.85,1,1,-0.036231884057971064,0,0.7521357908277727,0.9666666666666667,1.0,49.9999999999925,64.97087139362792,60.496695781485954,39.41104532837963,7279.751745263355,0.47600314712824543,49.37733991429829,21.678566146101865,95.55885133247077,4.881362023225228,1931.84,2.0,2.1755517093922965,-5518.336567828097,0.0,1.0340000000000011,27.017073987278216,2568206.4767167047,2845119.6965507856
002594.SZ,20200925,106.4,108.2,109.79,103.8,105.09,-1.31,-1.2312,324363.17,3457966.85,108.52,110.35,111.97,105.87,107.18,1.019895,106.6079,-1,117.04,95.76,104.55,1,1,-0.012312030075187996,0,0.914907244096417,0.9666666666666667,1.0,49.999999999992504,63.30688897014087,58.8313038146839,33.43972403357681,7190.12322283577,0.44454475109620833,49.36474335000636,19.118965123564497,96.09948969709691,5.232967028226057,1955.5700000000002,2.0,1.1794886238815483,-18995.678989718683,0.0,0.8590000000000011,26.27024628355891,1373180.100535633,2634842.611405764
002594.SZ,20200928,105.09,106.19,108.1,105.65,106.4,1.31,1.2466,211882.87,2260356.21,107.18,108.3,110.25,107.75,108.52,1.019895,106.6795,-1,115.6,94.58,105.85,1,1,0.012465505756970252,1,0.5862416128351884,0.9666666666666667,1.0,49.99999999999228,63.511671354372425,60.016659187947006,37.68985728951332,7190.12322283577,0.4393321437675248,45.73094149372794,20.871108606258908,96.69236307782172,5.455207953755012,1972.44,4.0,0.5599036297328848,-41660.39327296402,0.0,0.9705000000000013,26.01580763664701,1752794.3505210802,2508835.7169936663
002594.SZ,20200929,106.4,108.59,109.51,104.25,107.89,1.49,1.4004,270045.76,2884125.029,108.52,110.75,111.69,106.32,110.04,1.019895,106.8013,-1,117.04,95.76,107.33,1,1,0.014003759398496296,1,0.747526046473797,0.9666666666666667,1.0,49.999999999992,63.159444025160276,61.378754175276896,38.831525526980016,7290.811978493904,0.4824352694191742,38.195331078616086,22.87156394880478,97.34753982123074,5.671836335917239,1991.69,4.0,0.23046570421155188,-47020.40054785588,0.0,0.6100000000000009,22.68496975337368,2162873.600104673,2459412.557438096
002594.SZ,20200930,107.89,108.58,118.23,107.1,116.24,8.35,7.7394,444201.02,5073415.251,110.04,110.74,120.58,109.23,118.55,1.019895,114.2144,-1,118.68,97.1,115.64,1,1,0.0773936416720733,1,1.2511848396765441,0.9666666666666667,1.0,49.999999999991786,63.82137629513999,67.96499997948023,53.64797510951138,7855.074468255921,0.4363291139240506,42.16608339206094,32.881125342178386,98.54299285410556,5.671836335917239,2007.1599999999999,4.0,0.9752090902692743,-26341.279127209258,0.0,1.0720000000000005,25.62667860340199,2868688.9535700567,2517880.6140283765
002594.SZ,20201009,116.24,123.1,126.14,119.2,120.35,4.11,3.5358,559678.07,6870685.597,118.55,125.55,128.65,121.57,122.74,1.019895,122.7614,-1,127.86,104.62,119.73,1,1,0.03535788024776321,1,1.566049988659823,0.9666666666666667,1.0,49.999999999991694,68.6929779029954,70.62077914608693,63.70030400995882,8132.813250641776,0.5072481572481573,43.73173039400867,37.10990005208411,99.96678169706206,5.657323873056911,2028.24,6.0,1.8107913451922624,2145.2545275696175,0.0,0.9490000000000002,35.61916120055657,4328823.38240673,2776586.7237967127
002594.SZ,20201012,120.35,123.8,129.03,120.45,128.5,8.15,6.7719,528088.92,6521180.717,122.74,126.26,131.6,122.85,131.06,1.019895,123.4864,-1,132.39,108.32,127.84,1,1,0.06771915247195692,1,1.4120925034440333,0.9666666666666667,1.0,49.99999999999193,72.83919769003484,75.03971105746746,87.3130582489372,8132.813250641776,0.5080496780128795,47.122830784040985,44.41936470493286,101.92904324958467,5.564680771558016,2056.0,8.0,3.1710266046270164,15256.279659952677,0.0,1.124,43.76389731150195,5554850.519411512,3173481.551741684
002594.SZ,20201013,128.5,128.0,131.88,125.0,129.29,0.79,0.6148,460527.46,5958597.982,131.06,130.55,134.5,127.49,131.86,1.019895,129.3864,-1,141.35,115.65,128.62,1,1,0.006147859922178922,1,1.1830251085266732,0.9666666666666667,1.0,49.9999999999923,73.50157994816001,75.42555782842066,89.39157596401998,8132.813250641776,0.5665582459944585,40.47492633375152,45.07077205931319,103.81917425913906,5.564680771558016,2091.6,8.0,3.8421750006295383,13416.822601193606,0.0,0.9255000000000002,42.38972872230278,6562394.922616497,3657612.0332952286
002594.SZ,20201014,129.29,129.15,132.32,128.1,130.5,1.21,0.9359,310471.58,4041272.251,131.86,131.72,134.95,130.65,133.1,1.019895,130.1656,-1,142.22,116.36,129.83,1,1,0.00935880578544368,1,0.7924103305891919,0.9666666666666667,1.0,49.99999999999271,76.92657752857104,76.03658007442917,92.6830912966502,8132.813250641776,0.5898359840954273,36.36691648394667,46.089451578157885,105.67526340206038,5.494222107582256,2123.8199999999997,10.0,4.091084136113407,-8256.661654861979,0.0,1.2369999999999997,46.56332857434227,7000319.08099765,4135141.6115384316
002594.SZ,20201015,130.5,134.6,137.73,131.33,131.55,1.05,0.8046,402893.07,5425288.384,133.1,137.28,140.47,133.94,134.17,1.019895,134.6583,-1,143.55,117.45,130.87,1,1,0.008045977011494232,1,1.024193439989192,0.9666666666666667,1.0,49.99999999999312,80.25953110353713,76.58075050529162,99.63315299964296,8198.249679095215,0.6642707788813378,36.70840055564737,46.987485633416085,107.48634077061183,5.091313532172612,2163.3199999999997,12.0,4.032547594344029,-10258.072884621084,0.0,1.185500000000001,60.49434001453942,7698390.600001611,4644177.181318887
002594.SZ,20201016,131.55,132.56,133.85,125.0,127.8,-3.75,-2.8506,413535.51,5301212.698,134.17,135.2,136.51,127.49,130.34,1.019895,128.1924,-1,144.71,118.4,127.14,1,1,-0.02850627137970363,0,1.0329194044257028,0.9666666666666667,1.0,49.99999999999342,75.26694371383972,70.42944809484622,65.34369483359494,7964.548148904359,0.6379941897183273,40.14660349300571,38.3250831279704,108.82438296182059,4.802885937442908,2211.1800000000003,10.0,3.1625380762138455,-10239.008186401421,0.0,0.9850000000000009,49.587352093069484,6037912.145809699,4843282.176246146
002594.SZ,20201019,127.8,128.0,129.81,126.3,128.08,0.28,0.2191,222006.11,2832538.854,130.34,130.55,132.39,128.81,130.63,1.019895,127.5883,-1,140.58,115.02,127.42,1,1,0.0021909233176840015,1,0.5412411372862098,1.0,1.0,49.99999999999356,72.51065783339257,70.61921579336598,66.41284195591157,7964.548148904359,0.6162728962038753,37.24929164127763,38.60943936379173,110.09534023909008,4.766289985697631,2250.39,10.0,2.336682660286666,-34735.47998887364,0.0,0.821500000000001,43.251592971616134,4486255.443870928,4792278.357335401
002594.SZ,20201020,128.08,126.18,140.33,126.18,140.0,11.92,9.3067,541679.01,7240427.47,130.63,128.69,143.12,128.69,142.79,1.019895,133.6664,-1,140.89,115.27,139.28,1,1,0.0930668332292317,1,1.3179801279655008,1.0,1.0,49.99999999999366,73.9648938883386,77.2983859037022,100.0,8705.783423224626,0.5447882736156351,45.04707532756576,49.12140459758583,112.21887589030902,4.736877556535707,2285.3700000000003,10.0,3.0621443270076014,-7987.0273611337325,0.0,1.4525000000000006,46.573350299945474,4301200.5510094315,4722124.38500312
002594.SZ,20201021,140.0,137.99,139.7,134.17,137.5,-2.5,-1.7857,380567.07,5212917.457,142.79,140.74,142.48,136.84,140.24,1.019895,136.9776,-1,154.0,126.0,136.79,1,1,-0.017857142857142905,0,0.8915004125672055,1.0,1.0,49.99999999999359,73.83150906482079,73.5232527839378,79.55750073797893,8705.783423224626,0.5188300276173737,37.75116213395184,43.6895558691308,113.94870136421086,4.753677288281346,2332.8700000000003,8.0,2.874430916957351,-11868.373490701255,0.0,1.0635000000000006,46.93029974720116,4904834.538883384,4748225.835557444
002594.SZ,20201022,137.5,137.23,145.0,132.07,143.79,6.29,4.5745,434389.39,6061013.977,140.24,139.96,147.88,134.7,146.65,1.019895,139.5295,-1,151.25,123.75,143.05,1,1,0.045745454545454534,1,1.0418234106767164,1.0,1.0,49.99999999999351,74.0813155785667,76.61745658076605,96.3127400438585,9104.03344309432,0.5033598045204641,36.69223513331125,48.64390602194521,116.06095240706374,4.753677288281346,2365.94,8.0,3.239560427481706,-7284.162386738928,0.0,1.1355000000000004,46.5344733490995,5396814.560364734,4840881.367672771
002594.SZ,20201023,143.79,142.02,145.78,136.5,138.67,-5.12,-3.5607,400994.12,5645291.379,146.65,144.85,148.68,139.22,141.43,1.019895,140.7824,-1,158.17,129.41,137.95,1,1,-0.03560748313512763,0,0.9686291059248453,1.0,1.0,49.99999999999336,73.78215333274547,69.49779560338446,54.8622054461364,9104.03344309432,0.5492607614810936,30.505642007353572,38.223707509976855,117.54909830304716,4.8198956616021364,2406.57,6.0,2.46835777615647,-8749.659530716584,0.0,0.4464999999999996,44.70366886171213,6005126.292586945,5007202.071231939
002594.SZ,20201026,138.67,136.5,142.85,133.1,139.96,1.29,0.9303,309796.04,4319369.738,141.43,139.22,145.69,135.75,142.74,1.019895,139.4262,-1,152.54,124.8,139.24,1,1,0.009302660993726342,1,0.7669866171936645,1.0,1.0,49.99999999999322,69.08664896043977,70.24795379420439,55.712341656064154,9104.03344309432,0.5432194616977222,33.90597326024761,39.35128559609769,119.03623542820819,4.855814343970358,2423.73,8.0,1.837868421003737,-21287.91116891949,0.0,0.5439999999999998,36.54571843251088,4531218.707928225,4939204.447902837
002594.SZ,20201027,139.96,137.42,141.5,135.83,140.28,0.32,0.2286,296545.4,4122784.516,142.74,140.15,144.32,138.53,143.07,1.019895,139.0271,-1,153.96,125.96,139.56,1,1,0.002286367533580913,1,0.7493907091158238,1.0,1.0,49.99999999999308,75.10946076239489,70.44214941381256,26.540737246315327,9104.03344309432,0.6185354353911887,19.78169525492295,39.638971168794626,120.44883420371156,4.4754515640015855,2440.24,10.0,1.200631585953456,-30111.708441457034,0.0,1.1985000000000006,48.18034775576223,4632961.866888028,4895455.507757864
002594.SZ,20201028,140.28,139.51,153.48,139.02,151.6,11.32,8.0696,517973.65,7669731.453,143.07,142.29,156.53,141.79,154.62,1.019895,148.0718,-1,154.31,126.25,150.82,1,1,0.08069575135443396,1,1.3591396528456103,1.0,1.0,49.999999999993086,80.85457974538039,76.32831955146655,87.56419303041547,9838.690262140712,0.6353753676940781,25.521133188186056,48.700162769857094,122.65463583436816,4.111185268948283,2475.25,10.0,1.9938226908424426,-6122.851956119222,0.0,1.789500000000001,66.81991587596593,5058024.203202732,4918679.607107131
002594.SZ,20201029,151.6,147.91,166.76,147.91,158.38,6.78,4.4723,634704.95,10022998.772,154.62,150.85,170.08,150.85,161.53,1.019895,157.9159,-1,166.76,136.44,157.56,1,1,0.044722955145118704,1,1.6534861075542822,1.0,1.0,49.99999999999327,81.93104201167753,79.02280216734592,100.0,10278.705565421147,0.7740349151708873,35.13572757570187,53.135553029274575,125.25978983373781,3.969914445679611,2516.86,10.0,3.057989215401033,23825.73042371204,0.0,2.2430000000000008,70.04062886415824,5956492.682682823,5066938.617903659
002594.SZ,20201030,158.38,160.0,170.3,154.2,159.81,1.43,0.9029,673291.83,10882457.196,161.53,163.18,173.69,157.27,162.99,1.019895,161.6306,-1,174.22,142.54,158.99,1,1,0.009028917792650581,1,1.6979874482503328,1.0,1.0,49.99999999999348,85.7801180569118,79.55148961562848,100.0,10371.511152986195,0.8442300368160465,41.31830103779694,54.01819505994522,127.79377126647566,3.517797225197726,2560.66,12.0,3.5463937368345633,45911.50705043998,0.0,2.3075,73.03636210242131,7262210.892133489,5380548.942793635
002594.SZ,20201102,159.81,160.91,168.75,160.5,167.98,8.17,5.1123,524910.93,8660252.633,162.99,164.11,172.11,163.69,171.32,1.019895,164.9852,-1,175.79,143.83,167.11,1,1,0.051123208810462284,1,1.2591362658595635,1.0,1.0,49.999999999993726,89.35867883945754,82.29670451045605,100.0,10371.511152986195,0.7713418194557982,40.194784068987175,58.696517900211354,130.8306353462622,2.8277232683597906,2610.68,14.0,4.500497976583315,37942.92098413419,0.0,2.8165,77.54036861849616,8261249.575499684,5792077.604608785
002594.SZ,20201103,167.98,172.0,172.45,159.58,164.08,-3.9,-2.3217,661616.64,10960743.413,171.32,175.42,175.88,162.75,167.34,1.019895,165.6661,-1,184.78,151.18,163.23,1,1,-0.023217049648767585,0,1.5497832702751846,1.0,1.0,49.99999999999398,81.39842553413736,76.9836942797838,58.488569070628124,10130.715263614567,0.7730673316708229,45.173890028354414,50.9779514582367,133.22107389993326,2.2091200038054093,2678.04,12.0,4.145662107034987,47855.2123604643,0.0,2.41,77.87418655097613,6049423.49800558,5828841.30366547
002594.SZ,20201104,164.08,167.0,170.33,163.0,168.03,3.95,2.4074,460948.23,7689440.146,167.34,170.32,173.72,166.24,171.37,1.019895,166.8179,-1,180.49,147.67,167.16,1,1,0.024073622623110635,1,1.025706521553555,1.0,1.0,49.99999999999422,82.08296894190684,78.49780676274663,70.31858125335614,10130.715263614567,0.720666078517865,43.964957337692226,53.394604643408925,135.7636936414482,1.5715526044310648,2736.79,12.0,3.981497537397402,25285.344563481325,0.0,2.4965,78.22580645161288,6392381.659611389,5909347.068800601
002594.SZ,20201105,168.03,175.0,184.83,171.0,184.83,16.8,9.9982,674092.11,11951954.71,171.37,178.48,188.51,174.4,188.51,1.019895,177.3045,-1,184.83,151.23,183.88,1,1,0.09998214604534916,1,1.468799221337734,1.0,1.0,49.99999999999459,83.00533297019263,83.47655346206078,100.0,11143.605916645127,0.6620599213154444,40.79759373905992,61.82090735769425,139.54462422032034,1.5715526044310648,2797.72,12.0,5.576487144488567,36298.875244233044,0.0,2.6050000000000013,79.17737789203085,7147377.67451445,6086208.583902581
002594.SZ,20201106,184.83,189.5,198.85,179.89,190.44,5.61,3.0352,807666.85,15261972.051,188.51,193.27,202.81,183.47,194.23,1.019895,188.9637,-1,203.31,166.35,189.46,1,1,0.0303522155494238,1,1.7168492647221099,1.0,1.0,49.99999999999498,83.99324861501157,84.74666089957775,100.0,11481.839045424975,0.7790917221504521,44.50670544171267,64.10228726709607,143.521789733065,1.5715526044310648,2861.37,12.0,6.749519259825455,57545.91626225057,0.0,2.789500000000001,79.47533164406019,8327266.87578899,6406359.768457782
002594.SZ,20201109,190.44,191.6,193.67,184.12,190.95,0.51,0.2678,525016.12,9934097.169,194.23,195.41,197.52,187.78,194.75,1.019895,189.2151,-1,209.48,171.4,189.96,1,1,0.0026780088216760145,1,1.0873614825684212,1.0,1.0,49.99999999999529,77.6906917606369,84.86059158830642,100.0,11481.839045424975,0.7941714162813207,41.63089422071868,64.30638877272042,147.2326268544523,1.5715526044310648,2925.1400000000003,12.0,6.930260621555515,30837.085287268783,0.0,2.5220000000000007,72.22832857038175,5663727.120324209,6300269.390152987
002594.SZ,20201110,190.95,186.86,186.88,176.88,182.58,-8.37,-4.3833,635349.5,11543486.452,194.75,190.58,190.6,180.4,186.21,1.019895,181.6872,-1,210.05,171.86,181.64,1,1,-0.043833464257658994,0,1.316291920554988,1.0,1.0,49.99999999999543,71.045930341987,74.96434489448002,35.58303642423414,10978.550264015146,0.734314407875112,40.70947536144907,49.611198638171174,149.75089488541235,1.8521511501245775,2991.09,10.0,5.330381426742662,25558.93554091941,0.0,2.243500000000001,62.359873526875504,2711028.1947316825,5787520.647949943
002594.SZ,20201111,182.58,176.9,181.89,164.32,164.35,-18.23,-9.9847,805675.15,13840949.837,186.21,180.42,185.51,167.59,167.62,1.019895,171.7932,-1,200.84,164.32,163.5,1,1,-0.09984664256764164,0,1.639475817510319,1.0,1.0,49.999999999995495,64.42614725568441,58.86327389283036,0.0,9882.378879893138,0.6280295943532614,45.87421818284778,24.153588020894396,150.6140050196363,3.6239748913796452,3045.5699999999997,8.0,1.4276787265272333,41588.6899917188,0.0,1.5485000000000007,47.853586327546736,-334287.2992063984,4912976.655499038
002594.SZ,20201112,164.35,168.0,173.3,165.78,169.33,4.98,3.0301,586639.61,9953360.351,167.62,171.34,176.75,169.08,172.7,1.019895,169.6674,-1,180.79,147.92,168.46,1,1,0.030301186492242227,1,1.136496325494004,1.0,1.0,49.999999999995524,59.51567749214405,61.30809711236449,9.404136411963659,9882.378879893138,0.6077188940092166,43.867297471276764,27.69161598938948,151.75204104053722,4.420741825437205,3079.4199999999996,8.0,-0.7546410235053855,20342.487683215295,0.0,1.7675000000000005,37.628458498023704,-2948159.47010687,3789957.208983909
002594.SZ,20201113,169.33,180.0,182.02,173.29,175.9,6.57,3.88,609193.92,10790305.828,172.7,183.58,185.64,176.74,179.4,1.019895,177.1243,-1,186.26,152.4,174.99,1,1,0.03879997637748778,1,1.1595523596706323,1.0,1.0,49.9999999999955,63.8269108484581,64.32078241487838,20.992583104055058,10265.814946986377,0.5844458742158598,40.395401863354294,32.090753658304564,153.27095632542543,4.716213572676497,3114.8999999999996,10.0,-1.5395971118295293,7635.233879792213,0.0,1.8005000000000009,46.805888838446066,-1893523.5722008366,2978031.383100374
002594.SZ,20201116,175.9,171.03,171.5,163.5,170.02,-5.88,-3.3428,542565.39,9094656.059,179.4,174.43,174.91,166.75,173.4,1.019895,167.6232,-1,193.49,158.31,169.14,1,1,-0.03342808413871512,0,1.0138512926844152,1.0,1.0,49.99999999999547,61.61065249453222,59.830699124480105,3.7212501804295592,10265.814946986377,0.5592581191319071,41.529829360937256,24.93038587193959,154.26736798697334,5.282228254321513,3164.5,8.0,-2.993114809012816,-10454.12043076256,0.0,1.7460000000000009,40.88504387875769,-3352384.7732326277,2073686.2179099454
002594.SZ,20201117,170.02,173.5,175.18,164.46,167.0,-3.02,-1.7763,568409.34,9641027.028,173.4,176.95,178.67,167.73,170.32,1.019895,169.6142,-1,187.02,153.02,166.14,1,1,-0.01776261616280439,0,1.031257519566463,1.0,1.0,49.99999999999544,62.0835298284593,57.60642503293296,0.0,10083.467216484678,0.551718440185063,34.43411137166144,21.373318031491102,155.0032736034948,5.980611495903761,3213.5,6.0,-4.417619219796151,-19142.01488920927,0.0,0.7300000000000011,38.256516934278075,-2417502.2287588064,1432087.8683858383
002594.SZ,20201118,167.0,165.88,169.18,162.25,167.0,0.0,0.0,417033.16,6941378.987,170.32,169.18,172.55,165.48,170.32,1.019895,166.4467,-1,183.7,150.3,166.14,1,1,0.0,0,0.7547874988575922,0.9666666666666667,1.0,49.999999999994955,58.69120190777512,57.60642503293296,0.0,10083.467216484678,0.5633541420617515,33.516056365651224,21.373318031491102,155.69664621695185,6.593485696019196,3073.5,7.0,-5.353736452396415,-44057.74349748342,0.0,0.8105000000000018,29.54425711275026,-3689166.473403575,700480.1052730653
002594.SZ,20201119,167.0,168.0,168.7,159.52,161.62,-5.38,-3.2216,470054.4,7652210.663,170.32,171.34,172.06,162.69,164.84,1.019895,162.7942,-1,183.7,150.3,160.79,1,1,-0.03221556886227539,0,0.8479522986567953,0.9666666666666667,1.0,49.99999999999499,54.93039086567864,53.4973752785661,0.0,9758.62258400152,0.5589560486270511,27.098726560191587,14.914866485115375,156.02078022129615,7.434419814324591,3110.13,5.0,-6.6091450655037285,-51649.89232163169,0.0,0.16350000000000192,24.673410598244793,-5077521.368046522,-124948.67662973295
002594.SZ,20201120,161.62,164.65,177.24,163.22,176.06,14.44,8.9345,707526.94,12067220.425,164.84,167.93,180.77,166.47,179.56,1.019895,170.5549,-1,177.78,145.46,175.15,1,1,0.08934537804727127,1,1.2722470334113534,0.9666666666666667,1.0,49.99999999999494,56.459030972286236,61.446265948692954,25.344628534345194,10630.510407989774,0.5179204411185507,27.951876551658987,26.034616117809556,157.22346373182438,7.594535996000848,3125.97,7.0,-5.454072964018298,-24325.74130324641,0.0,0.9015000000000029,26.691876385447905,-3804352.8780532163,-650577.8482616592
002594.SZ,20201123,176.06,176.9,185.02,172.07,184.2,8.14,4.6234,604026.64,10841291.967,179.56,180.42,188.7,175.49,187.86,1.019895,179.4837,-1,193.67,158.45,183.25,1,1,0.04623423832784268,1,1.0570060425950307,0.9666666666666667,1.0,49.99999999999482,60.04642372953714,65.07085600790849,36.90144727200082,10630.510407989774,0.47100149476831105,27.579467892810694,31.357739217341734,158.91088126330163,7.6122948545592655,3164.94,7.0,-3.640380666196023,-20013.843995226518,0.0,1.0935000000000017,33.48863564817731,-2177536.3388330434,-868714.7754861426
002594.SZ,20201124,184.2,191.77,194.99,180.71,184.19,-0.01,-0.0054,646752.09,12193378.658,187.86,195.59,198.87,184.31,187.85,1.019895,188.5325,-1,202.62,165.78,183.24,1,1,-5.4288816503711423e-05,0,1.1033674104975049,0.9333333333333333,1.0,49.99999999999473,61.57339177510053,65.06276346088315,36.875644602576166,10629.933290160894,0.44819836691887044,31.597675606084177,31.34551544556194,160.49197596829268,7.633855047212957,3224.1,5.0,-2.540885492455871,-11642.43116456231,0.0,0.5715000000000003,36.38827000662371,-368439.11064216867,-797246.8233655749
002594.SZ,20201125,184.19,183.0,191.7,180.6,183.53,-0.66,-0.3583,473857.64,8798105.734,187.85,186.64,195.51,184.19,187.18,1.019895,185.6698,-1,202.61,165.77,182.58,1,1,-0.003583256420001013,0,0.7849583012017004,0.9333333333333333,1.0,49.99999999999466,57.575654767036355,64.49268089304616,35.057965694243215,10629.933290160894,0.41471953105918774,25.6922913898362,30.501818529754825,161.92364455470695,7.683145721054367,3276.78,3.0,-2.0238443645872977,-28659.61706942736,0.0,-0.0064999999999997725,28.69487863769219,-1852441.0096123014,-947988.8499722502
002594.SZ,20201126,183.53,183.61,184.8,171.23,175.82,-7.71,-4.2009,496538.19,8751195.066,187.18,187.26,188.48,174.64,179.32,1.019895,176.2441,-1,201.88,165.18,174.91,1,1,-0.04200948073884381,0,0.8255457794585465,0.9333333333333333,1.0,49.999999999994586,53.09163012802815,58.08947013392738,14.641657953732032,10183.375312352686,0.36077892695539776,18.31215529725363,20.948412787784086,162.72399795215605,7.884786149989667,3313.6699999999996,1.0,-2.794194608094436,-35670.21553130465,0.0,-0.9195000000000008,14.667361699354899,-3441883.568556617,-1304259.524055731
002594.SZ,20201127,175.82,175.31,177.9,169.33,174.1,-1.72,-0.9783,397476.15,6868605.93,179.32,178.8,181.44,172.7,177.56,1.019895,172.8055,-1,193.4,158.24,173.2,1,1,-0.009782732339893019,0,0.6685234973972289,0.9333333333333333,1.0,49.999999999994515,48.789549219067524,56.73613345065356,15.087169870900166,10183.375312352686,0.31704957678355505,10.470693360150559,18.904370200734178,163.36812002782327,8.127931210508711,3337.37,-1.0,-3.560169642301407,-51498.72741317987,0.0,-0.9705000000000013,6.048805815160939,-4889583.202144178,-1816448.620925509
002594.SZ,20201130,174.1,171.5,176.74,166.01,172.15,-1.95,-1.12,379212.83,6493585.105,177.56,174.91,180.26,169.31,175.57,1.019895,171.2385,-1,191.51,156.69,171.26,1,1,-0.01120045950603099,0,0.6529512458041511,0.9333333333333333,1.0,49.999999999994444,45.00377492414768,55.16693404506727,14.425727277259954,10183.375312352686,0.3337859628278028,11.642915288842348,16.553664512692798,163.85552969071273,8.420805687538195,3354.3,-3.0,-4.3044904816671234,-61594.23273050352,0.0,-1.2915000000000005,-0.19854401058905324,-6125399.108836513,-2432012.976341367
002594.SZ,20201201,172.15,168.7,177.0,167.0,176.81,4.66,2.7069,401564.31,6983133.536,175.57,172.06,180.52,170.32,180.33,1.019895,173.8983,-1,189.37,154.94,175.9,1,1,0.02706941620679637,1,0.7002206318241124,0.9333333333333333,1.0,49.999999999994344,49.43598920103025,58.14607197774089,40.16679863119215,10459.033337072775,0.33164685049329623,8.12562959385461,20.506942399688313,164.5989123608936,8.566341875011199,3348.8500000000004,-1.0,-4.142740042700275,-62242.908508726105,0.0,-0.49000000000000055,-2.0284385740279305,-5019858.313869258,-2801705.1674167803
002594.SZ,20201202,176.81,171.1,172.5,168.0,169.75,-7.06,-3.993,492401.38,8354836.225,180.33,174.5,175.93,171.34,173.13,1.019895,169.6753,-1,194.49,159.13,168.87,1,1,-0.039929868220123343,0,0.8785352605182541,0.9333333333333333,1.0,49.999999999994245,45.383203986124286,52.45868192802672,0.0,10041.405514213582,0.3231717337715694,5.174214316249003,12.04196197961848,164.8737399634719,8.918820456578953,3362.6600000000003,-3.0,-4.908004802621289,-48053.44499427485,0.0,-0.6090000000000003,-7.312504181441113,-6350644.592044962,-3308696.513792235
002594.SZ,20201203,169.75,169.75,173.66,166.96,171.09,1.34,0.7894,365580.81,6251135.998,173.13,173.13,177.11,170.28,174.49,1.019895,170.9919,-1,186.73,152.78,170.21,1,1,0.007893961708394626,1,0.6504388007566253,0.9333333333333333,1.0,49.99999999999403,43.70434345136143,53.39054360315084,7.388588749425616,10041.405514213582,0.3701995481927711,-1.9693293176677515,13.259305857191714,165.20900153335998,9.217050066625,3361.59,-3.0,-5.130865198812124,-52978.83903048511,0.0,-1.0335000000000008,-17.828546242562275,-5462731.940604593,-3616415.860479715
002594.SZ,20201204,171.09,171.6,178.8,170.4,171.86,0.77,0.4501,394489.88,6888910.896,174.49,175.01,182.36,173.79,175.28,1.019895,174.6283,-1,188.2,153.98,170.97,1,1,0.004500555263311723,1,0.7216801673622352,0.9333333333333333,1.0,49.99999999999384,41.11069780520712,53.9491278738026,11.81751802929328,10086.597414651624,0.34980276134122296,-12.051810956374544,13.979421792342636,165.56999056172634,9.48427086216862,3352.1000000000004,-3.0,-5.063132194804638,-49629.505054316374,0.0,-1.0674999999999997,-26.05108055009822,-4307717.928931601,-3715173.2988299844
002594.SZ,20201207,171.86,171.3,176.66,169.11,175.29,3.43,1.9958,322185.89,5617848.45,175.28,174.71,180.17,172.47,178.78,1.019895,174.3667,-1,189.05,154.67,174.39,1,1,0.019958105434656037,1,0.6125577684075552,0.9333333333333333,1.0,49.999999999993605,43.46328763593027,56.45272108642679,31.668125837012806,10086.597414651624,0.3400115030674848,-13.13296023833287,17.20254070117353,166.11247141972873,9.545747054905855,3337.09,-3.0,-4.46576167932783,-54074.55588269066,0.0,-0.8355000000000004,-24.241204411883096,-4942095.174627857,-3890447.852515395
002594.SZ,20201208,175.29,178.1,182.0,176.7,177.97,2.68,1.5289,445743.24,7995315.241,178.78,181.64,185.62,180.22,181.51,1.019895,179.3704,-1,192.82,157.76,177.05,1,1,0.015288949740430269,1,0.8641337753575323,0.9333333333333333,1.0,49.99999999999329,49.062393306481866,58.357682379957566,46.77227268326878,10240.810895576185,0.3596268883706783,-17.281091964320208,19.677832808337676,166.78822538303814,9.525364145637608,3321.43,-1.0,-3.65328790350358,-38049.886041695216,0.0,-0.6280000000000001,-12.26718047527298,-3659173.2616960346,-3857408.625255486
002594.SZ,20201209,177.97,179.0,181.03,173.0,173.24,-4.73,-2.6578,315714.47,5563503.434,181.51,182.56,184.63,176.44,176.69,1.019895,176.2195,-1,195.77,160.17,172.35,1,1,-0.02657751306399947,0,0.6235148554878092,0.9333333333333333,1.0,49.99999999999285,51.53188106151992,53.87799613118565,11.253525317438621,10240.810895576185,0.41665687771643384,-25.82996256534367,13.380583658912093,167.13656156004143,9.099449943735573,3319.88,-1.0,-3.686033984875781,-42315.05564508621,0.0,-0.2884999999999991,-5.5488331892826395,-4145681.2639367515,-3898590.430781381
002594.SZ,20201210,173.24,168.0,171.66,166.02,169.52,-3.72,-2.1473,370436.28,6243808.669,176.69,171.34,175.08,169.32,172.89,1.019895,168.5528,-1,190.56,155.92,168.64,1,1,-0.02147310090048482,0,0.7687819366324483,0.9333333333333333,1.0,49.999999999992426,52.72805021426816,50.58893759210602,0.0,10020.908929912694,0.42291641826636484,-26.290355053302765,8.64780377958863,167.25987363239636,8.919974766119982,3328.77,-3.0,-4.109517996441847,-35396.77091385209,0.0,-0.2789999999999992,-6.1813186813187215,-5157146.166758625,-4078384.1073495587
002594.SZ,20201211,169.52,169.35,169.35,162.8,167.0,-2.52,-1.4866,354878.18,5902635.219,172.89,172.72,172.72,166.04,170.32,1.019895,166.3285,-1,186.47,152.57,166.14,1,1,-0.014865502595563962,0,0.7533958382850509,0.9333333333333333,1.0,49.99999999999207,47.38162506611032,48.43201294862304,0.0,10020.908929912694,0.4443748433976449,-26.800839108187084,5.5073365002777335,167.24681716821505,8.989969074582614,3328.96,-5.0,-4.593180425195017,-30721.104520811743,0.0,-0.1914999999999992,-17.246350693818734,-6081200.199510049,-4364500.691943915
002594.SZ,20201214,167.0,166.8,170.88,163.0,170.2,3.2,1.9162,302132.25,5064250.844,170.32,170.12,174.28,166.24,173.59,1.019895,167.617,-1,183.7,150.3,169.32,1,1,0.019161676646706427,1,0.659213418412301,0.9333333333333333,1.0,49.999999999991715,52.061504868834916,51.273086252901976,17.689633545194276,10020.908929912694,0.45981332641949724,-24.564021272800762,9.022403539038795,167.4001329255538,8.814800901387484,3316.0600000000004,-3.0,-4.348664274893942,-32372.635268563434,0.0,0.028999999999999203,-6.951661927639989,-5190622.432613835,-4482518.083468189
002594.SZ,20201215,170.2,170.25,175.05,168.5,174.7,4.5,2.6439,362218.02,6234488.461,173.59,173.64,178.53,171.85,178.18,1.019895,172.1198,-1,187.22,153.18,173.8,1,1,0.026439482961222005,1,0.8116008268850959,0.9333333333333333,1.0,49.99999999999133,50.96575678893867,55.02554070829354,66.4290484917347,10285.856580821077,0.4511574662935643,-27.50371481443436,13.77061177013476,167.79561404122066,8.435928787646153,3309.38,-1.0,-3.484720427594885,-23428.259853924,0.0,0.5764999999999987,-5.076582217512794,-3890372.143856194,-4397925.806380762
002594.SZ,20201216,174.7,176.0,176.7,170.9,171.87,-2.83,-1.6199,238153.85,4110951.042,178.18,179.5,180.22,174.3,175.29,1.019895,172.6175,-1,192.17,157.23,170.98,1,1,-0.016199198626216327,0,0.5462355298449157,0.9333333333333333,1.0,49.99999999999094,54.83824361431938,52.29788676717647,38.94824268828845,10285.856580821077,0.43548189073050986,-26.95396239460358,9.97113053685381,168.00897824604468,8.095645206615004,3486.08,-2.0,-3.2054452330270617,-31762.09485529657,0.0,0.3139999999999986,3.1234407743737833,-2968372.8251620536,-4193703.9519209466
002594.SZ,20201217,171.87,171.18,172.93,169.01,171.79,-0.08,-0.0465,189772.6,3245175.544,175.29,174.59,176.37,172.37,175.21,1.019895,171.0034,-1,189.06,154.68,170.9,1,1,-0.0004654680863444005,0,0.44438322612285097,0.9,1.0,49.999999999990564,56.58437149155695,52.2190838246945,38.15431193100173,10285.856580821077,0.42271831910702584,-32.17665913248998,9.861955968525743,168.20678322006808,7.484146479995096,3490.31,-2.0,-2.9489660811785363,-40756.49747949868,0.0,0.6634999999999976,2.0641975308641776,-3408962.738267365,-4081598.0642561493
002594.SZ,20201218,171.79,172.5,180.09,171.22,176.0,4.21,2.4507,488485.1,8625943.227,175.21,175.93,183.67,174.63,179.5,1.019895,176.5856,-1,188.97,154.61,175.09,1,1,0.02450666511438393,1,1.1826779047204745,0.9,1.0,49.99999999999021,55.431310903898435,55.97833664600395,76.02836009788707,10537.928623461841,0.4883191747572818,-34.98725692874462,14.560568649100919,168.63192386097984,7.345951071394604,3499.9100000000003,-2.0,-2.1659432624562758,-5299.1128408903605,0.0,0.26799999999999785,0.7109242014618573,-2675635.7355625555,-3880746.3030142076
002594.SZ,20201221,176.0,176.5,193.6,175.5,193.6,17.6,10.0,667797.63,12342923.957,179.5,180.01,197.45,178.99,197.45,1.019895,184.8303,-1,193.6,158.4,192.6,1,1,0.09999999999999987,1,1.660853526052052,0.9,1.0,49.99999999999062,55.96062695340768,67.49276433116023,100.0,11591.721485808024,0.4270363491642347,-22.507219602340516,30.502402389943356,170.18354001297848,7.303300703531755,3503.34,-2.0,0.6200332356326195,40933.479645981686,0.0,0.7579999999999985,5.137281163302347,-1460077.8122074744,-3534936.5186132463
002594.SZ,20201222,193.6,192.98,192.98,183.66,184.0,-9.6,-4.9587,586810.41,11044848.425,197.45,196.82,196.82,187.31,187.66,1.019895,188.2183,-1,212.96,174.24,183.05,1,1,-0.04958677685950408,0,1.4479509383408768,0.9,1.0,49.99999999999103,47.53392614549097,58.503915262382066,52.8410560088757,11591.721485808024,0.362480875603154,-25.59942854161397,17.874407197641588,170.95906717037852,7.344452109593642,3501.9500000000003,-2.0,1.0422827118050124,58179.43521303283,0.0,0.6879999999999995,3.4657320872273516,-3197031.090526769,-3486664.3146008924
002594.SZ,20201223,184.0,183.89,190.8,182.96,186.79,2.79,1.5163,427079.45,7982526.892,187.66,187.55,194.6,186.6,190.51,1.019895,186.9096,-1,202.4,165.6,185.83,1,1,0.015163043478260807,1,1.0616671466336576,0.9,1.0,49.99999999999149,47.81520652364803,60.16440367229258,61.55261399830415,11591.721485808024,0.3536165327210103,-26.967487277258385,20.235615410058593,171.86546809956175,7.335165547988352,3493.21,0.0,1.5398850046365258,46169.981079329606,0.0,0.8064999999999998,4.59600433028244,-4532991.58631053,-3636139.6391308405
002594.SZ,20201224,186.79,185.0,185.0,180.0,183.0,-3.79,-2.029,260453.54,4739171.492,190.51,188.68,188.68,183.58,186.64,1.019895,181.9584,-1,205.47,168.11,182.06,1,1,-0.020290165426414597,0,0.6512420440969962,0.9,1.0,49.99999999999184,49.290994750688014,56.837187659766506,44.09676482556716,11591.721485808024,0.37028131762442895,-35.18628949824444,15.48770075187839,172.47780214152846,7.222494273327707,3495.2000000000003,0.0,1.2152816834315736,15468.088418648294,0.0,1.0960000000000008,8.404732762137883,-5292608.452333084,-3872778.0410168753
002594.SZ,20201225,183.0,183.32,186.15,181.1,185.22,2.22,1.2131,211330.69,3892733.282,186.64,186.97,189.85,184.7,188.9,1.019895,184.201,-1,201.3,164.7,184.26,1,1,0.012131147540983545,1,0.5444852595499722,0.9,1.0,49.999999999992056,53.49109757481233,58.29216903327602,51.73015421462617,11591.721485808024,0.36806883365200765,-37.247929310552344,17.49648089189654,173.19073709733738,7.014827964745506,3498.4,2.0,1.1566705009029778,-10378.13197341071,0.0,1.2515000000000014,17.65088308592479,-4544238.1227148315,-3968700.909830869
002594.SZ,20201228,185.22,184.3,190.37,182.6,187.93,2.71,1.4631,303384.31,5674752.366,188.9,187.97,194.16,186.23,191.67,1.019895,187.0483,-1,203.74,166.7,186.96,1,1,0.014631249325126827,1,0.8008623510912111,0.9,1.0,49.9999999999922,58.30169220200962,60.06201257416468,61.01543109258878,11761.322852974312,0.3647560397915679,-37.32605744443973,19.941666032676107,174.03257126335592,6.692531543588723,3504.2599999999998,4.0,1.3277555573106383,-13783.25061079867,0.0,1.400500000000001,25.571413241764155,-3571868.372939326,-3912010.547417792
002594.SZ,20201229,187.93,186.0,186.0,178.46,178.6,-9.33,-4.9646,361177.82,6530622.526,191.67,189.7,189.7,182.01,182.15,1.019895,180.8146,-1,206.72,169.14,177.68,1,1,-0.049646144841164364,0,0.9630622302169414,0.9,1.0,49.999999999992276,53.0021090003974,51.89700483774421,18.17867417491044,11177.418515091853,0.3456402199528671,-36.903068951161316,8.3086781018826,174.26813896277997,6.711910461724804,3525.19,2.0,0.09408563674455728,-7285.605027547812,0.0,0.625,19.126022574298446,-4199383.791473132,-3953063.8679971267
002594.SZ,20201230,178.6,180.66,191.95,180.66,186.0,7.4,4.1433,510431.08,9559070.846,182.15,184.25,195.77,184.25,189.7,1.019895,187.2745,-1,196.46,160.74,185.04,1,1,0.04143337066069441,1,1.3684065165963208,0.9333333333333333,1.0,49.999999999992255,59.964769699856184,56.90143145489771,44.43381237338871,11640.536639457363,0.3443264393515929,-24.322861243734952,15.177155938215678,174.91158771903207,6.297390045361951,3526.98,4.0,0.17973811815789276,16768.38452673079,0.0,0.9594999999999999,29.504182819832693,-3099806.839275352,-3831170.006751159
002594.SZ,20201231,186.0,188.86,195.83,184.26,194.3,8.3,4.4624,505119.42,9665582.055,189.7,192.62,199.73,187.93,198.17,1.019895,191.3524,-1,204.6,167.4,193.3,1,1,0.044623655913978544,1,1.3509017443974733,0.9333333333333333,1.0,49.999999999992184,61.01195263277445,61.71278272565364,64.36438764309142,11640.536639457363,0.34259931542371125,-15.819636295002857,22.069435090570234,176.03860321162296,5.852219048313475,3544.2799999999997,4.0,1.202288412343199,30799.23773401793,0.0,1.1644999999999996,31.40758387929325,-1628824.7221970023,-3516549.251814851
002594.SZ,20210104,194.3,189.0,211.16,187.09,206.76,12.46,6.4128,589501.61,11803190.657,198.17,192.76,215.36,190.81,210.87,1.019895,200.2232,-1,213.73,174.87,205.69,1,1,0.06412763767370033,1,1.5476963579946372,0.9333333333333333,1.0,49.99999999999235,62.45184407133597,67.56639640761549,100.0,12387.016755399918,0.44736355226642,2.584958733405813,30.937134574611736,177.95411352857525,5.408427306817972,3560.97,4.0,3.286687033214916,49190.168988201236,0.0,2.039499999999998,37.70846479762013,-218983.1095801331,-3045468.3743527485
002594.SZ,20210105,206.76,206.0,221.23,202.01,219.9,13.14,6.3552,545305.97,11642247.812,210.87,210.1,225.63,206.03,224.27,1.019895,213.4994,-1,227.44,186.08,218.76,1,1,0.06355194428322708,1,1.3959286360558012,0.9333333333333333,1.0,49.99999999999298,65.4163113123568,72.36478210353755,100.0,12387.016755399918,0.4959680842033781,12.303129681601058,38.682490299701975,180.72418971604466,5.299169074852318,3593.87,4.0,6.006664992036551,52826.64188355175,0.0,2.5349999999999993,47.60326570204512,1380728.5923411977,-2413154.5219678995
002594.SZ,20210106,219.9,219.72,222.18,212.0,216.3,-3.6,-1.6371,434652.14,9376648.611,224.27,224.09,226.6,216.22,220.6,1.019895,215.7277,-1,241.89,197.91,215.18,1,1,-0.016371077762619368,0,1.0817723914508162,0.9666666666666667,1.0,49.99999999999361,65.75181232551112,69.33812072466398,85.21255464347924,12387.016755399918,0.5001263370672956,15.479548373676273,34.33760896480105,182.99998461629795,5.2576836546389565,3640.76,2.0,6.8321202383597015,38421.860745498925,0.0,2.3705,48.600428197605304,2741557.457995223,-1676767.0962588822
002594.SZ,20210107,216.3,216.6,228.32,214.2,225.04,8.74,4.0407,428602.54,9516502.256,220.6,220.91,232.86,218.46,229.52,1.019895,222.0356,-1,237.93,194.67,223.88,1,1,0.04040684234858993,1,1.0681903107383834,0.9666666666666667,1.0,49.99999999999426,70.25633745435948,72.36057158733783,99.97942856156268,12387.016755399918,0.5338113084569007,18.803878806597098,39.205137386422045,185.78673991021012,5.086558768977753,3673.93,4.0,7.986301782481387,26727.917502018918,0.0,3.0804999999999993,55.33255542590433,3908695.9398062304,-878843.8053924377
002594.SZ,20210108,225.04,233.0,234.32,220.7,227.51,2.47,1.0976,426758.36,9705879.745,229.52,237.64,238.98,225.09,232.04,1.019895,227.4327,-1,247.54,202.54,226.34,1,1,0.010975826519729726,1,1.0488397448982192,0.9666666666666667,1.0,49.99999999999482,74.89964830196547,73.16562045203,100.0,12387.016755399918,0.5886904271956539,23.32413919537322,40.51687654508389,188.57855999930317,4.764174145303341,3721.3900000000003,6.0,8.467542596340564,17821.932590403365,0.0,2.729999999999998,69.22342457033739,4995452.263757922,-39658.65265667217
002594.SZ,20210111,227.51,234.59,245.0,230.98,234.86,7.35,3.2306,534254.66,12681067.407,232.04,239.26,249.87,235.58,239.53,1.019895,237.36,-1,250.26,204.76,233.65,1,1,0.0323062722517693,1,1.304007146546085,0.9666666666666667,1.0,49.999999999995296,79.54199603380077,75.45651202987476,100.0,12787.195091087096,0.6491450284990501,26.753141112703105,44.28251716961427,191.75837079051033,4.282259359628684,3779.3799999999997,8.0,9.105330915299941,25045.340594205634,0.0,2.8609999999999984,75.78488808772724,6401688.562959891,880533.8067171224
002594.SZ,20210112,234.86,231.8,239.75,220.0,236.99,2.13,0.9069,433124.58,9980651.742,239.53,236.41,244.52,224.38,241.7,1.019895,230.4337,-1,258.35,211.37,235.77,1,1,0.009069232734394861,1,1.0345223457013502,0.9666666666666667,1.0,49.99999999999568,74.18320843858959,76.09346384620417,100.0,12787.195091087096,0.6107784431137725,31.797441429064808,45.338114712999364,194.88878970227447,3.9305744030220104,3836.38,8.0,9.120796958820446,15314.496853411089,0.0,2.9504999999999995,61.988919279051856,4862366.331172232,1449367.0244964235
002594.SZ,20210113,236.99,238.0,249.88,229.69,239.3,2.31,0.9747,480347.87,11590837.002,241.7,242.74,254.85,234.26,244.06,1.019895,241.3009,-1,260.69,213.29,238.06,1,1,0.009747246719270963,1,1.129643694265309,0.9666666666666667,1.0,49.99999999999589,74.96284633114453,76.79675646032581,100.0,12911.835036487373,0.6571591093775394,37.01717153250463,46.49531221706085,197.98690118727583,3.757586595725057,3897.57,8.0,8.747578918681661,14367.389635512796,0.0,2.7930000000000006,63.18434995245215,5241536.43794978,1991105.5121326176
002594.SZ,20210114,239.3,232.0,235.45,222.34,223.95,-15.35,-6.4145,445955.02,10176085.741,244.06,236.62,240.13,226.76,228.41,1.019895,228.1864,-1,263.23,215.37,222.79,1,1,-0.064145424153782,0,1.034393188683697,0.9666666666666667,1.0,49.99999999999596,70.16757239117487,63.44094884974907,46.3616833893863,12911.835036487373,0.5964744062546097,38.79429936934486,27.600292615557553,199.56447214237596,3.733151404506895,3960.17,8.0,5.876328543496179,8525.55826985991,0.0,2.597,47.84301412872843,3398803.0074460246,2192205.1543202475
002594.SZ,20210115,223.95,222.0,228.92,216.5,225.2,1.25,0.5582,377050.46,8420560.824,228.41,226.42,233.47,220.81,229.68,1.019895,223.3272,-1,246.35,201.56,224.04,1,1,0.005581603036391991,1,0.8539880798312657,0.9666666666666667,1.0,49.99999999999587,68.2047373544079,63.99015431888348,48.56734984525701,12911.835036487373,0.5752102376599633,41.471701274436896,28.391997287149046,201.13180386768582,3.6609821574133274,4003.7400000000002,10.0,3.6952286821520275,-4502.2977966302715,0.0,2.7265,45.32436269366089,1698320.5584340505,2121650.212050791
002594.SZ,20210118,225.2,220.0,224.0,216.26,221.69,-3.51,-1.5586,263789.33,5826658.747,229.68,224.38,228.46,220.56,226.1,1.019895,220.883,-1,247.72,202.68,220.55,1,1,-0.015586145648312622,0,0.5850529345613581,0.9666666666666667,1.0,49.99999999999572,64.53094709659268,61.20953947619956,37.40011056981711,12911.835036487373,0.5467107680999632,38.187761706137984,24.37202911436448,202.34935842383203,3.8883973043808013,4057.72,8.0,1.4450723180959173,-27002.47688398517,0.0,2.636,38.39894848845216,358914.1086501572,1869830.7687078433
002594.SZ,20210119,221.69,222.06,225.2,213.56,216.2,-5.49,-2.4764,276250.13,6035553.036,226.1,226.48,229.68,217.81,220.5,1.019895,218.4815,-1,243.86,199.52,215.08,1,1,-0.024764310523704314,0,0.6283462456947598,0.9666666666666667,1.0,49.999999999995595,59.79195582310905,57.03490627551487,0.6708853490995665,12592.082344212955,0.5762465709214134,29.87657344673558,18.274987045026023,203.12944625858754,4.447336697812007,4107.42,6.0,-0.9864219700412917,-38152.12413053006,0.0,1.4879999999999995,30.303437164339442,-864978.3684812319,1479143.7491094042
002594.SZ,20210120,216.2,219.9,226.3,218.01,222.0,5.8,2.6827,381401.08,8483028.913,220.5,224.27,230.8,222.35,226.42,1.019895,222.4175,-1,237.82,194.58,220.85,1,1,0.026827012025901986,1,0.90794871245542,0.9666666666666667,1.0,49.999999999995445,65.53834381897923,60.1287567541082,15.655672164599657,12929.890288692304,0.5944731146995169,27.11540873877851,22.50002004877268,204.23022874032776,4.60028309330284,4130.0199999999995,8.0,-1.9608613032499669,-29685.500910923824,0.0,2.041999999999999,28.523235800344253,-49051.15544276498,1260830.1913162372
002594.SZ,20210121,222.0,220.0,239.6,216.81,235.52,13.52,6.0901,585709.87,13384594.647,226.42,224.38,244.37,221.12,240.21,1.019895,228.5192,-1,244.2,199.8,234.3,1,1,0.060900900900900945,1,1.429263078591578,0.9666666666666667,1.0,49.99999999999531,71.0637465590291,66.23273318955547,46.54334906915802,13717.332255823476,0.5457324062046301,33.48472372253892,31.22440030743362,206.18545801142645,4.546284237320695,4163.87,8.0,-0.9811511696269655,3356.088884298497,0.0,2.672999999999999,36.39444906311951,909279.2443681583,1210608.6274665117
002594.SZ,20210122,235.52,235.72,243.66,231.51,242.92,7.4,3.142,423886.78,10112061.191,240.21,240.41,248.51,236.12,247.75,1.019895,238.5557,-1,259.07,211.97,241.67,1,1,0.03141983695652173,1,1.0147386006422177,0.9666666666666667,1.0,49.99999999999524,74.49132196373817,69.02763851606655,60.68628255146551,13717.332255823476,0.531082688875669,35.7384535457318,35.41336841799827,208.55419518664797,4.37833370068357,4208.59,10.0,0.39313200439492135,3329.685230221725,0.0,3.1329999999999982,46.83850668602892,2022045.3702794276,1326528.1621540713
002594.SZ,20210125,242.92,246.5,262.95,245.0,260.0,17.08,7.0311,559388.94,14213433.428,247.75,251.4,268.18,249.87,265.17,1.019895,254.0886,-1,267.21,218.63,258.66,1,1,0.07031121356825287,1,1.3134226944572365,0.9666666666666667,1.0,49.99999999999536,75.85733202086699,74.31250254554074,87.42904185816325,14681.814533649364,0.5657559930360249,40.31623514310598,43.73892431592284,212.07551168399948,4.2700122969524,4270.41,10.0,3.1772976652607916,20519.904710632105,0.0,3.7129999999999983,52.09639605255984,3421667.9032305423,1625833.83945071
002594.SZ,20210126,260.0,257.0,262.59,250.99,254.22,-5.78,-2.2231,394555.44,10115831.947,265.17,262.11,267.81,255.98,259.28,1.019895,256.3856,-1,286.0,234.0,252.91,1,1,-0.022230769230769276,0,0.8900323645074935,0.9666666666666667,1.0,49.999999999995524,71.32330560641941,69.9619345180434,65.41405850988748,14681.814533649364,0.5543599501345053,39.71046531682353,37.428427529442104,214.83353585461893,4.24867494813996,4350.4,8.0,3.774214496535542,9219.820941410442,0.0,3.3924999999999983,52.554271519602544,1853607.5884316415,1658372.9464479862
002594.SZ,20210127,254.22,250.2,259.44,234.5,257.0,2.78,1.0935,521351.0,12813494.921,259.28,255.18,264.6,239.17,262.11,1.019895,245.7748,-1,279.64,228.8,255.67,1,1,0.01093541027456535,1,1.1640854894616193,0.9666666666666667,1.0,49.999999999995715,69.06492688357943,70.84599888042565,69.88764956596049,14842.366199149896,0.5641711229946522,44.66177947017942,38.788970293909294,217.62031687351057,3.887966420703384,4396.969999999999,10.0,4.052870975096042,17856.09289207911,0.0,4.102499999999999,43.18297009630005,239632.96501741558,1455695.806243619
002594.SZ,20210128,257.0,245.97,252.5,242.98,244.36,-12.64,-4.9183,326461.75,8081858.717,262.11,250.86,257.52,247.81,249.22,1.019895,247.5591,-1,282.7,231.3,243.1,1,1,-0.04918287937743182,0,0.7161262003357811,0.9666666666666667,1.0,49.99999999999587,64.90222075457095,61.922281003788235,24.731362107126113,14842.366199149896,0.5207809397749834,40.551320695091135,25.706997163424916,219.22096700252604,4.0193284187453076,4475.37,8.0,2.1400663323381757,-2563.685037110219,0.0,3.755,43.902316969424014,-1207593.1964340732,1075225.9487182344
002594.SZ,20210129,244.36,249.0,250.43,237.5,247.0,2.64,1.0804,335982.69,8182542.031,249.22,253.95,255.41,242.23,251.91,1.019895,243.5406,-1,268.8,219.92,245.72,1,1,0.01080373219839581,1,0.752188801683539,1.0,1.0,49.99999999999599,60.59368286986671,62.971363780483955,30.03998840924255,15002.719148756032,0.5215896589658965,37.881976809995216,27.215310531625285,220.90378524492695,4.171930121386701,4528.61,8.0,0.8993588567336772,-14028.988891205367,0.0,3.383,38.90681626371443,-2527830.105291565,560503.6552882632
002594.SZ,20210201,247.0,245.0,250.13,239.0,246.89,-0.11,-0.0445,263794.5,6500021.796,251.91,249.87,255.11,243.75,251.8,1.019895,246.4048,-1,271.7,222.3,245.62,1,1,-0.00044534412955465896,0,0.6019729822548835,0.9666666666666667,1.0,49.999999999996035,59.51212999132218,62.89361048577693,29.64653691568359,15002.719148756032,0.4578856412953639,25.863763035983858,27.102132624587217,222.47659634693187,4.321602050273594,4591.65,6.0,-0.20809817089502403,-29677.768373365856,0.0,2.5894999999999997,34.40298507462686,-1917503.4417037992,206502.6414322544
002594.SZ,20210202,246.89,252.0,268.0,250.5,267.5,20.61,8.3478,471099.97,12220620.147,251.8,257.01,273.33,255.48,272.82,1.019895,259.4061,-1,271.58,222.2,266.12,1,1,0.08347847219409466,1,1.1165327894351238,0.9666666666666667,1.0,49.99999999999605,59.64556338943721,70.29448141652462,76.74432793648035,16255.123222051274,0.39840637450199196,21.60473056433595,37.98366533770484,225.43492694789822,4.321602050273594,4636.53,6.0,1.4710966145809863,-11387.42794955484,0.0,2.6694999999999993,35.41852532143795,-797411.3548386255,63086.35625070013
002594.SZ,20210203,267.5,268.1,273.37,260.3,263.0,-4.5,-1.6822,384029.52,10231620.474,272.82,273.43,278.81,265.48,268.23,1.019895,266.428,-1,294.25,240.75,261.64,1,1,-0.016822429906542036,0,0.9182457425296909,0.9666666666666667,1.0,49.99999999999598,59.80264301676184,67.14549895434762,58.51851450177223,16255.123222051274,0.42280503322493984,21.65019020367759,33.40684077830397,227.8213258619397,4.322468653599969,4687.72,6.0,1.6006086010216762,-10330.327292480855,0.0,2.5854999999999975,35.35406598024795,305822.17075528577,97762.90117992666
002594.SZ,20210204,263.0,258.0,264.89,255.34,259.9,-3.1,-1.1787,310350.9,8061146.636,268.23,263.13,270.16,260.42,265.07,1.019895,259.743,-1,289.3,236.7,258.56,1,1,-0.011787072243346075,0,0.7465926668581869,0.9666666666666667,1.0,49.99999999999585,55.41359142555343,64.9857608916472,46.018291502307626,16255.123222051274,0.44036224414666447,16.956909863407628,30.27342522484584,229.81132526986198,4.368905335311674,4738.41,4.0,0.92706154695205,-18397.28690588651,0.0,2.2584999999999966,27.337830825116754,-712367.4325594418,-17970.003639983115
002594.SZ,20210205,259.9,262.0,268.28,247.5,249.0,-10.9,-4.1939,480550.51,12356334.243,265.07,267.21,273.62,252.42,253.95,1.019895,257.1287,-1,285.89,233.91,247.71,1,1,-0.0419392073874566,0,1.172711847879607,0.9666666666666667,1.0,49.99999999999571,49.85077195188448,57.93009648208647,5.1812196128498735,15573.396238133004,0.41462738301559776,19.401710085202645,19.854223719053437,230.90648894318488,4.634523607332998,4785.99,2.0,-1.2121874226587082,-590.7384540331732,0.0,1.882999999999997,19.758812615955463,-1941516.5847539594,-292762.37237055117
002594.SZ,20210208,249.0,248.99,252.98,240.01,250.2,1.2,0.4819,372461.77,9210843.639,253.95,253.94,258.01,244.78,255.18,1.019895,247.2964,-1,273.9,224.1,248.91,1,1,0.004819277108433662,1,0.9030104123544505,0.9666666666666667,1.0,49.999999999995566,44.27695386280009,58.46475430198193,3.263609861851536,15573.396238133004,0.43309196234612596,16.98451100435226,20.5902336365553,232.01439799366622,4.854904827368502,4798.49,2.0,-2.6108167069135177,-3018.7034107096624,0.0,1.9299999999999955,6.221685291452729,-3210652.9891861277,-709603.8890584906
002594.SZ,20210209,250.2,253.1,259.02,247.5,257.0,6.8,2.7178,374954.28,9540424.163,255.18,258.14,264.17,252.42,262.11,1.019895,254.4423,-1,275.22,225.18,255.67,1,1,0.02717825739408486,1,0.9272391411387658,0.9666666666666667,1.0,49.99999999999544,49.26483313499687,61.45422013398794,21.511636558460445,15996.654009593056,0.41892554458219505,9.959794252472918,24.714245402716433,233.4982363270722,4.933606575431705,4825.99,2.0,-2.7512130482221515,-3881.037119366443,0.0,1.865499999999996,15.7964851155403,-2277948.264857699,-933653.0856012348
002594.SZ,20210210,257.0,261.0,270.66,253.0,266.95,9.95,3.8716,418938.71,10995341.387,262.11,266.19,276.04,258.03,272.26,1.019895,262.457,-1,282.7,231.3,265.57,1,1,0.03871595330739286,1,1.0435155325058985,0.9666666666666667,1.0,49.99999999999534,49.14290199063059,65.38062342000912,45.47883204130325,16615.97971930298,0.39764643308290665,7.078640175135895,30.29033253218911,235.57368461885028,4.933820787469421,4849.3,2.0,-1.6872916956082022,1587.821936931381,0.0,2.0979999999999945,16.442953020134247,-1233151.2731964495,-976438.5409719798
002594.SZ,20210218,266.95,268.86,268.86,255.33,258.99,-7.96,-2.9818,472645.58,12353076.536,272.26,274.21,274.21,260.41,264.14,1.019895,261.3602,-1,293.65,240.26,257.65,1,1,-0.029818318037085567,0,1.1863649486358976,0.9666666666666667,1.0,49.999999999995225,48.59470221238501,60.10578666575705,13.280651054817236,16120.519151535042,0.41819325968396037,6.715825190967237,22.64107846484564,236.94120946266796,4.774024089098675,4878.86,2.0,-2.206402898175547,11975.571181561456,0.0,2.0069999999999952,26.600931845270367,-2470838.5441289074,-1189924.2557086837
002594.SZ,20210219,258.99,254.9,257.66,245.73,257.35,-1.64,-0.6332,382587.02,9607262.916,264.14,259.97,262.79,250.62,262.47,1.019895,251.1131,-1,284.89,233.09,256.02,1,1,-0.006332290822039455,0,0.9571072314217367,0.9666666666666667,1.0,49.99999999999508,48.28369162743288,59.04875935793512,8.661128284714312,16120.519151535042,0.41705599330590626,5.831611015183717,21.099181770438133,238.11810843171327,4.666399491233993,4921.349999999999,0.0,-2.878831461694787,6525.000011338674,0.0,1.9694999999999965,23.476882430647322,-3630173.090033737,-1538531.2320408341
002594.SZ,20210222,257.35,256.6,256.66,239.45,239.52,-17.83,-6.9283,427130.93,10558143.268,262.47,261.71,261.77,244.21,244.29,1.019895,247.1875,-1,283.09,231.62,238.28,1,1,-0.06928307752088603,0,1.0678019954019167,0.9666666666666667,1.0,49.999999999995005,47.18000600699518,48.96643651026059,0.0,15003.639973482312,0.3791922906232169,11.501175651601155,5.866947901684762,238.18878175629595,4.953579655548062,4953.5,0.0,-5.67196107555964,8598.162955803562,0.0,1.030999999999996,22.595876396831244,-4799165.167368002,-2004336.0799447154
002594.SZ,20210223,239.52,229.59,235.02,222.9,225.0,-14.52,-6.0621,476510.22,10877530.627,244.29,234.16,239.7,227.33,229.48,1.019895,228.2749,-1,263.47,215.57,223.84,1,1,-0.06062124248497003,0,1.1674119897453152,0.9666666666666667,1.0,49.99999999999512,46.08956489831964,42.58898622793141,0.0,14094.100676492651,0.33917006476373235,10.88041056060031,-4.437003835352738,237.5886105656325,5.700874575047063,4967.82,0.0,-9.212484072103873,15875.946415050512,0.0,1.0944999999999965,11.51515151515153,-6244385.994681383,-2610057.496335668
002594.SZ,20210224,225.0,225.0,228.59,203.6,208.99,-16.01,-7.1156,676485.18,14532205.192,229.48,229.48,233.14,207.65,213.15,1.019895,214.8193,-1,247.5,202.5,207.91,1,1,-0.07115555555555553,0,1.617651954225076,0.9666666666666667,1.0,49.99999999999545,40.85067387809335,36.88466670454348,0.0,13091.227112800885,0.3942476125897046,19.718136200253642,-14.136579166328255,236.41928935884434,7.335388705027837,4980.21,-2.0,-13.205038219062338,45219.514935465326,0.0,0.18899999999999723,0.16934046345811993,-8000731.4340566015,-3380153.7731529446
002594.SZ,20210225,208.99,215.77,215.85,205.8,209.25,0.26,0.1244,369532.22,7788184.186,213.15,220.06,220.14,209.89,213.41,1.019895,210.7579,-1,229.89,188.09,208.17,1,1,0.0012440786640508517,1,0.8535339662509249,0.9666666666666667,1.0,49.99999999999581,35.499070385150375,37.03216669455727,0.4414870039997453,13091.227112800885,0.42618044102376174,10.107453267456213,-13.93888523425193,235.30585158283705,8.797285210228292,4969.2,-2.0,-15.164896714202648,22050.27611893669,0.0,-0.9130000000000038,-11.463545389563961,-8861209.646063754,-4163161.754997346
002594.SZ,20210226,209.25,196.5,204.0,194.0,197.27,-11.98,-5.7252,503616.02,9978745.767,213.41,200.41,208.06,197.86,201.19,1.019895,198.1419,-1,230.18,188.33,196.25,1,1,-0.057252090800477884,0,1.1930215326157514,0.9666666666666667,1.0,49.99999999999621,30.658334633425056,33.18399902641962,0.0,12341.726989449131,0.47162635926079993,7.980318724350838,-20.60852280608146,233.86788851450845,10.576218259571062,4946.94,-4.0,-17.27565447691572,23423.211112098936,0.0,-1.2345000000000028,-23.625503416444154,-10164469.973899925,-5020491.500554858
002594.SZ,20210301,197.27,201.0,210.99,197.5,210.9,13.63,6.9093,444293.51,9087918.556,201.19,205.0,215.19,201.43,215.1,1.019895,204.5476,-1,217.0,177.54,209.81,1,1,0.06909312110305676,1,1.0426454862685448,0.9666666666666667,1.0,49.999999999996525,28.903269457690044,40.73025671009036,22.220036511005592,12341.726989449131,0.4814972094151907,4.237642472205179,-10.365156928184907,232.88754418941846,11.586254772481906,4901.29,-4.0,-16.062228115556422,15367.869687506314,0.0,-1.4145000000000025,-30.911878863385844,-8543373.507416345,-5523760.358677927
002594.SZ,20210302,210.9,214.65,215.8,205.22,211.4,0.5,0.2371,387928.35,8178911.875,215.1,218.92,220.09,209.3,215.61,1.019895,210.8356,-1,231.99,189.81,210.31,1,1,0.0023707918444759724,1,0.9228334575574472,0.9666666666666667,1.0,49.99999999999676,33.23907574786574,40.99353170051748,24.255749853244787,12341.726989449131,0.497430433692655,3.2209362943197464,-10.004391218120906,231.96669437010692,12.48940979000344,4843.92,-2.0,-14.468120145253033,2167.7774211942888,0.0,-1.4380000000000024,-29.835566961315415,-6716403.725503845,-5694137.982510202
002594.SZ,20210303,211.4,205.0,210.3,201.97,209.75,-1.65,-0.7805,263061.8,5431739.316,215.61,209.08,214.48,205.99,213.92,1.019895,206.4815,-1,232.54,190.26,208.67,1,1,-0.007805108798486282,0,0.6262850834216273,0.9666666666666667,1.0,49.99999999999689,34.54174440897397,40.3564600971779,22.277059181975464,12341.726989449131,0.5009783500599636,-8.921982258542538,-11.014809823545734,231.02528638267069,13.387403439240558,4820.820000000001,-4.0,-12.960414273438728,-22313.11251296714,0.0,-1.5405000000000029,-25.969011683297353,-6818688.197479015,-5854788.013220033
002594.SZ,20210304,209.75,205.0,205.1,197.3,198.5,-11.25,-5.3635,346849.91,6955695.359,213.92,209.08,209.18,201.23,202.45,1.019895,200.5391,-1,230.73,188.78,197.48,1,1,-0.05363528009535157,0,0.8519582744993889,0.9666666666666667,1.0,49.99999999999694,34.73955046928816,36.22302699649717,9.438964572579954,11679.775005509668,0.5054126337238921,-9.688746959352843,-17.650497943562236,229.7498382217869,14.514849724468721,4773.570000000001,-4.0,-12.781659735784602,-25898.69718823363,0.0,-1.7850000000000037,-33.377517206219686,-7319395.790627759,-6064017.695706851
002594.SZ,20210305,198.5,187.37,199.51,186.18,196.37,-2.13,-1.073,325319.09,6313240.677,202.45,191.1,203.48,189.88,200.28,1.019895,194.063,-1,218.35,178.65,195.36,1,1,-0.010730478589420667,0,0.7970768533461676,0.9666666666666667,1.0,49.999999999996874,35.08895332417978,35.48202728620205,7.137481966090754,11679.775005509668,0.5570178240592858,-8.428019354936044,-18.856438152983326,228.46004823740927,15.645574680337544,4735.58,-6.0,-12.25207058052214,-29582.934830074497,0.0,-1.2350000000000037,-35.23960553050196,-7637352.995285418,-6288779.881360932
002594.SZ,20210308,196.37,196.37,197.33,176.73,176.73,-19.64,-10.0015,591328.23,10922889.31,200.28,200.28,201.26,180.25,180.25,1.019895,184.7179,-1,216.01,176.73,175.82,1,1,-0.10001527728268078,0,1.4507312944217483,0.9666666666666667,1.0,49.99999999999681,30.984754774514684,29.491366162460054,0.0,10511.619069734294,0.5489037828013179,-0.5358660854208922,-28.95453302177618,226.70995993558412,17.35177815335977,4682.780000000001,-6.0,-13.737316662064742,3631.8100802998474,0.0,-2.3115000000000037,-39.12463049489841,-8654134.273656549,-6626687.6516888775
002594.SZ,20210309,176.73,172.41,178.6,162.03,170.68,-6.05,-3.4233,599204.95,10247665.524,180.25,175.84,182.15,165.25,174.08,1.019895,171.021,-1,194.4,159.06,169.8,1,1,-0.03423301080744634,0,1.4132735993997654,0.9666666666666667,1.0,49.999999999996795,24.932972750700046,27.927167902346913,0.0,10151.77470051632,0.6894117647058826,-1.11585551940152,-31.710229115461512,224.88792511335987,19.134026298537965,4614.49,-8.0,-14.641689156334028,25277.85695954086,0.0,-3.173000000000003,-56.34377967711296,-9904463.487021076,-7094941.342450621
002594.SZ,20210310,170.68,180.0,181.88,175.78,177.19,6.51,3.8142,431507.17,7706833.381,174.08,183.58,185.5,179.28,180.72,1.019895,178.6027,-1,187.75,153.61,176.28,1,1,0.0381415514412935,1,1.0025981964429451,0.9666666666666667,1.0,49.99999999999679,23.946046721556172,32.100417030582626,13.409497821443713,10151.77470051632,0.6643630358999454,-6.141834025738477,-26.16724571085304,223.21093978717093,20.55478183105084,4511.8,-6.0,-13.498101552541382,16071.024308881533,0.0,-3.058500000000002,-53.465392682358384,-7652423.823677331,-7174581.696911579
002594.SZ,20210311,177.19,176.95,185.0,174.1,182.97,5.78,3.262,367827.9,6671343.291,180.72,180.47,188.68,177.56,186.61,1.019895,181.3713,-1,194.91,159.47,182.03,1,1,0.03262035103561156,1,0.8499526417839721,0.9666666666666667,1.0,49.99999999999679,27.640737155672667,35.662456531838735,36.765957855503984,10151.77470051632,0.6536494373909386,-4.647560130334547,-21.392617142120752,221.70463742507044,21.715872690446115,4421.009999999999,-4.0,-11.193249872093812,1248.6493583563133,0.0,-2.8525000000000005,-49.29011903054635,-5876439.974328125,-6989132.879399657
002594.SZ,20210312,182.97,186.17,187.99,178.9,181.68,-1.29,-0.705,301848.22,5517620.552,186.61,189.87,191.73,182.46,185.29,1.019895,182.7945,-1,201.27,164.67,180.74,1,1,-0.0070503361206755155,0,0.6928898380667187,0.9666666666666667,1.0,49.99999999999679,31.68708165935253,35.21839036827518,49.72931940648366,10151.77470051632,0.6937667645931797,-13.224804199967188,-22.08532561002482,220.21963428576038,22.807963828684695,4340.72,-4.0,-9.158234585260104,-16612.884835381574,0.0,-2.4269999999999996,-43.88552025224347,-4296319.398840027,-6604445.23931971
002594.SZ,20210315,181.68,178.55,181.0,172.0,174.26,-7.42,-4.0841,295602.39,5187723.277,185.29,182.1,184.6,175.42,177.73,1.019895,175.4967,-1,199.85,163.51,173.36,1,1,-0.04084103918978432,0,0.6927614580301281,0.9666666666666667,1.0,49.999999999996774,32.4033623009927,32.696444101313595,36.50040877963641,10151.77470051632,0.6672604422604426,-15.398969566241629,-26.03191655554342,218.60080282674807,24.049787804325135,4282.389999999999,-6.0,-8.160557475647451,-27780.960386594237,0.0,-2.7019999999999995,-41.528507885159684,-4505503.8907168545,-6304596.475233588
002594.SZ,20210316,174.26,177.58,179.1,173.37,176.47,2.21,1.2682,197056.4,3474844.999,177.73,181.11,182.66,176.82,179.98,1.019895,176.3376,-1,191.69,156.83,175.56,1,1,0.012682199012969075,1,0.4660101685437229,0.9666666666666667,1.0,49.999999999996724,30.022399573259747,34.20761985200185,48.06579739142322,10151.77470051632,0.6866190506289113,-19.4412443144554,-24.061738484426943,217.07730762535826,25.200437305241937,4208.26,-6.0,-6.617635955279717,-45885.69949391191,0.0,-2.9525000000000006,-47.62028608582571,-3533906.4664683705,-5908783.616838558
002594.SZ,20210317,176.47,174.02,179.97,171.48,176.88,0.41,0.2323,213705.28,3770679.57,179.98,177.48,183.55,174.89,180.4,1.019895,176.443,-1,194.12,158.82,175.97,1,1,0.002323341077803631,1,0.5162416056345425,0.9666666666666667,1.0,49.9999999999966,24.65553854903385,34.50144229743601,50.31449067727293,10175.360735690638,0.7185713324813348,-25.79559893728204,-23.684160205382014,215.61650224968596,26.178557549205127,4126.74,-6.0,-5.028508955836347,-52581.60682679478,0.0,-3.1070000000000007,-57.57808219178082,-3528395.474683622,-5568728.167959281
002594.SZ,20210318,176.88,178.79,180.63,177.28,178.55,1.67,0.9441,201064.37,3593541.02,180.4,182.35,184.22,180.81,182.1,1.019895,178.7259,-1,194.57,159.19,177.63,1,1,0.009441429217548647,1,0.4980514359256294,0.9666666666666667,1.0,49.99999999999641,28.335911049923098,35.75988366932222,59.94564278144448,10175.360735690638,0.6716533220958002,-34.23270625153211,-22.090991489765234,214.24135251672627,27.049757503573417,4034.76,-4.0,-3.321444418582317,-55394.23672730669,0.0,-2.6254999999999997,-54.637844813679614,-2529232.6386646237,-5134514.520917187
002594.SZ,20210319,178.55,173.0,175.37,169.66,171.15,-7.4,-4.1445,258227.22,4438615.91,182.1,176.44,178.86,173.04,174.56,1.019895,171.888,-1,196.41,160.7,170.27,1,1,-0.04144497339680764,0,0.6619123912210263,0.9666666666666667,1.0,49.999999999996156,29.32266107513756,32.75657690724192,36.96061949209755,9753.643180697018,0.6387876333198327,-38.27146645788204,-26.506572245472444,212.73329003909154,27.77965422461403,3954.32,-4.0,-2.780028239254861,-46589.7804093774,0.0,-2.8405,-53.74746422501233,-2642748.747738758,-4778547.981891698
002594.SZ,20210322,171.15,172.33,175.48,170.01,173.8,2.65,1.5483,185682.91,3221954.915,174.56,175.76,178.97,173.39,177.26,1.019895,173.5192,-1,188.27,154.04,172.9,1,1,0.015483494011101495,1,0.4836689427785681,1.0,1.0,49.99999999999589,33.03944739681846,34.866218725315804,55.82820577550392,9753.643180697018,0.5489620938628159,-47.82048283817594,-23.86036974489191,211.3216870351909,28.14479649568436,3866.98,-2.0,-1.7085285096484633,-47414.5319885005,0.0,-1.9129999999999996,-51.796441119800534,-1924923.0577196227,-4370887.278438545
002594.SZ,20210323,173.8,175.8,176.18,166.3,168.97,-4.83,-2.7791,226648.97,3844462.853,177.26,179.3,179.69,169.61,172.33,1.019895,169.6219,-1,191.18,156.42,168.1,1,1,-0.02779056386651335,0,0.6095457744022729,1.0,1.0,49.999999999995616,34.726461600193105,32.84368079569073,59.264662496626165,9482.583936952675,0.5399529488115519,-45.367228671920266,-26.798087488352696,209.84538965944293,28.278092986681337,3803.64,-2.0,-1.3117706351864165,-39635.449113791066,0.0,-2.025,-46.344540465527025,-2020935.9893544465,-4035179.9514265307
002594.SZ,20210324,168.97,167.99,169.24,162.0,162.74,-6.23,-3.687,248269.3,4082242.404,172.33,171.33,172.61,165.22,165.98,1.019895,164.428,-1,185.87,152.07,161.9,1,1,-0.036870450375806274,0,0.6909045537463304,1.0,1.0,49.99999999999541,37.575664411308914,30.39454393264631,31.500900884243414,9132.956796470844,0.4744911445942373,-59.99729147990937,-30.441966183563284,208.2851238085534,28.323501212880192,3744.2900000000004,-2.0,-1.5344262550654157,-29250.303246946307,0.0,-1.4870000000000005,-41.80748443593077,-2480961.878278464,-3813148.798119664
002594.SZ,20210325,162.74,157.0,163.45,155.6,161.2,-1.54,-0.9463,256190.64,4082120.997,165.98,160.12,166.7,158.7,164.41,1.019895,159.3392,-1,179.01,146.47,160.37,1,1,-0.009462947032075841,0,0.7581203728471009,1.0,1.0,49.999999999995225,38.69936603227903,29.802931122531213,23.94780145212198,9046.532110059603,0.5245273155005663,-57.418070176096506,-31.331390108856183,206.74547142832208,28.402576697476302,3701.94,-4.0,-1.5315393232213523,-19457.941810536373,0.0,-0.9510000000000005,-39.16899091754274,-2985959.7754560523,-3694978.9377391487
002594.SZ,20210326,161.2,163.01,172.0,162.9,170.99,9.79,6.0732,328530.32,5528686.167,164.41,166.25,175.42,166.14,174.39,1.019895,168.2854,-1,177.32,145.08,170.11,1,1,0.06073200992555838,1,0.9887699597357813,1.0,1.0,49.99999999999502,44.84053776944812,38.057213643575885,100.0,9595.946187959626,0.534730858056493,-52.9657117746568,-20.97967547733085,205.40003859226158,28.116048147949748,3653.89,-2.0,0.06216092284412511,-2284.053421639779,0.0,-0.5905000000000001,-25.173954442247123,-1972112.007990392,-3448855.090632184
002594.SZ,20210329,170.99,170.01,170.48,164.8,168.1,-2.89,-1.6902,234728.64,3941708.905,174.39,173.39,173.87,168.08,171.44,1.019895,167.9262,-1,188.09,153.89,167.23,1,1,-0.01690157319141483,0,0.7255743726982102,1.0,1.0,49.99999999999482,38.80191531851405,36.68583131065768,83.38580816174151,9595.946187959626,0.5911233307148465,-58.09726723227719,-22.868820372535765,204.03004050808485,28.090993075131113,3627.61,-4.0,0.9508501029917831,-2584.1516483307205,0.0,-1.1810000000000003,-30.021302495435187,-2317768.751670534,-3287271.327923377
002594.SZ,20210330,168.1,161.0,169.0,159.1,169.0,0.9,0.5354,338930.9,5574391.479,171.44,164.2,172.36,162.27,172.36,1.019895,164.4699,-1,184.91,151.29,168.13,1,1,0.005353955978584235,1,1.082745651288532,1.0,1.0,49.99999999999459,32.299288976114184,37.441853917211695,92.5449640862752,9647.322461422824,0.5350156494522689,-52.73373900386268,-21.913390248552467,202.72747998297427,28.035421832230803,3581.49,-4.0,1.832636162059572,11457.313045948104,0.0,-0.6185000000000003,-40.85921804976047,-2877814.03239388,-3228777.428562021
002594.SZ,20210331,169.0,169.21,172.64,162.56,164.51,-4.49,-2.6568,270153.03,4488285.761,172.36,172.58,176.07,165.79,167.78,1.019895,166.1386,-1,185.9,152.1,163.66,1,1,-0.026568047337278133,0,0.8698361109501174,1.0,1.0,49.99999999999435,36.689497689591626,35.1846264203446,65.19882599235618,9647.322461422824,0.47106966121050586,-45.34547450063361,-24.976989502120173,201.3621512201337,27.880847919209575,3542.73,-4.0,1.9717394317995307,11647.225654192502,0.0,-1.091000000000001,-34.28974600188149,-1937552.2898651343,-3044316.6944624656
002594.SZ,20210401,164.51,168.0,171.9,167.01,169.07,4.56,2.7719,299957.8,5089544.668,167.78,171.34,175.32,170.33,172.43,1.019895,169.6754,-1,180.96,148.06,168.2,1,1,0.02771867971551889,1,0.9646999062745807,1.0,1.0,49.999999999994046,42.044277991292034,39.19392277679841,100.0,9914.733502843334,0.44628519158451013,-46.103130209269565,-19.946192980075235,200.13114662868855,27.454287125059064,3497.4900000000002,-2.0,2.788657216181104,15701.37940362608,0.0,-0.7125000000000015,-26.88273795442003,-619642.803539928,-2697934.7100449605
002594.SZ,20210402,169.07,170.99,178.2,168.58,175.87,6.8,4.022,349532.0,6083577.384,172.43,174.39,181.75,171.93,179.37,1.019895,174.0492,-1,185.98,152.16,174.96,1,1,0.0402200272076656,1,1.1326774083187132,1.0,1.0,49.999999999993776,47.79958681543546,44.68850044868422,100.0,10313.504354084445,0.4049097613040944,-45.31775724836411,-12.81759697718413,199.1239346938419,26.816741394342653,3466.56,0.0,4.267139046760995,24452.530254339057,0.0,-0.9185000000000016,-13.665054512665023,627246.430916728,-2222908.832764719
002594.SZ,20210406,175.87,176.8,179.24,172.8,176.09,0.22,0.1251,255909.85,4492985.632,179.37,180.32,182.81,176.24,179.59,1.019895,175.5691,-1,193.46,158.28,175.18,1,1,0.0012509239779381343,1,0.8260490276831396,1.0,1.0,49.99999999999354,55.26020222418587,44.862094981223024,100.0,10313.504354084445,0.38725490196078405,-57.811812041907025,-12.58971686515395,198.16517147798558,25.734667766797912,3442.03,2.0,5.233205815356694,17356.27279287229,0.0,0.027999999999998693,-2.5693730729702438,1603636.9428511397,-1676259.4362481681
002594.SZ,20210407,176.09,177.15,178.08,169.5,170.99,-5.1,-2.8962,281703.5,4848030.064,179.59,180.67,181.62,172.87,174.39,1.019895,172.0969,-1,193.7,158.48,170.11,1,1,-0.028962462377193465,0,0.9613505272088968,1.0,1.0,49.999999999993314,58.344398898822085,41.602440299653594,78.3543448218207,10014.799872252253,0.3917039545289632,-61.17871971384291,-16.69573358584752,197.08716779957967,24.4824400257756,3441.51,2.0,5.136510456228766,15901.28066011548,0.0,-0.19350000000000164,12.26685088325268,1046247.4243556876,-1287329.8847333319
002594.SZ,20210408,170.99,169.0,171.5,167.12,170.48,-0.51,-0.2983,160043.06,2723993.028,174.39,172.36,174.91,170.44,173.87,1.019895,170.2038,-1,188.09,153.89,169.6,1,1,-0.0029826305631909245,0,0.5774520739502434,1.0,1.0,49.99999999999305,53.06755362021229,41.279434392028364,76.2094321915036,10014.799872252253,0.4223497196505406,-60.06021921101689,-17.105616379820376,196.0368893354726,23.349307637199832,3442.33,0.0,4.9529043225817375,-798.1958856590427,0.0,0.020999999999997954,-8.389974511469902,523945.7652241993,-1028576.2204536847
002594.SZ,20210409,170.48,171.9,172.1,166.0,166.72,-3.76,-2.2055,204995.77,3436476.688,173.87,175.32,175.52,169.3,170.04,1.019895,167.6365,-1,187.53,153.43,165.86,1,1,-0.022055373064289063,0,0.7777345630873072,1.0,1.0,49.999999999992724,47.41457163141015,38.88254135294391,60.292924066777786,9793.919724905536,0.43377527788937936,-61.41743404232055,-20.15447366099164,194.922211973752,22.340471083970726,3440.33,-2.0,4.298345650492642,-4909.662533180381,0.0,-0.5390000000000029,-13.172743055555628,-89339.96437072009,-894399.6124418327
002594.SZ,20210412,166.72,166.73,169.39,162.6,163.46,-3.26,-1.9554,201268.0,3320602.667,170.04,170.05,172.76,165.83,166.71,1.019895,164.9841,-1,183.39,150.05,162.62,1,1,-0.019553742802303153,0,0.7879297113753312,1.0,1.0,49.99999999999244,42.16836454196694,36.88288992704297,47.01428891369265,9793.919724905536,0.3314196242171185,-59.151600450198146,-22.74763721907862,193.76481663409177,21.25211532497847,3421.73,-2.0,3.436936962987005,-7117.837471423525,0.0,-0.478000000000003,-22.41075363596306,-659550.291527085,-860849.7094540115
002594.SZ,20210413,163.46,163.48,167.63,163.48,164.01,0.55,0.3365,158578.94,2617908.978,166.71,166.73,170.96,166.73,167.27,1.019895,165.0855,-1,179.81,147.11,163.16,1,1,0.003364737550471064,1,0.6332771411590992,1.0,1.0,49.999999999992205,43.48154129460342,37.467191908274636,50.894331568879124,9793.919724905536,0.358750179160097,-62.190047134627044,-22.043728615626424,192.66025731955864,19.866750216459415,3403.5099999999998,0.0,2.9694922837094744,-12973.923882937219,0.0,-0.23700000000000188,-17.66631591254538,-1097661.8152840314,-894680.0102868715
002594.SZ,20210414,164.01,167.0,171.0,167.0,170.95,6.94,4.2314,298473.17,5057752.083,167.27,170.32,174.4,170.32,174.35,1.019895,169.4542,-1,180.41,147.61,170.07,1,1,0.04231449301871826,1,1.2254663549582854,1.0,1.0,49.999999999991985,44.5460566575007,44.45465298722634,97.29439165534069,10208.344472730938,0.33597315436241576,-61.18423510593183,-13.405763704935014,191.7650272470079,18.388951532484203,3394.15,0.0,3.5823025049502952,2524.1834290780243,0.0,0.015999999999998238,-11.118760757315037,-240164.18425864726,-801177.7494256966
002594.SZ,20210415,170.95,168.5,168.65,163.5,165.5,-5.45,-3.1881,249912.13,4136742.969,174.35,171.85,172.01,166.75,168.79,1.019895,165.5279,-1,188.05,153.86,164.65,1,1,-0.03188066686165536,0,1.005158058691733,1.0,1.0,49.999999999991765,44.34526027389105,40.616391792919565,56.12795679371263,10208.344472730938,0.31468443550414854,-61.442099852163274,-18.19211488397284,190.7418432795829,17.046042765359378,3393.62,-2.0,3.250504543966649,6534.946017139038,0.0,-0.277000000000001,-12.730959891843213,-579627.528468186,-769527.717860338
002594.SZ,20210416,165.5,165.4,166.4,160.33,165.3,-0.2,-0.1208,234599.44,3837152.368,168.79,168.69,169.71,163.52,168.59,1.019895,163.5619,-1,182.05,148.95,164.45,1,1,-0.0012084592145014117,0,0.9367489843656222,1.0,1.0,49.999999999991566,39.98433777657622,40.47827151718279,54.70072120138912,10208.344472730938,0.30280517484308955,-52.53242577432179,-18.366413660314517,189.75283903672357,15.670557572420378,3383.14,-4.0,3.0067147845715176,7364.182258464891,0.0,-0.2700000000000017,-23.53419249970979,-1023304.4726793552,-805781.5399773405
002594.SZ,20210419,165.3,165.0,177.0,164.18,176.05,10.75,6.5033,507350.5,8764759.455,168.59,168.28,180.52,167.45,179.55,1.019895,172.7555,-1,181.83,148.77,175.14,1,1,0.06503327283726557,1,2.0123630843063345,1.0,1.0,49.9999999999914,47.85108051837012,50.267708583469805,100.0,10872.22652404284,0.290346352247605,-34.854012256342955,-5.63276968521397,189.13707762370217,14.311768649001312,3368.77,-2.0,4.221620649377806,42906.156138170074,0.0,0.37499999999999856,-2.300527437998028,-121459.50373678003,-708021.2490858319
002594.SZ,20210420,176.05,175.0,175.0,169.78,171.24,-4.81,-2.7322,375677.03,6460740.489,179.55,178.48,178.48,173.16,174.65,1.019895,171.9759,-1,193.66,158.45,170.36,1,1,-0.027321783584209003,0,1.4199374472318256,1.0,1.0,49.99999999999115,42.69979353390966,46.5764862732008,75.5274003658667,10872.22652404284,0.2828427853553482,-32.791087116917616,-10.183622160826067,188.371624916051,13.39086470411204,3374.81,-4.0,4.2914936734215505,46625.583271853466,0.0,0.11349999999999909,3.3912674862229437,-1144131.3750208206,-770322.6956479732
002594.SZ,20210421,171.24,169.0,170.59,167.17,168.59,-2.65,-1.5475,230488.88,3880491.43,174.65,172.36,173.98,170.5,171.94,1.019895,168.3592,-1,188.36,154.12,167.72,1,1,-0.015475356225181036,0,0.8409773117474095,1.0,1.0,49.999999999990884,42.68767349494133,44.631965414108606,57.894512327552924,10872.22652404284,0.2904176904176905,-40.18005984187597,-12.62719352278159,187.54858868481526,12.65227757511482,3369.87,-4.0,3.9059305619983284,28373.056348550934,0.0,0.4344999999999999,2.629917946560006,-1757812.143631203,-911392.6167884347
002594.SZ,20210422,168.59,170.0,171.78,167.22,168.71,0.12,0.0712,197508.44,3336754.764,171.94,173.38,175.2,170.55,172.07,1.019895,168.9424,-1,185.45,151.73,167.84,1,1,0.0007117859896790257,1,0.7201381716553368,0.9666666666666667,1.0,49.99999999999062,46.67352273818137,44.74446262269226,58.734995949119494,10872.22652404284,0.3139859211050604,-41.392413670073424,-12.481324967937034,186.76347996044905,11.59599105360604,3367.85,-2.0,3.5997682112528295,11562.761806368071,0.0,0.6325000000000003,11.902362557384322,-1119016.723767261,-941053.2034996956
002594.SZ,20210423,168.71,167.18,171.38,166.27,169.25,0.54,0.3201,228827.99,3878511.212,172.07,170.51,174.79,169.58,172.62,1.019895,169.4946,-1,185.58,151.84,168.38,1,1,0.0032007586983580083,1,0.8421258291081857,0.9666666666666667,1.0,49.99999999999038,46.7931263862544,45.28322876839227,62.760199125415916,10907.025897660189,0.2710997442455244,-42.30621056668234,-11.795471186974636,186.02787603293106,10.345372308857744,3370.67,0.0,3.404824493082261,4718.250415117993,0.0,0.5260000000000005,19.17481516813733,-1361177.5846243538,-1001070.9722317897
002594.SZ,20210426,169.25,170.0,173.0,167.25,167.5,-1.75,-1.034,319514.1,5432612.153,172.62,173.38,176.44,170.58,170.83,1.019895,170.0273,-1,186.18,152.33,166.64,1,1,-0.010339734121122546,0,1.181816499371772,0.9666666666666667,1.0,49.99999999999007,46.71621575618732,43.79298268524046,51.62634575463263,10794.250149826184,0.3040000000000002,-43.662960252887125,-13.592776457143843,185.26552254428734,9.484018017970913,3382.4700000000003,-2.0,2.9897645469525536,12045.415919799958,0.0,0.001999999999999602,11.893929546340757,-471788.02761644404,-925459.1230010261
002594.SZ,20210427,167.5,166.0,167.4,163.4,164.94,-2.56,-1.5284,255639.21,4211994.738,170.83,169.3,170.73,166.65,168.22,1.019895,164.7633,-1,184.25,150.75,164.09,1,1,-0.015283582089552272,0,0.9471358145993474,0.9666666666666667,1.0,49.999999999989754,46.57073516488447,41.63444335408732,35.49957268014871,10794.250149826184,0.30552184466019444,-43.56090254008779,-16.221482044307223,184.45464532741332,8.424646386461639,3378.98,-2.0,2.348299248173973,8116.114014462117,0.0,0.04449999999999932,2.04638472032736,-952651.8243533066,-929343.7946227805
002594.SZ,20210428,164.94,164.86,168.54,162.96,165.5,0.56,0.3395,218411.98,3621682.455,168.22,168.14,171.89,166.2,168.79,1.019895,165.8189,-1,181.43,148.45,164.65,1,1,0.0033951740026676447,1,0.8060875106075057,0.9666666666666667,1.0,49.999999999989456,51.63807301097164,42.30437587690155,40.50473965334907,10794.250149826184,0.2883501067398597,-46.48778834517716,-15.412998696481909,183.69116122788108,7.342405083374509,3382.84,-2.0,1.9914241047122587,720.1414585324164,0.0,-0.32350000000000134,11.160772972262343,-350944.4361316301,-846715.3148383305
002594.SZ,20210429,165.5,163.0,164.93,162.2,162.95,-2.55,-1.5408,275854.04,4496785.166,168.79,166.24,168.21,165.43,166.19,1.019895,163.0132,-1,182.05,148.95,162.11,1,1,-0.015407854984894276,0,1.0412445279645666,0.9666666666666667,1.0,49.99999999998924,46.621741174127244,40.050061631470854,23.662417741514496,10627.93390884699,0.2971401634192332,-56.43487852213396,-18.14242938101401,182.88267500410439,6.483399480027635,3375.7000000000003,-2.0,1.4301478145999056,3620.540500130035,0.0,-0.09100000000000108,1.6307206733298045,-987846.3686678903,-866876.8939568391
002594.SZ,20210430,162.95,161.49,162.2,156.71,158.57,-4.38,-2.6879,359899.14,5715463.804,166.19,164.7,165.43,159.83,161.72,1.019895,158.8074,-1,179.25,146.66,157.75,1,1,-0.02687941086222767,0,1.3570228512580083,0.9666666666666667,1.0,49.99999999998927,40.66991378631415,36.45651769294467,0.0,10342.26130669449,0.35502678852820685,-50.352205799049464,-22.654872348446244,181.98721455089336,6.109035854710957,3374.14,-4.0,0.533347630536742,16209.69785708524,0.0,-0.29050000000000153,-11.286974571873372,-1699854.1778525263,-985873.6487990802
002594.SZ,20210506,158.57,157.0,157.0,150.0,150.0,-8.57,-5.4046,423158.08,6423783.465,161.72,160.12,160.12,152.98,152.98,1.019895,151.8058,-1,174.43,142.71,149.23,1,1,-0.05404553194172912,0,1.5777155665505984,0.9666666666666667,1.0,49.99999999998961,33.80203482276099,30.659818715240178,0.0,9783.308292893824,0.4482600030660743,-48.89331332506308,-30.541011487360297,180.92921475658773,6.895183482984736,3364.13,-6.0,-1.0627483124633343,31521.643270237164,0.0,-0.8845000000000013,-28.01651826042069,-2618133.4089060687,-1219053.61452865
002594.SZ,20210507,150.0,148.12,149.96,143.39,143.95,-6.05,-4.0333,377980.38,5528741.179,152.98,151.07,152.94,146.24,146.81,1.019895,146.2706,-1,165.0,135.0,143.21,1,1,-0.04033333333333344,0,1.390192574193312,0.9666666666666667,1.0,49.99999999999035,28.523567606076696,27.353275921252095,0.0,9783.308292893824,0.4881790036588804,-43.560493686140255,-35.43307959695581,179.79224617765647,7.966150543495446,3341.33,-8.0,-2.6894160587823137,33825.31173223539,0.0,-1.0575000000000017,-41.05341800522973,-3475529.3612069786,-1541407.2926255541
002594.SZ,20210510,143.95,143.95,148.35,141.44,147.0,3.05,2.1188,260738.75,3802268.898,146.81,146.81,151.3,144.25,149.92,1.019895,145.8268,-1,158.35,129.56,146.24,1,1,0.021187912469607495,1,0.937928778072408,0.9666666666666667,1.0,49.99999999999105,28.861025564500608,31.37153555799554,17.535933339379252,9783.308292893824,0.5152876394725403,-41.4540260935479,-30.553597344855177,178.70781592431354,8.656222780874062,3304.69,-6.0,-3.082361803251956,18579.884062209927,0.0,-0.5970000000000013,-40.04559270516714,-3909102.92243072,-1879649.5254548634
002594.SZ,20210511,147.0,143.7,148.76,140.97,146.56,-0.44,-0.2993,269639.96,3893703.682,149.92,146.56,151.72,143.77,149.48,1.019895,144.4038,-1,161.7,132.3,145.8,1,1,-0.0029931972789115635,0,0.9736194320211973,0.9666666666666667,1.0,49.99999999999165,28.482517566201494,31.104247729587147,16.369472740731712,9754.024921132781,0.5226283724978245,-31.29392173215989,-30.93148122228796,177.65048162534646,9.307522529198998,3281.95,-6.0,-3.1198576002922884,9192.148827607329,0.0,-0.5280000000000001,-35.01715854495534,-4344742.22320329,-2231805.6251332103
002594.SZ,20210512,146.56,148.26,155.0,148.26,153.73,7.17,4.8922,384659.14,5872804.588,149.48,151.21,158.08,151.21,156.79,1.019895,152.6756,-1,161.22,131.9,152.94,1,1,0.048921943231440945,1,1.361983022680437,0.9666666666666667,1.0,49.99999999999202,33.96687984922788,40.06554938920217,66.12981513080825,10231.2107746025,0.49799585348997955,-27.11978632336491,-19.754057381022694,176.73642372252462,9.553883186200704,3256.41,-4.0,-1.9541830349956921,17491.473425049375,0.0,0.0045000000000001705,-21.640091116173068,-2906496.5002586246,-2328190.0358654126
002594.SZ,20210513,153.73,150.75,151.0,148.56,148.99,-4.74,-3.0833,212696.09,3180710.318,156.79,153.75,154.0,151.52,151.95,1.019895,149.5425,-1,169.1,138.36,148.22,1,1,-0.030833279125739854,0,0.7298886291984875,0.9666666666666667,1.0,49.99999999999225,34.018735098002594,36.669832705076224,51.96085490715676,10231.2107746025,0.4880130028443725,-33.06571250746725,-24.253862554348334,175.73562161542384,9.975880027853092,3240.75,-4.0,-1.6111739564778738,-227.29739711877482,0.0,0.07999999999999971,-22.230595327807023,-3146037.9883896,-2445025.4576545823
002594.SZ,20210514,148.99,147.9,154.1,146.31,153.53,4.54,3.0472,300278.66,4532481.587,151.95,150.84,157.17,149.22,156.58,1.019895,150.9425,-1,163.89,134.09,152.74,1,1,0.03047184374790257,1,1.028420713742538,0.9666666666666667,1.0,49.99999999999234,38.064506114175344,41.76120571478693,80.35676343584417,10542.974630678043,0.46299151888974577,-23.340225058085434,-17.604957041557316,174.86436773593726,10.21684815914636,3223.6,-4.0,-0.6136487382759483,-197.15082688984785,0.0,0.3349999999999994,-15.859683794466363,-2381190.9758453164,-2435906.2459675446
002594.SZ,20210517,153.53,155.43,160.88,154.45,159.78,6.25,4.0709,363002.56,5761021.601,156.58,158.52,164.08,157.52,162.96,1.019895,158.7047,-1,168.88,138.18,158.96,1,1,0.04070865628867315,1,1.2137900740562375,0.9666666666666667,1.0,49.99999999999231,38.50299971844869,47.963357568121964,100.0,10972.164961178516,0.46713341112407647,-17.22283267535343,-9.141808414553019,174.2117304151291,10.380199242038504,3213.12,-4.0,0.9614776357840764,7783.697834782534,0.0,0.3549999999999997,-9.605047908389793,-1032604.6366835609,-2235434.587498404
002594.SZ,20210518,159.78,160.0,161.8,156.88,158.7,-1.08,-0.6759,194952.12,3094498.22,162.96,163.18,165.02,160.0,161.86,1.019895,158.7312,-1,175.76,143.8,157.88,1,1,-0.006759294029290319,0,0.644913636020425,0.9666666666666667,1.0,49.99999999999221,42.16252631729875,47.03129434386898,95.47763448867977,10972.164961178516,0.4951896646509072,-16.243763537269647,-10.31573977160796,173.54927419267997,10.48492994249608,3203.9700000000003,-4.0,1.8783041434551144,-9143.175855468307,0.0,0.43999999999999917,-2.7097384924860535,-114648.56958824396,-1932465.1563683813
002594.SZ,20210519,158.7,159.9,174.0,159.88,172.78,14.08,8.8721,596490.87,10150054.899,161.86,163.08,177.46,163.06,176.22,1.019895,170.1628,-1,174.57,142.83,171.89,1,1,0.08872085696282306,1,1.9913308878781442,0.9666666666666667,1.0,49.99999999999245,49.46703512433564,58.38523920217036,100.0,11945.624839271733,0.4158587257617728,-1.710249490645705,6.29849929445198,173.51033481542862,10.403312700765365,3196.27,-2.0,4.2651300196119255,31926.149346480015,0.0,1.0889999999999986,13.98332264271972,1620444.643341503,-1424906.6135526837
002594.SZ,20210520,172.78,170.0,177.56,169.1,172.94,0.16,0.0926,499888.48,8686052.329,176.22,173.38,181.09,172.46,176.38,1.019895,173.7598,-1,190.06,155.5,172.05,1,1,0.0009260331056835103,1,1.573765912103397,0.9333333333333333,1.0,49.99999999999284,49.4228131904077,58.49411694013429,100.0,11945.624839271733,0.4811308349769888,-7.496330988065216,6.466999936774169,173.48141965506758,10.403311460773097,3201.19,-2.0,5.661796810098924,43540.27278515416,0.0,0.683499999999998,12.695312500000036,3381315.7373860194,-738303.4205614405
002594.SZ,20210521,172.94,174.01,177.99,170.1,173.2,0.26,0.1503,334965.51,5822862.674,176.38,177.47,181.53,173.48,176.65,1.019895,173.8347,-1,190.23,155.65,172.31,1,1,0.0015034115878338472,1,1.0557899501740333,0.9333333333333333,1.0,49.99999999999318,55.48484973420477,58.683288343102056,100.0,11945.624839271733,0.517762237762238,-3.077264661683396,6.753824145472845,173.46711364346368,10.385065635635494,3195.24,0.0,6.364494639787031,27264.258157104523,0.0,0.8309999999999974,8.108725445408908,4461375.873898175,4507.907218504348
002594.SZ,20210524,173.2,171.91,175.5,169.98,173.47,0.27,0.1559,271722.87,4685927.113,176.65,175.33,178.99,173.36,176.92,1.019895,172.4524,-1,190.52,155.88,172.57,1,1,0.0015588914549653499,1,0.8619836697567211,0.9333333333333333,1.0,49.999999999993484,55.04442462203198,58.89281470241109,100.0,11945.624839271733,0.5355902777777779,0.06244802084995835,7.065350945258954,173.46726080002344,10.341303357850023,3193.98,2.0,6.582159970461446,7276.322366522654,0.0,0.9294999999999973,10.53246146660441,3531119.074484269,508309.50254218496
002594.SZ,20210525,173.47,175.0,178.0,172.7,176.52,3.05,1.7582,331522.87,5830353.651,176.92,178.48,181.54,176.14,180.03,1.019895,175.8658,-1,190.82,156.12,175.61,1,1,0.017582290886032137,1,1.0448529354095972,0.9333333333333333,1.0,49.99999999999368,56.112477524188925,61.281465101592694,100.0,12155.65629001122,0.5139486467730742,1.1042947407462784,10.616227183370373,173.62806198710732,10.298753074085283,3199.46,2.0,6.824230087905539,1697.6303847626114,0.0,1.0699999999999974,12.102787656303796,4088157.938205409,1019716.4219226455
002594.SZ,20210526,176.52,178.0,184.58,176.0,176.17,-0.35,-0.1983,345577.99,6206769.477,180.03,181.54,188.25,179.5,179.67,1.019895,179.6055,-1,194.17,158.87,175.26,1,1,-0.0019827781554498936,0,1.0666246100908496,0.9333333333333333,1.0,49.99999999999386,60.682324729883206,60.84453764729232,98.71219931020207,12131.554320254229,0.6068744781519619,5.756236727596816,10.108042566798032,173.7613419008815,10.262156753451404,3217.77,0.0,6.619393022609056,-399.7144685151434,0.0,0.8749999999999971,19.482758620689694,4687442.858647623,1543677.3414547853
002594.SZ,20210527,176.17,179.0,179.68,174.5,177.45,1.28,0.7266,234026.1,4146048.38,179.67,182.56,183.25,177.97,180.98,1.019895,177.1618,-1,193.79,158.55,176.53,1,1,0.0072657092581029925,1,0.70953629273585,0.9333333333333333,1.0,49.99999999999389,56.28547761287636,61.91401596531728,100.0,12131.554320254229,0.6108698697296538,4.530448209883384,11.670212158299455,173.95749105921863,10.204020073985767,3219.27,2.0,6.33813973902323,-16236.052948171007,0.0,0.9224999999999965,12.031640299750215,3771310.7960704532,1861910.6921141664
002594.SZ,20210528,177.45,177.45,185.0,176.07,181.68,4.23,2.3838,371194.87,6754993.796,180.98,180.98,188.68,179.57,185.29,1.019895,181.9797,-1,195.2,159.71,180.74,1,1,0.023837700760777736,1,1.1401901256450364,0.9333333333333333,1.0,49.99999999999384,61.20137023967439,65.2882217925417,100.0,12420.74268190357,0.6026553517656715,10.728787553804802,16.7055673306076,174.3866623864327,10.105311535552435,3227.84,4.0,6.385812326101538,-8071.01125523138,0.0,1.1869999999999976,23.46555323590816,4140100.0280013634,2187366.3115266236
002594.SZ,20210531,181.68,175.26,179.11,170.18,178.7,-2.98,-1.6402,437553.16,7660152.24,185.29,178.75,182.67,173.57,182.26,1.019895,175.0679,-1,199.85,163.51,177.78,1,1,-0.016402465874064354,0,1.3205842147524187,0.9333333333333333,1.0,49.99999999999369,55.74805621344957,61.17625270320175,85.63172414501501,12217.011873933112,0.5833333333333328,13.918565781483963,11.972040889378782,174.61664963197367,10.02214796530026,3246.56,2.0,5.702344930510305,5690.082220685632,0.0,1.3269999999999982,15.365489806066662,2945313.801215888,2295644.5243393756
002594.SZ,20210601,178.7,178.73,190.9,178.73,189.46,10.76,6.0213,513604.12,9530431.696,182.26,182.29,194.7,182.29,193.23,1.019895,185.5599,-1,196.57,160.83,188.48,1,1,0.06021264689423633,1,1.5004937245011967,0.9333333333333333,1.0,49.99999999999348,61.503992905303605,68.81385987898794,100.0,12952.630496000938,0.5966065240769501,23.59934178443344,23.729705284911667,175.49120361601013,9.882272413592466,3259.7599999999998,4.0,6.337154252717243,23461.451544242598,0.0,1.8659999999999997,28.373034121217707,3722217.9437693944,2499440.727115093
002594.SZ,20210602,189.46,190.0,191.85,185.2,186.5,-2.96,-1.5623,294349.64,5527643.767,193.23,193.78,195.67,188.88,190.21,1.019895,187.7918,-1,208.41,170.51,185.54,1,1,-0.015623350575319384,0,0.8310792428293303,0.9333333333333333,1.0,49.99999999999331,66.33302468518121,65.0242101169987,85.9915787227853,12952.630496000938,0.6184514403792383,23.081463520603922,19.122372363245965,176.11567692178386,9.634924348845072,3288.66,4.0,5.999355777160134,5069.899550682705,0.0,1.8370000000000004,39.02105550998085,4448582.360906954,2777889.5319425017
002594.SZ,20210603,186.5,186.6,187.5,180.18,183.9,-2.6,-1.3941,250800.57,4608194.8,190.21,190.31,191.23,183.76,187.56,1.019895,183.7394,-1,205.15,167.85,182.95,1,1,-0.01394101876675602,0,0.714734940622461,0.9333333333333333,1.0,49.99999999999314,67.3895723818141,61.804550727432414,67.82147107394323,12952.630496000938,0.6668414154652678,21.34425035709742,15.157529431629262,176.54254521415766,9.071177399049217,3317.5899999999997,4.0,5.101928503370619,-12609.093140098768,0.0,2.052000000000001,41.196074800962805,3629054.162822194,2899484.479211029
002594.SZ,20210604,183.9,181.61,192.0,180.52,189.4,5.5,2.9908,319848.39,6004827.146,187.56,185.22,195.82,184.11,193.17,1.019895,187.7398,-1,202.29,165.51,188.42,1,1,0.029907558455682492,1,0.9344580490213609,0.9333333333333333,1.0,49.999999999993,72.28808992159028,65.67626588276141,85.59584732492627,13340.012049714942,0.6736633663366329,24.31457258456187,21.01164709804951,177.28345082421646,8.103293338423569,3348.1099999999997,6.0,4.9229991880538275,-14514.625834772763,0.0,2.6500000000000012,53.12855517633677,3921929.7507173466,3045548.0894262176
002594.SZ,20210607,189.4,191.0,192.87,187.0,190.35,0.95,0.5016,254518.02,4842637.639,193.17,194.8,196.71,190.72,194.14,1.019895,190.267,-1,208.34,170.46,189.37,1,1,0.0050158394931361094,1,0.7499596111254136,0.9333333333333333,1.0,49.99999999999286,75.78774363052338,66.31147880195246,76.00467833106465,13340.012049714942,0.7046843177189405,21.26072391786724,21.990311953231696,178.0424948290289,7.214514725197301,3393.67,6.0,4.611828992154043,-23552.090753397108,0.0,2.4650000000000007,58.603763294245994,4477722.431179204,3250144.423962359
002594.SZ,20210608,190.35,194.0,205.6,193.25,202.81,12.46,6.5458,559238.56,11191285.973,194.14,197.86,209.69,197.09,206.84,1.019895,200.1165,-1,209.39,171.32,201.76,1,1,0.06545836616758605,1,1.649356968626859,0.9666666666666667,1.0,49.99999999999295,80.37382508060418,73.29273185580247,100.0,14213.227443145193,0.6920742383564835,23.524453178405025,33.38525449509187,179.61564720066627,6.165999642947627,3435.26,8.0,5.692656160022283,10699.295341757297,0.0,2.7625,63.52334996319621,5739831.205244266,3605813.9641454886
002594.SZ,20210609,202.81,202.9,203.5,197.02,202.0,-0.81,-0.3994,316555.82,6342951.329,206.84,206.94,207.55,200.94,206.02,1.019895,200.3739,-1,223.09,182.53,200.96,1,1,-0.003993885903062044,0,0.8953775085918845,0.9666666666666667,1.0,49.99999999999311,80.45235114534589,72.24461769159004,92.82577626381676,14213.227443145193,0.7475728155339797,21.394853327292292,32.0651894585316,181.02335853083324,5.476373671039258,3492.2000000000003,6.0,5.882606049292679,395.3975013193158,0.0,2.444,62.4421052631579,6432999.994553727,4009697.682775237
002594.SZ,20210610,202.0,202.05,216.05,201.0,214.11,12.11,5.995,441000.32,9339300.343,206.02,206.07,220.35,205.0,218.37,1.019895,211.7754,-1,222.2,181.8,213.0,1,1,0.059950495049505115,1,1.2594994050133412,0.9666666666666667,1.0,49.999999999993435,83.79977415199048,77.43915480694515,100.0,15065.31746461296,0.8045685279187808,31.72955062493366,41.22005921085899,183.2483573248162,4.2635490048680955,3539.4700000000003,8.0,7.139854616359333,9562.762590889088,0.0,3.1349999999999993,71.24901806755696,7299703.566524498,4479698.523310846
002594.SZ,20210611,214.11,214.3,229.95,212.08,227.02,12.91,6.0296,540085.11,11985830.243,218.37,218.56,234.52,216.3,231.54,1.019895,221.9248,-1,235.52,192.7,225.85,1,1,0.060296109476437376,1,1.4937858551506367,0.9666666666666667,1.0,49.99999999999399,84.67963438670236,81.42934535839943,100.0,15973.697495756545,0.7943187795896886,36.13611367295235,48.94131470209102,186.35283637563145,3.16169519793043,3605.2400000000002,8.0,9.085993359460362,27195.17927271199,0.0,3.4894999999999996,73.49746560463433,8442007.677467529,5045742.688190373
002594.SZ,20210615,227.02,231.54,237.8,224.87,232.32,5.3,2.3346,518100.75,12090497.119,231.54,236.15,242.53,229.34,236.94,1.019895,233.3619,-1,249.72,204.32,231.12,1,1,0.023345960708307523,1,1.38698387654994,0.9666666666666667,1.0,49.99999999999455,85.34327299775352,82.77614485517643,100.0,15973.697495756545,0.8599362380446326,37.902332644928556,51.683998775432926,189.67306646654043,2.392879505050037,3676.58,8.0,10.369881650045453,33694.32193724728,0.0,3.311,74.36077057793347,9589058.222328447,5694787.764495811
002594.SZ,20210616,232.32,226.0,231.66,210.66,211.0,-21.32,-9.177,618175.9,13579272.747,236.94,230.5,236.27,214.85,215.2,1.019895,219.6668,-1,255.55,209.09,209.91,1,1,-0.09176997245179064,0,1.6212331835772473,0.9666666666666667,1.0,49.999999999994955,77.62403188645321,62.98715108843497,8.383830680690085,14507.79171661773,0.6814762987580896,44.987024324361464,23.57610072976074,190.92806612682028,2.254003650221155,3747.1,8.0,7.7500931616553395,48376.957711809395,0.0,2.6260000000000003,57.924027696887336,7703657.8421724625,5981769.204163905
002594.SZ,20210617,211.0,210.96,232.1,210.83,232.1,21.1,10.0,519977.58,11627218.257,215.2,215.16,236.72,215.02,236.72,1.019895,223.61,-1,232.1,189.9,230.9,1,1,0.09999999999999987,1,1.2919949639045272,0.9666666666666667,1.0,49.999999999995325,77.85674245903121,70.50297601737378,43.17949019629424,14507.79171661773,0.5660843770599866,43.051633980329726,35.94218903651502,193.59330556376634,2.21550876834936,3799.23,8.0,8.21751590483936,42002.20022080044,0.0,3.039,54.45821951390349,8090482.729335982,6283013.993474202
002594.SZ,20210618,232.1,236.0,252.32,234.65,245.0,12.9,5.5579,571896.01,13931101.474,236.72,240.7,257.34,239.32,249.87,1.019895,243.595,-1,255.31,208.89,243.74,1,1,0.05557949159844888,1,1.4346345263678668,0.9666666666666667,1.0,49.999999999995644,78.58215511238305,73.98152354483724,59.28395730654067,15314.127404443532,0.6140193885160324,44.27754203968331,41.983589898577684,197.06897557370715,2.21550876834936,3862.23,8.0,9.530100698586988,41827.72096122231,0.0,3.342,58.683357692063296,9046991.842524767,6677867.971909997
002594.SZ,20210621,245.0,243.88,249.56,232.13,242.58,-2.42,-0.9878,430526.35,10400538.802,249.87,248.73,254.52,236.75,247.41,1.019895,241.5773,-1,269.5,220.5,241.33,1,1,-0.009877551020408104,0,1.0703334921224845,0.9666666666666667,1.0,49.99999999999588,72.91843655133874,72.25994165353049,49.85501274920391,15314.127404443532,0.6042859239688827,45.62032110133412,39.387666003079005,200.08977341760718,2.226490985769599,3941.69,6.0,9.326514581679938,20782.879936750047,0.0,3.3175000000000012,55.671463583233844,7240860.6214795,6758295.493277069
002594.SZ,20210622,242.58,243.0,247.0,236.0,237.88,-4.7,-1.9375,316428.08,7571777.59,247.41,247.83,251.91,240.7,242.61,1.019895,239.2891,-1,266.84,218.32,236.65,1,1,-0.01937505152939245,0,0.7774383052169613,0.9666666666666667,1.0,49.99999999999601,71.66672299992186,68.90619789468508,33.8631728422479,15314.127404443532,0.5838368043215576,45.965450632137895,34.36539522630782,202.5077251940048,2.3193834297365408,4018.71,4.0,7.871028671444357,-8806.469764006892,0.0,2.9835000000000007,59.1551928228771,5480308.735350622,6575725.956430434
002594.SZ,20210623,237.88,233.0,249.8,232.5,243.3,5.42,2.2785,394500.6,9605891.907,242.61,237.64,254.77,237.13,248.14,1.019895,243.495,-1,261.67,214.09,242.04,1,1,0.022784597275937513,1,0.963962257399276,0.9666666666666667,1.0,49.99999999999608,72.27578760228545,70.60074891848704,41.943393227403,15663.053629986176,0.5741646861456727,48.891298823106574,37.115791071560295,205.17118473192505,2.3245672278785445,4078.5099999999998,4.0,6.980905049752735,-17652.375893474455,0.0,3.4225000000000008,55.01271002542006,5558162.640971728,6430359.768507762
002594.SZ,20210624,243.3,244.0,251.87,240.18,244.89,1.59,0.6535,312285.04,7696250.339,248.14,248.85,256.88,244.96,249.76,1.019895,246.4495,-1,267.63,218.97,243.63,1,1,0.006535141800246613,1,0.7572420768188349,0.9666666666666667,1.0,49.999999999996064,72.51246301905917,71.09835525227973,40.98846186649938,15663.053629986176,0.569230769230769,46.987688255791184,37.91912186136125,207.77974860009007,2.3241660619794406,4134.11,6.0,5.987047109197793,-33451.16471473529,0.0,3.558500000000001,55.31744565552068,5907563.4912366085,6355674.586040455
002594.SZ,20210625,244.89,247.0,248.66,238.0,244.99,0.1,0.0408,296502.36,7205570.873,249.76,251.91,253.61,242.74,249.86,1.019895,243.019,-1,269.38,220.4,243.73,1,1,0.0004083466045980977,1,0.7218854581676616,0.9333333333333333,1.0,49.999999999996014,71.25196116680155,71.13145023500108,41.15570120727361,15663.053629986176,0.5739239798770259,47.33798113694395,37.97158119766,210.2244901345701,2.324166241180539,4197.61,6.0,4.776447853169678,-44224.26271580099,0.0,3.5355000000000016,56.95084007467332,4601404.277839301,6105064.542011719
002594.SZ,20210628,244.99,244.99,255.0,243.52,253.63,8.64,3.5267,347271.98,8732379.669,249.86,249.86,260.07,248.36,258.68,1.019895,251.4565,-1,269.49,220.49,252.32,1,1,0.03526674558145215,1,0.8391109188815643,0.9333333333333333,1.0,49.999999999995985,71.57102626389835,73.91112149239197,55.20225299336071,16215.438557383539,0.5749339117467632,45.17190310503972,42.39837991943606,213.16776360333884,2.324166241180539,4265.06,6.0,4.572580160173736,-42687.39081990019,0.0,3.7560000000000002,57.22235963393521,4785710.873788865,5916585.446551312
002594.SZ,20210629,253.63,257.4,259.6,250.0,253.3,-0.33,-0.1301,306257.54,7778037.778,258.68,262.52,264.76,254.97,258.34,1.019895,253.9705,-1,278.99,228.27,251.99,1,1,-0.0013011079131016734,0,0.742153004176664,0.9333333333333333,1.0,49.999999999995985,75.87518499305224,73.61954903130729,53.72884578265798,16215.438557383539,0.5581860850358921,42.35325560847687,41.9909655242717,215.88129455315323,2.2952286845038166,4342.98,6.0,3.8550886645853453,-45133.02901202234,0.0,3.3790000000000022,64.63557390179287,5142466.805508347,5805997.06925946
002594.SZ,20210630,253.3,250.0,256.5,246.0,251.0,-2.3,-0.908,285407.31,7146112.745,258.34,254.97,261.6,250.89,255.99,1.019895,250.383,-1,278.63,227.97,249.7,1,1,-0.009080142123963686,0,0.7028072517715184,0.9333333333333333,1.0,49.999999999995794,71.49983551857977,71.50237879235097,43.0301196932367,16215.438557383539,0.5821727019498609,37.58142127928566,39.071787051546565,218.207018898596,2.306910772763956,4420.780000000001,4.0,2.593051687563481,-47270.0901255701,0.0,2.892500000000001,57.675381827595125,3956578.9324057475,5541794.478280359
002594.SZ,20210701,251.0,251.0,252.5,235.6,236.6,-14.4,-5.7371,422602.87,10182009.938,255.99,255.99,257.52,240.29,241.31,1.019895,240.9357,-1,276.1,225.9,235.38,1,1,-0.057370517928286846,0,1.0707310432299235,0.9333333333333333,1.0,49.999999999995595,66.61720521668268,59.88966212312739,0.0,15285.150448912133,0.5371297173001489,40.51538788526093,22.47720721190605,219.27974316412045,2.7302054680999785,4481.43,4.0,-0.49443533757300884,-28821.748544314156,0.0,2.347500000000001,45.5979804354686,2470619.1833121087,5103055.150427752
002594.SZ,20210702,236.6,233.0,243.5,228.89,239.04,2.44,1.0313,374260.13,8897622.556,241.31,237.64,248.34,233.44,243.8,1.019895,237.739,-1,260.26,212.94,237.81,1,1,0.01031276415891802,1,0.933086767081554,0.9666666666666667,1.0,49.99999999999538,65.0902484558369,61.04417237239471,5.044507112709849,15285.150448912133,0.5354096140826,41.5319470956931,24.092734510983654,220.44741188097933,2.945837638282246,4522.82,6.0,-2.4137220808082063,-22053.51902403504,0.0,2.7845,42.0304131010281,948552.461806044,4509554.766338937
002594.SZ,20210705,239.04,236.04,250.0,235.57,249.55,10.51,4.3968,324901.16,7984671.152,243.8,240.74,254.97,240.26,254.51,1.019895,245.7569,-1,262.94,215.14,248.26,1,1,0.043967536813922514,1,0.7977499338427284,0.9666666666666667,1.0,49.9999999999952,65.45612814707063,65.63280354318788,40.75502340104361,15285.150448912133,0.47541090956715354,39.30138543098928,30.64583355468694,222.25795087307847,2.9677088437643273,4577.87,6.0,-2.464672881711607,-23040.401655803777,0.0,3.0705000000000013,42.79812891075875,1413222.6917855106,4067221.6128313052
002594.SZ,20210706,249.55,255.0,261.02,241.0,250.5,0.95,0.3807,517916.7,13098186.044,254.51,260.07,266.21,245.79,255.48,1.019895,252.9014,-1,274.51,224.6,249.21,1,1,0.003806852334201416,1,1.270884585636197,0.9666666666666667,1.0,49.999999999994984,66.89202816120961,66.022394668745,43.51967679847849,15343.338759577193,0.44378233252570215,43.680430393513625,31.210875194230507,224.02255276985073,2.9805106264844756,4631.87,6.0,-2.556492228612143,2151.75940558613,0.0,2.8780000000000014,44.33343186520838,2446146.384950917,3835639.4374198215
002594.SZ,20210707,250.5,244.0,258.6,240.88,255.09,4.59,1.8323,386386.56,9711793.849,255.48,248.85,263.74,245.67,260.17,1.019895,251.3492,-1,275.55,225.45,253.77,1,1,0.01832335329341328,1,0.9184492599574782,0.9666666666666667,1.0,49.999999999994806,66.6373830223304,67.91492057188955,56.94959813043924,15343.338759577193,0.4418668876001103,42.07364972931373,33.9477866475096,226.00417933807302,2.9805106264844756,4682.4,6.0,-2.1986945109928726,1003.4246762091907,0.0,2.9920000000000018,37.67313019390584,3282942.102473587,3756682.6752846455
002594.SZ,20210708,255.09,253.0,261.54,251.12,251.96,-3.13,-1.227,393909.95,10127585.813,260.17,258.03,266.74,256.12,256.97,1.019895,257.1041,-1,280.6,229.58,250.66,1,1,-0.012270179152455984,0,0.955971667341519,0.9666666666666667,1.0,49.99999999999463,67.25672707755638,65.24609656914011,38.201690030598165,15155.07324420036,0.4113889643924981,41.76501188110005,30.228538325028094,227.61379295037267,2.9917798516101124,4740.44,6.0,-2.5581753352568697,1151.4309420199806,0.0,2.985000000000002,40.11251587925717,4280827.523568537,3831560.510753773
002594.SZ,20210709,251.96,250.88,254.99,241.88,248.82,-3.14,-1.2462,364946.99,9057948.774,256.97,255.87,260.06,246.69,253.77,1.019895,248.199,-1,277.16,226.76,247.54,1,1,-0.012462295602476692,0,0.8774459699382053,0.9666666666666667,1.0,49.99999999999446,62.64421842132231,62.58890958112627,19.250831079079468,15155.07324420036,0.36818872566755934,36.58987936727387,26.518857038988138,228.8914048923017,3.041845503836896,4794.43,4.0,-3.3438336289785724,-2555.3716842012877,0.0,2.279000000000002,27.48148148148148,3026402.077116579,3716537.8773770314
002594.SZ,20210712,248.82,253.3,272.91,251.5,266.48,17.66,7.0975,560057.08,14759940.06,253.77,258.34,278.34,256.5,271.78,1.019895,263.5435,-1,273.7,223.94,265.1,1,1,0.07097500200948481,1,1.358976091710045,0.9666666666666667,1.0,49.9999999999944,63.150093744061905,69.99114293466947,72.04300597757178,16230.704598161368,0.43549741150132937,33.74722765327247,37.122668161429814,231.34580891782895,3.041845503836896,4831.17,4.0,-1.6929901100877842,20121.484234941476,0.0,2.3020000000000023,29.237441272135896,3483913.1302357875,3683305.7706425684
002594.SZ,20210713,266.48,266.49,269.73,260.22,265.1,-1.38,-0.5179,277313.91,7330680.655,271.78,271.79,275.1,265.4,270.37,1.019895,264.3459,-1,293.13,239.83,263.73,1,1,-0.005178625037526197,0,0.6712744461297169,0.9666666666666667,1.0,49.999999999994444,62.27614087158069,68.84482061513174,63.867520891828846,16230.704598161368,0.4477772982304705,29.212049998288666,35.514115084323294,233.52398479158492,3.0440488083886548,4876.03,2.0,-1.0278523743445795,-2890.4703995342898,0.0,2.193500000000003,27.459092312442152,3912987.8617991544,3716117.497950652
002594.SZ,20210714,265.1,261.0,261.0,245.0,245.29,-19.81,-7.4727,612716.86,15300069.25,270.37,266.19,266.19,249.87,250.17,1.019895,249.7086,-1,291.61,238.59,244.02,1,1,-0.07472651829498311,0,1.5276819027446418,0.9666666666666667,1.0,49.99999999999447,61.684437040347234,54.935477018740805,0.0,15017.840554066397,0.45145807577630703,22.686849455491636,15.109871737952584,234.16892979230275,2.8665202470326823,4908.81,2.0,-3.365379951224284,25570.908857152084,0.0,2.1580000000000026,26.669121256750145,2384388.9144779555,3525870.557454553
002594.SZ,20210715,245.29,239.0,243.55,230.0,236.4,-8.89,-3.6243,551898.67,13026880.866,250.17,243.75,248.4,234.58,241.1,1.019895,236.0375,-1,269.82,220.76,235.18,1,1,-0.03624281462758361,0,1.376981513670499,0.9666666666666667,1.0,49.99999999999452,55.39728463365455,50.04862198670449,0.0,15017.840554066397,0.35131683958499615,15.378022241837778,7.466208119748262,234.2831034376695,3.819335806079825,4943.27,0.0,-6.060934757168127,34172.68776810317,0.0,0.9710000000000036,14.207923542812715,423919.74322061613,3082734.726849705
002594.SZ,20210716,236.4,235.75,235.75,221.03,222.92,-13.48,-5.7022,562741.48,12801309.443,241.1,240.44,240.44,225.43,227.35,1.019895,227.4812,-1,260.04,212.76,221.77,1,1,-0.057021996615905346,0,1.3984653291183906,0.9666666666666667,1.0,49.99999999999472,48.69490507896794,43.700621083458756,0.0,14161.493300814216,0.4121385446456942,11.863365604573275,-2.8323242176985586,233.7573289849494,5.2865522919803505,4947.57,-2.0,-9.411620714562062,38944.52320829152,0.0,-0.12049999999999698,-4.372577519379803,-1566247.670608187,2418594.3843557206
002594.SZ,20210719,222.92,220.0,231.99,214.3,223.97,1.05,0.471,372187.23,8367318.503,227.35,224.38,236.61,218.56,228.43,1.019895,224.8148,-1,245.21,200.63,222.81,1,1,0.004710209940786081,1,0.9259734438871104,0.9666666666666667,1.0,49.999999999995,49.210870565818645,44.29332282044545,2.1318858440274746,14161.493300814216,0.470725242952373,10.652964318468523,-2.030628112887721,233.3007297120408,6.373604321262697,4912.3099999999995,0.0,-11.121289393127803,15271.534596531477,0.0,0.1430000000000021,-6.61777751493284,-2821121.6814300534,1670063.5178148958
002594.SZ,20210720,223.97,220.0,229.46,219.11,227.5,3.53,1.5761,246749.66,5582671.898,228.43,224.38,234.03,223.47,232.03,1.019895,226.2484,-1,246.37,201.57,226.33,1,1,0.015761039424923018,1,0.6183820359457766,0.9666666666666667,1.0,49.99999999999527,52.59333494482975,46.33865676253188,10.034170086097557,14161.493300814216,0.47519053024160834,9.467069175875935,0.7087556431839916,233.0225467257922,7.1343600051472436,4884.42,2.0,-11.370893295219805,-16712.759612520742,0.0,0.7740000000000024,-6.028347938599026,-2088838.2729675956,1133077.5477031115
002594.SZ,20210721,227.5,231.2,244.99,230.01,241.23,13.73,6.0352,471511.19,11232169.397,232.03,235.8,249.86,234.59,246.03,1.019895,238.2164,-1,250.25,204.75,239.98,1,1,0.06035164835164841,1,1.1920674287923603,0.9666666666666667,1.0,49.99999999999548,53.00858240406838,53.49137313059931,37.24061508763727,15016.16276463918,0.4451955943790352,6.95301430849993,10.542344664750445,233.45458059658142,7.440709866014162,4879.42,2.0,-9.364475324779292,-7493.880973332696,0.0,0.7605000000000018,4.822585960672328,-768842.2559753517,861374.7186061883
002594.SZ,20210722,241.23,246.3,249.44,240.17,248.96,7.73,3.2044,374773.27,9242619.143,246.03,251.2,254.4,244.95,253.91,1.019895,246.619,-1,265.35,217.11,247.67,1,1,0.032044107283505374,1,0.9383612822838788,0.9666666666666667,1.0,49.99999999999565,53.37885994326391,56.96901156141213,50.46834198668577,15016.16276463918,0.4253574279700992,4.821894475915705,15.50179920044451,234.3073919482254,7.584545618390556,4879.410000000001,2.0,-6.793674728809275,-13950.528247448074,0.0,0.8490000000000023,6.101658177089,437161.5374828968,800772.8355885753
002594.SZ,20210723,248.96,247.44,262.0,245.08,258.68,9.72,3.9042,460562.27,11846110.496,253.91,252.36,267.21,249.96,263.83,1.019895,257.2097,-1,273.86,224.06,257.34,1,1,0.03904241645244211,1,1.1442096120263847,0.9666666666666667,1.0,49.999999999995815,58.0049438364925,60.92554874091882,65.51763314149215,15602.430044813878,0.3975985346991383,8.524770541141704,21.278413931855976,235.71494968532159,7.612733554882701,4886.490000000001,2.0,-3.734417191432714,-6565.144047162066,0.0,1.5115000000000023,13.94089432152255,1702607.5346941147,929606.3640322238
002594.SZ,20210726,258.68,250.58,259.74,241.01,248.55,-10.13,-3.916,404428.24,10130659.972,263.83,255.57,264.91,245.8,253.49,1.019895,250.4934,-1,284.55,232.81,247.27,1,1,-0.039160352559146405,0,0.9846844046514612,0.9666666666666667,1.0,49.99999999999589,53.32456600950494,55.226417423131416,43.84012004364943,15602.430044813878,0.3936198791134988,12.250127619481566,12.817414617528472,236.4044816819825,7.759982011815379,4902.71,0.0,-3.0544254028457445,-8990.425868754213,0.0,0.978000000000003,8.673416136102723,535736.3757345229,873339.2228468381
002594.SZ,20210727,248.55,246.0,257.88,237.2,238.71,-9.84,-3.959,377707.2,9406136.905,253.49,250.89,263.01,241.92,243.46,1.019895,249.0325,-1,273.41,223.7,237.48,1,1,-0.039589619794809905,0,0.9132705617148971,0.9666666666666667,1.0,49.99999999999588,49.143271498326655,50.303962506009036,25.116813808114603,15602.430044813878,0.3699892683542704,17.6601135957675,5.305490142744454,236.52009298508338,8.10224555585658,4900.990000000001,0.0,-3.8573816863995773,-13663.078193482801,0.0,0.8185000000000017,3.3500926170944894,-728093.0135056339,644563.1890821992
002594.SZ,20210728,238.71,229.99,241.1,223.99,236.5,-2.21,-0.9258,332198.63,7758094.419,243.46,234.57,245.9,228.45,241.21,1.019895,233.5378,-1,262.58,214.84,235.28,1,1,-0.00925809559716817,0,0.7963549728479291,0.9666666666666667,1.0,49.999999999995865,48.99958703629902,49.24237517394134,21.07890486862808,15602.430044813878,0.3701995957554319,19.902219826510038,3.673504183981525,236.51910102785808,8.480634859822281,4885.589999999999,0.0,-4.565079493897816,-21866.202282770333,0.0,1.0940000000000012,-3.197342983195341,-1943206.2979034656,274881.83379853284
002594.SZ,20210729,236.5,246.94,257.3,242.82,257.2,20.7,8.7526,428851.05,10764228.893,241.21,251.85,262.42,247.65,262.32,1.019895,251.0016,-1,260.15,212.85,255.87,1,1,0.08752642706131075,1,1.0223189609350498,0.9666666666666667,1.0,49.99999999999589,54.108643644442346,58.15084273824387,54.96361668499805,16968.055000110482,0.35603207386708774,16.573624293790086,16.44118820696593,237.6658193371459,8.38291757793374,4869.59,2.0,-2.2414423498708764,-13657.534324006292,0.0,2.327000000000001,10.83936048724783,-956513.5555722481,98968.20674556415
002594.SZ,20210730,257.2,257.19,268.3,252.13,264.71,7.51,2.9199,457993.99,11995907.836,262.32,262.31,273.64,257.15,269.98,1.019895,261.9228,-1,282.92,231.48,263.34,1,1,0.029199066874028068,1,1.0909790270905593,0.9666666666666667,1.0,49.99999999999593,59.036240118350925,60.83642416613404,68.1501236938965,17463.506372780896,0.3453945429901584,15.874883729604392,20.467055121954733,239.21721590983168,8.284975455211852,4892.83,2.0,0.18196664533936868,-4178.05131228119,0.0,2.4010000000000007,20.164027149321278,245328.89541987516,119876.87655618001
002594.SZ,20210802,264.71,276.0,291.18,273.3,291.18,26.47,9.9996,622259.03,17648921.236,269.98,281.49,296.97,278.74,296.97,1.019895,283.6266,-1,291.18,238.24,289.68,1,1,0.09999622228098692,1,1.4676349577101846,0.9666666666666667,1.0,49.9999999999961,60.86788257891814,68.50751644372804,100.0,19209.791037838924,0.41411257743064883,16.25031775083253,32.5279954880389,242.49651286956873,8.277163267514673,4921.97,2.0,4.960422673119885,22856.899919630476,0.0,2.4844999999999997,25.82764056752496,1979639.0488373078,385557.18688205536
002594.SZ,20210803,291.18,299.0,299.0,275.01,280.08,-11.1,-3.8121,489348.53,13975748.744,296.97,304.95,304.95,280.48,285.65,1.019895,285.5991,-1,320.3,262.06,278.63,1,1,-0.03812075005151461,0,1.1150561682150784,0.9666666666666667,1.0,49.99999999999625,54.6973736154853,62.94007278882485,77.55687048279324,19209.791037838924,0.432584269662921,16.292068066458224,24.213276846566234,244.7195452942314,8.316362169609338,4979.97,0.0,6.1579169291505576,21495.86879780477,0.0,1.7634999999999992,24.7734944039794,716426.906885203,432824.2897396479
002594.SZ,20210804,280.08,283.01,308.09,282.0,308.09,28.01,10.0007,534306.39,16003136.931,285.65,288.64,314.22,287.61,314.22,1.019895,299.5124,-1,308.09,252.07,306.5,1,1,0.10000714081690942,1,1.221475310572872,0.9666666666666667,1.0,49.999999999996504,55.9553581843667,69.64409703289178,100.0,21130.907315223485,0.42783505154639134,18.566198140893572,35.03904782844426,248.79453856276595,8.316362169609338,5019.17,0.0,10.025941619257512,25061.42653005632,0.0,2.4629999999999983,29.025579088124907,1558987.9055889305,593704.8062895454
002594.SZ,20210805,308.09,301.0,306.25,294.87,299.46,-8.63,-2.8011,368822.91,11063466.319,314.22,306.99,312.34,300.74,305.42,1.019895,299.9669,-1,338.9,277.28,297.91,1,1,-0.02801129540069458,0,0.8291451719880516,0.9666666666666667,1.0,49.99999999999673,56.155506282017,65.7005897056222,84.4442331653388,21130.907315223485,0.41736383054467746,17.908451681909504,29.060007622187072,251.9082932481331,8.335401455413239,5065.72,0.0,10.665625249260188,4611.092844642633,0.0,2.4379999999999966,29.821717990275516,2512908.61592819,867876.779095066
002594.SZ,20210806,299.31,313.0,317.3,298.5,303.48,4.17,1.3932,453626.27,13945125.845,305.42,319.39,323.77,304.59,309.67,1.020406,307.4144,2,329.24,269.38,302.06,1,1,0.013424163494289765,1,1.0226741434696585,1.0,1.0,49.999999999996966,60.97910221018271,66.64796195351714,87.1440528708434,21414.57206980573,0.456560283687943,19.218204885749262,30.567402963326767,255.1147617324081,8.323988714223153,5109.23,2.0,10.838591750446902,2115.0371810226134,0.0,2.0649999999999977,38.180894739069686,3575804.3798771575,1254723.5792067936
002594.SZ,20210809,303.48,295.0,297.4,283.0,293.55,-9.93,-3.272,341620.79,9914944.523,309.67,301.02,303.47,288.77,299.54,1.020406,290.2325,-1,333.83,273.13,292.18,1,1,-0.03272044286279163,0,0.7625418224885536,1.0,1.0,49.99999999999713,55.77089795469987,62.08615748702789,62.954403563990624,21414.57206980573,0.47275898471565586,13.627421857316586,23.731201520993757,257.37935135697705,8.390615294198215,5163.89,0.0,8.90474564376547,-14121.358860773009,0.0,1.333499999999998,21.98950682056659,2217085.658651363,1392203.8762703035
002594.SZ,20210810,293.55,293.56,302.31,282.0,292.0,-1.55,-0.528,331035.16,9604456.927,299.54,299.55,308.48,287.75,297.96,1.020406,290.134,-1,322.91,264.2,290.64,1,1,-0.0052801907681826465,0,0.7573773557334881,1.0,1.0,49.999999999997215,56.21815236121235,61.379932093631616,59.49280655625353,21414.57206980573,0.47239038708493825,18.12631111291669,22.675847914765164,259.4017882272828,8.47069897981951,5196.47,0.0,6.801053947673655,-25141.8541303207,0.0,1.324999999999997,20.721719843030165,2394878.233536998,1535443.0701655457
002594.SZ,20210811,292.0,289.0,298.83,286.16,294.99,2.99,1.024,263993.95,7742097.441,297.96,294.9,304.93,292.0,301.01,1.020406,293.268,-1,321.2,262.8,293.61,1,1,0.0102397260273972,1,0.6003042188657833,1.0,1.0,49.999999999997186,61.63441511036664,62.27147559853293,63.86274901044979,21414.57206980573,0.5118775469635223,14.89644100989511,23.99226182330498,261.5030562615428,8.336375059207237,5217.53,2.0,5.2651487312959375,-39463.83435098369,0.0,2.409999999999998,30.423493598352565,2791908.7531381417,1714938.1677330595
002594.SZ,20210812,294.99,293.0,313.38,289.37,308.98,13.99,4.7425,382778.98,11687505.016,301.01,298.98,319.77,295.27,315.29,1.020406,305.333,-1,324.49,265.49,307.54,1,1,0.04742533645208313,1,0.9063487296653933,1.0,1.0,49.99999999999713,67.31094092762007,66.20282073141858,83.1324222275706,22430.16535519365,0.4992245056223339,18.6863331968931,29.87242075210208,264.43922083926884,7.945081061827743,5261.610000000001,4.0,5.557624034956415,-31296.400422656414,0.0,3.3389999999999986,45.3374455732946,3407085.1217813585,1956673.4468828167
002594.SZ,20210813,308.98,303.0,312.5,297.99,300.02,-8.96,-2.8999,246906.46,7475335.873,315.29,309.18,318.88,304.07,306.14,1.020406,302.7598,-1,339.88,278.08,298.62,1,1,-0.028998640688717825,0,0.5965728124488349,1.0,1.0,49.99999999999699,68.95515117354114,61.76386517163718,61.37467260981473,22430.16535519365,0.5104063429137756,17.052783472870193,23.434656655445526,266.53060239128695,7.084099415145955,5337.710000000001,4.0,4.03886306965147,-41893.15678254913,0.0,3.8314999999999984,53.400263480670475,2211117.191912556,1993022.5533156367
002594.SZ,20210816,300.02,297.0,297.0,285.0,285.4,-14.62,-4.873,305067.01,8815872.752,306.14,303.06,303.06,290.82,291.22,1.020406,288.9815,-1,330.02,270.02,284.07,1,1,-0.04873008466102258,0,0.7663400949540531,1.0,1.0,49.999999999996845,68.79366809746614,55.25373074290136,29.464942275559842,21337.141498474328,0.45591307981613005,12.601617489695771,13.749978271625496,267.5526945665202,6.353937477683596,5423.43,2.0,0.732848919541432,-38834.48717366785,0.0,3.0529999999999973,47.52293577981647,781944.5986922998,1820011.4169408744
002594.SZ,20210817,285.4,283.45,290.5,278.0,280.31,-5.09,-1.7835,272058.4,7713091.722,291.22,289.23,296.43,283.67,286.03,1.020406,283.5087,-1,313.94,256.86,279.0,1,1,-0.017834618079887843,0,0.6892317126207381,1.0,1.0,49.99999999999672,65.5659020070292,53.1531490199412,0.0,21337.141498474328,0.4301387544369149,12.94022814751836,10.570654378687196,268.2244010474195,5.829142231771457,5494.82,0.0,-2.305379815841114,-38925.095587391195,0.0,2.520999999999998,41.96200614479204,-456850.81965136714,1494745.3831419828
002594.SZ,20210818,280.31,285.41,288.09,278.19,283.66,3.35,1.1951,221723.02,6281190.851,286.03,291.23,293.97,283.87,289.45,1.020406,283.29,-1,308.34,252.28,282.34,1,1,0.011951054190004085,1,0.5599172404498604,1.0,1.0,49.99999999999659,64.76099185558964,54.38234915770863,7.45378699151874,21337.141498474328,0.4517550229968527,9.049300694218013,12.269436914780425,269.04961342972837,5.731266427269666,5545.509999999999,0.0,-3.934000278221646,-43107.65041048947,0.0,1.931999999999998,36.25728311235487,-117246.52478695847,1264460.82486642
002594.SZ,20210819,283.66,283.66,298.68,278.57,293.72,10.06,3.5465,361671.79,10474777.9,289.45,289.45,304.77,284.25,299.71,1.020406,289.6211,-1,312.03,255.29,292.35,1,1,0.035464993301840275,1,0.9430740226589185,1.0,1.0,49.99999999999646,64.97060366597937,57.9504824639394,29.09070746103125,22093.86307879814,0.4467158176943697,14.417660063747206,17.238944134949897,270.4269134644425,5.648517302822779,5583.91,0.0,-3.7283311770954057,-25250.470649511044,0.0,2.3019999999999983,36.382783882783855,478247.3022162635,1152144.6073449692
002594.SZ,20210820,293.72,289.0,293.6,282.0,285.09,-8.63,-2.9382,247173.2,7084185.439,299.71,294.9,299.59,287.75,290.91,1.020406,286.6082,-1,323.09,264.35,283.76,1,1,-0.029381724090971173,0,0.6456170536096318,1.0,1.0,49.99999999999632,60.80483057386675,54.045113369443044,5.408811845149038,22093.86307879814,0.4490591462534285,10.144138008954503,11.533906264778159,271.20569028311354,5.870815502698004,5632.549999999999,-2.0,-4.760753080378201,-26934.236331796143,0.0,1.5444999999999964,29.309690878058014,-469876.6735061798,920427.2815090908
002594.SZ,20210823,285.09,281.5,294.44,275.55,289.8,4.71,1.6521,295826.87,8526532.884,290.91,287.24,300.45,281.17,295.71,1.020406,288.2271,-1,313.6,256.58,288.45,1,1,0.01652109860044204,1,0.7948520139056913,1.0,1.0,49.99999999999619,61.27966327579529,55.79601305939097,16.026149845201687,22458.87796918763,0.4610861293670005,9.092060592556104,13.939794874989023,272.21456258548693,5.842048629824019,5648.36,0.0,-4.801559187322887,-19892.24153515965,0.0,2.0609999999999973,27.866854195968124,-1453659.0797092412,581272.0870493292
002594.SZ,20210824,289.8,292.79,302.0,290.05,298.25,8.45,2.9158,274399.06,8152952.115,295.71,298.76,308.16,295.97,304.34,1.020406,297.1203,-1,318.78,260.82,296.86,1,1,0.029158040027605248,1,0.7481941271514168,1.0,1.0,49.999999999996064,65.54333077246613,58.82686023489876,42.04364479066627,22458.87796918763,0.4642750522440039,3.0689821476325667,18.143792673476923,273.6792889283743,5.413188670815574,5680.28,2.0,-3.730400750358566,-16649.796338714754,0.0,2.6984999999999957,34.71137104335014,-830291.5771074723,379620.135026929
002594.SZ,20210825,298.25,297.8,299.8,291.0,296.2,-2.05,-0.6873,179145.38,5272706.497,304.34,303.88,305.92,296.94,302.24,1.020406,294.3256,-1,328.08,268.43,294.82,1,1,-0.006873428331936382,0,0.49544736088027264,1.0,1.0,49.99999999999595,66.33659824557867,57.79160089544192,34.372109478894345,22458.87796918763,0.3708793944826209,-2.4219319958844987,16.688131376927466,274.930669734197,4.8815435891287615,5738.9800000000005,2.0,-3.350104977154615,-25343.65040889586,0.0,2.292999999999995,44.09054008882097,-1424317.3122414537,121914.7854171601
002594.SZ,20210826,296.2,297.0,298.77,282.5,282.5,-13.7,-4.6253,263681.59,7570972.707,302.24,303.06,304.87,288.26,288.26,1.020406,287.1256,-1,325.82,266.58,281.18,1,1,-0.04625253207292368,0,0.7450096998163585,1.0,1.0,49.99999999999577,62.01847665338303,51.29481778325024,0.0,21420.0979955959,0.3362398101331129,-1.0365326734246225,7.380918609748778,275.31771813286485,5.18608320636175,5801.25,0.0,-4.902080270254103,-18057.894597137667,0.0,1.0549999999999955,32.650190878038984,-2152739.577577767,-203035.83786782948
002594.SZ,20210827,282.5,280.99,296.03,280.0,288.15,5.65,2.0,262889.3,7628216.261,288.26,286.72,302.07,285.71,294.03,1.020406,290.1684,-1,310.75,254.25,286.81,1,1,0.020000000000000018,1,0.760516751115282,1.0,1.0,49.99999999999557,61.1658842152875,53.61094156139375,15.536110277118514,21420.0979955959,0.2292144196707645,-1.0200473536804486,10.480581644537276,275.9928219254876,5.398686486663852,5829.12,0.0,-5.102892101751117,-11988.133706268272,0.0,1.0369999999999948,26.86301226286554,-1609686.1827394925,-403985.8871352099
002594.SZ,20210830,288.15,277.44,288.0,273.96,281.97,-6.18,-2.1447,419092.34,11735714.83,294.03,283.1,293.88,279.55,287.72,1.020406,280.0269,-1,316.97,259.34,280.66,1,1,-0.02144716293597071,0,1.2476079170394458,1.0,1.0,49.99999999999538,53.768567738001316,50.7671727839388,0.0,20960.697663779894,0.25246111725985904,-3.3658319517599264,6.381409316800185,276.29561270039426,5.741659352078359,5852.56,-2.0,-5.944589366485918,13066.75199365383,0.0,0.504499999999996,11.564471216684701,-2637673.129350011,-723084.0645944672
002594.SZ,20210831,281.97,286.88,286.88,266.55,277.0,-4.97,-1.7626,329668.34,9041075.46,287.72,292.73,292.73,271.99,282.65,1.020406,274.2476,-1,310.17,253.77,275.71,1,1,-0.017625988580345475,0,1.0120026693404687,1.0,1.0,49.99999999999521,55.1590090863346,48.537354139842584,0.0,20960.697663779894,0.30657242962425973,-5.19239606857752,3.141824592132748,276.3302087914899,6.1315880699418965,5840.4400000000005,-2.0,-6.975870375232322,17327.25811385532,0.0,0.9564999999999969,2.9163818637503525,-3452384.7246579616,-1112984.1588892522
002594.SZ,20210901,277.0,277.0,277.97,257.6,266.3,-10.7,-3.8628,287674.22,7678475.358,282.65,282.65,283.64,262.86,271.73,1.020406,266.9157,-1,304.7,249.3,265.06,1,1,-0.03862815884476534,0,0.9052782595403884,1.0,1.0,49.99999999999517,48.72989543409835,44.051366979836196,0.0,20960.697663779894,0.40275247925521107,-7.971413224185077,-3.516721911491589,275.86937668476844,6.8656089048288145,5838.33,-4.0,-8.787368354979893,14345.143143910682,0.0,-0.8325000000000017,-7.365180709155084,-4221130.753793171,-1557005.1010183836
002594.SZ,20210902,266.3,267.01,271.99,262.7,267.0,0.7,0.2629,165244.43,4421950.962,271.73,272.46,277.54,268.06,272.45,1.020406,267.6006,-1,292.93,239.67,265.75,1,1,0.002628614344724056,1,0.5409996764303643,1.0,1.0,49.9999999999952,44.14887282552772,44.41331950697129,2.4496815157834306,20960.697663779894,0.4255167498218099,-8.809166446217052,-3.058559608970881,275.4599432794389,7.4815846251931735,5792.9400000000005,-2.0,-9.517858574353982,-3319.307594980768,0.0,-0.7560000000000002,-18.851243102118232,-4659438.769110188,-2000209.9107457842
002594.SZ,20210903,267.0,267.01,271.0,250.4,254.11,-12.89,-4.8277,287964.13,7420408.93,272.45,272.46,276.53,255.51,259.3,1.020406,257.6852,-1,293.7,240.3,252.92,1,1,-0.0482771535580524,0,0.9752773712599837,1.0,1.0,49.99999999999535,37.42875707224941,39.36329857413086,0.0,19948.774843981682,0.4222028558021047,-6.636085790731269,-10.718113437973846,274.5522465108768,8.463465835166744,5765.4400000000005,-4.0,-11.245371545357344,2036.9385963366803,0.0,-0.925,-32.465543644716604,-5403986.487519135,-2486463.7074276917
002594.SZ,20210906,254.11,259.99,279.0,259.0,277.6,23.49,9.244,397788.81,10725519.555,259.3,265.3,284.69,264.29,283.26,1.020406,269.6285,-1,279.52,228.7,276.31,1,1,0.09244028176773833,1,1.3861168395350152,1.0,1.0,49.999999999995474,43.776094994458525,50.42573964596747,56.836673907092916,21792.84521148052,0.38702144656793436,-2.5731424734837893,3.854267362066959,274.70297137074016,8.699070694609036,5716.07,-2.0,-8.838236281191724,19890.825664715783,0.0,0.028000000000000115,-16.797072185764655,-4223319.147490934,-2734585.913151012
002594.SZ,20210907,277.6,277.6,281.11,273.27,275.95,-1.65,-0.5944,207633.53,5743962.165,283.26,283.26,286.85,278.85,281.58,1.020406,276.6394,-1,305.36,249.84,274.66,1,1,-0.0059438040345822785,0,0.7164987028050005,1.0,1.0,49.99999999999551,42.4093169799511,49.73930261403774,53.309893742734005,21792.84521148052,0.38678376220598143,-10.141490423202683,2.8533286004330844,274.7640480590161,8.945609192605087,5694.87,-2.0,-7.154377621295417,6308.685959202005,0.0,0.023499999999998522,-10.283603431839772,-3260423.636626469,-2809705.58793322
002594.SZ,20210908,275.95,277.9,279.28,268.61,269.59,-6.36,-2.3048,182578.06,4971116.497,281.58,283.57,284.98,274.09,275.09,1.020406,272.2735,-1,303.55,248.36,268.33,1,1,-0.023047653560427706,0,0.6437440154868587,1.0,1.0,49.99999999999547,38.267153692738184,47.07898567489174,39.6417019414959,21792.84521148052,0.3789410348977133,-10.724909796568532,-1.0173902514272626,274.52017149718466,9.340558298381207,5687.990000000001,-4.0,-6.596981497536644,-5206.758533896784,0.0,-0.691500000000002,-15.49245574432689,-3455577.6472370075,-2901973.024976618
002594.SZ,20210909,269.59,272.0,279.58,265.8,271.71,2.12,0.7864,216256.41,5891876.583,275.09,277.55,285.29,271.22,277.25,1.020406,272.4486,-1,296.55,242.63,270.44,1,1,0.007863793167402378,1,0.7735924409985389,1.0,1.0,49.999999999995396,32.09455287231003,48.075918598333786,44.76374969831285,21964.219638752817,0.4023845007451562,-16.330648847215727,0.29912946287606135,274.3859535187042,9.575905680536101,5664.42,-4.0,-5.677466460471292,-7314.802262803554,0.0,-1.505000000000004,-27.7394636015325,-3825822.9002758428,-3033951.578590793
002594.SZ,20210910,271.71,271.71,272.53,262.64,265.61,-6.1,-2.245,238757.36,6341377.79,277.25,277.25,278.09,268.0,271.03,1.020406,265.5993,-1,298.88,244.54,264.37,1,1,-0.022450406683596325,0,0.8803019539879523,1.0,1.0,49.99999999999528,32.33157912290385,45.42433678471476,31.140437275675755,21471.11397537498,0.3406615171321053,-18.318695173110935,-3.509647014685736,273.98271787451256,9.862347068091276,5624.450000000001,-4.0,-5.615407100289712,-4825.921505828766,0.0,-1.6610000000000014,-38.1281042378894,-4406671.374593674,-3230054.406591205
002594.SZ,20210913,265.61,268.33,271.98,259.18,261.36,-4.25,-1.6001,213491.79,5623333.361,271.03,273.81,277.53,264.47,266.69,1.020406,263.3981,-1,292.17,239.05,260.14,1,1,-0.016000903580437487,0,0.7883317248378309,1.0,1.0,49.99999999999514,33.02379979575515,43.6192447070164,23.0946185854778,21471.11397537498,0.36569808646350094,-16.215903722792433,-6.124082954462992,273.41844681923783,10.099665137819288,5596.41,-4.0,-5.845113596123937,-5671.944959195069,0.0,-1.4294999999999987,-32.91838590111191,-4844402.170635328,-3460675.5157403653
002594.SZ,20210914,261.36,261.39,276.0,257.06,269.23,7.87,3.0112,354690.0,9581432.835,266.69,266.72,281.63,262.31,274.72,1.020406,270.1354,-1,287.5,235.22,267.97,1,1,0.030111723293541504,1,1.3322395589837457,1.0,1.0,49.999999999994984,38.940198053725894,47.759159532906224,58.928069479850784,22117.646218205566,0.35863219349457864,-10.049753347610155,-0.8003257308004559,273.2205932191606,10.120872240086474,5562.97,-2.0,-4.685389316810676,12695.714793234161,0.0,-0.8804999999999978,-25.74816084565383,-3917522.446262857,-3525939.3629578645
002594.SZ,20210915,269.23,267.89,270.0,260.0,261.15,-8.08,-3.0012,218809.11,5742276.749,274.72,273.36,275.51,265.31,266.48,1.020406,262.4332,-1,296.15,242.31,259.93,1,1,-0.030011514318612487,0,0.8093026157807369,1.0,1.0,49.99999999999484,34.88064517999855,44.17293036091823,33.75738563274701,22117.646218205566,0.34721754929008797,-9.310933952051679,-5.9018326529702545,272.67972621882035,10.334946345694926,5554.780000000001,-4.0,-4.740695934230762,6749.258061320688,0.0,-1.1299999999999983,-27.604456824512475,-4293564.081189975,-3635600.036991023
002594.SZ,20210916,261.15,261.15,264.77,250.53,251.0,-10.15,-3.8867,220809.71,5613770.464,266.48,266.48,270.17,255.64,256.12,1.020406,254.2357,-1,287.27,235.04,249.83,1,1,-0.038866551790158854,0,0.8171425156667419,1.0,1.0,49.9999999999948,28.807148929411255,40.0995051958579,6.455758877924711,21258.00957598927,0.34700739744451903,-12.349346457293475,-11.893236043261714,271.7701402566259,10.869251013173713,5540.98,-6.0,-5.808061237615132,3458.073474315417,0.0,-2.140499999999997,-41.900617630544616,-4647218.242455526,-3780116.9234859524
002594.SZ,20210917,251.0,253.0,257.0,250.49,255.12,4.12,1.6414,139421.07,3544731.219,256.12,258.16,262.24,255.6,260.33,1.020406,254.2465,-1,276.1,225.9,253.93,1,1,0.016414342629482048,1,0.5297582195506245,1.0,1.0,49.99999999999474,29.529673392637136,42.420567348182665,27.63647511610412,21258.00957598927,0.357861155419932,-15.371476279793914,-8.929759401187733,271.04807726654263,11.207478246508487,5497.75,-4.0,-5.619218393819413,-8647.603256560986,0.0,-1.8389999999999957,-42.977199145829005,-4844261.957799071,-3932137.642673541
002594.SZ,20210922,255.12,248.0,251.44,244.03,247.2,-7.92,-3.1044,163412.86,4037944.329,260.33,253.06,256.57,249.01,252.24,1.020406,247.1008,-1,280.63,229.61,246.05,1,1,-0.031044214487300104,0,0.6338964980965759,1.0,1.0,49.99999999999474,30.48520668825215,39.27039524416696,0.0,20598.07136713918,0.3932835820895523,-22.99051036241637,-13.562158291621703,270.0664694913928,11.76136273245732,5477.320000000001,-6.0,-6.176830083445818,-12173.457973757206,0.0,-2.293999999999997,-42.9811268769803,-5103744.041773785,-4099509.9854021473
002594.SZ,20210923,247.2,253.83,257.52,248.88,249.92,2.72,1.1003,149784.18,3773864.372,252.24,259.01,262.77,253.96,255.02,1.020406,251.9535,-1,271.92,222.48,248.75,1,1,0.011003236245954673,1,0.5963449312045658,1.0,1.0,49.999999999994714,28.196247433515282,40.893772494712735,14.552461959702063,20598.07136713918,0.393661325615868,-23.997530415381398,-11.511611545357345,269.21755110170517,12.24471466111532,5434.72,-6.0,-5.800955955969513,-14910.7705821641,0.0,-2.762499999999997,-51.78414741152386,-4423420.445989587,-4145782.908343211
002594.SZ,20210924,249.92,250.96,257.5,247.0,251.77,1.85,0.7402,158267.0,4002973.166,255.02,256.08,262.75,252.04,256.91,1.020406,252.9253,-1,274.91,224.93,250.6,1,1,0.007402368758002709,1,0.6461469683523774,1.0,1.0,49.99999999999467,28.476874497209465,42.028831819015025,24.727489134291922,20750.5458871024,0.3869371598218702,-20.737060753775513,-10.088440901865793,268.47053371027727,12.531864606204895,5381.92,-4.0,-4.957516128830081,-14154.152613949758,0.0,-2.641999999999996,-51.67106420404576,-4398408.694983749,-4181872.3064347166
002594.SZ,20210927,251.77,254.0,257.49,246.8,252.5,0.73,0.2899,179990.94,4548951.212,256.91,259.18,262.74,251.84,257.65,1.020406,252.7322,-1,276.95,226.59,251.32,1,1,0.002899471740080095,1,0.7379832081672678,1.0,1.0,49.99999999999456,32.694191244055745,42.49808094635453,28.93398523551282,20810.71150849329,0.4046692607003889,-23.368979339542644,-9.50793053112778,267.7823400693414,12.689705476727912,5329.950000000001,-2.0,-3.9968820737430075,-9524.974946781833,0.0,-1.991999999999996,-48.540658654596555,-3678269.4885492427,-4109929.0467367917
002594.SZ,20210928,252.5,251.9,253.82,246.29,246.86,-5.64,-2.2337,162444.38,4060118.403,257.65,257.04,259.0,251.32,251.9,1.020406,249.939,-1,277.75,227.25,245.71,1,1,-0.022336633663366245,0,0.6776671006284878,1.0,1.0,49.999999999994444,27.54805002785217,39.81647385619275,5.216194897257252,20810.71150849329,0.34220561911432795,-28.842441584782424,-13.229063464936145,266.91783957299765,12.903814361212454,5303.77,-4.0,-3.817078305852929,-7701.81481621979,0.0,-2.601999999999994,-48.91144340280469,-3806727.794700924,-4066614.582160239
002594.SZ,20210929,246.86,243.0,244.88,235.0,236.0,-10.86,-4.3993,245554.81,5859195.956,251.9,247.96,249.88,239.8,240.82,1.020406,238.6105,-1,271.55,222.17,234.9,1,1,-0.04399254638256511,0,1.0462990578121998,1.0,1.0,49.99999999999444,28.922989155252964,35.2094499020547,0.0,19895.195317201717,0.3895772321093337,-29.922735483760803,-19.90478698167845,265.73861531268074,13.187721004140236,5262.48,-4.0,-4.793665962087788,5131.956708636557,0.0,-3.178499999999995,-50.17002947177514,-4189644.1499547083,-4084190.2347023063
002594.SZ,20210930,236.0,238.2,249.7,237.2,249.51,13.51,5.7246,225038.01,5528259.622,240.82,243.06,254.8,242.04,254.6,1.020406,245.6589,-1,259.6,212.4,248.35,1,1,0.05724576271186432,1,0.995690287443382,1.0,1.0,49.99999999999427,34.62192895723666,43.904912839822124,67.58235801158173,19895.195317201717,0.32538282407734104,-33.26819234456159,-8.930519300914963,265.03483837506593,13.178742428755154,5211.599999999999,-2.0,-3.32246435240544,10956.006413893236,0.0,-2.1189999999999953,-41.74502851857565,-3421104.033928685,-3989463.6345917895
002594.SZ,20211008,249.51,257.98,259.98,250.0,253.0,3.49,1.3987,194103.95,4939109.186,254.6,263.24,265.29,255.1,258.16,1.020406,254.4569,-1,274.46,224.56,251.82,1,1,0.013987415334054676,1,0.8791714594067677,1.0,1.0,49.99999999999405,39.85917535828168,45.923934095226265,85.37635139247891,19895.195317201717,0.34282527881040886,-39.131249227812354,-6.285317711259237,264.49777120615374,12.96400785601201,5183.14,0.0,-1.6654920864110228,10726.610626216047,0.0,-1.832999999999997,-24.260797963919472,-2565829.3603309267,-3786087.3096973808
002594.SZ,20211011,253.0,253.1,263.1,248.0,255.75,2.75,1.087,211972.73,5448306.885,258.16,258.26,268.47,253.06,260.97,1.020406,257.0287,-1,278.3,227.7,254.56,1,1,0.010869565217391353,1,0.980891909912534,1.0,1.0,49.99999999999386,44.282606953467166,47.52661511652642,98.14701357067156,20111.44744021478,0.3376785060417429,-29.695706143155697,-4.18683352121996,264.0986513685854,12.725302433491821,5168.44,0.0,-0.06959774530688634,12919.576142091122,0.0,-1.699999999999997,-17.830643310640248,-1738892.5519470903,-3493630.915733054
002594.SZ,20211012,255.75,255.0,262.9,253.01,257.01,1.26,0.4927,211651.34,5464868.602,260.97,260.2,268.26,258.17,262.25,1.020406,258.2015,-1,281.33,230.18,255.81,1,1,0.004926686217008758,1,0.9689289946501267,1.0,1.0,49.999999999993705,49.965547540915104,48.2829228004726,100.0,20111.44744021478,0.3691162343900095,-36.053534195598594,-3.2040823969560797,263.7719120763043,12.203111569028048,5150.45,2.0,1.2143367064640813,14164.717282968297,0.0,-0.9544999999999988,-4.860661049902788,-852272.7503833848,-3116294.0349688157
002594.SZ,20211013,257.01,257.01,273.6,254.33,271.2,14.19,5.5212,321978.1,8631470.872,262.25,262.25,279.18,259.52,276.73,1.020406,268.0763,-1,282.71,231.31,269.94,1,1,0.05521185946072138,1,1.5002045274289995,1.0,1.0,49.999999999993776,48.94048569349751,55.9781923719113,100.0,21221.837849835603,0.3988064348728593,-31.2666462119372,7.175536395054668,264.1510117465956,11.99611880046617,5150.67,2.0,3.882991845041147,28840.836733480653,0.0,-1.1254999999999995,-3.1065795762306436,237773.4853239595,-2637141.532069848
002594.SZ,20211014,271.2,271.0,275.99,268.14,272.94,1.74,0.6416,177799.32,4844827.927,276.73,276.53,281.62,273.61,278.51,1.020406,272.4886,-1,298.32,244.08,271.67,1,1,0.0064159292035399496,1,0.843321198078281,1.0,1.0,49.999999999993975,48.51422833201802,56.82651012810231,100.0,21221.837849835603,0.385273528649209,-29.30086071428415,8.365102747958275,264.6045448966579,11.755553926879033,5137.700000000001,4.0,5.6817578185796265,18616.25467072663,0.0,-0.945999999999998,-3.4857691077709916,886664.8530923296,-2133740.619903823
002594.SZ,20211015,272.94,275.0,287.5,271.0,283.33,10.39,3.8067,287845.05,8089636.933,278.51,280.61,293.37,276.53,289.11,1.020406,281.0414,-1,300.23,245.65,282.01,1,1,0.038066974426613776,1,1.3750085258801725,1.0,1.0,49.99999999999435,54.412462229037715,61.58669034933417,100.0,22029.68900855104,0.4384499749457157,-21.09265638681771,15.196109198239302,265.6317351685014,11.40469050905676,5129.42,6.0,7.932095540048522,25725.983209965503,0.0,-0.11399999999999863,8.951716819525515,1815663.4196417844,-1569540.0428258793
002594.SZ,20211018,283.33,284.25,288.63,280.04,285.92,2.59,0.9141,216213.78,6155818.958,289.11,290.05,294.52,285.75,291.75,1.020406,284.7098,-1,311.66,255.0,284.59,1,1,0.009141284015106166,1,1.0075016062382387,1.0,1.0,49.99999999999478,59.79552720199269,62.69099476652548,100.0,22029.68900855104,0.4461359287912818,-23.77068858035998,16.823107503086636,266.7603723796734,11.20781090714435,5143.660000000001,6.0,9.333868857066319,20080.779956464925,0.0,-0.015999999999996815,17.125072379849477,2478537.258645907,-991243.2854727672
002594.SZ,20211019,285.92,288.0,294.91,284.0,284.79,-1.13,-0.3952,193857.85,5581983.586,291.75,293.88,300.93,289.8,290.6,1.020406,287.9421,-1,314.51,257.33,283.46,1,1,-0.0039521544487968185,0,0.903337590994617,1.0,1.0,49.99999999999514,65.25488122132974,61.855490446645945,96.95976218222103,22029.68900855104,0.5198715723707046,-20.880886016567917,15.802766519306271,267.75460131193375,10.937753627817537,5166.04,6.0,9.634217977223544,12980.469447968884,0.0,0.1285000000000025,26.923356867312094,2977753.353814778,-424243.7655745466
002594.SZ,20211020,284.79,286.0,295.0,285.24,290.6,5.81,2.0401,217045.09,6300647.166,290.6,291.84,301.02,291.06,296.53,1.020406,290.2921,-1,313.27,256.31,289.24,1,1,0.020400997226026174,1,1.0220774235723906,1.0,1.0,49.99999999999537,70.5158102760509,64.47691063190146,100.0,22479.11663290471,0.513698630136986,-21.696266250619356,19.603168984154905,269.05573563564764,10.582299908637294,5178.85,8.0,10.092301793956256,11123.668220666339,0.0,0.7070000000000022,30.8426425982097,3530457.2405275526,140713.52101146756
002594.SZ,20211021,290.6,291.0,292.6,284.01,287.01,-3.59,-1.2354,180625.75,5184267.795,296.53,296.94,298.57,289.81,292.87,1.020406,287.0171,-1,319.66,261.54,285.67,1,1,-0.012353750860289114,0,0.8498656951937922,1.0,1.0,49.99999999999551,64.49104216863836,61.65728158018927,90.36599355940452,22479.11663290471,0.533238535371489,-28.781358297246104,16.19200402024566,270.04913656764927,10.359905608695218,5214.389999999999,6.0,9.40246267502961,5017.475158231089,0.0,0.11550000000000012,26.409584425308935,2753547.140498759,513975.4666525092
002594.SZ,20211022,287.01,292.2,301.0,289.0,300.0,12.99,4.526,336548.68,10022899.338,292.87,298.16,307.14,294.9,306.12,1.020406,297.8143,-1,315.71,258.31,298.6,1,1,0.0452597470471412,1,1.651114230636022,1.0,1.0,49.99999999999564,71.00861936814022,67.23983867955042,100.0,23496.51576555316,0.5620369581878563,-24.25050372065505,24.404020826584453,271.82342601441707,9.97952521519744,5231.4,8.0,10.12405382334838,21106.175157029502,0.0,0.8425000000000011,36.53549098933437,3055046.2512497827,876985.578737834
002594.SZ,20211025,300.0,303.11,318.65,302.23,317.35,17.35,5.7833,335189.76,10469605.348,306.12,309.3,325.15,308.4,323.83,1.020406,312.3486,-1,330.0,270.0,315.87,1,1,0.0578333333333334,1,1.5982862338672228,1.0,1.0,49.99999999999581,77.06362181324289,72.91257942438992,100.0,23496.51576555316,0.6711867126695009,-19.333766954778895,33.55733075483134,274.71885825247745,9.329620534794158,5266.63,10.0,12.225890380801857,30139.98220246013,0.0,2.0620000000000003,53.27829043224872,3520383.02694292,1254613.7856242748
002594.SZ,20211026,317.35,330.5,333.33,317.76,319.01,1.66,0.5231,313244.34,10148404.49,323.83,337.24,340.13,324.24,325.52,1.020406,323.9773,-1,349.09,285.62,317.52,1,1,0.00523081770915379,1,1.4539935198991196,1.0,1.0,49.99999999999594,81.1756214036634,73.38739782240512,100.0,23496.51576555316,0.8048620774330845,-9.974059575397465,34.357805375587624,277.5526013966566,8.75132907306444,5333.49,10.0,13.052192707622371,31582.092139233195,0.0,1.3814999999999997,65.89637237474491,4082024.5640772097,1658529.611117551
002594.SZ,20211027,319.01,313.0,326.73,311.28,321.74,2.73,0.8558,219067.77,7024365.486,325.52,319.39,333.4,317.63,328.31,1.020406,320.6481,-1,350.91,287.11,320.24,1,1,0.0085577254631517,1,0.9774208619241623,1.0,1.0,49.9999999999961,79.26498397666927,74.18872270113528,100.0,23496.51576555316,0.8405710377842359,-2.7227630340939744,35.69887105268154,280.4079252562892,7.870006969121259,5389.65,12.0,13.14251996971682,18899.047145941666,0.0,1.8585000000000007,65.74360323620346,3168140.741134174,1874188.3439770688
002594.SZ,20211028,321.74,319.61,323.8,305.4,307.98,-13.76,-4.2767,298267.14,9334453.596,328.31,326.13,330.41,311.63,314.26,1.020406,312.9562,-1,353.91,289.57,306.54,1,1,-0.04276745197985954,0,1.3144667028172348,1.0,1.0,49.99999999999618,73.04958702933097,63.76662404622091,60.910447076094265,22491.62965585585,0.7680831120137473,4.7157343901383575,22.428538629913547,282.0153580267022,7.11654166737804,5466.25,10.0,10.632156200933736,20113.315023150313,0.0,1.4725000000000024,57.95297372060864,1999676.755104579,1892115.2598524275
002594.SZ,20211029,307.98,305.13,313.76,293.77,311.31,3.33,1.0812,347159.58,10585996.588,314.26,311.36,320.16,299.76,317.66,1.020406,304.9317,-1,338.78,277.18,309.86,1,1,0.010812390414961959,1,1.4814652148241634,1.0,1.0,49.99999999999622,69.53487553397066,65.04635944957568,64.7092030100729,22734.8179367637,0.759305019305019,10.618712948247783,24.314024044888598,283.7495174679664,6.5727174765369725,5513.0199999999995,10.0,8.78038200933522,26060.41818967775,0.0,1.7410000000000025,48.421834385443816,676270.0844517602,1718423.0919380467
002594.SZ,20211101,311.31,301.41,308.41,293.82,302.0,-9.31,-2.9906,284785.87,8570609.748,317.66,307.56,314.7,299.82,308.16,1.020406,300.9493,-1,342.44,280.18,300.59,1,1,-0.02990588159712182,0,1.1682088982239118,1.0,1.0,49.99999999999622,64.36152191557817,58.794122506054066,15.463196750639419,22734.8179367637,0.7121234067207413,12.233262437400468,16.015175341310997,284.7577712446414,6.117958026946198,5577.53,8.0,5.805149260752586,20401.325375676242,0.0,1.8455000000000013,43.837341810112235,-477515.17778610345,1404717.6248345966
002594.SZ,20211102,302.0,310.0,319.8,307.64,313.88,11.88,3.9338,290087.4,9102548.555,308.16,316.33,326.33,313.92,320.29,1.020406,313.7864,-1,332.2,271.8,312.42,1,1,0.03933774834437087,1,1.1649176381311093,1.0,1.0,49.99999999999619,68.33456380694506,63.601882694722065,39.02367015793413,23629.154483415197,0.6813331485587579,14.417173003733733,22.92627602414925,286.46247940198407,5.4749976108009575,5625.71,10.0,4.973082553847391,16355.605449881707,0.0,2.2915000000000005,51.20985979194944,161060.5155881336,1227052.3235136734
002594.SZ,20211103,313.88,313.13,313.85,299.86,303.01,-10.87,-3.4631,197248.14,6017080.222,320.29,319.52,320.25,305.98,309.19,1.020406,305.0513,-1,345.27,282.49,301.6,1,1,-0.03463106919841974,0,0.7723051585506345,1.0,1.0,49.99999999999612,68.25674586133702,57.043624249496375,0.0,23629.154483415197,0.6660430956835028,15.868892359438261,13.899017575979533,287.35997765885656,4.521247435843352,5692.7300000000005,10.0,2.612890748745521,969.6900986749752,0.0,2.1355000000000004,54.27121185902993,-329865.1698427461,1004635.5387484706
002594.SZ,20211104,303.01,311.13,329.0,309.03,325.0,21.99,7.2572,349964.34,11223980.65,309.19,317.48,335.71,315.34,331.63,1.020406,320.7178,-1,333.31,272.71,323.48,1,1,0.07257186231477508,1,1.3833321707218091,1.0,1.0,49.99999999999599,69.44108562633457,64.92343787538377,45.95957059164138,25343.966229200156,0.558405863490609,18.72829587530716,25.542703781222777,289.6101825041389,3.914344864635768,5759.740000000001,10.0,3.6067664507995936,10621.856527503911,0.0,2.2635000000000005,56.84267827980414,235431.75640703645,894749.2841282658
002594.SZ,20211105,325.0,324.0,327.0,313.01,314.0,-11.0,-3.3846,194183.26,6178126.193,331.63,330.61,333.67,319.4,320.41,1.020406,318.1596,-1,357.5,292.5,312.54,1,1,-0.03384615384615386,0,0.7490690250194769,1.0,1.0,49.99999999999584,65.68402647582533,59.08474271869921,11.904967912317383,25343.966229200156,0.5322480039920157,19.654408991806477,17.197362988421673,290.97133597760734,3.4595398136903124,5837.2300000000005,8.0,2.431896071645152,-3937.9357328539845,0.0,2.0125000000000015,54.66605672461127,-358338.9480981743,715736.6795244886
002594.SZ,20211108,314.0,308.09,319.61,307.0,315.0,1.0,0.3185,169849.47,5344230.944,320.41,314.38,326.13,313.26,321.43,1.020406,314.6451,-1,345.4,282.6,313.53,1,1,0.0031847133757962887,1,0.6551905179328837,1.0,1.0,49.99999999999569,62.20732606275114,59.44183836227334,13.987753523501736,25343.966229200156,0.5065270858296018,16.30634307359099,17.720754420773847,292.3183228616261,3.0568164756175755,5896.2300000000005,8.0,1.4853674595939026,-16123.772988779547,0.0,2.2255000000000025,47.496511303377176,-938897.1377245435,479360.41991748405
002594.SZ,20211109,315.0,315.05,329.97,315.05,320.69,5.69,1.8063,203305.04,6580787.588,321.43,321.48,336.7,321.48,327.23,1.020406,323.6903,-1,346.5,283.5,319.19,1,1,0.018063492063492115,1,0.7906683950257083,1.0,1.0,49.99999999999555,62.472955496077226,61.50079849454036,25.996784198214534,25801.766762038726,0.4846625766871162,18.047212333910405,20.722148185173594,293.9493180100836,2.584832239246405,5958.22,8.0,1.3268018710662304,-18770.146276399788,0.0,2.4070000000000022,49.01897018970201,-534894.4933044538,334466.8608857787
002594.SZ,20211110,320.69,314.0,315.6,301.58,310.26,-10.43,-3.2524,274878.5,8480095.668,327.23,320.41,322.04,307.73,316.59,1.020406,308.5034,-1,352.76,288.62,308.81,1,1,-0.03252362094234307,0,1.070760706419455,1.0,1.0,49.99999999999538,56.978885954523605,55.89896532908551,0.0,24962.59988022743,0.40938206480783706,12.825439835323595,12.783839428001475,294.8253091236607,2.74985366324822,6024.58,6.0,-0.39007702085953966,-10390.670759061308,0.0,1.5105000000000017,34.73986288994002,-1172932.245437471,119124.13141102876
002594.SZ,20211111,310.26,313.0,316.99,308.05,311.99,1.73,0.5576,138851.5,4327235.823,316.59,319.39,323.46,314.34,318.36,1.020406,311.6449,-1,341.29,279.23,310.54,1,1,0.005575968542512744,1,0.5458893869463626,1.0,1.0,49.999999999995225,56.83830104855882,56.6050152906915,3.8603571783022295,24962.59988022743,0.39144633548954316,12.786068689455691,13.773801285279285,295.75525775646446,2.8918724750381375,6064.490000000001,6.0,-1.4407402248066568,-22013.143058876285,0.0,1.3630000000000024,32.0909141182327,-779917.9473015766,-9310.451262200557
002594.SZ,20211112,311.99,315.8,316.74,305.5,306.78,-5.21,-1.6699,148883.82,4590558.597,318.36,322.24,323.2,311.73,313.04,1.020406,308.3316,-1,343.19,280.79,305.35,1,1,-0.01669925318119181,0,0.5898469949489962,1.0,1.0,49.999999999995076,52.80044296635077,53.81096793485089,0.0,24545.743104766723,0.34592664719246946,8.046251309112433,9.822142614061393,296.33181052548963,3.1518842712289556,6110.23,4.0,-2.9012602763667203,-26870.67797695348,0.0,0.4955000000000013,25.583289695700344,-1067049.5949308798,-160416.043214869
002594.SZ,20211115,306.78,306.78,306.78,290.44,294.94,-11.84,-3.8594,225372.24,6667949.87,313.04,313.04,313.04,296.37,300.96,1.020406,295.8639,-1,337.46,276.1,293.56,1,1,-0.038594432492339736,0,0.9181521208907641,1.0,1.0,49.999999999995,48.55362216479183,48.011087312913524,0.0,23598.41407953549,0.3020820575627677,12.509624930548254,1.3974410554364731,296.26460765609977,3.769852510423285,6136.969999999999,2.0,-5.381717448454179,-18690.051388317093,0.0,-0.1799999999999983,11.16982404856941,-1576973.2389524793,-362781.3568916705
002594.SZ,20211116,294.94,294.0,297.69,288.0,293.51,-1.43,-0.4848,151808.48,4462067.584,300.96,300.0,303.76,293.88,299.5,1.020406,293.9274,-1,324.43,265.45,292.14,1,1,-0.0048484437512714695,0,0.6173064425540589,1.0,1.0,49.99999999999502,45.21378710107832,47.3473248098764,0.0,23598.41407953549,0.30146699266503646,10.774057011025437,0.4180924490601309,296.13288744358977,4.34718734734559,6139.75,2.0,-7.030472001142321,-21875.560471029123,0.0,-0.043999999999999775,2.4903154399557934,-2017827.1587607036,-599216.4714443896
002594.SZ,20211117,293.51,300.0,303.24,294.0,296.85,3.34,1.138,163377.75,4875749.071,299.5,306.12,309.43,300.0,302.91,1.020406,298.4341,-1,322.86,264.16,295.47,1,1,0.011379510067800247,1,0.6700799091139621,1.0,1.0,49.999999999995055,44.688302704113745,49.11678513253032,9.997496240190333,23866.952470137683,0.3060882517222116,9.659956992029938,2.7279500504464353,296.1679672068638,4.759112339392408,6148.469999999999,2.0,-7.446656646029325,-21102.312540059946,0.0,-0.4314999999999998,4.99299040224313,-1541930.1039350654,-733889.8475144862
002594.SZ,20211118,296.85,294.8,298.88,290.0,295.4,-1.45,-0.4885,129097.22,3802420.935,302.91,300.82,304.98,295.92,301.43,1.020406,294.5393,-1,326.54,267.17,294.02,1,1,-0.004884621862893845,0,0.5353733440576466,1.0,1.0,49.99999999999505,45.109858952829846,48.35700832837156,5.744634861712635,23866.952470137683,0.2851122712120256,9.229658179400193,1.6504630051377562,296.13079376774454,5.169172625999051,6154.75,2.0,-7.662874047329423,-23692.285147232964,0.0,-0.202000000000001,3.894995197951161,-1746656.0405753783,-878570.7322374708
002594.SZ,20211119,295.4,295.72,300.0,288.0,296.82,1.42,0.4807,175158.64,5144668.932,301.43,301.75,306.12,293.88,302.88,1.020406,293.7148,-1,324.94,265.86,295.44,1,1,0.004807041299932369,1,0.7342376355754898,1.0,1.0,49.99999999999503,43.260505116888744,49.185989367354,10.46115572097637,23981.681896365157,0.30748880748880714,8.386693684828712,2.7024780526990972,296.1645000477169,5.520820372919286,6155.74,2.0,-7.3586427505927645,-17946.017966091236,0.0,-0.5370000000000033,-1.712517953817212,-1327837.2541496013,-942751.6639392037
002594.SZ,20211122,296.82,298.4,311.51,298.2,311.0,14.18,4.7773,287020.45,8785850.014,302.88,304.49,317.87,304.29,317.35,1.020406,306.1054,-1,326.5,267.14,309.55,1,1,0.04777306111448021,1,1.245267382875209,1.0,1.0,49.999999999995005,42.58842362568756,56.66647499159063,53.021678609947074,25127.360251228234,0.3142461005199303,5.1894647597075965,12.536695256792033,296.9595182082465,5.604218789530636,6152.56,2.0,-5.098753984030873,1163.3709349055243,0.0,-0.6190000000000027,-5.283623055809649,-512378.3116632025,-881269.7564712035
002594.SZ,20211123,311.0,307.88,309.73,303.98,308.48,-2.52,-0.8103,150362.57,4609989.313,317.35,314.16,316.05,310.18,314.77,1.020406,306.5915,-1,342.1,279.9,307.04,1,1,-0.0081028938906752,0,0.6592520565569057,1.0,1.0,49.99999999999489,40.260601454133536,55.11367791162029,44.18697736409733,25127.360251228234,0.28922886086417193,-2.882887721927722,10.4483705131294,297.56543175178234,5.718317216736414,6146.21,0.0,-3.851452986004663,-4075.783714405832,0.0,-0.014500000000001022,-11.500030279173892,30486.554553233087,-751018.854896284
002594.SZ,20211124,308.48,305.43,309.6,301.0,303.2,-5.28,-1.7116,141938.17,4319711.029,314.77,311.66,315.92,307.14,309.39,1.020406,304.3375,-1,339.33,277.63,301.79,1,1,-0.017116182572614158,0,0.6453598946048321,1.0,1.0,49.99999999999477,41.07249882819161,51.90437619045709,32.19740596627174,25127.360251228234,0.28423405119869966,-8.294042789728243,6.1057433412299975,297.8501270148223,5.911751736664676,6144.53,-2.0,-3.6477032274448717,-7925.076838215617,0.0,-0.5630000000000024,-9.516438610612283,-271396.044830007,-682501.3106011017
002594.SZ,20211125,303.2,303.2,304.49,291.3,298.0,-5.2,-1.715,170971.44,5070667.609,309.39,309.39,310.7,297.24,304.08,1.020406,296.5798,-1,333.52,272.88,296.61,1,1,-0.01715039577836408,0,0.7912414689747819,1.0,1.0,49.999999999994586,42.41823343703566,48.88523798836596,10.865976881392521,24696.416078054135,0.3017253774263119,-11.62472700399762,1.9502063056600503,297.8574030061359,6.122513266257371,6125.22,-2.0,-4.09018738813897,-5902.460541629349,0.0,-0.24150000000000205,-11.607088852597762,-683361.3892630758,-682624.1789813838
002594.SZ,20211126,298.0,295.0,304.77,294.05,297.66,-0.34,-0.1141,122493.93,3671367.398,304.08,301.02,310.99,300.05,303.73,1.020406,299.7183,-1,327.8,268.2,296.27,1,1,-0.0011409395973153158,0,0.5840965914944627,1.0,1.0,49.9999999999944,47.84532779675048,48.68583031994939,9.457081278381382,24696.416078054135,0.30835353757989853,-18.173226137985356,1.6761377104168158,297.8478453036424,6.363809254507615,6136.22,-4.0,-4.284892642190822,-10185.13496566056,0.0,-0.41750000000000115,-3.0744646852028694,-385117.0079588932,-640123.1545495994
002594.SZ,20211129,297.66,291.8,307.07,289.93,304.46,6.8,2.2845,200156.75,6053231.132,303.73,297.75,313.34,295.85,310.67,1.020406,302.4245,-1,327.43,267.89,303.04,1,1,0.022844856547738823,1,1.0084382424944554,1.0,1.0,49.99999999999421,53.91340455596015,52.830062700384275,58.83302429513311,25260.602160600552,0.31414670658682636,-13.747524219710158,6.942708925817616,298.18456993938764,6.3728359799322725,6114.84,-2.0,-3.3930057302895964,-2072.1622590967745,0.0,0.18599999999999853,-2.3064038139414507,96867.97533139214,-534838.7074237434
002594.SZ,20211130,304.46,307.0,308.0,303.0,304.7,0.24,0.0788,131788.26,4023809.746,310.67,313.26,314.29,309.18,310.92,1.020406,305.3238,-1,334.91,274.01,303.28,1,1,0.0007882808907573313,1,0.6784450500297541,0.9666666666666667,1.0,49.999999999994,51.86519890154737,52.97441642694062,60.382025263478845,25260.602160600552,0.34412922269596585,-19.10524089182015,7.1275228907293275,298.5169422646072,6.501181130092799,6115.84,-2.0,-2.6963724881462516,-5249.164729919306,0.0,-0.12300000000000182,-2.8031332944907987,538721.5311447806,-381472.9590568115
002594.SZ,20211201,304.7,305.2,307.5,300.38,305.32,0.62,0.2035,108278.64,3295906.128,310.92,311.43,313.77,306.51,311.55,1.020406,304.3912,-1,335.17,274.23,303.9,1,1,0.002034788316376712,1,0.5810950724453612,0.9666666666666667,1.0,49.999999999993776,53.134999678629924,53.371406953701815,64.6419687027439,25260.602160600552,0.37570495031778706,-23.837701791115418,7.626394873675742,298.8656034923109,6.511855660409853,6102.34,0.0,-2.103992126378114,-9598.42072147668,0.0,0.3889999999999986,0.555890429308171,244426.38726588245,-292058.76672499813
002594.SZ,20211202,305.32,305.0,314.06,303.1,308.8,3.48,1.1398,180072.11,5567674.844,311.55,311.22,320.47,309.29,315.1,1.020406,309.1914,-1,335.85,274.79,307.36,1,1,0.01139787763657818,1,0.9900217538058727,0.9666666666666667,1.0,49.99999999999355,50.62274122309608,55.63529916268528,88.93487272124129,25548.51941305336,0.450321888412017,-29.338666576382437,10.467876925771057,299.3881900117124,6.564418505037806,6102.429999999999,0.0,-1.2381765470542732,-2268.509464429517,0.0,-0.11450000000000102,-5.514496873223372,471713.89930967987,-182948.38586290128
002594.SZ,20211203,308.8,306.99,309.8,298.86,306.9,-1.9,-0.6153,210327.15,6367075.408,315.1,313.25,316.12,304.96,313.16,1.020406,302.7225,-1,339.68,277.92,305.47,1,1,-0.006152849740932775,0,1.2130124240961593,0.9666666666666667,1.0,49.99999999999327,50.50644703282083,54.09115194139403,72.36525863431383,25391.32321200154,0.4990487514863253,-29.201226682340867,8.548885022370854,299.776475058726,6.591157219567972,6085.23,0.0,-0.9302205619175483,6700.83077020981,0.0,0.3809999999999974,-11.347517730496406,-77629.69204505067,-167902.85817463693
002594.SZ,20211206,306.9,301.0,311.51,300.86,301.75,-5.15,-1.6781,178800.86,5465317.712,313.16,307.14,317.87,307.0,307.91,1.020406,305.6651,-1,337.59,276.21,300.34,1,1,-0.016780710329097337,0,1.0264136848093282,0.9666666666666667,1.0,49.99999999999295,50.45077436083588,50.03727778842999,20.221146893770594,25391.32321200154,0.47558073654390903,-28.207741237177462,3.4228264958949004,299.8736691194816,6.686855124978222,6089.74,-2.0,-1.4007583784849293,8326.792845694654,0.0,0.07299999999999614,-4.874271808863611,-641380.8370633288,-235542.56944445008
002594.SZ,20211207,301.75,306.01,306.35,291.08,294.8,-6.95,-2.3032,227678.6,6727286.964,307.91,312.25,312.6,297.02,300.82,1.020406,295.473,-1,331.93,271.58,293.43,1,1,-0.0230323115161557,0,1.3036489064100298,0.9666666666666667,1.0,49.99999999999269,44.19677873043785,45.12254533384059,0.0,24806.502345975325,0.32387442743827477,-24.32643156394767,-3.0789252804160228,299.63950461289505,6.792936599489937,6081.089999999999,-4.0,-2.561125636212517,15508.248404143997,0.0,-0.7695000000000022,-19.810412500925707,-1301238.8624157878,-387784.897011784
002594.SZ,20211208,294.8,296.01,301.0,294.5,300.79,5.99,2.0319,154381.76,4606774.78,300.82,302.05,307.14,300.51,306.93,1.020406,298.4015,-1,324.28,265.32,299.39,1,1,0.02031886024423346,1,0.8778381731794281,0.9666666666666667,1.0,49.99999999999244,50.36659184023686,49.70751051032017,39.71754257356768,24806.502345975325,0.3407781826730924,-29.48764510319527,2.4828494862149273,299.6956503488909,6.764603182768362,6054.9,-2.0,-2.4355977913877673,10166.176900637132,0.0,-0.34350000000000025,-14.070311880009534,-770246.3688241999,-442422.25012784346
002594.SZ,20211209,300.79,300.0,300.63,297.03,299.5,-1.29,-0.4289,112957.11,3375316.207,306.93,306.12,306.76,303.09,305.61,1.020406,298.814,-1,330.87,270.71,298.1,1,1,-0.004288706406463061,0,0.6650755629895927,0.9666666666666667,1.0,49.9999999999922,49.89828695932837,48.76263024931236,31.532459252538747,24806.502345975325,0.3395958879829844,-33.45994539752413,1.2444689855677826,299.6862177223765,6.755907965151284,6047.639999999999,-4.0,-2.434310150409525,1299.4881108444897,0.0,-0.31800000000000067,-17.75210944540023,-334584.26915452024,-427016.8242745116
002594.SZ,20211210,299.5,295.99,302.03,292.8,301.42,1.92,0.6411,144872.73,4325991.091,305.61,302.03,308.19,298.77,307.57,1.020406,298.6063,-1,329.45,269.55,300.01,1,1,0.006410684474123629,1,0.8595426428753203,0.9666666666666667,1.0,49.99999999999191,50.037355666157175,50.277596908743796,49.03616748600044,24965.52900542198,0.3203835751167934,-32.449108029016706,3.079346836095396,299.7713211246305,6.674225291083984,6023.7,-2.0,-2.09570367558493,46.291561110581824,0.0,0.4045000000000016,-18.868686868686886,-527427.5369373776,-441361.21179777815
002594.SZ,20211213,301.42,302.99,303.0,298.0,298.4,-3.02,-1.0019,142941.24,4278869.484,307.57,309.17,309.18,304.08,304.49,1.020406,299.3446,-1,331.56,271.28,297.01,1,1,-0.010019242253334393,0,0.8490932853585731,0.9666666666666667,1.0,49.99999999999166,55.59143445059567,47.87955509346599,26.225381137155217,24965.52900542198,0.3593491450634301,-42.02122789848811,0.002961723814156177,299.7060181846603,6.410037508670689,6019.92,-2.0,-2.189164587512847,-689.4133986542947,0.0,0.7669999999999988,-2.7131442620072335,-130112.06740073906,-396897.04831248685
002594.SZ,20211214,298.4,295.5,297.07,291.69,293.4,-5.0,-1.6756,157111.28,4609509.733,304.49,301.53,303.13,297.64,299.39,1.020406,293.3914,-1,328.24,268.56,292.03,1,1,-0.016756032171581725,0,0.9566877883820685,0.9666666666666667,1.0,49.999999999991516,55.49556301982305,44.12694178489694,0.0,24547.205798226572,0.34248915757655346,-44.128851134659264,-4.941288288572292,299.42056963005905,6.16407560541407,6020.63,-2.0,-2.79626599128129,994.4975839505641,0.0,0.6864999999999981,-0.2790027900279455,-490309.79988767696,-410241.7271089426
002594.SZ,20211215,293.4,293.41,295.5,291.71,293.35,-0.05,-0.017,98150.36,2877855.925,299.39,299.4,301.53,297.66,299.34,1.020406,293.2089,-1,322.74,264.06,291.98,1,1,-0.00017041581458743238,0,0.596697416239143,0.9333333333333333,1.0,49.999999999991424,51.61789220607102,44.089727831491125,0.0,24547.205798226572,0.35796703296703264,-48.245556128462646,-4.99073414663538,299.14592183774306,5.987915643447757,6022.620000000001,-4.0,-3.0553139180769806,-5229.657133802786,0.0,0.8409999999999969,-7.386576677915315,-800589.1575032703,-466005.64573670365
002594.SZ,20211216,293.35,293.0,293.49,279.0,286.2,-7.15,-2.4374,278665.16,7928142.188,299.34,298.98,299.48,284.69,292.04,1.020406,284.5042,-1,322.69,264.02,284.87,1,1,-0.024373615135503734,0,1.728392233894339,0.9333333333333333,1.0,49.99999999999143,49.49224387736713,39.02180436340959,0.0,23948.901651448592,0.44662420382165574,-35.32321136486618,-11.88959850313523,298.60274547066183,5.906529023139034,6017.2300000000005,-4.0,-3.9818760958085395,14493.327676748428,0.0,0.470999999999998,-14.109362774928293,-1363392.4379436043,-594203.7589091181
002594.SZ,20211217,286.2,284.0,285.88,278.61,278.98,-7.22,-2.5227,151118.15,4240478.259,292.04,289.8,291.71,284.3,284.67,1.020406,280.6068,-1,314.82,257.58,277.68,1,1,-0.025227113906359122,0,0.8957466070166334,0.9333333333333333,1.0,49.999999999991644,44.7973896823887,34.68606202385528,0.0,23948.901651448592,0.4205219454329773,-37.58721276342373,-18.202907705980202,297.8384199838401,6.035575246480649,6015.43,-6.0,-5.278110325559949,10092.962132802357,0.0,0.16500000000000056,-18.103448275862092,-1798434.4707968987,-766236.7177502296
002594.SZ,20211220,278.98,279.23,281.47,268.28,270.5,-8.48,-3.0396,217845.03,5964658.201,284.67,284.93,287.21,273.75,276.02,1.020406,273.8028,-1,306.88,251.08,269.24,1,1,-0.030396444189547678,0,1.3005336769312048,0.9333333333333333,1.0,49.99999999999216,37.074586568479276,30.411968782412018,0.0,23220.940198999368,0.5824427480916032,-32.72954364787903,-24.859317692614894,296.86021639774884,6.572053863888367,6000.08,-8.0,-6.8868877272671725,15576.430065531433,0.0,-0.9015000000000015,-36.56454043194378,-2356611.904263942,-993433.1729664742
002594.SZ,20211221,270.5,270.5,276.78,269.41,276.21,5.71,2.1109,149653.05,4098708.738,276.02,276.02,282.43,274.91,281.85,1.020406,273.8807,-1,297.55,243.45,274.92,1,1,0.021109057301293754,1,0.9122651380425919,0.9333333333333333,1.0,49.999999999992696,36.73749441275902,36.119909549857205,22.629607912162427,23220.940198999368,0.5597261278884952,-28.592937353806256,-18.050278048156326,296.0543690205865,6.889782088572293,5958.49,-6.0,-6.780384455063057,9711.526154539344,0.0,-0.6460000000000037,-45.74638844301775,-1764905.760770421,-1103643.5426527523
002594.SZ,20211222,276.21,280.01,285.18,277.01,279.22,3.01,1.0898,144442.3,4061024.216,281.85,285.72,291.0,282.66,284.92,1.020406,281.152,-1,303.83,248.59,277.92,1,1,0.010897505521161532,1,0.8806915530665922,0.9333333333333333,1.0,49.99999999999309,41.02932064976494,38.9621399350686,36.108387249892616,23220.940198999368,0.5757042253521127,-26.614932451758293,-14.58297515445488,295.36963486968625,7.057429940348487,5925.1,-4.0,-5.933521081388767,5057.625974088467,0.0,-0.574000000000001,-34.550448339930576,-1191795.6523697707,-1116236.701183755
002594.SZ,20211223,279.22,282.03,284.9,277.16,279.99,0.77,0.2758,123021.34,3451820.145,284.92,287.79,290.71,282.82,285.7,1.020406,280.5871,-1,307.14,251.3,278.68,1,1,0.0027576821144617014,1,0.7495117952859811,0.9333333333333333,1.0,49.99999999999336,45.36890947186406,39.70125312956483,46.76058712102801,23220.940198999368,0.6096683979224932,-30.186193516782758,-13.68384174875208,294.7374867757537,7.120994352745697,5897.7699999999995,-2.0,-4.939387755825718,-673.7982084703435,0.0,-0.41599999999999965,-29.159744688292477,-695962.6761446651,-1056197.5547495994
002594.SZ,20211224,279.99,281.98,282.0,264.96,270.0,-9.99,-3.568,209968.81,5675961.283,285.7,287.73,287.75,270.37,275.51,1.020406,270.324,-1,307.99,251.99,268.74,1,1,-0.03567984570877536,0,1.2982050104115896,0.9333333333333333,1.0,49.999999999993555,40.63977852217879,33.95624371770639,17.841242737230438,22392.42063548637,0.5794194005192351,-19.048157380688426,-22.038616300428032,293.8191207289501,7.420504216205939,5875.0,-2.0,-5.267160850690491,7053.032956726103,0.0,-1.148000000000002,-39.008237764496954,-940150.9287579869,-1039619.4653222262
002594.SZ,20211227,270.0,269.0,271.54,266.0,267.03,-2.97,-1.1,107189.95,2874395.592,275.51,274.49,277.08,271.43,272.48,1.020406,268.1591,-1,297.0,243.0,265.78,1,1,-0.01100000000000012,0,0.6452890241646645,0.9333333333333333,1.0,49.99999999999367,35.59886724730302,32.45271009609341,10.272724832578554,22392.42063548637,0.6068471140773691,-29.7359090383416,-24.330696067106185,292.85382829155304,7.88765786055309,5856.61,-4.0,-5.498291948028397,-1421.672992888969,0.0,-1.8795000000000015,-41.979102642901125,-1254619.8246491926,-1070333.8023689357
002594.SZ,20211228,267.03,268.15,271.0,266.21,270.85,3.82,1.4306,118542.84,3183320.996,272.48,273.62,276.53,271.64,276.38,1.020406,268.5376,-1,293.73,240.33,269.59,1,1,0.014305508744336004,1,0.7341787109259751,0.9333333333333333,1.0,49.99999999999369,35.02541554393876,36.35609957027443,29.921685587094533,22712.75560469417,0.5811338619955014,-28.444809193923085,-19.571209352365717,292.0110943395969,8.235048554536986,5819.82,-4.0,-4.777557845351112,-5036.446855299742,0.0,-1.6294999999999988,-58.02091303238976,-890058.4307012472,-1044580.1778449803
002594.SZ,20211229,270.85,272.15,272.22,263.0,269.0,-1.85,-0.683,141603.04,3783958.091,276.38,277.7,277.77,268.37,274.49,1.020406,267.2229,-1,297.94,243.77,267.75,1,1,-0.006830348901606165,0,0.8806108629096276,0.9333333333333333,1.0,49.99999999999356,34.838455763636546,35.2924256411571,24.567342284415698,22557.6195593972,0.5956602893140444,-23.437683241850078,-21.110726291660768,291.14665218736604,8.619074334705331,5791.66,-6.0,-4.210798435578726,-3909.8715902531403,0.0,-1.792999999999998,-58.23041786499752,-1036740.0893567712,-1043460.1652038075
002594.SZ,20211230,269.0,268.0,272.98,266.0,267.13,-1.87,-0.6952,117326.73,3158736.176,274.49,273.47,278.55,271.43,272.58,1.020406,269.2256,-1,295.9,242.1,265.88,1,1,-0.006951672862453573,0,0.7221566617868186,0.9333333333333333,1.0,49.999999999993335,33.12106504561321,34.203115713428545,21.703896940914984,22557.6195593972,0.5767447390322183,-25.97686503500765,-22.68536497441333,290.2624432833648,9.055241897200016,5761.54,-8.0,-3.7632132902804543,-5903.467059007147,0.0,-2.0264999999999986,-63.143206000348904,-674318.8769291034,-990725.6954502785
002594.SZ,20211231,267.13,273.0,274.19,267.0,268.12,0.99,0.3706,116291.97,3136714.687,272.58,278.57,279.79,272.45,273.59,1.020406,269.7275,-1,293.84,240.42,266.87,1,1,0.0037060607194998596,1,0.7298817648914926,0.9333333333333333,1.0,49.99999999999311,37.92212225118059,35.34094621000552,35.93865935208515,22557.6195593972,0.5830528846153834,-28.05182501075909,-21.335713635233038,289.43300542657516,9.342558480817212,5718.74,-6.0,-3.040173256736061,-6768.319482644038,0.0,-2.265999999999997,-59.96774482573255,-284423.53795641655,-889825.3872368697
002594.SZ,20220104,268.12,276.0,279.45,265.22,271.0,2.88,1.0741,244660.89,6673692.547,273.59,281.63,285.15,270.63,276.53,1.020406,272.7732,-1,294.93,241.31,269.74,1,1,0.010741459048187352,1,1.5822535844071643,0.9333333333333333,1.0,49.99999999999288,44.86877027418528,38.663944085890755,60.331339906403194,22799.921306119057,0.5356480909427892,-20.189447644754114,-17.381481993730798,288.70781133574417,9.52008422481208,5672.45,-4.0,-1.9342264499655748,9651.546823368124,0.0,-2.553499999999997,-55.42787498911824,377381.112102024,-708795.8873313135
002594.SZ,20220105,271.0,264.55,266.48,251.72,253.26,-17.74,-6.5461,301708.91,7725244.308,276.53,269.95,271.92,256.86,258.43,1.020406,256.0496,-1,298.1,243.9,252.08,1,1,-0.06546125461254615,0,1.9105039005011593,0.9333333333333333,1.0,49.99999999999291,44.37758468644937,28.83399364545682,0.0,21307.409852353183,0.5590928914086338,-17.765351129551426,-31.793827358469017,287.556497269206,10.093486362983812,5637.1,-4.0,-3.273688617482488,26919.319177908736,0.0,-2.5574999999999988,-56.82603929505028,-308313.73691020976,-651584.1515568701
002594.SZ,20220106,253.26,250.0,254.53,247.89,250.02,-3.24,-1.2793,175907.84,4396413.606,258.43,255.1,259.72,252.95,255.12,1.020406,249.9271,-1,278.59,227.93,248.85,1,1,-0.012793176972281328,0,1.0883861825477938,0.9333333333333333,1.0,49.99999999999308,39.35009470500777,27.46079201284111,0.0,21307.409852353183,0.6194222771720794,-16.43008350013882,-34.0070376124069,286.3769045775637,10.75981882148793,5597.13,-6.0,-4.2174952851900755,20413.979372934744,0.0,-2.7954999999999997,-59.10216470964144,-909803.5714963028,-688472.6401196462
002594.SZ,20220107,250.02,251.8,252.96,245.0,246.5,-3.52,-1.4079,161933.55,4009535.493,255.12,256.94,258.12,250.0,251.53,1.020406,247.6038,-1,275.02,225.02,245.35,1,1,-0.014078873690104854,0,0.9952956883648713,0.9333333333333333,1.0,49.99999999999328,35.344094720140006,26.01143251809837,0.0,21307.409852353183,0.6359649122807006,-10.6095099482537,-36.36831215445016,285.16860231836074,11.475592574277403,5549.3,-6.0,-4.889962212521599,13575.65420562449,0.0,-3.0355000000000003,-63.249701314217496,-1408684.6987582603,-791360.0770680197
002594.SZ,20220110,246.5,245.0,249.47,239.03,246.3,-0.2,-0.0811,162141.82,3964485.468,251.53,250.0,254.56,243.91,251.33,1.020406,244.5073,-1,271.15,221.85,245.15,1,1,-0.0008113590263690851,0,0.9817984904711862,0.9,1.0,49.999999999993534,35.48376657763001,25.927699054918023,0.0,21290.12189304093,0.7149083594099229,-8.257585714939575,-36.504192810864865,283.99336742382843,12.101941646116588,5505.97,-8.0,-4.922212319010761,8666.350599567788,0.0,-3.242,-63.75206222012733,-1852737.49828103,-942985.4229555926
002594.SZ,20220111,246.3,246.28,246.28,237.8,239.09,-7.21,-2.9273,212441.47,5100240.704,251.33,251.31,251.31,242.65,243.97,1.020406,240.0775,-1,270.93,221.67,237.97,1,1,-0.029273244011368327,0,1.2796814513969006,0.9,1.0,49.99999999999387,30.453884549917987,23.047346392748096,0.0,20666.890959834167,0.6327532828013229,-3.976174171315629,-41.26380599090758,282.7374374711296,12.758069319618304,5449.27,-8.0,-5.43500125057124,11597.15147598286,0.0,-3.3719999999999986,-71.4719029374202,-2479011.451541288,-1162417.7127535492
002594.SZ,20220112,239.09,246.0,256.0,244.31,256.0,16.91,7.0727,323602.24,8103336.076,243.97,251.02,261.22,249.3,261.22,1.020406,250.4104,-1,263.0,215.18,254.81,1,1,0.07072650466351571,1,1.909312930621096,0.9333333333333333,1.0,49.9999999999941,37.93613918024792,39.9085143697153,100.0,22128.587919685247,0.5465050198901301,2.7967259333642054,-19.20397909573822,281.7087333964421,13.010476985156583,5389.96,-6.0,-3.1311497951647134,27029.937266463414,0.0,-2.7669999999999972,-57.121765482943566,-1673323.414658655,-1235404.2415971358
002594.SZ,20220113,256.0,257.74,258.56,248.61,255.31,-0.69,-0.2695,217103.9,5516666.113,261.22,263.0,263.84,253.68,260.52,1.020406,254.1026,-1,281.6,230.4,254.12,1,1,-0.002695312499999991,0,1.22098282881033,0.9333333333333333,1.0,49.99999999999423,42.58051836971841,39.527923625023234,97.74279726521934,22128.587919685247,0.5242892110713606,8.651999478792662,-19.74229820221753,280.6998278379798,13.171434978393707,5353.0199999999995,-6.0,-1.4218996554577927,21647.114352489218,0.0,-2.8854999999999977,-51.468574037437264,-897388.3461559974,-1187116.256534116
002594.SZ,20220114,255.31,250.8,257.3,250.0,253.14,-2.17,-0.8499,149548.15,3798549.606,260.52,255.92,262.55,255.1,258.31,1.020406,254.0018,-1,280.84,229.78,251.96,1,1,-0.008499471231052547,0,0.8138300600974541,0.9333333333333333,1.0,49.9999999999943,44.49514759516707,38.29116053022454,90.40781847556404,22128.587919685247,0.4749111023310937,0.6858118355235338,-21.47430131661944,279.6692779634222,13.225176502981485,5316.83,-6.0,-0.3605953057799738,8420.759721008064,0.0,-2.4284999999999983,-44.57951706910916,-1182856.9753169687,-1186507.7877888095
002594.SZ,20220117,253.14,253.02,267.49,253.02,266.49,13.35,5.2738,241144.66,6349270.849,258.31,258.18,272.95,258.18,271.93,1.020406,263.2972,-1,278.45,227.83,265.25,1,1,0.05273761554870826,1,1.3600740280180552,0.9333333333333333,1.0,49.99999999999433,50.171609463840326,48.886691475815546,100.0,23295.596882029397,0.44127782434571966,7.559470116745262,-6.579534913479231,279.0829854506377,13.067803557888753,5283.650000000001,-4.0,2.2206760023144696,11265.836963005404,0.0,-1.5039999999999991,-29.1327029670689,-723746.4259802944,-1120399.0218161645
002594.SZ,20220118,266.49,266.41,268.96,262.3,266.08,-0.41,-0.1539,125054.43,3325099.879,271.93,271.85,274.45,267.65,271.51,1.020406,265.8922,-1,293.14,239.84,264.84,1,1,-0.0015385192690158256,0,0.6878533031887328,0.9333333333333333,1.0,49.99999999999432,55.19115494229924,48.610637544258495,98.93165275408644,23295.596882029397,0.4771399798590122,0.5348261538380169,-6.9483869439092505,278.50681936933927,12.818347167966749,5271.14,-4.0,3.857995167904125,-2498.8095290654037,0.0,-1.0840000000000003,-13.261530872317778,-241006.38649573608,-994771.5024846748
002594.SZ,20220119,266.08,265.95,267.88,250.31,252.97,-13.11,-4.9271,231881.8,5960665.206,271.51,271.38,273.35,255.42,258.13,1.020406,257.0562,-1,292.69,239.47,251.79,1,1,-0.04927089597113643,0,1.308851028754539,0.9333333333333333,1.0,49.9999999999943,49.75815542092205,40.69710602699998,68.3057545673547,22147.801951469395,0.4440487347703834,9.87844165947194,-17.86379589305522,277.50801107983347,12.78269896884999,5269.610000000001,-6.0,3.188070629413474,2505.3126443407364,0.0,-2.0184999999999986,-18.17265182657262,-485167.8466068595,-921970.9802164155
002594.SZ,20220120,252.97,252.1,253.71,247.0,251.07,-1.9,-0.7511,149986.47,3759819.343,258.13,257.24,258.89,252.04,256.19,1.020406,250.6772,-1,278.27,227.67,249.9,1,1,-0.007510772028303747,0,0.8273936373382637,0.9333333333333333,1.0,49.999999999994294,45.60742083090159,39.68868629311307,64.40310250459895,22147.801951469395,0.44606496827350983,7.848349485407796,-19.30782135348035,276.49213454977985,12.81186428255347,5247.11,-8.0,2.530654752196199,-5082.382708467452,0.0,-2.030500000000001,-34.14996288047521,-936403.7811132141,-924032.8089159582
002594.SZ,20220121,251.07,251.08,255.74,246.33,250.4,-0.67,-0.2669,112394.32,2822719.636,256.19,256.2,260.96,251.36,255.51,1.020406,251.1443,-1,276.18,225.96,249.23,1,1,-0.00266857848408808,0,0.6190715379399003,0.9333333333333333,1.0,49.99999999999426,45.23850208442849,39.3187023559315,62.97123983163969,22147.801951469395,0.41899706133282705,8.743822801832998,-19.83099314832621,275.4960485909722,12.75464062574264,5225.6900000000005,-10.0,2.0667654670564417,-14498.391141357479,0.0,-1.9625000000000028,-32.01905459875419,-640849.7375344494,-883578.0844328855
002594.SZ,20220124,250.4,246.08,252.88,244.27,251.4,1.0,0.3994,108376.86,2706367.141,255.51,251.1,258.04,249.25,256.53,1.020406,249.7182,-1,275.44,225.36,250.23,1,1,0.003993610223642197,1,0.5986954397528149,0.9333333333333333,1.0,49.9999999999942,46.74586230006554,40.21452433836113,66.4381310378594,22147.801951469395,0.4316062176165794,-0.19557991346292006,-18.62267255442924,274.5623000022427,12.5460201658471,5187.96,-8.0,1.956933164053467,-20248.38674672539,0.0,-1.0975000000000024,-27.02383762095827,-813880.1812308854,-873621.2411183142
002594.SZ,20220125,251.4,248.0,251.0,240.0,240.31,-11.09,-4.4113,172772.23,4222848.972,256.53,253.06,256.12,244.9,245.21,1.020406,244.4171,-1,276.54,226.26,239.19,1,1,-0.04411296738265713,0,0.9819834926141495,0.9333333333333333,1.0,49.999999999994145,46.0649462487371,34.1869397708969,43.11097414558154,21170.796686386675,0.3981074364366271,5.078145684603391,-27.192941394974003,273.37477180528066,12.436506990740915,5167.820000000001,-8.0,0.527203151404013,-14621.128122489226,0.0,-1.3835000000000008,-23.288124379755274,-1186774.0947509636,-918357.3630658356
002594.SZ,20220126,240.31,245.0,251.38,242.31,249.49,9.18,3.8201,174445.84,4321964.224,245.21,250.0,256.51,247.25,254.58,1.020406,247.7539,-1,264.34,216.28,248.33,1,1,0.03820065748408319,1,0.9733549053341377,0.9333333333333333,1.0,49.99999999999409,46.7200387423221,41.944096759831304,73.1316924106806,21979.535039268496,0.37870521913075056,8.78232059047028,-16.50209053888256,272.42509156066313,12.258267345818282,5141.92,-8.0,0.9311021233398087,-10130.005035788912,0.0,-1.2940000000000027,-20.629228135952445,-653836.8401982402,-880568.7169418933
002594.SZ,20220127,249.49,247.0,249.3,241.0,241.27,-8.22,-3.2947,132649.63,3242987.819,254.58,252.04,254.39,245.92,246.19,1.020406,244.4777,-1,274.44,224.54,240.14,1,1,-0.0329472123131187,0,0.7287786269053755,0.9666666666666667,1.0,49.9999999999941,47.00397571202705,37.66331703498175,56.56478751782109,21979.535039268496,0.35797163730124587,7.15921027896874,-22.631504365964336,271.27727129143017,12.164575115293452,5119.19,-8.0,0.2401342970603153,-12111.61817422969,0.0,-1.4230000000000032,-19.891411648568663,-874574.0120529989,-879712.3305291942
002594.SZ,20220128,241.27,239.98,242.0,219.76,226.8,-14.47,-5.9974,324373.11,7392709.579,246.19,244.88,246.94,224.24,231.43,1.020406,227.9076,-1,265.4,217.14,225.74,1,1,-0.059974302648485134,0,1.7865035983861877,0.9666666666666667,1.0,49.999999999994316,41.65415174186534,31.55759145833571,32.935219674605406,20661.327752750425,0.4628925940286931,19.13216028099711,-31.895385779383506,269.8348391948166,12.364519519750116,5088.21,-8.0,-1.899121264380021,11786.6294245251,0.0,-2.0385000000000018,-34.63519313304727,-1386255.3980424525,-952075.6258882312
002594.SZ,20220207,226.8,240.79,249.28,238.01,244.4,17.6,7.7601,251124.53,6117950.238,231.43,245.7,254.37,242.87,249.39,1.020406,243.6222,-1,249.48,204.12,243.26,1,1,0.07760141093474426,1,1.3084786141789917,0.9666666666666667,1.0,49.9999999999944,43.40378245095665,43.545561005564196,69.178258161914,20661.327752750425,0.41007144820005487,20.811553210438735,-14.36321397124469,268.7976211558631,12.30804638260077,5048.01,-8.0,-0.7363987699610277,16806.426923069983,0.0,-1.6140000000000014,-20.0076511094109,-524726.3576213277,-891025.7304215308
002594.SZ,20220208,244.4,243.0,243.0,230.64,236.97,-7.43,-3.0401,199039.53,4669048.973,249.39,247.96,247.96,235.35,241.81,1.020406,234.579,-1,268.84,219.96,235.86,1,1,-0.030400981996726695,0,1.0018971735915156,0.9666666666666667,1.0,49.99999999999436,37.45537567978146,40.333751395805386,50.6440607337783,20661.327752750425,0.32775964292851895,16.98210146434998,-19.13954934540166,267.57209935113605,12.350332870023866,5027.1900000000005,-10.0,-0.7580460834973337,12393.346776150907,0.0,-1.6655000000000015,-27.687952186222105,-861493.4428524198,-886806.8321973721
002594.SZ,20220209,236.97,239.05,246.4,235.03,245.18,8.21,3.4646,199928.64,4854528.826,241.81,243.93,251.43,239.83,250.18,1.020406,242.8131,-1,260.67,213.27,244.04,1,1,0.03464573574714103,1,1.0180621613287943,0.9666666666666667,1.0,49.999999999994294,43.717064248843776,45.14809053647107,78.42587938454186,21377.154654257287,0.34997865983781457,12.407995152959273,-11.8814441964895,266.63249961007375,11.956738981467478,4991.22,-8.0,0.477045604920022,9032.38356165433,0.0,-0.7945000000000008,-17.431927389215154,-312787.41775389854,-804804.0587054474
002594.SZ,20220210,245.18,246.77,248.0,238.1,240.12,-5.06,-2.0638,146284.6,3521519.984,250.18,251.81,253.06,242.96,245.02,1.020406,240.7307,-1,269.7,220.66,239.0,1,1,-0.0206378986866792,0,0.7647166564264177,0.9666666666666667,1.0,49.9999999999942,44.122478264256245,42.85309330153923,65.18227623944559,21377.154654257287,0.3455056179775279,14.17235382366553,-15.231748699876427,265.5623004531494,11.54642249308297,4984.6900000000005,-8.0,0.7402833243316316,-473.88899349643,0.0,-1.1280000000000014,-7.874574347332569,-594697.5205091927,-774788.8389631254
002594.SZ,20220211,240.12,236.05,240.12,228.5,230.19,-9.93,-4.1354,199439.26,4646313.004,245.02,240.87,245.02,233.16,234.89,1.020406,232.9688,-1,264.13,216.11,229.12,1,1,-0.04135432283858076,0,1.0507233578065225,0.9666666666666667,1.0,49.999999999994145,43.82972080729718,38.695978418310276,41.859893675343265,20493.11689931486,0.3306229420065854,15.910833601675476,-21.40464414852943,264.23844400486354,11.224882058684422,4971.85,-8.0,-0.24268885334486967,298.7792811694035,0.0,-1.1560000000000017,-12.060675831245348,-1067421.880295483,-816593.5591534622
002594.SZ,20220214,230.19,230.2,235.0,225.0,231.98,1.79,0.7776,133199.49,3079221.402,234.89,234.9,239.8,229.59,236.71,1.020406,231.1737,-1,253.21,207.17,230.9,1,1,0.007776184890742499,1,0.6948813231146121,0.9666666666666667,1.0,49.99999999999406,44.250546116856995,39.82912128654988,60.862590701481714,20493.11689931486,0.3271276595744679,14.14116714190529,-19.749974487748023,263.0057102170655,10.915158065822371,4947.38,-6.0,-0.458793048706454,-7766.044185244856,0.0,-1.1320000000000021,-11.551559733006414,-1380033.1304828827,-897084.9264862366
002594.SZ,20220215,231.98,232.18,239.96,232.18,238.31,6.33,2.7287,158524.28,3757722.229,236.71,236.92,244.86,236.92,243.17,1.020406,237.044,-1,255.18,208.78,237.2,1,1,0.027286835071989035,1,0.8332876803677182,0.9666666666666667,1.0,49.999999999993975,48.97486648008531,43.786194225862545,89.9790559362197,21052.309200257456,0.3290529695024075,12.528409714939045,-13.967875404091473,261.99398430355166,10.373024234567703,4933.06,-4.0,0.3975993591882485,-9242.691890711592,0.0,-0.4660000000000025,-4.369736754857101,-841571.2898264024,-889154.4069634032
002594.SZ,20220216,238.31,242.0,244.99,240.39,240.6,2.29,0.9609,128724.91,3117890.74,243.17,246.94,249.99,245.3,245.51,1.020406,242.2135,-1,262.14,214.48,239.48,1,1,0.009609332382191305,1,0.6863728881831772,0.9666666666666667,1.0,49.99999999999382,46.02472603708121,45.19049469106612,100.0,21052.309200257456,0.36471460340993306,5.26801773952222,-11.910148485013101,261.09655911278315,10.208495900717427,4932.28,-4.0,1.3647654221362373,-13527.314608424425,0.0,-1.0360000000000027,-5.425318151373084,-294116.1792975969,-804148.9458682882
002594.SZ,20220217,240.6,242.24,248.74,239.0,245.41,4.81,1.9992,191063.86,4670631.745,245.51,247.18,253.82,243.88,250.42,1.020406,244.454,-1,264.66,216.54,244.27,1,1,0.01999168744804658,1,1.0746009028849925,0.9666666666666667,1.0,49.999999999993705,45.49442356261164,48.12202471357715,100.0,21473.18038584864,0.35390591281829925,4.581142357723855,-7.614182952359746,260.40645645549716,10.075583243760445,4912.72,-2.0,2.6691922720237784,-7556.378514175668,0.0,-0.7560000000000031,-5.81512605042019,336475.69542744453,-641202.5685403264
002594.SZ,20220218,245.41,241.0,245.39,240.0,242.96,-2.45,-0.9983,99104.66,2407158.413,250.42,245.92,250.4,244.9,247.92,1.020406,242.8905,-1,269.95,220.87,241.83,1,1,-0.009983293264333115,0,0.5615063935913547,0.9666666666666667,1.0,49.999999999993506,46.23560914487305,46.75041784219482,91.71956655415113,21473.18038584864,0.35319454414931784,2.437901176089923,-9.477325550585848,259.65440888501297,10.040787853235717,4900.83,-2.0,3.1839113306611466,-15147.135589987563,0.0,-0.7750000000000015,-8.884612832592431,65148.13913179864,-540295.3245871657
002594.SZ,20220221,242.96,241.0,245.8,239.64,241.89,-1.07,-0.4404,109538.04,2657589.017,247.92,245.92,250.82,244.53,246.83,1.020406,242.6179,-1,267.26,218.66,240.76,1,1,-0.004404017122160098,0,0.6296170558184792,0.9666666666666667,1.0,49.99999999999328,40.54328338528059,46.13198818376703,87.98608742511358,21378.61213176213,0.38734057628719865,-6.264747792101219,-10.308867924930016,258.895689864279,10.187618515884504,4893.61,-4.0,3.3455543955135454,-17736.74530040459,0.0,-1.4040000000000021,-16.44078620591784,-241866.48328312673,-497662.6329723031
002594.SZ,20220222,241.89,239.0,239.0,234.3,237.45,-4.44,-1.8355,125452.11,2966441.429,246.83,243.88,243.88,239.08,242.3,1.020406,236.4601,-1,266.08,217.7,236.34,1,1,-0.018355450824755093,0,0.7494361648075779,0.9666666666666667,1.0,49.99999999999308,36.61439303662104,43.55716006057749,72.4417697686384,20986.198068076057,0.367188096146509,-8.062331178742237,-13.768795808843814,258.01507669203767,10.219368099438762,4866.54,-4.0,2.8396664217836136,-16316.025816238001,0.0,-1.4650000000000005,-28.34958468761286,-627309.6293019494,-516183.63244796684
002594.SZ,20220223,237.45,241.9,252.52,239.01,252.0,14.55,6.1276,291148.9,7232161.935,242.3,246.84,257.67,243.89,257.14,1.020406,248.4008,-1,261.2,213.71,250.82,1,1,0.06127605811749848,1,1.739082742891904,0.9666666666666667,1.0,49.999999999992994,44.831320922591914,52.84542533316806,100.0,22272.14956056082,0.27156766548418754,-11.114260593708156,-0.4077298730741613,257.7298123383483,9.988945227282601,4836.11,-2.0,4.359225106432923,6698.567915657131,0.0,-0.3110000000000014,-9.815687955422206,-213992.22929208959,-473013.43199712725
002594.SZ,20220224,252.0,248.11,251.78,241.58,244.86,-7.14,-2.8333,238219.88,5865805.706,257.14,253.17,256.92,246.51,249.86,1.020406,246.2349,-1,277.2,226.8,243.72,1,1,-0.02833333333333332,0,1.3981798831165753,0.9666666666666667,1.0,49.99999999999293,43.71308631405455,48.617401758692644,70.11880676384791,22272.14956056082,0.2612357511072389,-6.409229766250662,-6.103827800800972,257.1543713309707,9.738894456588008,4834.400000000001,-2.0,4.290290927722534,14121.676369777048,0.0,-0.4220000000000013,2.336812587630469,-741561.0414471729,-511377.37620427663
002594.SZ,20220225,244.86,249.9,252.38,247.83,247.84,2.98,1.217,146013.53,3646918.799,249.86,255.0,257.53,252.89,252.9,1.020406,249.7658,-1,269.35,220.37,246.68,1,1,0.012170219717389408,1,0.8353643487885027,0.9666666666666667,1.0,49.999999999992795,44.256284792309394,50.401034185231886,82.72447564456097,22272.14956056082,0.2365038560411311,-11.297218162674344,-3.503072430033623,256.72636741874004,9.59652016828428,4823.5199999999995,0.0,4.511224914843931,6337.8512576228795,0.0,-0.4910000000000011,5.444947209653087,-205232.41159046,-467642.38125944574
002594.SZ,20220228,247.84,246.9,250.19,246.0,249.6,1.76,0.7101,118290.9,2936223.651,252.9,251.94,255.3,251.02,254.69,1.020406,248.2206,-1,272.62,223.06,248.44,1,1,0.007101355713363455,1,0.6703127971403854,1.0,1.0,49.999999999992575,44.133710184467695,51.47245168548026,90.29662674485111,22272.14956056082,0.23267045454545465,-15.744130286964358,-1.9495181627584863,256.3936322953321,9.461665710529806,4825.25,0.0,4.736263834125074,-2353.3887477584667,0.0,-0.6220000000000013,5.980444174941262,-413851.1156052416,-459957.9147374166
002594.SZ,20220301,249.6,255.0,256.61,249.25,251.78,2.18,0.8734,176519.58,4476714.982,254.69,260.2,261.85,254.34,256.92,1.020406,253.6101,-1,274.56,224.64,250.61,1,1,0.008733974358974494,1,0.9974723153943089,1.0,1.0,49.99999999999237,49.2127120504458,52.83159670764921,99.90226737764338,22466.673943742004,0.279399499582986,-18.574717175955815,0.0073496357535226525,256.1739193724511,9.116525174914639,4823.099999999999,2.0,4.9948906676315055,-181.98220445816514,0.0,-0.39850000000000135,13.857398568019107,-64317.43658315344,-403437.84642966476
002594.SZ,20220302,251.78,249.0,249.36,243.96,248.6,-3.18,-1.263,121242.47,2998567.642,256.92,254.08,254.45,248.94,253.67,1.020406,247.3199,-1,276.96,226.6,247.44,1,1,-0.012630073874017045,0,0.6843892281362192,1.0,1.0,49.999999999992156,44.859243258455365,50.60507550510549,84.16652013648628,22466.673943742004,0.2927158630550482,-21.72308352574402,-2.8557754117096277,255.82355626553155,8.947180388186785,4834.570000000001,0.0,4.565502386775948,-5802.841888859319,0.0,-0.6430000000000021,6.488275068335511,-320549.0113381571,-391596.58427373506
002594.SZ,20220303,248.6,249.52,250.86,244.0,245.21,-3.39,-1.3636,99633.4,2449485.385,253.67,254.61,255.98,248.98,250.21,1.020406,245.8498,-1,273.46,223.74,244.07,1,1,-0.013636363636363558,0,0.5709843631929654,1.0,1.0,49.99999999999194,45.276458429704775,48.26965773847526,64.84587653834309,22466.673943742004,0.30439451511647136,-21.66296092401708,-5.879495719619133,255.3478642331887,8.625396639824507,4835.9400000000005,0.0,3.690179682269889,-11702.631164115879,0.0,-0.5720000000000027,9.101415775787359,-530846.2355009113,-411489.3915919031
002594.SZ,20220304,245.21,237.31,241.86,230.0,233.8,-11.41,-4.6532,291706.34,6857430.687,250.21,242.15,246.8,234.69,238.57,1.020406,235.0799,-1,269.73,220.69,232.71,1,1,-0.04653154439052243,0,1.6876926499498819,1.0,1.0,49.999999999991914,45.59495204770868,41.35229227981953,0.0,21421.26490782138,0.2678813559322035,-30.59881488975086,-15.227947068704989,254.47802771541143,7.981525359859963,4839.150000000001,0.0,1.5491937891997543,9832.074619339293,0.0,-0.08850000000000335,15.121951219512212,-1222431.1927495687,-527338.2203287125
002594.SZ,20220307,233.8,226.89,227.69,220.02,223.61,-10.19,-4.3584,236129.2,5286036.163,238.57,231.52,232.34,224.51,228.17,1.020406,223.862,-1,257.18,210.42,222.57,1,1,-0.043584260051325874,0,1.3791792253096653,1.0,1.0,49.999999999992276,38.602383982870236,36.34316091235676,0.0,21421.26490782138,0.3308617415679537,-32.04319943476527,-22.46738414906352,253.33837107972806,8.076728397628223,4846.150000000001,-2.0,-1.1206670784658463,15801.997162924179,0.0,-0.43300000000000266,-9.896161107614823,-1883263.7864576373,-721041.8726328446
002594.SZ,20220308,223.61,221.08,225.49,210.0,216.19,-7.42,-3.3183,291499.34,6317187.685,228.17,225.59,230.09,214.29,220.6,1.020406,216.7136,-1,245.97,201.25,215.18,1,1,-0.033182773578999236,0,1.7100729431945512,1.0,1.0,49.999999999992916,37.856621215583544,33.190408710128885,0.0,20710.44792460938,0.4215047929101104,-23.4314814566835,-27.230669430885897,252.05110341534478,8.318342746640608,4827.24,-2.0,-3.6259539312686364,25828.038392253384,0.0,-0.37600000000000333,-11.736148570547883,-2561638.200008617,-983984.2051150978
002594.SZ,20220309,216.19,217.0,223.6,210.0,223.59,7.4,3.4229,251135.22,5484773.703,220.6,221.43,228.16,214.29,228.15,1.020406,218.3992,-1,237.81,194.57,222.55,1,1,0.03422915028447204,1,1.434376706322991,1.0,1.0,49.99999999999345,38.34201426269147,38.88457894420045,28.970569413800362,20710.44792460938,0.42461510430900984,-17.93965058445075,-19.522086793528185,250.960393791335,8.50602882333132,4802.21,-2.0,-3.99693786524983,25592.85362024432,0.0,-0.353000000000003,-16.901076451638247,-1704945.3364930255,-1086978.6524548018
002594.SZ,20220310,223.59,232.91,233.43,229.0,229.1,5.51,2.4643,248342.83,5744789.049,228.15,237.66,238.19,233.67,233.78,1.020406,231.3249,-1,245.95,201.23,228.03,1,1,0.024643320363164634,1,1.3979843455965262,1.0,1.0,49.99999999999386,43.98776482591809,42.79421342099962,48.86184985269036,20710.44792460938,0.42288150970785715,-22.930967897558737,-14.103596169363511,250.06623702324106,8.460828869846884,4777.8,0.0,-3.242855426529511,23675.60873602546,0.0,-0.2110000000000028,-3.896648044692739,-572020.278577189,-1013413.1704722858
002594.SZ,20220311,229.1,222.0,231.79,220.02,229.85,0.75,0.3274,186116.04,4186645.901,233.78,226.53,236.52,224.51,234.54,1.020406,224.9482,-1,252.01,206.19,228.78,1,1,0.003273679615888314,1,1.018438830070588,1.0,1.0,49.99999999999417,44.200549447739384,43.32566794208811,51.56576270751611,20710.44792460938,0.461302454473476,-19.979193100628606,-13.367213278403625,249.23224228498026,8.134571590699068,4757.7,2.0,-2.4232864651222883,13164.695687118961,0.0,0.4744999999999976,-3.4787487726188786,-682601.1822645986,-966154.3150140448
002594.SZ,20220314,229.85,225.0,225.0,219.0,219.0,-10.85,-4.7205,150840.61,3336922.826,234.54,229.59,229.59,223.47,223.47,1.020406,221.2218,-1,252.84,206.87,217.98,1,1,-0.047204698716554305,0,0.8284292822995863,1.0,1.0,49.99999999999442,44.06694438741334,37.84770761565032,23.695217332262413,20710.44792460938,0.4233424159854679,-22.9807914577148,-21.11932211039269,248.09665192042686,8.146202434702758,4762.55,0.0,-3.0806816197455404,1228.3780094914473,0.0,0.08549999999999755,-4.596187175043326,-1035367.2537660021,-976041.8776928958
002594.SZ,20220315,219.0,211.13,222.0,209.43,212.8,-6.2,-2.8311,198203.62,4269341.883,223.47,215.44,226.53,213.7,217.14,1.020406,215.4018,-1,240.9,197.1,211.81,1,1,-0.028310502283104944,0,1.083303033376192,1.0,1.0,49.999999999994586,39.49300090391882,35.11546842475415,9.801136850114665,20124.1247413556,0.42902609802673475,-15.065200906264563,-25.148147767098482,246.83854726620595,8.536297270743045,4752.57,-2.0,-4.028821758374004,-430.8495355374471,0.0,-0.13750000000000143,-15.943807965084545,-1424596.799410249,-1040121.1522239463
002594.SZ,20220316,212.8,221.0,230.0,214.2,229.43,16.63,7.8148,333766.27,7432043.601,217.14,225.51,234.69,218.57,234.11,1.020406,222.6721,-1,234.08,191.52,228.36,1,1,0.07814849624060138,1,1.8046661140593305,1.0,1.0,49.99999999999459,42.395575646747766,46.311106129239754,66.80195424414927,21696.794828050824,0.37953503338428135,-1.9527938946735137,-9.37549235297327,246.08728963532502,8.494700606672003,4727.06,-2.0,-2.186395117867626,15696.755305840146,0.0,0.3539999999999992,-16.110086730861134,-599431.8333092788,-977165.5352361368
002594.SZ,20220317,229.43,240.38,240.88,234.66,234.9,5.47,2.3842,315844.3,7518685.379,234.11,245.29,245.8,239.45,239.69,1.020406,238.0504,-1,252.37,206.49,233.8,1,1,0.02384169463452901,1,1.6180685757880933,1.0,1.0,49.9999999999945,44.115879019108455,49.403587871861035,82.54683557725247,21696.794828050824,0.3775306073457631,-5.353891654761422,-4.802267650727429,245.5801445856024,8.445924404693319,4717.49,-2.0,-0.11090535109734034,22501.53056227018,0.0,-0.07849999999999965,-4.217236729189636,628443.2668278182,-747792.8492270005
002594.SZ,20220318,234.9,234.9,238.87,232.05,234.5,-0.4,-0.1703,150548.56,3530653.259,239.69,239.69,243.74,236.79,239.29,1.020406,234.5192,-1,258.39,211.41,233.41,1,1,-0.001702852277564948,0,0.7473715824376214,1.0,1.0,49.99999999999441,43.59063556380153,49.18050152620643,81.41102675712014,21696.794828050824,0.38382687927107073,-3.507577300648127,-5.10767723143327,245.07946808258365,8.357440578219844,4710.950000000001,-2.0,1.2528966673833253,4244.83432623123,0.0,-0.19650000000000034,-3.780788177339865,325554.67401540047,-594457.4887638004
002594.SZ,20220321,234.5,240.0,248.87,238.17,245.38,10.88,4.6397,279177.68,6829415.269,239.29,244.9,253.95,243.03,250.39,1.020406,244.6261,-1,257.95,211.05,244.24,1,1,0.04639658848614081,1,1.3684539298323166,1.0,1.0,49.99999999999445,48.62332591656821,55.11723667189651,100.0,22703.452089156126,0.35545844948391486,1.4740774486975363,3.7347388230361203,245.09431360637467,8.12768868050289,4699.650000000001,0.0,3.5360047283208704,8742.660434747733,0.0,0.028000000000000115,2.005930577359173,823020.638745928,-391960.6134052678
002594.SZ,20220322,245.38,245.0,247.4,242.02,244.8,-0.58,-0.2364,115079.07,2815900.951,250.39,250.0,252.45,246.96,249.8,1.020406,244.6927,-1,269.92,220.84,243.66,1,1,-0.002363680821582781,0,0.5415701281169599,1.0,1.0,49.99999999999453,51.53756731124568,54.75005109822303,98.32540495910438,22703.452089156126,0.36610537751222183,2.1087173222691775,3.2473328565321675,245.07984356119297,8.036510738503878,4705.16,0.0,4.804871584804298,-10115.529174520092,0.0,0.09550000000000125,8.341221012778085,1185204.7810660754,-166651.27133793308
002594.SZ,20220323,244.8,250.0,251.0,246.27,247.17,2.37,0.9681,148500.96,3696654.258,249.8,255.1,256.12,251.3,252.21,1.020406,248.9313,-1,269.28,220.32,246.02,1,1,0.009681372549019462,1,0.7005658228356345,1.0,1.0,49.99999999999464,49.74972089938483,56.038812801429614,100.0,22923.25266698006,0.4043191361727658,-7.7176094311544015,5.16395631154956,245.18451457091442,8.04693272149426,4712.51,0.0,5.737088548390064,-17390.590424136666,0.0,-0.550999999999999,3.023095700068893,1662231.9550954872,94617.76100969836
002594.SZ,20220324,247.17,243.7,250.0,242.4,247.08,-0.09,-0.0364,113681.27,2794432.827,252.21,248.67,255.1,247.35,252.12,1.020406,245.8129,-1,271.89,222.45,245.93,1,1,-0.00036412185944889597,0,0.554974604874261,0.9666666666666667,1.0,49.9999999999948,51.39268726862878,55.973617431945236,99.71466116747646,22923.25266698006,0.4303174024078808,-9.970799578565678,5.080747835938691,245.27936172634318,8.032805703228268,4710.51,0.0,6.082372636174911,-25694.600236558028,0.0,-0.2194999999999979,-0.9995654063450488,1378163.271946976,277981.4054293094
002594.SZ,20220325,247.08,247.1,248.96,234.01,235.31,-11.77,-4.7636,208023.73,4984988.435,252.12,252.14,254.04,238.79,240.11,1.020406,239.6356,-1,271.79,222.37,234.21,1,1,-0.04763639307107015,0,1.047379295369811,0.9666666666666667,1.0,49.999999999994905,46.78652118578463,48.093497566048086,65.22595099582199,21831.27159246834,0.39837878915815284,2.4411409012505048,-5.240533255818014,244.8295086782631,8.156544830290997,4714.610000000001,-2.0,4.537034621394425,-17664.008633250713,0.0,-0.7059999999999974,-9.956497763617406,901027.0883111639,366987.9315552886
002594.SZ,20220328,235.31,234.9,234.9,228.88,230.4,-4.91,-2.0866,143103.54,3306510.715,240.11,239.69,239.69,233.55,235.1,1.020406,231.0572,-1,258.84,211.78,229.33,1,1,-0.02086609153882113,0,0.7094375734658409,0.9666666666666667,1.0,49.99999999999495,46.60274686410688,45.23267183760055,48.353662926490216,21831.27159246834,0.38805724625760846,4.256796859808937,-9.15863341648263,244.2053199699478,8.37192838427999,4703.92,-4.0,2.7529380003760364,-20103.46286223386,0.0,-1.0659999999999967,-16.061229152387455,365909.33807201823,366833.8467719643
002594.SZ,20220329,230.4,232.92,236.5,228.8,231.0,0.6,0.2604,138587.31,3224438.27,235.1,237.67,241.33,233.47,235.71,1.020406,232.6648,-1,253.44,207.36,229.92,1,1,0.0026041666666667407,1,0.6828484828177286,0.9666666666666667,1.0,49.99999999999482,45.89094353116019,45.65806896171532,50.38678495734964,21831.27159246834,0.3464166666666669,4.270149393586297,-8.58113148407485,243.63045548897475,8.520262506516557,4683.47,-4.0,1.6097135561499183,-21221.959675264916,0.0,-1.0009999999999963,-19.346881240455765,641678.9251027815,406097.42939065245
002594.SZ,20220330,231.0,227.0,237.02,222.22,237.02,6.02,2.6061,251259.96,5807876.452,235.71,231.63,241.86,226.75,241.86,1.020406,231.1501,-1,254.1,207.9,235.91,1,1,0.026060606060606117,1,1.249688398508992,0.9666666666666667,1.0,49.99999999999466,44.536030026638485,49.86570201016371,70.49653879354273,22400.20776124176,0.33840768479322714,13.24943228467347,-2.835220783252556,243.32459670416122,8.564287268328453,4653.91,-2.0,1.616219704012558,-6448.0622871295245,0.0,-0.47999999999999543,-19.028244589893276,261971.18450205983,385507.9658351393
002594.SZ,20220331,237.02,234.21,235.0,226.89,229.8,-7.22,-3.0462,161731.43,3721363.312,241.86,238.99,239.8,231.52,234.49,1.020406,230.0952,-1,260.72,213.32,228.73,1,1,-0.030461564424943077,0,0.7792071614349103,0.9666666666666667,1.0,49.999999999994536,43.953784646636905,45.33218895596078,48.82929013296668,22400.20776124176,0.3281755743269915,13.431347750341864,-8.919997471832598,242.7380156079672,8.686388153181005,4640.07,-2.0,0.6494382204667497,-8280.909633624744,0.0,-0.48499999999999516,-16.84417689279927,-224764.28821271425,298326.2152568745
002594.SZ,20220401,229.8,226.79,239.56,226.6,235.96,6.16,2.6806,182948.05,4301758.39,234.49,231.42,244.45,231.22,240.77,1.020406,235.1355,-1,252.78,206.82,234.86,1,1,0.026805918189730216,1,0.8684358414692327,0.9666666666666667,1.0,49.999999999994415,49.67583127914369,49.54673145703769,68.97206666622068,23000.665897922565,0.3423653434360074,12.792121932084415,-3.1203693727238058,242.4253243467835,8.59498574312553,4621.46,0.0,0.8295796708554701,-6272.594594753416,0.0,0.14900000000000518,-6.453588048003937,144445.55504919402,276343.26379863446
002594.SZ,20220406,235.96,245.0,246.0,239.61,241.9,5.94,2.5174,205293.3,4976485.481,240.77,250.0,251.02,244.5,246.84,1.020406,242.4086,-1,259.56,212.36,240.77,1,1,0.0251737582641125,1,1.0003281773097605,0.9666666666666667,1.0,49.99999999999429,55.113841690420585,53.28655463870204,74.5306102156164,23579.679101150483,0.35478364769138876,10.631512355462247,2.167235290753124,242.39976675814455,8.231347722737729,4623.62,2.0,1.6891763321894278,-1803.6430096108543,0.0,0.15800000000000408,10.261470152935381,853129.106158444,358741.2412786073
002594.SZ,20220407,241.9,240.0,245.3,239.01,240.0,-1.9,-0.7854,122699.53,2964659.964,246.84,244.9,250.31,243.89,244.9,1.020406,241.6195,-1,266.09,217.71,238.88,1,1,-0.007854485324514271,0,0.6024009589808322,0.9666666666666667,0.0,49.99999999999413,57.15538148340621,51.959828424253644,62.25308932365975,23579.679101150483,0.3723242274966415,0.14625330408790924,0.43328856085072204,242.2849970118115,7.62096923762446,4643.43,2.0,1.925069935898394,-9416.497266574368,0.0,0.40250000000000485,16.985082439152073,555619.9202548411,386866.76684664073
002594.SZ,20220408,240.0,240.01,246.5,239.1,243.98,3.98,1.6583,171718.97,4185742.781,244.9,244.91,251.53,243.98,248.96,1.020406,243.7554,-1,264.0,216.0,242.84,1,1,0.016583333333333394,1,0.879508849237614,0.9666666666666667,1.0,49.99999999999396,56.52193947877767,54.514587560839125,85.89482364062746,23970.708779577897,0.3840894391573504,-6.564075686673264,4.024893644757255,242.36896010970383,7.197743864016253,4672.53,2.0,2.503780716432199,-7382.957680580543,0.0,0.2715000000000046,19.0930003286231,887130.5121883948,458333.01618117705
002594.SZ,20220411,243.98,240.0,241.48,229.5,233.0,-10.98,-4.5004,193070.07,4519392.606,248.96,244.9,246.41,234.18,237.75,1.020406,234.0804,-1,268.38,219.58,231.91,1,1,-0.04500368882695294,0,1.0093934596006702,0.9666666666666667,1.0,49.999999999993726,50.812875860021514,47.076614727028144,17.063842639104436,22891.938460700265,0.36561125769569064,2.1449341725633806,-5.838851122212134,241.94886865840866,7.0229530309063914,4692.92,0.0,1.3518945623977028,-2924.4772079405266,0.0,0.11200000000000472,0.3152364273205137,532641.8128363932,468948.5585604937
002594.SZ,20220412,233.0,232.0,238.56,231.2,238.16,5.16,2.2146,128888.67,3034073.575,237.75,236.73,243.43,235.92,243.02,1.020406,235.4027,-1,256.3,209.7,237.05,1,1,0.022145922746781066,1,0.6837242898891787,0.9666666666666667,1.0,49.99999999999349,54.989710012937834,50.49501441663969,48.697704357675484,22891.938460700265,0.3519600372534081,-2.716310385615348,-1.0968054308082362,241.77042522311353,6.791416710938497,4704.1,0.0,1.232640499472279,-8090.114865978845,0.0,0.027500000000004833,4.762601507059799,867374.9627045438,525866.616295358
002594.SZ,20220413,238.16,235.02,241.95,233.01,237.0,-1.16,-0.4871,109672.51,2614119.776,243.02,239.82,246.89,237.76,241.84,1.020406,238.3569,-1,261.98,214.34,235.89,1,1,-0.0048706751763519796,0,0.5907540409261391,0.9666666666666667,1.0,49.99999999999323,58.46197732317792,49.71755459499228,41.503093217123364,22891.938460700265,0.38341634384799883,0.6712759073914697,-2.134418139048202,241.54811072778776,6.1964155043344675,4716.2,0.0,0.957407013191423,-13259.579908485815,0.0,0.4265000000000043,12.5215695100908,1149210.2057188367,614915.7004987121
002594.SZ,20220414,237.0,242.0,244.99,240.87,241.29,4.29,1.8101,131637.5,3198011.078,241.84,246.94,249.99,245.79,246.21,1.020406,242.9407,-1,260.7,213.3,240.16,1,1,0.018101265822784818,1,0.717019135144333,0.9666666666666667,1.0,49.999999999992944,62.92413621147005,52.62280004709724,68.80332969368858,23306.31152397623,0.34550746408787947,-8.84052830201944,1.8732174040619092,241.53558950384195,5.155556705556713,4731.2,2.0,1.2922672516935179,-12874.061144366671,0.0,0.3075000000000031,25.9309925520596,1574088.0140945208,751940.3167266848
002594.SZ,20220415,241.29,238.5,240.0,232.75,236.2,-5.09,-2.1095,129239.31,3049510.858,246.21,243.37,244.9,237.5,241.02,1.020406,235.9585,-1,265.42,217.16,235.1,1,1,-0.02109494798789835,0,0.7169540580110353,0.9666666666666667,1.0,49.99999999999267,57.122999382084686,49.00494223462255,40.64107571648804,23306.31152397623,0.3030430662314418,-17.839409596531176,-2.885992518861909,241.28884641860748,4.853231345957832,4759.69,0.0,0.79180377869268,-12107.25555086437,0.0,-0.2289999999999978,13.667425968109363,1264042.4583511741,825097.7655301833
002594.SZ,20220418,236.2,234.79,241.0,230.0,239.1,2.9,1.2278,110592.38,2613800.696,241.02,239.58,245.92,234.69,243.98,1.020406,236.3455,-1,259.82,212.58,237.98,1,1,0.012277730736663939,1,0.6504084099343944,0.9666666666666667,1.0,49.99999999999228,54.38597818553548,51.06902136207402,62.878717050418274,23306.31152397623,0.31147186147186173,-10.39087693272248,-0.08193358826408893,241.18470103678862,4.667392907558075,4760.26,0.0,0.8120122952918891,-13187.98234487063,0.0,0.26050000000000184,-4.5705763663479,1368566.1575888123,902736.1072528446
002594.SZ,20220419,239.1,243.16,250.9,243.13,244.86,5.76,2.409,207781.54,5140377.761,243.98,248.12,256.02,248.09,249.86,1.020406,247.3934,-1,263.01,215.19,243.72,1,1,0.02409033877038902,1,1.3004822038109267,0.9666666666666667,1.0,49.99999999999196,59.86513528071622,54.967816603526806,100.0,23867.76846407704,0.29439443535188237,-8.431015144933767,5.31342333911935,241.36901452041266,4.406468320303497,4760.49,2.0,1.520694860809416,-555.2177837949239,0.0,0.36550000000000293,8.457152035981046,1897092.6714243602,1044787.0449916326
002594.SZ,20220420,244.86,247.66,248.33,240.86,241.78,-3.08,-1.2579,130780.93,3187144.24,249.86,252.71,253.4,245.77,246.71,1.020406,243.701,-1,269.35,220.37,240.65,1,1,-0.012578616352201255,0,0.8041409385259038,0.9666666666666667,1.0,49.99999999999162,53.60011601631469,52.55633202202327,74.97324855519213,23867.76846407704,0.31991996442863513,-11.365838169495733,2.211930991036002,241.38901814873546,4.394278121518081,4774.32,0.0,1.49198704361436,-2220.8358198096576,0.0,-0.1974999999999966,-1.742398360095656,1463410.5885631004,1104590.408358985
002594.SZ,20220421,241.78,237.77,240.77,232.1,234.04,-7.74,-3.2013,154048.76,3625535.264,246.71,242.62,245.68,236.84,238.82,1.020406,235.3499,-1,265.96,217.6,232.95,1,1,-0.032012573413847334,0,0.9924894807589869,0.9666666666666667,1.0,49.99999999999135,49.25919245149535,46.97867627688206,17.087494257181955,23103.699773896064,0.29633443163097206,-6.552823728467857,-5.175196179570327,241.0571756705323,4.506934099817595,4768.7,0.0,0.4044209643245282,41.76831271870469,0.0,-0.37399999999999806,-12.009181080416461,931078.1109120597,1079802.9372951386
002594.SZ,20220422,234.04,230.01,235.66,229.06,235.4,1.36,0.5811,108162.19,2522975.078,238.82,234.7,240.47,233.73,240.2,1.020406,233.2585,-1,257.44,210.64,234.3,1,1,0.005810972483336174,1,0.6882166899017814,0.9666666666666667,1.0,49.99999999999105,45.038771563465424,48.02249414159848,13.065459136262236,23103.699773896064,0.2984080740817813,-3.905384742588483,-3.7878184831447252,240.79799033125326,4.6110911017706915,4752.96,0.0,-0.1292452248610414,-4178.743149081161,0.0,0.037000000000003294,-19.544159544159584,502725.2362604395,997363.2657187531
002594.SZ,20220425,235.4,230.0,236.44,226.62,227.5,-7.9,-3.356,161889.17,3741670.659,240.2,234.69,241.26,231.24,232.14,1.020406,231.1254,-1,258.94,211.86,226.44,1,1,-0.03355989804587933,0,1.0434630634080448,0.9666666666666667,1.0,49.99999999999092,44.48140426904448,42.756836805890444,0.0,22328.341965001506,0.27598152424942257,-0.9638141848058341,-10.96886691738909,240.2342116898661,4.858103520673591,4739.4,0.0,-1.4693705881666947,482.23261038434794,0.0,-0.2569999999999979,-18.596606819304924,-49350.64225151483,847832.7074372863
002594.SZ,20220426,227.5,228.99,235.85,228.43,231.81,4.31,1.8945,158176.2,3670084.739,232.14,233.66,240.66,233.09,236.54,1.020406,232.0251,-1,250.25,204.75,230.73,1,1,0.01894505494505494,1,1.003933558603927,0.9666666666666667,1.0,49.99999999999086,50.27743828840127,46.22142809528068,28.3727542490969,22328.341965001506,0.2973253161932407,-9.487976322842625,-6.4078867298943365,239.85876417810928,4.783500474849914,4717.94,2.0,-1.6829410088828105,3133.15050265882,0.0,0.47350000000000136,-10.780215952629774,359820.0970738693,778116.6202425124
002594.SZ,20220427,231.81,226.61,235.81,218.81,235.01,3.2,1.3804,254341.67,5794106.499,236.54,231.23,240.62,223.28,239.81,1.020406,227.808,-1,254.99,208.63,233.91,1,1,0.013804408783055111,1,1.640236042823745,0.9666666666666667,1.0,49.99999999999082,48.59826862976387,48.70382247863373,48.701953252714624,22636.571524934232,0.33868073878627963,3.6071786496087928,-3.096203345264812,239.63501957908915,4.481704200102561,4701.4400000000005,4.0,-1.3170523529094482,17126.113898061423,0.0,1.1185000000000003,-7.192028985507264,13756.053265788942,668922.253531552
002594.SZ,20220428,235.01,234.6,235.5,230.0,231.98,-3.03,-1.2893,146372.13,3405250.082,239.81,239.39,240.31,234.69,236.71,1.020406,232.6433,-1,258.51,211.51,230.9,1,1,-0.012893068380068984,0,0.9112606617836977,0.9666666666666667,1.0,49.99999999999075,48.72419980304886,46.51441589416734,30.772134182092742,22636.571524934232,0.33021197777320427,1.0144996026235846,-6.011734397963175,239.29240909652333,4.3546597277834485,4708.14,2.0,-1.3993167240469506,11400.644658405126,0.0,1.0834999999999995,1.3751145928827313,504265.6955227859,645399.8881017284
002594.SZ,20220429,231.98,233.8,243.83,230.75,243.0,11.02,4.7504,248163.1,5912448.351,236.71,238.57,248.81,235.46,247.96,1.020406,238.2485,-1,255.18,208.78,241.87,1,1,0.047504095180619155,1,1.5412400766713885,0.9666666666666667,1.0,49.999999999990784,56.44671870365499,54.52179415285141,96.34736558354041,23711.901373217603,0.3140536308475239,-0.8999119504813997,4.937900556552015,239.4776790039202,4.260135112557367,4716.67,2.0,0.03830338300296354,20363.049454560758,0.0,1.0424999999999982,13.602759980285867,1147802.2734409221,717171.6574358989
002594.SZ,20220505,243.0,246.2,252.39,241.77,248.8,5.8,2.3868,253258.79,6282897.504,247.96,251.22,257.54,246.7,253.88,1.020406,248.0821,-1,267.3,218.7,247.64,1,1,0.023868312757201693,1,1.5744013843359883,0.9666666666666667,1.0,49.999999999991005,62.588463481022494,58.07905526979891,100.0,24277.86445126148,0.3332671695117107,1.7539725638050991,10.083185236312286,239.9663603320363,3.959725609276965,4721.42,4.0,1.6868515029449398,25673.559823553234,0.0,1.3929999999999993,17.88586150363028,1893878.5068047214,885272.6359171593
002594.SZ,20220506,248.8,241.02,246.0,240.1,242.08,-6.72,-2.701,145488.66,3530097.27,253.88,245.94,251.02,245.0,247.02,1.020406,242.6373,-1,273.68,223.92,240.95,1,1,-0.027009646302250778,0,0.8794217132127516,0.9666666666666667,1.0,49.99999999999115,57.7010450159089,52.91471503323888,66.29508808581048,24277.86445126148,0.331425187524674,-5.808103163472183,3.2664131517551493,240.070297468801,3.875012506984244,4743.62,2.0,1.77934662068447,13952.566635211822,0.0,0.9874999999999986,9.20566502463057,1331602.707718329,949034.0747458978
002594.SZ,20220509,242.08,231.0,236.89,231.0,232.73,-9.35,-3.8624,175116.35,4086613.976,247.02,235.71,241.72,235.71,237.48,1.020406,233.3656,-1,266.29,217.87,231.64,1,1,-0.038623595505618113,0,1.0706304401679567,0.9666666666666667,1.0,49.99999999999126,51.90979645588655,46.69345524900736,25.692222391879028,23340.16603495573,0.3206340112670673,-5.980491209433451,-5.3204166905426975,239.73935637084213,4.107841027541898,4749.74,0.0,0.551952712932648,9676.005853548095,0.0,1.2289999999999979,-8.062212347246472,665263.5143464031,908495.4232602557
002594.SZ,20220510,232.73,224.1,233.66,222.28,233.33,0.6,0.2578,209696.64,4792958.516,237.48,228.67,238.43,226.82,238.09,1.020406,228.5663,-1,256.0,209.46,232.24,1,1,0.002578094787951901,1,1.293985014827211,0.9666666666666667,1.0,49.99999999999136,50.69003123060523,47.123082997632494,28.49617502861454,23400.339195360382,0.32466402397756894,0.1418989951101718,-4.732155980907496,239.44859181703254,4.2879709928201235,4726.719999999999,2.0,-0.1696665505907149,10899.728613675876,0.0,1.6904999999999988,-13.563115487914068,15296.56467756664,780895.5863198716
002594.SZ,20220511,233.33,232.0,256.66,231.5,252.7,19.37,8.3015,459525.71,11482476.078,238.09,236.73,261.9,236.22,257.86,1.020406,249.8767,-1,256.66,210.0,251.52,1,1,0.083015471649595,1,2.761493499672789,0.9666666666666667,1.0,49.999999999991715,54.7957369445036,58.69650202820452,100.0,25342.929390423727,0.318549065813836,16.191113987816554,11.975502631425778,240.15517900363346,4.2782486563013835,4719.12,2.0,1.859654212722254,42955.27884251276,0.0,2.5269999999999984,2.322895277207408,633704.036585798,759868.2220721468
002594.SZ,20220512,252.7,249.99,257.7,248.71,254.09,1.39,0.5501,241156.06,6107994.847,257.86,255.09,262.96,253.79,259.27,1.020406,253.2798,-1,277.97,227.43,252.91,1,1,0.005500593589236269,1,1.3338638122709445,1.0,1.0,49.99999999999205,60.776188360297574,59.38351937742837,100.0,25342.929390423727,0.35603771857548244,12.10920410013008,13.023592656718447,240.90516163793708,4.081679374458783,4723.849999999999,4.0,3.207708823581827,32798.61550961556,0.0,3.081999999999998,18.617314163352724,1410762.9938743357,852853.1894724595
002594.SZ,20220513,254.09,259.8,271.5,255.91,270.08,15.99,6.293,367120.61,9733352.389,259.27,265.1,277.04,261.13,275.59,1.020406,265.1268,-1,279.5,228.68,268.82,1,1,0.06293045771183436,1,2.003939876150313,1.0,1.0,49.99999999999272,63.56634218431008,66.3230748212682,100.0,26937.771536721793,0.4388639013826417,17.666323648760017,23.98363408496226,242.6276390112561,3.9994635754266885,4746.74,4.0,5.914256524360384,40591.0373315222,0.0,3.2879999999999967,27.04640624103712,2456969.6341548543,1082012.6815699444
002594.SZ,20220516,270.08,271.11,273.0,265.3,267.12,-2.96,-1.096,202368.8,5441551.55,275.59,276.64,278.57,270.71,272.57,1.020406,268.8928,-1,297.09,243.07,265.87,1,1,-0.010959715639810352,0,1.0371982569379394,1.0,1.0,49.99999999999334,64.62649407917768,64.13845541070623,90.72987632079237,26937.771536721793,0.44469062859018516,15.322813471523299,21.012243882277833,244.03900832612402,3.8999076111270803,4777.79,4.0,6.89823042704311,22026.91332627371,0.0,2.989499999999997,29.47374258304221,3001355.647052981,1356204.5337818067
002594.SZ,20220517,267.12,268.98,285.0,268.5,282.5,15.38,5.7577,293489.03,8193618.911,272.57,274.47,290.82,273.98,288.26,1.020406,279.1797,-1,293.83,240.41,281.18,1,1,0.057577118897873536,1,1.469312462475749,1.0,1.0,49.99999999999401,66.35196236972956,69.71958673388087,100.0,28488.770811335376,0.49785633696878495,23.750997418675517,30.166073151525453,246.42296844788683,3.8634588261522804,4807.91,4.0,9.07605635328121,20524.286930886774,0.0,3.700999999999996,31.056540358865952,3734483.4115810758,1695958.6591817024
002594.SZ,20220518,282.5,282.5,288.0,279.0,281.42,-1.08,-0.3823,205302.7,5812000.946,288.26,288.26,293.88,284.69,287.16,1.020406,283.0942,-1,310.75,254.25,280.11,1,1,-0.003823008849557441,0,0.9877996487574026,1.0,1.0,49.999999999994614,70.14227425658848,68.90859071582089,96.54868268389436,28488.770811335376,0.5366061734139908,23.413251980436044,29.060518410281965,248.57379465499955,3.7347988822994704,4854.62,4.0,9.766436704182473,6861.616325528295,0.0,3.761999999999998,40.62617072518063,4174758.8460014323,2050072.9715845208
002594.SZ,20220519,281.42,275.31,285.35,274.3,284.51,3.09,1.098,173636.51,4879756.543,287.16,280.93,291.17,279.9,290.32,1.020406,281.0329,-1,309.56,253.28,283.18,1,1,0.010980029848624673,1,0.8204272401663472,1.0,1.0,49.99999999999515,66.21905029635587,69.98438820140626,100.0,28488.770811335376,0.5358166189111747,21.204691192296995,30.82986212705267,250.81261788864518,3.6627482464294854,4898.92,4.0,9.998303737721795,-6508.1870664843445,0.0,4.006499999999997,39.173728813559336,3436583.067060847,2248145.8423668533
002594.SZ,20220520,284.51,287.01,291.61,281.2,287.7,3.19,1.1212,178683.36,5125699.547,290.32,292.87,297.56,286.94,293.57,1.020406,286.8594,-1,312.96,256.06,286.36,1,1,0.011212259674528102,1,0.8318833165453314,1.0,1.0,49.999999999995566,66.22147605362068,71.09627560831426,100.0,28808.194307480186,0.5752212389380532,21.583003342824963,32.65517380565943,253.14276173874876,3.6567817518015224,4941.0199999999995,4.0,9.920604029873887,-14292.845412906303,0.0,3.955999999999996,37.09809935914993,3486779.491177926,2425093.506482721
002594.SZ,20220523,287.7,292.7,298.0,287.81,295.2,7.5,2.6069,255588.16,7496178.213,293.57,298.67,304.08,293.68,301.22,1.020406,293.2913,-1,316.47,258.93,293.82,1,1,0.026068821689259725,1,1.198038415582953,1.0,1.0,49.99999999999585,70.38405469622946,73.57476849117852,100.0,29559.189988071434,0.6045961215452741,22.04116720790923,36.783694602314625,255.8821638502458,3.6241251839199937,4980.39,6.0,10.180444231699152,-8964.569115640443,0.0,4.374999999999996,41.21429719736349,3873700.642055044,2632037.3829930527
002594.SZ,20220524,295.2,290.0,292.96,281.0,281.0,-14.2,-4.8103,290496.53,8303003.901,301.22,295.92,298.94,286.73,286.73,1.020406,285.8211,-1,324.72,265.68,279.69,1,1,-0.048102981029810254,0,1.322969071346138,1.0,1.0,49.999999999995914,67.5694540078332,62.62524819034263,59.267167484740376,28137.304832818678,0.5761786961583237,22.610825527405442,21.89124225610381,257.34008968409285,3.5889126075383873,5033.81,6.0,7.845336755544903,-1036.472507735969,0.0,4.111499999999997,42.70551283439836,2902116.998097891,2670620.185150887
002594.SZ,20220525,281.0,281.26,288.65,278.03,287.2,6.2,2.2064,230857.73,6563211.987,286.73,287.0,294.54,283.7,293.06,1.020406,284.2968,-1,309.1,252.9,285.86,1,1,0.02206405693950164,1,1.0196823305836924,1.0,1.0,49.99999999999591,65.29654424060276,65.06956877165172,68.36017778259465,28137.304832818678,0.55657857745291,24.0249076545473,25.61349438169961,259.12618857776204,3.4828405800238778,5082.78,6.0,6.592056114152225,-3959.659510198304,0.0,4.138999999999996,43.326444033503776,1916843.9502310194,2562937.8658766206
002594.SZ,20220526,287.2,287.37,291.22,282.5,286.64,-0.56,-0.195,143094.99,4106312.149,293.06,293.23,297.16,288.26,292.49,1.020406,286.9641,-1,315.92,258.48,285.3,1,1,-0.001949860724233976,0,0.6153659933203874,1.0,1.0,49.99999999999578,68.49305535956333,64.65824408603125,66.83002677429052,28137.304832818678,0.5868534163331853,21.179622601612476,25.04692668342129,260.76453027285635,3.1681794645418253,5137.56,6.0,5.204703172354488,-17111.56599364995,0.0,4.227499999999995,46.57055247727153,2022645.8644009652,2485753.2942372416
002594.SZ,20220527,286.64,292.95,297.61,286.65,288.88,2.24,0.7815,153186.85,4467796.259,292.49,298.93,303.68,292.5,294.77,1.020406,291.6566,-1,315.3,257.98,287.53,1,1,0.007814680435389354,1,0.6614380037773123,1.0,1.0,49.99999999999562,68.69753261427651,65.59509793733692,69.83303557049864,28357.18887840029,0.595996086400241,22.26238672586393,26.443844705380382,262.4574007909505,2.9742762618244893,5196.7,6.0,4.151559989822012,-23456.486362364336,0.0,3.8829999999999956,47.855305297422184,2196998.072003077,2444502.5482037896
002594.SZ,20220530,288.88,292.0,299.7,291.08,298.12,9.24,3.1986,218523.5,6485731.977,294.77,297.96,305.82,297.02,304.2,1.020406,296.7979,-1,317.77,259.99,296.73,1,1,0.03198559955690938,1,0.9445693833907726,1.0,1.0,49.9999999999954,73.64735758213777,69.2197363981345,70.72890108614513,29264.21056642445,0.5573392844287669,12.93830956741486,31.950721355598294,264.6982130247837,2.8349974886119425,5266.7699999999995,6.0,4.2470855639991285,-18097.65954841079,0.0,3.768999999999997,56.77892918825564,2661096.447886074,2475444.5338726873
002594.SZ,20220531,298.12,300.0,300.96,293.51,295.91,-2.21,-0.7413,177011.19,5242211.08,304.2,306.12,307.1,299.5,301.95,1.020406,296.1514,-1,327.93,268.31,294.53,1,1,-0.007413122232657887,0,0.7711013895215919,1.0,1.0,49.9999999999952,74.04081474747744,67.39099940057464,56.42547713004126,29264.21056642445,0.569773336229995,13.85657740148812,29.509624181317136,266.6230829301111,2.5848074892912147,5332.23,6.0,3.586462384501285,-19280.52308645462,0.0,3.6954999999999982,54.634035803308436,2985245.8789215656,2548273.2974510984
002594.SZ,20220601,295.91,298.0,304.8,293.12,299.98,4.07,1.3754,216911.75,6501902.117,301.95,304.08,311.02,299.1,306.1,1.020406,299.7487,-1,325.5,266.32,298.58,1,1,0.013754182014801719,1,0.9386532518558651,1.0,1.0,49.999999999995,74.15680289790964,69.01455038549076,58.352348044510904,29666.715845074534,0.6292511819429621,11.083268554771037,31.95012610432987,268.719011222408,2.579220580154567,5394.599999999999,6.0,3.2799063582417354,-14066.481193929274,0.0,3.3345,53.44997965471143,3379704.956579065,2667049.2487550937
002594.SZ,20220602,299.98,296.0,305.0,295.22,301.02,1.04,0.3467,177727.77,5355773.611,306.1,302.04,311.22,301.24,307.16,1.020406,301.347,-1,329.98,269.98,299.62,1,1,0.0034668977931859857,1,0.7743262436289486,1.0,1.0,49.99999999999485,73.96170010929092,69.43334393753979,62.177114249264676,29666.715845074534,0.6545339452445014,9.306012448224763,32.577991200732384,270.7582494157083,2.579220580154567,5448.05,6.0,2.8171323248853497,-15178.232415769067,0.0,3.455499999999998,50.904297713199725,3640733.7912968528,2806147.0405467735
002594.SZ,20220606,301.02,304.0,320.47,302.55,318.23,17.21,5.7172,294757.29,9260502.507,307.16,310.2,327.01,308.72,324.72,1.020406,314.1738,-1,331.12,270.92,316.75,1,1,0.05717228091156756,1,1.3056850780099298,1.0,1.0,49.999999999994884,77.8445949784725,75.36666238104274,100.0,31362.82965709279,0.7173960692628047,18.240959137336336,41.913502928506766,273.9662886612155,2.507512373729493,5500.27,8.0,4.3381456841004,-223.6328591069141,0.0,4.113999999999999,60.91526801788726,4218012.99465677,3007842.1768482015
002594.SZ,20220607,318.23,318.0,319.87,311.11,314.89,-3.34,-1.0496,200220.89,6296538.086,324.72,324.49,326.4,317.46,321.32,1.020406,314.4796,-1,350.05,286.41,313.42,1,1,-0.010495553530465496,0,0.858533844978982,1.0,1.0,49.999999999995,81.32901008384759,72.4282808589791,76.9383407674765,31362.82965709279,0.7503438789546086,19.36086597278253,38.0096986150278,276.65575012220313,2.0631918232468234,5578.06,8.0,4.390031020548513,-2985.676522629601,0.0,3.8719999999999986,71.40526683756704,4513559.045713643,3222944.5866861218
002594.SZ,20220608,314.89,318.6,328.06,313.01,327.41,12.52,3.976,290513.4,9321932.807,321.32,325.1,334.75,319.4,334.09,1.020406,320.8779,-1,346.38,283.4,325.88,1,1,0.03975991616119923,1,1.2390332304196299,1.0,1.0,49.99999999999518,85.49568064032258,76.1776339419104,100.0,32609.81313483677,0.6762851940047628,20.002677831769212,44.07943874889769,280.1379614729242,1.5243622494188611,5668.79,8.0,5.532665986581417,6890.1254098199515,0.0,3.8509999999999978,81.50897083747299,5068525.74983768,3486599.038564916
002594.SZ,20220609,327.41,334.03,334.8,321.0,322.41,-5.0,-1.5271,307541.72,10050640.39,334.09,340.85,341.63,327.55,328.99,1.020406,326.8058,-1,360.15,294.67,320.91,1,1,-0.015271372285513563,0,1.2894363829580573,1.0,1.0,49.999999999995346,85.35357972470612,71.96856813597941,68.94225206477704,32111.81653829365,0.6704306518183945,8.27479866520469,38.38340652618767,282.9235560882495,1.5621420144131282,5772.09,6.0,5.05028187097426,14802.575385656819,0.0,2.2350000000000008,79.7309417040359,5659311.961744985,3796986.5990192113
002594.SZ,20220610,322.41,321.5,350.0,321.06,348.8,26.39,8.1852,438249.0,14790622.515,328.99,328.06,357.14,327.61,355.92,1.020406,337.4936,-1,354.65,290.17,347.17,1,1,0.08185229986662934,1,1.8979258544135238,1.0,1.0,49.99999999999564,86.25004270239593,78.66806933207225,100.0,34740.24257484825,0.6133237728961609,21.007696224988464,49.47978791086467,287.6126974521783,1.5621420144131282,5844.4400000000005,6.0,7.569616969810454,35545.36393038624,0.0,3.395000000000002,79.46654552534235,6535618.339188505,4188219.704757682
002594.SZ,20220613,348.8,346.0,358.86,340.6,348.8,0.0,0.0,360681.32,12573534.324,355.92,353.06,366.18,347.55,355.92,1.020406,348.6051,-1,383.68,313.92,347.17,1,1,0.0,0,1.4980694234678826,0.9666666666666667,1.0,49.99999999999517,86.51717547886146,78.66806933207224,99.99999999999991,34740.24257484825,0.6808324843545338,20.19232248326679,49.47978791086466,291.96806174155273,1.5621420144131282,5590.35,5.0,8.452754825863394,36578.331041466285,0.0,3.0210000000000035,80.20396671463433,7177978.273807783,4615328.07176484
002594.SZ,20220614,348.8,342.0,344.79,327.23,343.59,-5.21,-1.4937,404789.34,13634616.448,355.92,348.98,351.83,333.91,350.6,1.020406,336.8324,-1,383.68,313.92,341.99,1,1,-0.014936926605504719,0,1.6835208923634346,0.9666666666666667,1.0,49.999999999995566,78.37694894519188,74.58651838652224,70.866510653276,34221.330121250314,0.6469535333285602,24.48937412949424,43.81430542367685,295.50328707263014,1.5785391594607563,5666.150000000001,5.0,7.579814807772799,40650.162497047946,0.0,3.300000000000003,63.66178347820806,5482708.214656303,4739239.520749334
002594.SZ,20220615,343.59,343.97,346.23,332.52,335.0,-8.59,-2.5001,303947.87,10285857.695,350.6,350.99,353.3,339.31,341.84,1.020406,338.4086,-1,377.95,309.23,333.44,1,1,-0.025000727611397267,0,1.2130589361620476,0.9666666666666667,1.0,49.99999999999581,72.11268568649038,68.29499611397625,25.958582381123612,34221.330121250314,0.6363636363636364,20.297673018054486,34.9382244600232,298.04119960330945,1.8095440412752497,5745.26,3.0,5.203276818671036,27819.917528156635,0.0,2.175500000000002,62.11660329531055,3872501.6725615244,4615419.828151076
002594.SZ,20220616,335.0,335.5,342.7,333.41,336.0,1.0,0.2985,190172.45,6410739.474,341.84,342.35,349.69,340.21,342.86,1.020406,337.1014,-1,368.5,301.5,334.43,1,1,0.0029850746268655914,1,0.7573993738526184,0.9666666666666667,1.0,49.999999999995936,68.14325640898524,68.62677299081616,23.190405317494577,34221.330121250314,0.6367469879518072,19.17382418989383,35.42660239668244,300.4891193027274,1.985065725258515,5790.67,5.0,3.2210582709427342,3354.1249809777146,0.0,2.2545000000000015,55.685208512895315,2656387.0988193974,4335558.009675123
002594.SZ,20220617,336.0,330.1,341.2,327.07,338.0,2.0,0.5952,262147.59,8830738.834,342.86,336.84,348.16,333.74,344.9,1.020406,336.8613,-1,369.6,302.4,336.42,1,1,0.005952380952380931,1,1.047209798190011,0.9666666666666667,1.0,49.999999999995936,66.49217165270366,69.31830506859775,17.090482543165013,34425.02851482918,0.6136967580290033,19.433828972467243,36.431173563513866,302.92609714793207,2.102343690327823,5843.4400000000005,5.0,1.710196565845827,-3421.3772423834307,0.0,2.189500000000001,54.01062504099164,1325718.4695628546,3905580.9325162275
002594.SZ,20220620,338.0,338.08,348.66,335.02,342.18,4.18,1.2367,245415.57,8405361.56,344.9,344.98,355.77,341.86,349.16,1.020406,342.495,-1,371.8,304.2,340.58,1,1,0.012366863905325376,1,0.9633390510460171,0.9666666666666667,1.0,49.9999999999959,67.15750971256381,70.76852808061892,29.950409996222653,34425.02851482918,0.6091183119819142,19.839877906845942,38.534848853593004,305.5156369091344,2.1447510353130963,5897.26,5.0,0.8483211955067915,-10068.134605506253,0.0,2.360000000000002,54.325169359041126,1554236.6564549357,3569674.6073646145
002594.SZ,20220621,342.18,339.76,341.8,332.2,341.0,-1.18,-0.3448,197827.39,6666969.509,349.16,346.69,348.77,338.98,347.96,1.020406,337.0094,-1,376.4,307.96,339.41,1,1,-0.0034484774095505655,0,0.7665002598852975,0.9666666666666667,1.0,49.999999999995765,62.906018044735575,69.76601563093014,14.181135002379722,34425.02851482918,0.6395790473176136,18.040827343972772,37.1858057980841,307.83370878715925,2.2022704516251617,5951.74,3.0,-0.2476600337937782,-20201.151956041387,0.0,2.297000000000003,45.47701112050461,726051.3298512585,3163442.7105769925
002594.SZ,20220622,341.0,342.42,347.63,338.0,339.88,-1.12,-0.3284,186787.83,6412052.153,347.96,349.41,354.72,344.9,346.82,1.020406,343.28,-1,375.1,306.9,338.29,1,1,-0.0032844574780058755,0,0.7319166018227156,0.9666666666666667,1.0,49.99999999999564,67.5881026861052,68.77021885234595,4.581310942071255,34425.02851482918,0.713415710503089,15.02994152650612,35.86395198356468,309.9070115350606,2.005005237682225,6004.17,3.0,-1.424698546072456,-27277.16241317479,0.0,2.620000000000002,54.04149486222914,868840.8263720479,2835642.441404858
002594.SZ,20220623,339.88,344.7,354.05,338.0,353.5,13.62,4.0073,323142.26,11251775.974,346.82,351.73,361.27,344.9,360.71,1.020406,348.1988,-1,373.87,305.89,351.85,1,1,0.04007296692950457,1,1.2924745756182172,0.9666666666666667,1.0,49.99999999999543,72.4475781810754,73.68852691515745,51.99549533471042,35804.54154405118,0.6325381047051024,17.212373990332406,42.90601758706501,312.8735355237479,1.9112387760096836,6064.14,3.0,-0.7062479836856141,-13191.313637002819,0.0,2.7630000000000026,60.232408005164565,1352116.558674099,2623710.172443321
002594.SZ,20220624,353.5,352.99,356.28,346.01,351.05,-2.45,-0.6931,235983.55,8273168.197,360.71,360.19,363.55,353.07,358.21,1.020406,350.5824,-1,388.85,318.15,349.41,1,1,-0.006930693069306937,0,0.9267613183318782,0.9666666666666667,1.0,49.99999999999524,73.12262196107926,71.50695891027311,30.964428079940063,35804.54154405118,0.5889405431857108,17.051551422576136,39.99545344904701,315.4185505025261,1.8045579789098625,6129.2,3.0,-0.8868939897733554,-15078.132117938607,0.0,2.7025000000000032,61.12092905831855,1817212.0254261456,2508496.151440867
002594.SZ,20220627,351.05,352.07,357.0,348.33,349.69,-1.36,-0.3874,217155.24,7630684.845,358.21,359.25,364.28,355.44,356.83,1.020406,351.3931,-1,386.16,315.95,348.06,1,1,-0.0038740920096852483,0,0.8375417085175915,0.9666666666666667,1.0,49.999999999995055,73.61394591143028,70.26343042666085,18.97638502397368,35804.54154405118,0.5568060461677482,14.1782366944468,38.34899084318743,317.6763697657207,1.7565119458665206,6199.56,1.0,-1.4804626265179337,-18121.65974651008,0.0,2.7870000000000035,60.09587355056028,2234878.0681400094,2469407.853826459
002594.SZ,20220628,349.69,347.0,358.8,342.71,352.9,3.21,0.918,269634.71,9447959.128,356.83,354.08,366.12,349.7,360.1,1.020406,350.3985,-1,384.66,314.72,351.25,1,1,0.009179559038005047,1,1.027276329411906,0.9666666666666667,1.0,49.99999999999491,68.70366927681512,71.52225117236598,31.11185075566352,36133.2114469835,0.5681936041486602,18.028863147685406,40.099290568705136,320.02627719766207,1.7569219251244956,6253.39,1.0,-1.7150595986675512,-12587.948720713743,0.0,2.776000000000002,53.175623553612695,1423565.369957177,2320001.784702276
002594.SZ,20220629,352.9,349.99,350.0,331.49,331.61,-21.29,-6.0329,361146.02,12246017.195,360.1,357.13,357.14,338.25,338.38,1.020406,339.0877,-1,388.19,317.61,330.06,1,1,-0.06032870501558507,0,1.3626562455273497,0.9666666666666667,1.0,49.9999999999948,63.25067316729117,54.91730259625734,0.0,33953.34159233267,0.4877578275708562,23.52842693678362,16.924100881336198,320.6712373755297,2.2308215695398537,6305.33,1.0,-4.835518684272074,3042.255216942387,0.0,2.061500000000001,42.02616367508364,202000.99153326638,2017430.2428209889
002594.SZ,20220630,331.61,331.0,339.35,330.0,333.49,1.88,0.5669,220144.78,7372602.921,338.38,337.75,346.27,336.73,340.3,1.020406,334.8979,-1,364.77,298.45,331.93,1,1,0.0056693103344289675,1,0.8027518526559124,0.9666666666666667,1.0,49.99999999999472,59.43838853249124,55.891145732751966,4.1002597824604905,33953.34159233267,0.47997586544988285,20.207447105152358,18.182139755466327,321.3926415640903,2.564887737223901,6342.21,1.0,-6.632868946051893,-5502.365221518896,0.0,2.0870000000000006,31.888291656929177,-799203.9568955237,1615053.928575773
002594.SZ,20220701,333.49,332.18,333.0,320.1,329.2,-4.29,-1.2864,234112.63,7658689.348,340.3,338.96,339.8,326.63,335.92,1.020406,327.137,-1,366.84,300.14,327.66,1,1,-0.012863953941647521,0,0.8531823165240988,0.9666666666666667,1.0,49.9999999999947,55.84382787397236,53.07377979737304,0.0,33516.567369923876,0.41453180212014107,20.58396514334471,14.034222775107708,321.81659682655015,2.9902044465164623,6380.48,-1.0,-8.279092480723392,-8959.302533202332,0.0,1.6870000000000005,23.793026374608843,-1737816.0016921684,1136072.5099660673
002594.SZ,20220704,329.2,332.0,338.21,330.2,336.16,6.96,2.1142,209512.06,7020823.754,335.92,338.77,345.11,336.94,343.02,1.020406,335.1036,-1,362.12,296.28,334.59,1,1,0.0211421628189552,1,0.7557649575334594,0.9666666666666667,1.0,49.999999999994685,55.31034627863607,56.872129065432766,18.425398314893105,33516.567369923876,0.38020543036865967,11.783308205704294,18.895511739766487,322.6286759981678,3.185025644765835,6408.66,-1.0,-8.289527790362424,-13948.433119949368,0.0,1.1835000000000009,21.435566564894252,-1227897.7360183224,798362.4748254402
002594.SZ,20220705,336.16,337.0,340.6,329.59,333.89,-2.27,-0.6753,173757.03,5819208.075,343.02,343.88,347.55,336.32,340.7,1.020406,334.9049,-1,369.78,302.54,332.33,1,1,-0.006752736792003944,0,0.6365745802347006,0.9666666666666667,1.0,49.99999999999469,52.0338556193639,55.299938197242206,10.79886348908277,33516.567369923876,0.3682139415354962,12.5170172546403,16.631213393659763,323.2541149899548,3.4099828614130208,6429.389999999999,-1.0,-8.43331625830126,-21028.28615462203,0.0,1.1835000000000009,18.540198303667403,-1629337.422805041,451548.20373537147
002594.SZ,20220706,333.89,333.8,340.6,331.99,336.1,2.21,0.6619,183434.2,6179119.713,340.7,340.61,347.55,338.76,342.96,1.020406,336.8576,-1,367.28,300.5,334.53,1,1,0.006618946359579603,1,0.6753013830185519,0.9666666666666667,1.0,49.99999999999472,51.18323610571253,56.55902718278003,16.906573558694063,33738.41173150264,0.3393748358287362,6.5546230681941235,18.227166212984905,323.97732098149555,3.583209310059292,6448.370000000001,-1.0,-8.062122771850412,-23200.744470724785,0.0,0.8580000000000012,15.622099857699695,-1236230.6692675538,210436.936163525
002594.SZ,20220707,336.1,337.7,351.95,333.37,349.38,13.28,3.9512,304648.74,10511816.689,342.96,344.59,359.13,340.17,356.51,1.020406,345.0471,-1,369.71,302.49,347.75,1,1,0.039512049985123365,1,1.1440954546013085,0.9666666666666667,1.0,49.9999999999947,51.31212538555065,63.25660890284468,49.39584777485278,35071.48554225644,0.3164339946118048,9.239849760647612,27.059355356507442,325.5142962293143,3.5764087665175825,6446.9400000000005,1.0,-5.956308863654581,-7894.471041305415,0.0,2.022999999999999,17.34044487544697,-646865.3482063189,87965.18125354733
002594.SZ,20220708,349.38,349.38,351.88,338.0,338.0,-11.38,-3.2572,190477.57,6547699.048,356.51,356.51,359.06,344.9,344.9,1.020406,343.7517,-1,384.32,314.44,336.42,1,1,-0.032571984658537945,0,0.7157192510933542,0.9666666666666667,1.0,49.99999999999464,45.18956673642917,55.37744294989323,11.174831004998403,35071.48554225644,0.3606252326014139,-2.9648436351550793,15.779309867208738,326.2026705939697,3.7083675620004737,6477.76,-1.0,-6.0075702718005,-12460.786438818895,0.0,0.08899999999999864,11.682424556404591,-1247561.7659375612,-102824.38263089673
002594.SZ,20220711,338.0,335.88,335.88,318.88,324.3,-13.7,-4.0533,254317.44,8284856.773,344.9,342.73,342.73,325.39,330.92,1.020406,325.7683,-1,371.8,304.2,322.79,1,1,-0.04053254437869824,0,1.0022523811541668,0.9666666666666667,1.0,49.999999999994614,38.87792154423819,47.678060231808,0.0,33649.94899808806,0.329427298234032,-3.5120554433859863,4.071135143915447,326.1083786470557,4.142895156188244,6815.76,-2.0,-7.6905789832738805,-6494.583652457354,0.0,-0.6300000000000011,-13.389610389610432,-2039202.1411090558,-379449.77669920516
002594.SZ,20220712,324.3,320.0,321.0,300.08,309.0,-15.3,-4.7179,450514.69,13935271.931,330.92,326.53,327.55,306.2,315.31,1.020406,309.3189,-1,356.73,291.87,307.56,1,1,-0.04717853839037933,0,1.8134638992279741,0.9666666666666667,1.0,49.99999999999467,38.81733898071809,40.84766556526095,0.0,32062.393587447456,0.447322312790432,-0.7057873849261366,-6.986254865376313,325.35060989889195,4.997541120551588,6791.259999999999,-2.0,-10.49479733364823,22668.719305144565,0.0,-1.2594999999999998,-15.970515970516018,-3396344.0794728748,-810434.6770954437
002594.SZ,20220713,309.0,309.0,313.84,296.77,309.88,0.88,0.2848,341066.95,10439432.846,315.31,315.31,320.24,302.83,316.2,1.020406,306.0816,-1,339.9,278.1,308.43,1,1,0.002847896440129505,1,1.3603826505391416,0.9666666666666667,1.0,49.999999999994834,38.77285310187744,41.36794690164599,1.6961315893523787,32062.393587447456,0.5020233085140823,1.6287420684686063,-6.302448341773631,324.6603440559464,5.6396693390217685,6741.8,0.0,-11.765707037425393,25779.96168100545,0.0,-0.7669999999999988,-23.53673723536742,-4442830.514226147,-1329348.3681141157
002594.SZ,20220714,309.88,308.91,323.0,307.0,323.0,13.12,4.2339,272489.36,8631732.044,316.2,315.21,329.59,313.26,329.59,1.020406,316.7732,-1,340.87,278.89,321.49,1,1,0.04233896992384145,1,1.078866968073615,0.9666666666666667,1.0,49.999999999995,43.31192053169407,48.62344429510318,25.3492543613732,32062.393587447456,0.45717865566037735,5.903034548748771,3.3884058779443857,324.57860104396866,5.903782714528169,6715.39,0.0,-10.419872563337055,17556.897968422825,0.0,-0.0875,-14.369396294082492,-3606020.8497475656,-1654587.2940617516
002594.SZ,20220715,323.0,335.0,349.89,333.0,338.19,15.19,4.7028,444507.84,15284697.866,329.59,341.84,357.03,339.8,345.09,1.020406,343.8567,-1,355.3,290.7,336.61,1,1,0.047027863777089784,1,1.7317197670012736,0.9666666666666667,1.0,49.99999999999514,50.27358525198549,55.49081309830803,47.73706716238523,33570.21946544537,0.4166722643917512,7.052243903131161,13.048797233162595,325.3113402252259,5.942487266938194,6711.32,0.0,-7.216510274838825,33329.31986974112,0.0,-0.32299999999999895,4.892201224381161,-2179648.3157659634,-1729596.0114480676
002594.SZ,20220718,338.19,345.0,346.0,328.0,337.1,-1.09,-0.3223,238911.56,8007559.907,345.09,352.04,353.06,334.69,343.98,1.020406,335.1684,-1,372.01,304.37,335.53,1,1,-0.0032230403027883048,0,0.8988267522578206,0.9666666666666667,1.0,49.999999999995254,45.64355840592748,54.92348165683961,62.813386064353374,33570.21946544537,0.42550418438743326,9.023317670381093,12.201357732209077,325.9411990978796,6.017409069386735,6722.3,-2.0,-5.078266330267445,15041.882990940023,0.0,-0.9229999999999989,-2.0335316387236375,-2635029.374396698,-1858943.6347264433
002594.SZ,20220719,337.1,337.1,337.1,327.62,331.1,-6.0,-1.7799,158180.25,5239778.187,343.98,343.98,343.98,334.31,337.86,1.020406,331.2536,-1,370.81,303.39,329.56,1,1,-0.017798872738059912,0,0.5958305282185794,0.9666666666666667,1.0,49.99999999999537,46.017407009435075,51.784934683711114,48.80760754170164,33570.21946544537,0.4118857901726429,8.37882076174127,7.530717167266203,326.2053560315597,6.161722168265817,6717.219999999999,-2.0,-4.334823272248315,-7732.05800025136,0.0,-1.2849999999999995,-3.102599764630341,-3081084.269107179,-2033535.1539236913
002594.SZ,20220720,331.1,332.98,333.86,329.08,331.7,0.6,0.1812,103263.48,3425066.981,337.86,339.77,340.67,335.8,338.47,1.020406,331.6823,-1,364.21,297.99,330.15,1,1,0.0018121413470248982,1,0.39189736355834953,0.9666666666666667,1.0,49.99999999999544,43.11697851358914,52.079833868147205,50.123596341322965,33570.21946544537,0.41331289978678065,4.673732305780884,7.934133404923566,326.48776538160837,6.288191718549692,6698.67,0.0,-3.6523138002440874,-28811.735037276892,0.0,-1.222,-8.066178464876558,-3346786.333551388,-2221142.465299077
002594.SZ,20220721,331.7,329.0,331.0,322.94,324.5,-7.2,-2.1706,132003.28,4303073.903,338.47,335.71,337.75,329.53,331.12,1.020406,325.9823,-1,364.87,298.53,322.99,1,1,-0.02170636116973168,0,0.5090362133169373,0.9666666666666667,1.0,49.999999999995424,38.145601702169266,48.26489073321533,33.099397219298574,32841.53215718126,0.43178337741890604,-1.4658646577311158,2.2967771922843463,326.3909358614403,6.540607987554403,6692.37,-2.0,-4.031005787407776,-36981.24725542038,0.0,-1.8870000000000005,-14.90193947954581,-3668036.581727898,-2427841.6247889088
002594.SZ,20220722,324.5,326.01,334.66,326.0,329.62,5.12,1.5778,141773.74,4687025.063,331.12,332.66,341.49,332.65,336.35,1.020406,330.599,-1,356.95,292.05,328.08,1,1,0.01577812018489988,1,0.5676329193408494,0.9666666666666667,1.0,49.99999999999539,36.773869880326345,51.01292494796075,45.36251098306307,33359.70979861352,0.42390487254834985,-2.5897671398207476,5.97284752721481,326.5538849669694,6.703089143572365,6660.59,0.0,-3.4733319165180188,-38967.52912948351,0.0,-1.6095,-17.683062541731537,-3173701.3369061826,-2534393.012234234
002594.SZ,20220725,329.62,326.0,327.0,320.0,322.95,-6.67,-2.0235,115017.1,3705167.359,336.35,332.65,333.67,326.53,329.54,1.020406,322.1406,-1,362.58,296.66,321.44,1,1,-0.020235422607851494,0,0.4693568241723276,1.0,1.0,49.99999999999537,32.86912292038072,47.475047921877774,29.57472048894667,33359.70979861352,0.4090609337905568,-3.7676542267220303,0.7734466516781484,326.38094405770386,6.962372494366775,6633.21,0.0,-3.8549003388458445,-41547.4913298029,0.0,-1.6430000000000007,-22.56565438236244,-3283272.944412319,-2641375.8596882457
002594.SZ,20220726,322.95,322.48,327.68,320.0,325.0,2.05,0.6348,107656.16,3493834.391,329.54,329.06,334.37,326.53,331.63,1.020406,324.5364,-1,355.25,290.66,323.48,1,1,0.006347731847035076,1,0.4486688979509264,1.0,1.0,49.999999999995254,36.443771719947094,48.65369667231293,34.83444529024222,33359.70979861352,0.3666932482721956,-10.422191360175937,2.323874445342483,326.3136566546674,7.134974923793234,6610.5,0.0,-3.683399032586766,-41794.04331424394,0.0,-1.8120000000000005,-19.68687541638903,-2883596.1708957157,-2675978.7612893134
002594.SZ,20220727,325.0,324.0,329.8,321.01,325.8,0.8,0.2462,91055.72,2961812.249,331.63,330.61,336.53,327.56,332.45,1.020406,325.2747,-1,357.5,292.5,324.28,1,1,0.002461538461538515,1,0.39274099100567916,1.0,1.0,49.999999999995026,40.85518743604616,49.13339947817711,56.58437773857483,33359.70979861352,0.4244941918609122,-17.808027852795227,2.9468140685633717,326.2884760279421,7.160175710901956,6578.610000000001,2.0,-3.3253836651308255,-41649.16384951578,0.0,-0.8030000000000002,-12.934159747397928,-2490251.1549308477,-2649446.246095247
002594.SZ,20220728,325.8,329.02,331.45,324.0,325.43,-0.37,-0.1136,109065.17,3572559.082,332.45,335.73,338.21,330.61,332.07,1.020406,327.5619,-1,358.38,293.22,323.91,1,1,-0.0011356660527931384,0,0.49951477778492415,1.0,1.0,49.9999999999948,44.5179468426507,48.905826809350664,55.030253747726185,33321.8243086642,0.4294831880448317,-18.305265886115734,2.6281653118844286,326.2465218280793,7.212182986291857,6580.06,0.0,-3.010986765953632,-36754.166037933435,0.0,-1.1069999999999993,-5.190989226248753,-2016833.0296389195,-2559072.9294586293
002594.SZ,20220729,325.33,323.0,327.8,317.96,320.36,-4.97,-1.5277,114853.64,3695131.506,332.07,329.69,334.59,324.55,327.0,1.02072,321.7252,2,357.86,292.8,318.96,1,1,-0.01557938727222441,0,0.5397555589165911,1.0,1.0,49.99999999999454,45.81933516722119,45.77699992332083,33.663079245327665,32802.6907031425,0.4268915364381865,-19.407928359418847,-1.7579434104658884,325.97113896591276,7.287146897340166,6574.37,0.0,-3.333433674620881,-30614.548552832144,0.0,-1.0899999999999976,-2.896551724137936,-2149186.8597190306,-2500517.776638687
002594.SZ,20220801,320.36,317.98,332.08,316.32,330.54,10.18,3.1777,187583.76,6141512.246,327.0,324.57,338.96,322.87,337.39,1.02072,327.4011,-1,352.4,288.32,329.1,1,1,0.03177675115495071,1,0.9069671887673665,1.0,1.0,49.99999999999423,45.459800787921196,52.36657274475341,77.878142368204,33845.05364282907,0.4165157004830918,-10.3283936038884,6.672290914672363,326.20322033418745,7.304337625023492,6561.49,0.0,-2.084102428492124,-15402.780283427222,0.0,-0.6699999999999988,-6.793336803748041,-1744029.5306848278,-2392448.0272167074
002594.SZ,20220802,330.54,324.9,330.48,321.3,326.6,-3.94,-1.192,156642.66,5110091.378,337.39,331.63,337.33,327.96,333.37,1.02072,326.226,-1,363.59,297.49,325.18,1,1,-0.011919888667029754,0,0.7614033428577779,1.0,1.0,49.99999999999388,45.6994763889159,49.84192022828965,41.84680343076681,33845.05364282907,0.41133060007454353,-11.082843456100637,3.1894668820275176,326.22271723046595,7.344404277210505,6551.43,0.0,-1.712563828890081,-8499.19376725173,0.0,-0.4294999999999959,-5.023357010302703,-2105340.4502018923,-2351432.659071734
002594.SZ,20220803,326.6,326.7,334.85,318.89,321.99,-4.61,-1.4115,188723.11,6197191.078,333.37,333.47,341.79,325.5,328.66,1.02072,328.3748,-1,359.26,293.94,320.59,1,1,-0.014115125535823725,0,0.9211704692482041,1.0,1.0,49.9999999999935,41.109185328649076,46.987492094985505,12.461555002742479,33367.326461893856,0.40410106188209466,-3.5908893584022055,-0.7996274979359893,326.0227709800097,7.470062649613726,6554.29,-2.0,-1.9922977119245713,898.2355335555112,0.0,-0.7799999999999955,-3.7158746208291618,-2498518.1333532813,-2372444.869683384
002594.SZ,20220804,321.99,328.0,331.47,322.1,326.8,4.81,1.4938,186636.77,6098858.889,328.66,334.8,338.34,328.77,333.57,1.02072,326.7769,-1,354.19,289.79,325.38,1,1,0.014938352122736642,1,0.9098125355471748,1.0,1.0,49.999999999993115,39.106991393575846,50.19263049585081,48.2768205434465,33367.326461893856,0.4302779512804499,-11.016877211510659,3.305813840999059,326.0610053973673,7.503403578140292,6542.91,-2.0,-1.458706821633285,7003.191709169754,0.0,-1.4239999999999953,-13.715312437612297,-1853706.1022090316,-2298339.3314727624
002594.SZ,20220805,326.8,330.0,331.89,318.28,324.49,-2.31,-0.7069,157563.85,5115620.394,333.57,336.84,338.77,324.87,331.21,1.02072,324.6697,-1,359.48,294.12,323.08,1,1,-0.00706854345165242,0,0.7908362408315072,1.0,1.0,49.99999999999269,39.53608586209323,48.670724475462606,43.91368956011744,33367.326461893856,0.4463490462986304,-10.006879002392639,1.2217168747055016,325.985281652824,7.49401733286991,6522.92,-2.0,-1.3487502811779222,7264.054954467472,0.0,-1.130499999999995,-19.443329318881325,-2042996.086525677,-2261861.7250517504
002594.SZ,20220808,324.49,322.11,324.9,319.0,321.35,-3.14,-0.9677,129487.86,4158491.944,331.21,328.78,331.63,325.61,328.01,1.02072,321.1492,-1,356.94,292.04,319.95,1,1,-0.009676723473758808,0,0.6553317005035644,1.0,1.0,49.999999999992276,40.852730242664116,46.60221830953129,12.523093811581173,33367.326461893856,0.48981097279852476,-19.064527331396246,-1.6181768449060434,325.7681257195659,7.347683397667473,6509.82,-2.0,-1.6129468948062093,3958.966324133631,0.0,-0.5894999999999954,-12.327969125464243,-2377161.670320747,-2278333.1458044644
002594.SZ,20220809,321.35,321.18,323.8,318.15,319.72,-1.63,-0.5072,116106.61,3719885.52,328.01,327.83,330.51,324.74,326.34,1.02072,320.3853,-1,353.49,289.22,318.33,1,1,-0.005072351019137944,0,0.6067766006450568,1.0,1.0,49.999999999991914,44.52826471221947,45.52068369175686,0.0,33367.326461893856,0.5604557923612579,-31.893695882442056,-3.103668019916843,325.4890584826229,6.8961161312846455,6509.320000000001,-2.0,-1.9014002568439499,458.611018870688,0.0,-0.11249999999999431,0.6436512580456295,-2650732.159023844,-2331533.0048358045
002594.SZ,20220810,319.72,319.7,319.7,305.0,308.35,-11.37,-3.5562,258499.01,7998810.821,326.34,326.32,326.32,311.32,314.74,1.02072,309.4329,-1,351.69,287.75,307.01,1,1,-0.03556236707118732,0,1.4802716244125236,1.0,1.0,49.9999999999919,45.49723246483702,38.76285557239588,0.0,32180.705350071843,0.4264272822266552,-29.874091225517464,-12.774181168777146,324.7771687635072,6.620872885252794,6532.2699999999995,-4.0,-3.4287704923380775,16900.536341292478,0.0,-0.7239999999999924,-4.155389269224621,-3254918.5201960574,-2463445.2213158407
002594.SZ,20220811,308.35,311.43,315.89,305.6,315.02,6.67,2.1631,165444.81,5159742.999,314.74,317.88,322.44,311.93,321.55,1.02072,311.8709,-1,339.19,277.52,313.65,1,1,0.021631263174963333,1,0.970344835977297,1.0,1.0,49.999999999991914,43.73458964181972,44.01371142671038,38.598684372710494,32180.705350071843,0.45426027120016205,-32.18328045091556,-6.227504024432402,324.34147634988386,6.516192592906203,6530.87,-4.0,-3.3422463786395977,14890.160248002125,0.0,-1.2489999999999923,-16.157718120805356,-2603454.6690047635,-2483446.570985687
002594.SZ,20220812,315.02,315.02,316.28,310.0,311.93,-3.09,-0.9809,101337.63,3165436.406,321.55,321.55,322.83,316.42,318.39,1.02072,312.3653,-1,346.52,283.52,310.57,1,1,-0.009808901022157257,0,0.6136140156109745,1.0,1.0,49.99999999999203,36.72462048286949,42.20808404105467,25.325640227653523,32180.705350071843,0.47278597785977905,-40.02277594389409,-8.80900466735541,323.80251688231556,6.656607566509307,6524.15,-6.0,-3.4868034323678074,5080.351039217487,0.0,-1.562999999999991,-43.17030296763517,-2075846.7622222686,-2425218.026876627
002594.SZ,20220815,311.93,312.2,319.23,311.22,315.21,3.28,1.0515,135119.26,4265356.112,318.39,318.67,325.84,317.67,321.74,1.02072,315.6734,-1,343.12,280.74,313.84,1,1,0.010515179687750287,1,0.9130277608685438,1.0,1.0,49.99999999999203,42.854643288518034,44.79691411272581,44.35595406666503,32519.091249306395,0.361039253177371,-46.35513716708627,-5.561904126317052,323.41610691415923,6.668581568616988,6489.37,-4.0,-2.947635598060094,3378.7458509499193,0.0,-1.0174999999999925,-35.70673991126128,-1478004.3378637263,-2289901.78558907
002594.SZ,20220816,315.21,315.8,321.89,315.5,318.92,3.71,1.177,157243.31,5029761.317,321.74,322.34,328.56,322.04,325.53,1.02072,319.8712,-1,346.73,283.69,317.53,1,1,0.01176993115700653,1,1.101138279836155,1.0,1.0,49.999999999991964,48.41594559346137,47.65326027829006,65.35276052312598,32901.838714599144,0.3446086354190723,-46.47893184750782,-1.9398788866125845,323.2061598719968,6.573018157514279,6467.4800000000005,-2.0,-1.9465848700342843,5352.7869284860935,0.0,-0.5614999999999923,-22.900932918702793,-812825.1451843523,-2078890.836959825
002594.SZ,20220817,318.92,319.99,329.6,316.72,327.93,9.01,2.8252,210871.13,6808620.194,325.53,326.62,336.43,323.28,334.72,1.02072,322.8806,-1,350.81,287.03,326.5,1,1,0.028251599147121498,1,1.4771660110748748,1.0,1.0,49.99999999999199,53.85683427557051,53.8927904271164,100.0,33831.368273167245,0.31411133326318036,-33.23496236636266,6.280668116327677,323.4452326743201,6.429168545406137,6455.12,-2.0,-0.027607728565657297,13535.963302624426,0.0,-0.10049999999999101,-10.231721510951168,-81078.74430621346,-1793489.1094378806
002594.SZ,20220818,327.93,327.0,330.0,323.84,326.04,-1.89,-0.5763,142790.44,4659424.799,334.72,333.78,336.84,330.55,332.8,1.02072,326.3121,-1,360.72,295.14,324.62,1,1,-0.00576342512121486,0,0.963926034947669,1.0,1.0,49.999999999992,58.526055837638225,52.47968309451464,90.66018891574491,33831.368273167245,0.3327017387427556,-33.09112895790817,4.421326384368857,323.57425602946597,6.179699191464123,6453.42,-2.0,0.9749498053166112,9616.773013874626,0.0,0.07650000000001,3.759555974447558,433155.3411070942,-1475397.0450743127
002594.SZ,20220819,326.04,325.03,327.44,317.0,319.39,-6.65,-2.0396,124289.23,3993178.34,332.8,331.76,334.22,323.57,326.01,1.02072,321.2811,-1,358.64,293.44,318.0,1,1,-0.020396270396270455,0,0.835987296116021,1.0,1.0,49.99999999999197,54.02592577887274,47.73680112586681,59.312519449950386,33831.368273167245,0.3271232876712331,-28.012838694911313,-1.9329250916699217,323.37885710114347,6.0482857463192765,6456.36,-4.0,0.7407912932254015,4623.678796539389,0.0,-0.38599999999999,-7.003141785750508,148435.54972160654,-1243420.9601034673
002594.SZ,20220822,319.39,316.0,326.09,312.22,323.09,3.7,1.1585,147667.65,4747212.897,326.01,322.55,332.85,318.69,329.78,1.02072,321.4795,-1,351.33,287.45,321.68,1,1,0.011584583111556412,1,0.9991088493301779,1.0,1.0,49.99999999999196,53.45597564492058,50.421580209261855,77.05733533431881,34223.29057070542,0.3381286814680565,-17.973566817824338,1.5748968877124208,323.36488537244634,5.764932983603255,6438.96,-2.0,1.063095326643397,4554.01064835774,0.0,0.12100000000000932,-4.207119741100307,-257846.8705473421,-1102624.6615954496
002594.SZ,20220823,323.09,324.0,325.55,318.98,321.61,-1.48,-0.4581,92999.75,2989844.195,329.78,330.71,332.3,325.59,328.27,1.02072,321.4895,-1,355.4,290.78,320.21,1,1,-0.004580766968955929,0,0.6223554465004455,1.0,1.0,49.99999999999196,53.214699309771675,49.32996875843761,69.84242356301225,34223.29057070542,0.34032607456390435,-17.905099773450587,0.12412814039922863,323.28121567344516,5.582536907365477,6444.51,-4.0,1.0537095866592532,-2397.9444382237707,0.0,-0.12449999999998909,2.0123687052125376,-11465.834885244723,-946744.8292082775
002594.SZ,20220824,321.61,321.68,322.96,309.3,309.5,-12.11,-3.7654,186782.83,5854016.197,328.27,328.35,329.65,315.71,315.91,1.02072,313.413,-1,353.77,289.45,308.15,1,1,-0.037654301794098455,0,1.2561129796182953,1.0,1.0,49.99999999999193,48.6380860402425,41.42681721522189,17.607224805696085,32934.636459168956,0.3014542516663305,-11.087162750737246,-10.843745513526436,322.6961292107239,5.559953283952887,6446.46,-6.0,-0.5222460114505214,5653.904197974516,0.0,-0.82349999999999,-8.90980535502149,-317869.1189717897,-856905.4420316365
002594.SZ,20220825,309.5,309.56,311.08,302.66,309.58,0.08,0.0258,140220.73,4308297.637,315.91,315.97,317.53,308.93,315.99,1.02072,307.2511,-1,340.45,278.55,308.23,1,1,0.00025848142164774934,1,0.9135768488348445,0.9666666666666667,1.0,49.99999999999198,44.67696957404184,41.49350159296389,18.0479694512105,32934.636459168956,0.3260407171072625,-9.282919736415288,-10.759375828117346,322.1387522785886,5.529378907365565,6417.67,-4.0,-1.440418102361663,4761.865702398245,0.0,-0.6429999999999921,-20.807978363759318,-760156.3174178334,-843084.1385153789
002594.SZ,20220826,309.58,312.99,317.93,310.0,315.73,6.15,1.9866,122126.55,3849213.721,315.99,319.48,324.52,316.42,322.27,1.02072,315.1824,-1,340.54,278.62,314.35,1,1,0.01986562439434092,1,0.7876936777918196,0.9666666666666667,1.0,49.99999999999198,48.47857018691217,46.53293209025383,51.35565085023281,32934.636459168956,0.3225127742711153,-10.418344110442268,-4.333106831836604,321.8467973168853,5.3036021873652075,6399.45,-2.0,-1.1201426931635527,1933.393197609119,0.0,-0.3739999999999924,-9.396422003009548,-466849.6486184071,-789336.3542443829
002594.SZ,20220829,315.73,313.67,316.87,311.49,313.55,-2.18,-0.6905,85911.66,2696123.151,322.27,320.17,323.44,317.94,320.05,1.02072,313.8251,-1,347.3,284.16,312.18,1,1,-0.0069046337060146845,0,0.5528177257440346,0.9666666666666667,1.0,49.99999999999201,43.82886386185431,45.05159602749188,41.564887856301134,32934.636459168956,0.3506154013723997,-20.34511725358569,-6.360304812236274,321.4768403779387,5.256970561671137,6400.0,-4.0,-1.1010709972152837,-4277.774778680821,0.0,-1.0079999999999927,-12.008901823161843,-688136.5753922921,-774879.2429797986
002594.SZ,20220830,313.55,315.5,318.5,310.0,310.85,-2.7,-0.8611,110247.37,3454778.56,320.05,322.04,325.1,316.42,317.29,1.02072,313.3661,-1,344.91,282.2,309.5,1,1,-0.008611066815499835,0,0.7334020219794022,0.9666666666666667,1.0,49.999999999992085,44.598841188875895,43.21659757234398,14.357325550919334,32651.034104074857,0.35541570056310057,-19.27434982058041,-8.877651690069179,321.0157248301517,5.183293045826472,6387.96,-4.0,-1.3356485301062966,-4545.405470479374,0.0,-1.325499999999994,-15.315474092351089,-956902.0408948672,-800882.4998248084
002594.SZ,20220831,310.85,291.0,296.6,284.0,287.98,-22.87,-7.3572,408059.74,11841919.126,317.29,297.03,302.75,289.88,293.95,1.02072,290.2006,-1,341.94,279.77,286.73,1,1,-0.07357246260254147,0,2.757095613658484,0.9666666666666667,1.0,49.99999999999257,42.06646654886262,31.509404099783033,0.0,30248.817118518502,0.44004410548561995,-20.19414431676222,-26.49625030789135,319.8594154735742,5.586966764190603,6363.96,-4.0,-4.288271888967152,33841.930503515825,0.0,-1.2409999999999939,-35.3415735326771,-2019415.1294502877,-974958.5897713056
002594.SZ,20220901,287.98,285.0,294.6,284.03,286.7,-1.28,-0.4445,192582.33,5566420.145,293.95,290.91,300.7,289.92,292.64,1.02072,289.0411,-1,316.78,259.18,285.45,1,1,-0.00444475310785486,0,1.2114358373316243,0.9666666666666667,1.0,49.999999999993165,36.16229192153854,31.003186724298963,0.0,30248.817118518502,0.4547958214624882,-16.931113448861787,-27.324110526480773,318.711848800258,6.208930804901351,6336.57,-6.0,-6.024311756087507,28854.081281357965,0.0,-1.0959999999999952,-34.67434382711436,-2504259.1388078546,-1193430.096776527
002594.SZ,20220902,286.7,288.7,289.6,278.1,282.0,-4.7,-1.6393,161661.92,4561284.362,292.64,294.68,295.6,283.86,287.84,1.02072,282.1496,-1,315.37,258.03,280.77,1,1,-0.016393442622950727,0,1.0150333946635566,0.9666666666666667,1.0,49.99999999999377,36.35985812386635,29.151248125102587,0.0,30248.817118518502,0.4819388986906863,-17.08783179185957,-30.35588054585121,317.49434195110194,6.894835440224844,6294.280000000001,-6.0,-7.3295967766473,20431.20646805754,0.0,-1.155499999999995,-35.68904593639574,-2860327.2179102506,-1431558.2569384875
002594.SZ,20220905,282.0,269.0,270.88,261.1,268.76,-13.24,-4.695,351208.27,9364600.412,287.84,274.57,276.49,266.51,274.33,1.02072,266.6395,-1,310.2,253.8,267.59,1,1,-0.046950354609929135,0,2.202312560603321,0.9666666666666667,1.0,49.999999999994415,34.54069559686366,24.679028546649896,0.0,28828.624428273164,0.5849392987520163,-11.741803240844611,-38.02254033148488,316.0560416116991,7.910586404901465,6251.38,-6.0,-9.36976787115887,38389.645470537536,0.0,-1.129499999999996,-40.80097580809107,-3909467.5531824036,-1785545.299259047
002594.SZ,20220906,268.76,268.77,274.45,267.21,272.94,4.18,1.5553,189902.84,5154529.158,274.33,274.34,280.14,272.75,278.6,1.02072,271.4298,-1,295.64,241.88,271.75,1,1,0.015552909659175551,1,1.1134175499649575,0.9666666666666667,1.0,49.9999999999949,38.95756234231863,28.41301727431801,13.431297889908514,28828.624428273164,0.5725444573707827,-9.330352965189796,-33.15138347700204,314.68354269184664,8.668661293125206,6194.79,-4.0,-9.518839176022107,27073.390175153174,0.0,-0.8479999999999961,-34.73587626163328,-3104672.838190872,-1973992.090535022
002594.SZ,20220907,272.94,272.0,285.05,270.6,282.7,9.76,3.5759,190873.17,5345727.757,278.6,277.64,290.96,276.21,288.56,1.02072,280.067,-1,300.23,245.65,281.47,1,1,0.03575877482230516,1,1.0954089354420933,0.9666666666666667,1.0,49.99999999999527,45.17037822867044,36.34769746987014,45.32833060278022,29859.50071764059,0.5803082624442011,-8.294294528705572,-22.523395543904655,313.5035539841129,8.986923374880519,6145.67,-2.0,-7.740890717144811,18651.954503030345,0.0,0.2545000000000016,-19.496100779844056,-2391878.5012509176,-2033690.1492087215
002594.SZ,20220908,282.7,283.0,284.99,277.0,278.26,-4.44,-1.5706,116429.11,3267426.059,288.56,288.86,290.89,282.74,284.03,1.02072,280.6365,-1,310.97,254.43,277.05,1,1,-0.015705695083127025,0,0.6814018439870942,0.9666666666666667,1.0,49.99999999999554,44.13606893480911,34.47561397469483,38.05599987305582,29859.50071764059,0.5914163090128753,-9.870183906503076,-25.375695612951304,312.25116079354535,9.480966235581215,6125.06,-4.0,-6.643105195722377,2818.349309204288,0.0,-0.16199999999999762,-12.475429170488823,-1783405.9488161486,-1997935.263438354
002594.SZ,20220909,278.26,280.99,281.49,276.99,279.7,1.44,0.5175,76098.26,2125233.636,284.03,286.81,287.32,282.73,285.5,1.02072,279.2749,-1,306.09,250.43,278.48,1,1,0.005175016171925506,1,0.45184631416140225,0.9666666666666667,1.0,49.999999999995666,41.42381954351189,35.633517278417244,44.4384215679087,29859.50071764059,0.5999129299085761,-11.226352790092546,-23.819480856288013,311.0703206373631,9.895280990027015,6085.77,-2.0,-5.26354365058981,-12483.409248313148,0.0,-0.07199999999999988,-17.756393356182464,-1833131.972882107,-1974391.936216033
002594.SZ,20220913,279.7,282.0,286.69,279.37,284.8,5.1,1.8234,111524.11,3162351.107,285.5,287.84,292.63,285.16,290.7,1.02072,283.5576,-1,307.67,251.73,283.56,1,1,0.018233821952091667,1,0.6671926777344958,0.9666666666666667,1.0,49.99999999999566,40.7737728452893,39.69789596983273,68.72395768205202,30403.953537304402,0.5905545555841256,-11.08971972900773,-18.343225942243695,310.0488208103584,10.263034613352621,6053.92,-2.0,-3.3005472686871364,-16951.98972934944,0.0,-0.08249999999999887,-16.035591348964147,-1484003.6761644431,-1904336.4704943774
002594.SZ,20220914,284.8,282.0,283.8,276.26,278.33,-6.47,-2.2718,105151.06,2935617.133,290.7,287.84,289.68,281.98,284.1,1.02072,279.1809,-1,313.28,256.32,277.12,1,1,-0.022717696629213524,0,0.6335373646509115,0.9666666666666667,1.0,49.99999999999545,36.46489514901209,36.54519046236406,54.29767680651763,30403.953537304402,0.5769069747969517,-8.99450532970803,-22.897049247092653,308.88424239184343,10.771545749154898,6023.51,-4.0,-2.543986874028505,-19692.672975455826,0.0,-0.4219999999999999,-20.99476439790581,-1567505.813891253,-1856217.8052653596
002594.SZ,20220915,278.33,280.0,280.5,266.91,269.5,-8.83,-3.1725,152395.23,4126260.385,284.1,285.8,286.31,272.44,275.08,1.02072,270.7605,-1,306.16,250.5,268.33,1,1,-0.03172493083749506,0,0.9328231394144605,0.9666666666666667,1.0,49.99999999999525,30.2268466664096,32.725380735038435,36.81883271944565,29439.390214147006,0.5777777777777773,-7.049650140539268,-28.616015819047536,307.5454785176157,11.446889693917232,5987.29,-6.0,-2.8786784422078995,-14318.337538390428,0.0,-1.3439999999999999,-31.81818181818189,-1759376.5928610112,-1842383.3463504526
002594.SZ,20220916,269.5,268.0,271.45,264.36,265.98,-3.52,-1.3061,104476.36,2797971.959,275.08,273.55,277.07,269.84,271.49,1.02072,267.8091,-1,296.45,242.55,264.82,1,1,-0.013061224489795853,0,0.6511616789718107,0.9666666666666667,1.0,49.99999999999507,25.778786808704965,31.31998172293261,32.59752695642193,29439.390214147006,0.5488087359364655,-5.575374514211983,-30.77075403885522,306.17521816724013,12.106237871390425,5928.74,-6.0,-3.1954958343649658,-16252.928550651208,0.0,-1.3969999999999998,-41.76632346358002,-1947524.4388983082,-1857403.5024287177
002594.SZ,20220919,265.98,268.0,273.9,266.68,270.35,4.37,1.643,110949.99,3006108.121,271.49,273.55,279.58,272.21,275.95,1.02072,270.9426,-1,292.58,239.38,269.17,1,1,0.016429806752387366,1,0.6998656664661279,0.9666666666666667,1.0,49.9999999999949,29.350587497539237,35.04924136203931,55.941600546521144,29923.073706273564,0.5479763912310281,-8.542120190347099,-25.808061493274927,304.9095313180716,12.622007970375762,5867.280000000001,-4.0,-2.4701760316270693,-15687.750336090496,0.0,-0.9974999999999994,-36.86011317278596,-1520589.2850663033,-1809287.1856626587
002594.SZ,20220920,270.35,273.8,277.49,272.01,274.21,3.86,1.4278,111245.02,3058894.059,275.95,279.47,283.24,277.65,279.89,1.02072,274.9691,-1,297.39,243.32,273.02,1,1,0.014277788052524443,1,0.7046914435635357,0.9666666666666667,1.0,49.999999999994714,33.31527793263031,38.239274251472494,90.28807114903529,30350.309010531804,0.5426911417985854,-17.209075878072213,-21.520231166523118,303.76224935562476,13.035414430406208,5825.41,-4.0,-1.1891512735277772,-14338.244853661708,0.0,-1.3314999999999997,-30.098996918639045,-1020168.9682550365,-1696556.011747284
002594.SZ,20220921,274.21,271.8,272.61,267.0,270.0,-4.21,-1.5353,83753.63,2258898.398,279.89,277.43,278.26,272.53,275.59,1.02072,269.7075,-1,301.63,246.79,268.82,1,1,-0.015353196455271445,0,0.5367366537724079,0.9666666666666667,1.0,49.99999999999453,30.215631727032218,36.15362054011222,76.40118039626856,30350.309010531804,0.5091777100995962,-17.202927921296215,-24.47544218987123,302.54802128264436,13.418131257898176,5774.07,-4.0,-0.6542816275389143,-16081.730602181022,0.0,-1.302000000000001,-38.25441039925727,-1085225.9801212214,-1609223.150086418
002594.SZ,20220922,270.0,267.49,269.38,261.3,268.55,-1.45,-0.537,92799.5,2468839.436,275.59,273.03,274.96,266.71,274.11,1.02072,266.0402,-1,297.0,243.0,267.38,1,1,-0.005370370370370359,0,0.5964744480764235,0.9666666666666667,1.0,49.99999999999436,31.41638464537077,35.436723623178715,71.62787161915718,30187.31661029006,0.517910313092123,-21.9654863465498,-25.492609599242915,301.3417813566638,13.754462942724338,5721.11,-4.0,-0.2613615566167873,-14972.348261110834,0.0,-0.6400000000000006,-36.58038147138971,-1194871.4527460653,-1550030.0504663677
002594.SZ,20220923,268.55,267.09,269.77,264.28,266.4,-2.15,-0.8006,79644.12,2125444.095,274.11,272.62,275.36,269.76,271.92,1.02072,266.8677,-1,295.41,241.7,265.24,1,1,-0.008005957922174733,0,0.5278610503517038,0.9666666666666667,1.0,49.99999999999419,34.79989329647243,34.34910779527496,64.38620820168182,30187.31661029006,0.5084145261293176,-23.991708293579972,-27.026575913786573,300.1275806760602,14.120212046604344,5688.22,-6.0,-0.06675928220286664,-14932.537933593685,0.0,-0.6754999999999995,-28.165337200870304,-858801.4692716878,-1451283.1102956992
002594.SZ,20220926,266.4,266.4,276.0,263.58,272.95,6.55,2.4587,143606.4,3911414.127,271.92,271.92,281.72,269.04,278.61,1.02072,272.3705,-1,293.04,239.76,271.76,1,1,0.024587087087087234,1,0.9712847194801785,0.9666666666666667,1.0,49.999999999994,34.83747423506205,40.355075270894794,100.0,30929.534792712737,0.5066195939982345,-15.636766370343281,-19.15931246310898,299.08136433918304,14.379144508903462,5642.22,-6.0,1.1039193749596734,-5688.229471207906,0.0,-0.48499999999999943,-29.20535126836763,-433394.84142949944,-1305870.5004576708
002594.SZ,20220927,272.95,272.96,274.83,270.06,273.96,1.01,0.37,83095.93,2262822.665,278.61,278.62,280.52,275.66,279.64,1.02072,272.3145,-1,300.25,245.66,272.77,1,1,0.003700311412346613,1,0.5579679000922904,0.9666666666666667,1.0,49.999999999993676,37.75859838062089,41.247625213069,100.0,30929.534792712737,0.5119058235976097,-15.478147658827272,-17.973353949697607,298.10011611968264,14.589043151918325,5595.41,-4.0,2.115399118768803,-7033.477426086567,0.0,-0.4289999999999992,-24.657920722245784,-66181.38026421587,-1128772.0547157486
002594.SZ,20220928,273.96,273.0,273.0,265.5,265.62,-8.34,-3.0442,85620.18,2293531.516,279.64,278.66,278.66,271.0,271.12,1.02072,267.8728,-1,301.36,246.56,264.46,1,1,-0.03044240035041601,0,0.5754616026438861,0.9666666666666667,1.0,49.99999999999329,38.293957355115396,36.40334080076399,51.20408567130713,29987.965511900853,0.3014350004245564,-15.288904805487498,-24.50442041426191,296.9324469808886,14.645754020344322,5550.87,-4.0,1.7758608924387076,-6884.046211414097,0.0,-0.5655000000000001,-28.436182710248126,-175732.7941893444,-992623.5889262625
002594.SZ,20220929,265.62,270.0,271.8,264.0,264.57,-1.05,-0.3953,88356.68,2355802.796,271.12,275.59,277.43,269.47,270.05,1.02072,266.6242,-1,292.18,239.06,263.42,1,1,-0.003953015586175779,0,0.5988096881925998,0.9666666666666667,1.0,49.99999999999295,43.31337763408047,35.83275777325458,45.456669095799384,29869.422616834607,0.34914017717561235,-19.547662736638937,-25.29272075185971,295.7811563314817,14.49332673951468,5511.82,-4.0,1.5337439231452876,-5762.831749105149,0.0,-0.6860000000000014,-13.850761167956122,-363830.7457775262,-902796.0399050144
002594.SZ,20220930,264.57,263.0,263.55,249.0,252.01,-12.56,-4.7473,214035.88,5421385.039,270.05,268.45,269.01,254.16,257.23,1.02072,253.2933,-1,291.03,238.11,250.91,1,1,-0.04747325849491624,0,1.626799315130451,0.9666666666666667,1.0,49.999999999992895,43.37357343947381,29.813123451567268,0.0,28451.42379585172,0.3786253846871215,-12.064154769247754,-33.97361461727774,294.40494145691514,14.44924224609671,5481.79,-4.0,-0.10719745171907391,11613.668165548057,0.0,-1.3205000000000013,-22.258088732077226,-834376.8121328368,-893021.8645089892
002594.SZ,20221010,252.01,252.27,256.4,249.44,251.2,-0.81,-0.3214,117478.5,2967008.054,257.23,257.5,261.71,254.61,256.4,1.02072,252.5575,-1,277.21,226.81,250.11,1,1,-0.0032141581683267084,0,0.8856851258856371,0.9666666666666667,1.0,49.99999999999302,44.367626469158715,29.469296664010713,0.0,28451.42379585172,0.3647184052641766,-16.200228066429545,-34.490362253090716,293.05716047419185,14.350313418430233,5448.59,-4.0,-1.0389145814745113,9876.052645881238,0.0,-1.0390000000000028,-22.963624191028885,-1147911.9326634677,-929434.7313882004
002594.SZ,20221011,251.2,252.0,257.38,249.33,255.01,3.81,1.5167,132820.39,3370369.988,256.4,257.22,262.71,254.5,260.29,1.02072,253.754,-1,276.32,226.08,253.9,1,1,0.015167197452229386,1,1.018309725514737,0.9666666666666667,1.0,49.99999999999313,53.734225256840304,33.36223304652283,33.0516878205386,28882.95215836046,0.4013417101480142,-16.678776579173757,-29.47321041869272,291.77937757851106,13.968667741638432,5415.92,-2.0,-0.8852184326639971,10508.959017652494,0.0,-0.8765000000000029,-9.572371240037775,-747480.5890279086,-903441.2824795874
002594.SZ,20221012,255.01,254.0,263.25,249.95,262.34,7.33,2.8744,144871.43,3708582.158,260.29,259.26,268.7,255.13,267.78,1.02072,255.9913,-1,280.51,229.51,261.2,1,1,0.028743970824673504,1,1.2121831986256066,0.9666666666666667,1.0,49.99999999999321,52.69811309896247,40.20070172364182,91.11144263749644,29713.16289253081,0.38831650525448197,-7.855088854304151,-20.37885967650895,290.66318861983734,13.571059050761836,5398.66,-2.0,0.3920306702562186,12150.503827206234,0.0,-0.6680000000000049,-9.79819665092316,-316646.2323763445,-819613.4181791241
002594.SZ,20221013,262.34,260.0,263.0,258.08,258.18,-4.16,-1.5857,96186.6,2497932.932,267.78,265.39,268.45,263.43,263.53,1.02072,259.6966,-1,288.57,236.11,257.06,1,1,-0.015857284440039532,0,0.8202761104004118,0.9666666666666667,1.0,49.999999999993264,50.46967346358781,37.828088932528814,70.96755905307475,29713.16289253081,0.4120927181281438,-18.036777064878294,-23.585379959628806,289.48119313598755,13.380213758863167,5391.0599999999995,-4.0,0.83912205771842,6558.455054864262,0.0,-1.294000000000004,-12.177575013160265,97711.61830260581,-688566.9843960198
002594.SZ,20221014,258.18,262.08,269.1,259.95,264.54,6.36,2.4634,145694.51,3854443.049,263.53,267.51,274.68,265.34,270.02,1.02072,264.5565,-1,284.0,232.36,263.39,1,1,0.024633976295607818,1,1.2947525027322575,1.0,1.0,49.999999999993314,50.952973536137925,43.334405213461004,100.0,30445.11624289295,0.40361961876204777,-14.927998405282159,-16.06325531874176,288.4842966787012,13.0418380965387,5364.25,-2.0,2.0832605204619377,9243.588896055455,0.0,-0.9340000000000017,-12.473610133708661,612639.0808309605,-502680.4036493084
002594.SZ,20221017,264.54,263.0,263.0,256.69,260.66,-3.88,-1.4667,109678.36,2842978.645,270.02,268.45,268.45,262.01,266.06,1.02072,259.2105,-1,290.99,238.09,259.52,1,1,-0.01466696907840026,0,0.9621736832105786,1.0,1.0,49.999999999993264,50.350899161234125,40.95155560317511,82.81405730227502,30445.11624289295,0.3933416823210188,-11.804371519986566,-19.220621412206672,287.4139969666308,12.761911430604517,5351.8,-4.0,2.450018927453371,6038.981863122815,0.0,-0.9864999999999995,-14.430684554523594,311759.6429947434,-386331.82555730105
002594.SZ,20221018,260.66,279.0,279.0,272.5,273.67,13.01,4.9912,244141.79,6717206.761,266.06,284.78,284.78,278.15,279.34,1.02072,275.1355,-1,286.73,234.59,272.48,1,1,0.049911762449167396,1,2.110689817722773,1.0,1.0,49.99999999999322,53.0617461286488,50.733886530189935,100.0,31964.68565254551,0.33548635881615774,-11.865519192978988,-5.247126761508891,286.7938621083597,12.424070515557279,5333.09,-4.0,4.397803026478883,21056.243136766323,0.0,-1.3929999999999993,-4.705697198615063,831169.2259877713,-212403.10390800505
002594.SZ,20221019,273.67,273.67,276.44,266.88,267.5,-6.17,-2.2545,134004.03,3642369.174,279.34,279.34,282.17,272.41,273.04,1.02072,271.8104,-1,301.04,246.3,266.33,1,1,-0.022545401395841713,0,1.095698647060552,1.0,1.0,49.99999999999319,52.51033574189224,46.77611610106801,81.38797665965495,31964.68565254551,0.30455380450546293,-8.263032655059963,-10.484757840068113,285.97143604225005,11.967387921283606,5324.73,-4.0,4.77636827195521,15439.644334917763,0.0,-1.5179999999999993,-6.551431437610923,553871.3630577936,-102935.32291289097
002594.SZ,20221020,267.5,264.0,265.58,257.4,263.51,-3.99,-1.4916,128416.78,3355270.263,273.04,269.47,271.08,262.73,268.97,1.02072,261.2797,-1,294.25,240.75,262.36,1,1,-0.014915887850467269,0,1.0377723493913802,1.0,1.0,49.999999999993165,53.14340705900292,44.365804230741446,70.0531148753696,31964.68565254551,0.3042904959935087,-13.67953563739923,-13.730859482246121,285.0487080507456,11.35532648726075,5311.73,-4.0,4.418891229923968,10493.721697963301,0.0,-1.0174999999999996,-7.627765064836041,168430.63213644119,-64168.75790584354
002594.SZ,20221021,263.51,263.52,270.88,262.01,266.3,2.79,1.0588,104785.54,2794657.482,268.97,268.98,276.49,267.44,271.82,1.02072,266.7026,-1,289.86,237.16,265.14,1,1,0.01058783347880543,1,0.8550863983298576,1.0,1.0,49.999999999993086,57.44137256903824,46.44393895726178,79.82586261985138,31964.68565254551,0.30656039239730243,-10.275931115430682,-10.77413277273592,284.25210341492726,10.664760505514666,5302.29,-2.0,4.474112653242569,3900.4714354769276,0.0,-0.7774999999999992,3.415783274440493,397738.5788832464,1818.00449259788
002594.SZ,20221024,266.3,264.9,266.31,253.57,255.57,-10.73,-4.0293,167412.56,4324097.663,271.82,270.39,271.83,258.82,260.87,1.02072,258.2899,-1,292.93,239.67,254.46,1,1,-0.04029290274126929,0,1.3659723133289403,1.0,1.0,49.999999999992944,51.76593670423497,40.22137957320392,50.56332135657182,30676.73568239225,0.28785261945883717,-2.8779684461115105,-19.270566631300714,283.1494891499227,10.135310696025298,5302.62,-4.0,3.0492836436986632,7621.048517903188,0.0,-1.3614999999999995,-4.904754762261909,95459.96202649991,15195.426997441027
002594.SZ,20221025,255.57,253.0,260.59,250.03,257.91,2.34,0.9156,113242.67,2897739.554,260.87,258.24,265.99,255.21,263.25,1.02072,255.8876,-1,281.13,230.01,256.79,1,1,0.00915600422584828,1,0.9031784179997875,1.0,1.0,49.99999999999278,47.26739898173339,42.04498894796366,59.13912454034328,30676.73568239225,0.2921129503407983,2.8447454498753393,-16.719154786821893,282.1485529646111,9.67365963882889,5282.3,-4.0,2.4327233852401875,2686.3121836623113,0.0,-1.1364999999999967,-13.153368728034103,-211079.7382076336,-17129.59660328392
002594.SZ,20221026,257.91,260.0,264.04,255.29,257.87,-0.04,-0.0155,126415.27,3279130.696,263.25,265.39,269.51,260.58,263.21,1.02072,259.3936,-1,283.7,232.12,256.75,1,1,-0.00015509286185111382,0,1.0074352812573353,0.9666666666666667,1.0,49.99999999999264,51.430386286046215,42.02139040639975,59.028148773999256,30671.97793966302,0.3044757941743629,5.924635137544631,-16.751198718874566,281.18609561644723,9.209517244916338,5272.13,-4.0,2.0457746803035146,1174.4382401231633,0.0,-1.1529999999999958,-5.463502015226183,132946.12983604847,4309.792888049275
002594.SZ,20221027,257.87,258.99,260.72,255.0,255.0,-2.87,-1.113,97765.82,2516238.985,263.21,264.36,266.12,260.28,260.28,1.02072,257.3741,-1,283.66,232.08,253.89,1,1,-0.011129638965370114,0,0.7660976160267108,0.9666666666666667,1.0,49.99999999999255,51.40022827536517,40.2747235565962,50.81417963189235,30671.97793966302,0.30015007503751845,2.9473644877766603,-19.102109644982505,280.17733376311133,8.720386571803711,5262.85,-4.0,1.457155827792537,-3453.44477485923,0.0,-1.4054999999999964,-3.7537993920973065,-104190.73668067087,-11190.282764625032
002594.SZ,20221028,255.0,253.0,253.0,235.81,239.89,-15.11,-5.9255,263163.93,6372054.067,260.28,258.24,258.24,240.7,244.86,1.02072,242.1325,-1,280.5,229.5,238.84,1,1,-0.05925490196078431,0,2.0581602724501766,0.9666666666666667,1.0,49.99999999999281,45.35666710900248,32.59339258621305,0.0,28854.512893904946,0.38251704897706107,14.230246416774586,-30.04944261072498,278.83537116670306,8.460044865855316,5248.08,-4.0,-0.7925871564631368,14983.414362802385,0.0,-2.0264999999999973,-18.341113591773215,-581686.7397360546,-92689.77661768638
002594.SZ,20221031,239.89,237.5,251.0,237.11,246.67,6.78,2.8263,187942.33,4625511.532,244.86,242.42,256.2,242.02,251.78,1.02072,246.1133,-1,263.88,215.9,245.6,1,1,0.028262953853849693,1,1.3714447815427155,0.9666666666666667,1.0,49.99999999999309,45.897075755178896,38.281516746973935,31.355949724012287,28854.512893904946,0.3817394378645923,13.741495922334222,-22.236516445704215,277.64428006587457,8.255335763894069,5221.61,-4.0,-1.1698115320246014,16164.590668436824,0.0,-1.8954999999999984,-24.61345591307981,-53661.829002405284,-87114.35552978909
002594.SZ,20221101,246.67,247.11,262.2,247.0,261.82,15.15,6.1418,219282.71,5620272.304,251.78,252.23,267.63,252.12,267.24,1.02072,256.3026,-1,271.34,222.0,260.68,1,1,0.06141808894474399,1,1.5746681451953337,0.9666666666666667,1.0,49.999999999993214,48.30914281392344,48.69894497523737,88.78232554616727,30626.701933280063,0.3393306096794466,21.39567528864662,-7.102195725939022,276.9442606028567,7.876940845811427,5198.22,-4.0,0.7173711341479212,20032.55091821825,0.0,-1.2099999999999995,-20.647336480107903,612149.2894236874,12780.450892136112
002594.SZ,20221102,261.82,261.0,271.6,258.36,267.56,5.74,2.1923,187319.29,4980989.815,267.24,266.41,277.23,263.71,273.1,1.02072,265.9091,-1,288.0,235.64,266.39,1,1,0.021923458864869128,1,1.2824308809102594,0.9666666666666667,1.0,49.99999999999332,53.01727196428376,52.004395643503344,100.0,30626.701933280063,0.3464068014116134,23.995155920155312,-2.062505437582585,276.50660775915924,7.6994226151773635,5182.62,-2.0,2.7222275644704474,17256.31093546923,0.0,-0.5129999999999996,-9.477756286266953,1209337.5724181095,183717.18253870372
002594.SZ,20221103,267.56,265.02,271.76,264.1,267.98,0.42,0.157,102383.97,2747240.766,273.1,270.51,277.39,269.57,273.53,1.02072,268.3272,-1,294.32,240.8,266.81,1,1,0.0015697413664226278,1,0.6773632789068432,0.9666666666666667,1.0,49.99999999999346,56.24684324938928,52.246849165395545,100.0,30626.701933280063,0.3481660620717449,22.1778988276428,-1.693940225455997,276.107456705804,7.5178589686524635,5174.92,0.0,4.010517293207412,3660.7336187528927,0.0,-0.09349999999999739,-4.6818124764654385,1514362.4718378321,373809.3667242935
002594.SZ,20221104,267.98,268.98,283.02,268.0,280.2,12.22,4.56,224886.89,6270505.264,273.53,274.55,288.88,273.55,286.01,1.02072,278.8293,-1,294.78,241.18,278.98,1,1,0.04560041794163738,1,1.480959850688418,0.9666666666666667,1.0,49.99999999999375,63.546157824092326,58.77245847795345,100.0,32023.29234161159,0.3816183008649256,19.657100670438965,8.433150439054433,276.31877449756496,7.06331016380047,5178.33,2.0,6.279098705157617,10464.61206915847,0.0,1.0170000000000017,12.082262210796877,2187529.0696572843,632912.1814290065
002594.SZ,20221107,280.2,275.0,282.03,272.99,278.88,-1.32,-0.4711,135842.06,3781158.42,286.01,280.7,287.87,278.65,284.66,1.02072,278.3496,-1,308.22,252.18,277.66,1,1,-0.004710920770877869,0,0.8913832835300272,0.9666666666666667,1.0,49.99999999999409,67.61169217455263,57.85279114167913,96.48701240877932,32023.29234161159,0.3800515214941229,19.928286025434694,7.219088472383049,276.44954224220464,6.553022073074501,5203.96,2.0,7.300691494209987,2672.9862905726786,0.0,1.2645000000000024,20.164233576642317,2531904.65126193,904196.819976567
002594.SZ,20221108,278.88,279.45,282.6,273.5,276.41,-2.47,-0.8857,105634.49,2925766.812,284.66,285.24,288.46,279.17,282.14,1.02072,276.9708,-1,306.77,250.99,275.21,1,1,-0.008856855995410085,0,0.6890126457863399,0.9666666666666667,1.0,49.999999999994415,63.75702148283412,56.08428806036373,89.73160299643142,32023.29234161159,0.38419596354166635,19.23541518376118,4.905550344453372,276.44756690854734,6.128868143843644,5237.23,0.0,7.32372201103615,-6354.748197655845,0.0,0.9620000000000047,19.95033653531987,2089729.0275952606,1073558.5639220946
002594.SZ,20221109,276.41,278.15,278.88,268.64,269.63,-6.78,-2.4529,111946.36,3038705.77,282.14,283.91,284.66,274.21,275.22,1.02072,271.443,-1,304.05,248.77,268.46,1,1,-0.02452877971129852,0,0.7367143373414342,0.9666666666666667,1.0,49.99999999999467,59.58101456686588,51.436264221555476,71.97686775098965,31237.800058133686,0.3859233221613663,14.660279022418635,-1.2511195230303014,276.1269825753112,5.930000277020734,5266.16,-2.0,6.15286523724055,-11008.348472151774,0.0,0.11900000000000688,13.024602026049209,1602395.6572186854,1149106.7201073219
002594.SZ,20221110,269.63,264.63,264.97,255.8,260.26,-9.37,-3.4751,155496.77,4039239.83,275.22,270.11,270.46,261.1,265.65,1.02072,259.7636,-1,296.59,242.67,259.13,1,1,-0.03475132589103591,0,1.0345257487098196,0.9666666666666667,1.0,49.99999999999488,55.335919768049806,45.78848177084743,50.40320857589302,30152.24508819446,0.370158381684177,17.334956834385245,-9.01870112529378,275.43955463058546,5.773108823995648,5272.79,-2.0,3.950482162907317,-7898.333239953628,0.0,-0.00849999999999369,-1.419518377693251,959039.4850701238,1121954.2579591507
002594.SZ,20221111,260.26,270.5,272.97,265.16,268.8,8.54,3.2813,166099.59,4467701.122,265.65,276.1,278.63,270.65,274.37,1.02072,268.9773,-1,286.29,234.23,267.63,1,1,0.032813340505648325,1,1.08368597008759,0.9666666666666667,1.0,49.999999999994884,55.673363105725414,51.062627791093995,70.54963412849679,31141.64097328315,0.36393771199506575,14.795959223802598,-1.3688523839972873,275.1277132530265,5.623712946928917,5274.87,-2.0,3.4939557174035345,-4272.540897236355,0.0,-0.21649999999999495,0.6333043586241445,1260259.8856171616,1141712.2047674381
002594.SZ,20221114,268.8,269.23,272.54,262.76,263.79,-5.01,-1.8638,115236.97,3071390.41,274.37,274.81,278.19,268.2,269.26,1.02072,266.5282,-1,295.68,241.92,262.64,1,1,-0.01863839285714286,0,0.7468707252715362,0.9666666666666667,1.0,49.99999999999474,55.52530616994968,48.10582227091052,59.25509240416292,31141.64097328315,0.36079480320978163,16.708473303321025,-5.465227125669479,274.6173284209841,5.454251694383323,5282.87,-2.0,2.4182081333407024,-8348.963067550425,0.0,-0.37149999999999606,2.9994916115912744,927836.535578531,1111158.5377404515
002594.SZ,20221115,263.79,263.99,268.3,260.1,267.0,3.21,1.2169,112848.35,2985500.714,269.26,269.46,273.86,265.49,272.53,1.02072,264.5587,-1,290.17,237.41,265.84,1,1,0.0121687706129876,1,0.7300745713663699,0.9666666666666667,1.0,49.99999999999457,49.54452350023158,50.099595037673126,66.87099732226639,31141.64097328315,0.39000413052457605,17.025992453923514,-2.591531238210737,274.2639987554871,5.542412923114672,5282.31,-2.0,2.0543880095545126,-10833.267444357632,0.0,0.04550000000000267,-10.659340659340636,513127.2393311673,1025725.4951105538
002594.SZ,20221116,267.0,265.78,266.6,260.1,261.08,-5.92,-2.2172,103549.41,2719934.793,272.53,271.29,272.12,265.49,266.49,1.02072,262.6702,-1,293.7,240.3,259.94,1,1,-0.02217228464419485,0,0.6996283043834095,0.9666666666666667,1.0,49.99999999999446,50.12673519024737,46.547726704659894,53.30340729555784,31141.64097328315,0.3908112582781451,12.880261990650542,-7.485213138183759,273.68318216746314,5.722506932069378,5272.870000000001,-2.0,0.9858693704718671,-13046.741641505952,0.0,0.11900000000000403,-8.187464709203816,110446.28949787654,894971.3228801714
002594.SZ,20221117,261.08,259.91,259.91,253.58,257.0,-4.08,-1.5627,111260.57,2842104.513,266.49,265.3,265.3,258.83,262.33,1.02072,255.4458,-1,287.19,234.97,255.88,1,1,-0.015627393902252096,0,0.7595429052434187,0.9666666666666667,1.0,49.9999999999944,50.46119564882504,44.22085256025466,28.985177407933676,30654.97828303114,0.3905203077177595,10.139955651158726,-10.738468863141588,272.9740553176998,5.950925436084147,5266.450000000001,-2.0,-0.23572512588296535,-12773.604903994254,0.0,-0.00199999999999676,-5.403243400479923,-300116.90591097984,724244.433052864
002594.SZ,20221118,257.0,257.77,259.56,253.5,254.68,-2.32,-0.9027,101183.76,2595461.705,262.33,263.11,264.94,258.75,259.96,1.02072,256.5097,-1,282.7,231.3,253.57,1,1,-0.009027237354085615,0,0.6948203933194451,0.9666666666666667,1.0,49.99999999999433,46.9270345736759,42.90738611722277,0.0,30654.97828303114,0.3920445108785912,6.499229768791368,-12.578518043675718,272.212487019193,6.2565994041674236,5264.0,-4.0,-1.2640511600332731,-13197.486634920684,0.0,-0.295499999999997,-9.86722993361495,-648934.5688683335,528076.0042069788
002594.SZ,20221121,254.68,252.84,254.6,248.51,254.2,-0.48,-0.1885,82515.07,2082807.825,259.96,258.08,259.88,253.66,259.47,1.02072,252.4154,-1,280.15,229.21,253.09,1,1,-0.0018847180775876105,0,0.5673256515953721,0.9666666666666667,1.0,49.99999999999423,48.35306449505628,42.62528997134477,0.0,30654.97828303114,0.42851956067895025,-1.2270867052131842,-12.96923973596381,271.46599157179946,6.41402099924335,5252.37,-4.0,-1.879603685233778,-15102.573134791372,0.0,0.2390000000000015,-7.458756099450078,-901136.9902572515,323902.7192835174
002594.SZ,20221122,254.2,255.0,255.25,250.0,250.49,-3.71,-1.4595,80145.51,2013576.333,259.47,260.28,260.54,255.18,255.68,1.02072,251.2401,-1,279.62,228.78,249.4,1,1,-0.014594807238394902,0,0.5675994899009577,0.9666666666666667,1.0,49.9999999999941,48.93751121402859,40.4136688525669,0.0,30654.97828303114,0.42325623094853837,-7.204456830345897,-16.022890373027256,270.6271805509616,6.711548434656408,5257.59,-6.0,-2.6121476025117114,-15721.415688970523,0.0,-0.23199999999999932,-1.9378603459320658,-1128670.7819809965,116392.2191028726
002594.SZ,20221123,250.49,250.49,251.5,247.2,251.5,1.01,0.4032,88468.81,2209509.306,255.68,255.68,256.71,252.32,256.71,1.02072,249.7501,-1,275.54,225.44,250.4,1,1,0.00403209708970409,1,0.6339761648126874,0.9666666666666667,1.0,49.99999999999395,45.10647564445503,41.306492314721424,4.863193491361366,30778.582131751093,0.4196071460314637,-12.150974734809477,-14.86792436206812,269.8517821788641,6.968919136891901,5240.75,-4.0,-2.771225936020766,-14101.005731468173,0.0,-0.075,-9.264813163653997,-1374070.07960696,-96530.96642710349
002594.SZ,20221124,251.5,253.35,255.0,248.28,249.39,-2.11,-0.839,85314.06,2137710.348,256.71,258.6,260.28,253.42,254.56,1.02072,250.5695,-1,276.65,226.35,248.3,1,1,-0.008389662027833089,0,0.6197959118126514,0.9666666666666667,1.0,49.99999999999387,48.33248959826838,39.959441067491085,0.0,30778.582131751093,0.42246085011185663,-9.947714685696845,-16.691617244846697,269.0400498066691,7.226085164645924,5235.03,-4.0,-2.9544340401436866,-12594.885876709217,0.0,-0.07349999999999994,-3.7312828814244767,-1099585.907473078,-239824.52943367127
002594.SZ,20221125,249.39,249.0,249.0,245.0,245.05,-4.34,-1.7402,87821.64,2160628.974,254.56,254.16,254.16,250.08,250.13,1.02072,246.0247,-1,274.33,224.45,243.98,1,1,-0.01740246200729767,0,0.6409120251555097,0.9666666666666667,1.0,49.99999999999377,51.368932766614684,37.26737009455904,0.0,30242.959025564804,0.45464448405624863,-26.223493783985,-20.384290814064844,268.1305332215435,7.235455304081655,5229.42,-4.0,-3.42105517328943,-10487.934498388298,0.0,0.3845000000000013,7.774555998550234,-1226393.4120492274,-380762.9412358936
002594.SZ,20221128,245.05,240.0,245.13,237.22,245.11,0.06,0.0245,99109.28,2387430.973,250.13,244.97,250.21,242.14,250.19,1.02072,240.8887,-1,269.56,220.55,244.04,1,1,0.0002448479902061873,1,0.7727281025472141,0.9333333333333333,1.0,49.99999999999369,46.03480133896301,37.33022966484293,0.44364485838116663,30250.3639533001,0.48589009123700405,-31.166159141960346,-20.30668756595119,267.2569224851517,7.431820398535719,5229.53,-4.0,-3.471460333206026,-6970.293474992628,0.0,0.1815000000000026,2.410883416566243,-1347653.4255777937,-518890.1532847365
002594.SZ,20221129,245.11,246.28,249.68,243.0,248.3,3.19,1.3015,123580.78,3051509.362,250.19,251.38,254.85,248.03,253.44,1.02072,246.9243,-1,269.62,220.6,247.22,1,1,0.013014564889233471,1,0.9980899434729941,0.9333333333333333,1.0,49.99999999999347,43.805223635566755,40.7306469563485,25.104836299356364,30644.059277893255,0.5565006075334145,-39.40167941573195,-16.117557917312674,266.49970679351986,7.795838232302592,5225.86,-4.0,-2.8509363269702934,-1054.2470673634489,0.0,-0.45299999999999585,-2.366329479768737,-923599.3724760357,-576705.7560263507
002594.SZ,20221130,248.3,248.36,260.0,246.48,259.52,11.22,4.5187,212873.38,5434244.563,253.44,253.51,265.39,251.59,264.9,1.02072,255.2806,-1,273.13,223.47,258.39,1,1,0.04518727345952467,1,1.7883682993745689,0.9333333333333333,1.0,49.999999999993236,44.21177893543701,50.83516407866233,98.35114560789395,32028.7807643933,0.5217589428115746,-32.746325553691236,-2.8574149672772187,266.1768369074756,7.952949871339735,5213.9800000000005,-4.0,-0.8110062697364535,14330.809620279648,0.0,-0.22299999999999756,-3.3369803063457084,-349791.78758176416,-544289.4748199811
002594.SZ,20221201,259.52,268.0,270.95,264.92,266.66,7.14,2.7512,257985.85,6927128.718,264.9,273.55,276.56,270.41,272.19,1.02072,268.5081,-1,285.47,233.57,265.5,1,1,0.02751233045622703,1,2.1443445636711846,0.9333333333333333,1.0,49.99999999999317,47.666703503955084,55.97845082436389,100.0,32909.967164893336,0.4846560846560848,-32.32738436988644,4.451547310804319,266.2008688753888,8.012540626430164,5209.4,-4.0,1.4927398079597198,29172.740230584284,0.0,-0.4379999999999981,7.386827913057722,609464.6483340687,-379467.4572265455
002594.SZ,20221202,266.66,264.92,267.57,260.48,262.08,-4.58,-1.7175,116075.38,3062453.852,272.19,270.41,273.11,265.88,267.51,1.02072,263.8332,-1,293.33,239.99,260.94,1,1,-0.017175429385734797,0,0.9062018746509289,0.9333333333333333,1.0,49.99999999999317,40.29089757710372,52.20571706419186,79.83690084687386,32909.967164893336,0.5224499194105459,-39.244150303830224,-0.3306280520154818,266.0052858217269,8.124979640178122,5208.990000000001,-6.0,2.3417861843047474,18958.98661174779,0.0,-1.1409999999999982,-5.763239875389353,341357.1394260278,-276492.5148476065
002594.SZ,20221205,262.08,265.95,267.59,261.9,263.36,1.28,0.4884,105233.09,2776465.999,267.51,271.46,273.13,267.33,268.82,1.02072,263.8396,-1,288.29,235.87,262.21,1,1,0.004884004884005089,1,0.8579991923238405,0.9333333333333333,1.0,49.99999999999322,39.347637706726026,53.155926013056074,84.91522295229147,32909.967164893336,0.5226906242801198,-40.65027271734797,1.0027540433939737,265.8780567011429,8.192600724262505,5188.86,-4.0,2.97715217156302,10261.956100849082,0.0,-1.4644999999999968,-9.13474417358691,575740.7584297811,-154744.90437940828
002594.SZ,20221206,263.36,260.55,271.63,260.01,267.6,4.24,1.61,123006.79,3283672.654,268.82,265.95,277.26,265.4,273.14,1.02072,266.9505,-1,289.7,237.02,266.43,1,1,0.016099635479951413,1,1.0155866105715115,0.9333333333333333,1.0,49.99999999999336,44.30834158705135,56.25820157148858,100.0,33439.80563990529,0.47025623659555205,-31.97464921282918,5.387089468702736,265.96447126899847,8.188746623207487,5166.27,-2.0,3.8162955334597317,6600.513146264197,0.0,-0.959999999999998,-5.854841503551029,813578.5704168025,-16412.97940852103
002594.SZ,20221207,267.6,267.65,278.28,267.65,273.74,6.14,2.2945,192665.93,5284876.703,273.14,273.2,284.05,273.2,279.41,1.02072,274.3026,-1,294.36,240.84,272.55,1,1,0.022944693572496178,1,1.5793898380024305,0.9666666666666667,1.0,49.999999999993584,50.843501441028735,60.35292064073029,100.0,34207.071733436744,0.4668561682774298,-27.5777152810865,11.370358895861335,266.37683480489216,8.145186113362078,5154.99,0.0,4.972982337335971,12894.589035657707,0.0,-0.22949999999999732,4.854533152909319,1327184.979697522,175529.58617805652
002594.SZ,20221208,273.74,273.75,275.0,270.87,274.29,0.55,0.2009,94580.65,2587392.486,279.41,279.42,280.7,276.48,279.97,1.02072,273.5647,-1,301.11,246.37,273.09,1,1,0.0020092058157377135,1,0.7504998103548892,0.9666666666666667,1.0,49.99999999999383,56.03980020079342,60.70774500362801,100.0,34207.071733436744,0.5188929609503342,-32.32959274908509,11.89571754733487,266.79847732754797,7.98823748899903,5156.2300000000005,2.0,5.543247871053479,3659.1420249995367,0.0,0.01600000000000392,15.2123408605148,1578889.3293871456,376009.54949364066
002594.SZ,20221209,274.29,275.48,277.7,271.45,274.7,0.41,0.1495,100992.32,2768392.889,279.97,281.19,283.45,277.07,280.39,1.02072,274.1191,-1,301.72,246.86,273.5,1,1,0.001494768310911665,1,0.821224370570761,0.9666666666666667,1.0,49.99999999999399,54.84575432170176,60.98803391713745,100.0,34258.203380272964,0.5783098591549292,-31.757605366036046,12.303619822059984,267.22103427908246,7.936264513014499,5167.42,2.0,5.685558522856068,-1496.6091641066873,0.0,0.06200000000000187,9.61862308073298,1815169.1464776373,581603.7776342116
002594.SZ,20221212,274.7,271.96,273.47,268.0,269.88,-4.82,-1.7546,80128.21,2168695.196,280.39,277.6,279.14,273.55,275.47,1.02072,270.6531,-1,302.17,247.23,268.7,1,1,-0.01754641427011283,0,0.6692834706426654,0.9666666666666667,1.0,49.999999999993975,55.650872822456456,55.93629893846027,78.70323100372633,34258.203380272964,0.5798616014687187,-35.04237122209991,6.218106199994785,267.35552489971417,7.837300871528456,5169.58,2.0,4.871683884536786,-7302.955094089614,0.0,0.23000000000000256,7.666861257053931,1469903.2945030895,708503.7086154799
002594.SZ,20221213,269.88,272.0,275.0,269.5,269.8,-0.08,-0.0296,61384.33,1667300.818,275.47,277.64,280.7,275.08,275.39,1.02072,271.6167,-1,296.87,242.89,268.62,1,1,-0.00029642804209273343,0,0.520351964366424,0.9333333333333333,1.0,49.99999999999376,59.64765157954952,55.85360479265786,78.35461451296989,34258.203380272964,0.6066784869976355,-36.054151927013464,6.1176422106883575,267.47904963023086,7.77642186000297,5184.48,0.0,4.095043384139553,-12925.441792750382,0.0,-0.03049999999999642,13.640451683821347,1467302.205940906,816903.4939476836
002594.SZ,20221214,269.8,269.41,269.44,263.6,266.4,-3.4,-1.2602,94364.62,2507895.817,275.39,274.99,275.02,269.06,271.92,1.02072,265.7665,-1,296.78,242.82,265.24,1,1,-0.012601927353595332,0,0.8177620309579876,0.9333333333333333,1.0,49.999999999993484,59.851150813819324,52.31386407995991,63.432010579227274,33826.48399001007,0.6301411909146709,-34.125043384147006,1.809733506043322,267.42673641342435,7.655132991680525,5187.28,0.0,2.9493705784513575,-11506.657962691923,0.0,0.054000000000000624,9.0630094945814,1134617.5457241014,862291.2156300291
002594.SZ,20221215,266.4,266.33,272.28,263.51,271.46,5.06,1.8994,97123.45,2610706.544,271.92,271.85,277.92,268.97,277.08,1.02072,268.8029,-1,293.04,239.76,270.28,1,1,0.01899399399399404,1,0.8450330295294317,0.9333333333333333,1.0,49.99999999999322,64.47345921284665,56.71085468568605,81.92064155304453,34468.98402375426,0.6208043543997573,-27.02966069572702,7.680824489973165,267.63354838884715,7.432554332028214,5189.709999999999,2.0,2.705526194409645,-9580.017117775076,0.0,0.4560000000000016,18.900617406891065,1192361.089178639,909444.054708402
002594.SZ,20221216,271.46,270.07,271.37,267.55,270.51,-0.95,-0.35,56196.64,1512400.641,277.08,275.67,276.99,273.09,276.11,1.02072,269.1265,-1,298.61,244.31,269.33,1,1,-0.003499594783761828,0,0.49197057116965603,0.9333333333333333,1.0,49.999999999992866,68.23993815527939,55.67293137403509,73.76215129132648,34468.98402375426,0.6339354639493585,-28.68156456230517,6.423242406087745,267.7793204398391,7.156228614541651,5201.61,2.0,2.2664583587241074,-12990.055208993284,0.0,0.6325000000000003,22.447411391797203,1266966.8904213184,960518.745524533
002594.SZ,20221219,270.51,268.99,275.0,265.61,266.5,-4.01,-1.4824,84038.91,2264390.155,276.11,274.56,280.7,271.11,272.02,1.02072,269.4454,-1,297.56,243.46,265.34,1,1,-0.014823851243946584,0,0.7504928890702516,0.9333333333333333,1.0,49.99999999999247,68.03341042148517,51.39689484874504,5.53272896254404,33958.020932056155,0.60117130307467,-20.746075328167134,1.173225207650846,267.71768568985215,6.881283987729391,5221.929999999999,2.0,1.3323150875057865,-10759.289416747371,0.0,0.44000000000000056,31.13381995133829,1037137.3599582282,971464.2618722038
002594.SZ,20221220,266.5,265.9,265.9,258.68,261.6,-4.9,-1.8386,84908.21,2218820.935,272.02,271.41,271.41,264.04,267.02,1.02072,261.32,-1,293.15,239.85,260.46,1,1,-0.01838649155722316,0,0.7577404211182754,0.9333333333333333,1.0,49.999999999992184,67.79576092724832,46.67893099164957,0.0,33333.6520668889,0.5908763850913796,-16.15598956123971,-4.86347522565899,267.4405355202358,6.547352970405374,5233.179999999999,2.0,0.02020540119693459,-8528.098726159078,0.0,0.4505000000000024,19.3910837259877,694922.5677955656,931958.3055755413
002594.SZ,20221221,261.6,261.58,262.85,259.6,260.8,-0.8,-0.3058,41966.3,1095313.222,267.02,267.0,268.3,264.98,266.2,1.02072,260.9983,-1,287.76,235.44,259.66,1,1,-0.003058103975535187,0,0.3737227015277536,0.9333333333333333,1.0,49.999999999991985,69.10337938471743,45.93751186299707,0.0,33333.6520668889,0.5926674364896067,-16.889072266474525,-5.829127848521226,267.1427521766675,6.237180092549851,5248.83,0.0,-0.936764562641268,-11986.025300786132,0.0,0.3610000000000042,20.15320080248047,462489.3575603452,864891.3130019419
002594.SZ,20221222,260.8,263.0,263.5,258.51,259.19,-1.61,-0.6173,59209.95,1543323.319,266.2,268.45,268.96,263.87,264.56,1.02072,260.6527,-1,286.88,234.72,258.06,1,1,-0.006173312883435589,0,0.5384313987849372,0.9333333333333333,1.0,49.99999999999186,66.08956708054419,44.40877665732212,0.0,33127.873003132416,0.5969758650770567,-18.16061520918764,-7.81139939724852,266.79363165566394,5.869504351772369,5257.33,0.0,-1.7222234212706633,-11119.387890038779,0.0,0.3685000000000045,16.326340326340365,195801.36903933575,769307.0352929982
002594.SZ,20221223,259.19,256.1,256.4,250.5,252.18,-7.01,-2.7046,90818.68,2294101.018,264.56,261.41,261.71,255.69,257.41,1.02072,252.6023,-1,285.11,233.27,251.08,1,1,-0.027045796519927445,0,0.8357884208132176,0.9333333333333333,1.0,49.99999999999187,65.93482255755217,38.41449969662405,0.0,32231.9032907517,0.5746675997200832,-13.856056451855542,-15.9227570928777,266.20854886591707,5.472029453609911,5267.129999999999,0.0,-3.044312864282626,-5728.793092577391,0.0,0.3700000000000031,14.186344499359372,-160270.87245895353,636510.1913284338
002594.SZ,20221226,252.18,252.2,263.5,252.19,262.42,10.24,4.0606,93547.53,2430254.725,257.41,257.43,268.96,257.42,267.86,1.02072,259.7882,-1,277.4,226.96,261.28,1,1,0.04060591640891431,1,0.8597159485080421,0.9333333333333333,1.0,49.99999999999184,70.13151429209535,49.201188903897155,47.784671650887724,33540.70926147617,0.4321940463065044,-7.122488848187188,-2.1082470996259493,266.0319452042822,4.8063265986579475,5282.09,0.0,-2.424797841543246,-1458.2892031562442,0.0,0.6255000000000038,27.979370049732992,-23439.63784921146,542231.644303056
002594.SZ,20221227,262.42,263.46,263.98,259.8,262.12,-0.3,-0.1143,55536.54,1453871.979,267.86,268.92,269.45,265.18,267.55,1.02072,261.7866,-1,288.66,236.18,260.98,1,1,-0.001143205548357673,0,0.5116969282911676,0.9333333333333333,1.0,49.999999999991786,69.27726432182999,48.9307943503287,46.586832841390475,33540.70926147617,0.40386080772161487,-10.227739881234838,-2.466687908244608,265.8502571221416,4.20342561695686,5303.070000000001,-2.0,-1.9605485045016908,-3310.2225558196587,0.0,0.45750000000000457,29.173082148356208,155070.11269917327,486922.8540739299
002594.SZ,20221228,262.12,257.5,259.2,253.0,254.62,-7.5,-2.8613,102563.78,2612261.022,267.55,262.84,264.57,258.24,259.9,1.02072,254.6963,-1,288.33,235.91,253.51,1,1,-0.028612849076758762,0,0.9755729753340754,0.9333333333333333,1.0,49.9999999999918,62.704967541921135,42.624094020322985,18.648361761064088,32581.014009450108,0.37030125299919936,-19.72921473579762,-11.0388096785532,265.3745156739504,4.197248340582912,5318.71,-4.0,-2.532459280997105,1958.927460391711,0.0,-0.24449999999999364,14.1173168678081,-51459.01079336996,410011.1590928871
002594.SZ,20221229,254.62,253.99,258.86,252.13,254.76,0.14,0.055,72255.77,1841122.254,259.9,259.25,264.22,257.35,260.04,1.02072,254.8063,-1,280.08,229.16,253.65,1,1,0.0005498389757285782,1,0.7253404104574874,0.9,1.0,49.999999999991736,54.930921484739635,42.772372160161396,23.818254871763187,32581.014009450108,0.4084092913848862,-16.848653047934572,-10.84738233707654,264.92389097987575,4.368510566256167,5311.320000000001,-4.0,-2.7429287448594115,1540.0422597537035,0.0,-0.1389999999999958,-4.724585759068489,-249981.36370745482,315726.51297855255
002594.SZ,20221230,254.76,258.5,260.37,256.51,256.97,2.21,0.8675,74889.73,1931977.379,260.04,263.86,265.76,261.82,262.29,1.02072,257.9763,-1,280.24,229.28,255.85,1,1,0.008674831213691503,1,0.8290695344199273,0.9,1.0,49.999999999991516,60.37264656105272,45.18077635528081,36.98155541200313,32863.64880675301,0.4231530845392225,-20.667467283041614,-7.76043556371752,264.5745274372294,4.399125598775231,5298.509999999999,-2.0,-2.4453638215131486,1779.0145012155626,0.0,-0.07349999999999283,5.153484203450631,-38131.488491057535,265175.3699114654
002594.SZ,20230103,256.97,256.41,261.92,250.0,260.48,3.51,1.3659,121374.3,3108609.041,262.29,261.72,267.35,255.18,265.88,1.02072,256.1176,-1,282.67,231.27,259.35,1,1,0.013659182005681503,1,1.3750256505363174,0.9,1.0,49.9999999999912,54.04103463778046,48.86179989880078,57.10044546262017,33312.539367175246,0.41661756040070674,-8.764584113284664,-2.9665137607338785,264.38533397449766,4.424662009646011,5286.61,-2.0,-1.6734722267893352,8010.623963241811,0.0,0.25950000000000556,-3.5294117647057988,-176654.35037368222,202056.83844215862
002594.SZ,20230104,260.48,260.0,260.48,256.5,259.1,-1.38,-0.5298,72674.59,1881537.612,265.88,265.39,265.88,261.81,264.47,1.02072,258.899,-1,286.53,234.43,257.97,1,1,-0.0052979115479114824,0,0.815856779847942,0.9,1.0,49.99999999999086,52.63935419710682,47.51101354972343,49.7176287765377,33312.539367175246,0.434943094432482,-19.171397408965515,-4.720711224791092,264.14553261162644,4.600195673130545,5287.08,-4.0,-1.2650682669897428,5504.496477268938,0.0,-0.13799999999999385,-0.8986674930275242,58504.32970848691,181549.33719449124
002594.SZ,20230105,259.1,262.52,267.59,261.06,265.08,5.98,2.308,118936.0,3143084.205,264.47,267.96,273.13,266.47,270.57,1.02072,264.2668,-1,285.01,233.19,263.92,1,1,0.023079891933616148,1,1.3740133521066793,0.9,1.0,49.999999999990635,50.34409503207409,53.508845754852054,87.46070523884548,34081.38917580398,0.4270736971939563,-23.244837674894193,3.2569418782255113,264.19148034724947,4.666369166278682,5278.580000000001,-4.0,-0.16362116738976007,9760.947897279737,0.0,-0.31449999999999534,-1.45409223099292,400018.72365669673,212759.2495462349
002594.SZ,20230106,265.08,267.91,271.2,265.1,266.2,1.12,0.4225,138855.23,3726792.589,270.57,273.46,276.82,270.59,271.72,1.02072,268.3941,-1,291.59,238.57,265.04,1,1,0.004225139580503967,1,1.675487481373272,0.9,1.0,49.99999999999052,51.59461042595936,54.55622048418205,100.0,34225.38780216923,0.4233532018951553,-18.360273368044385,4.688409453268973,264.29160831286947,4.71738604295247,5272.79,-4.0,0.694537502174208,14648.482596123536,0.0,-0.42699999999999816,6.100577081615846,816228.1736906029,298969.09585257317
002594.SZ,20230109,266.2,268.0,268.0,262.29,263.38,-2.82,-1.0594,114168.82,3020383.48,271.72,273.55,273.55,267.72,268.84,1.02072,264.5541,-1,292.82,239.58,262.23,1,1,-0.010593538692712179,0,1.3417694448062745,0.9,1.0,49.999999999990315,45.15750483529223,51.4154161138862,80.54232004361783,34225.38780216923,0.36851415094339635,-17.617738152921323,0.7378214696553692,264.2478781055018,4.764106205173543,5269.34,-6.0,0.8507554192320936,13948.71309214009,0.0,-0.6189999999999969,0.020504408447848732,472389.99379550084,323743.50984442
002594.SZ,20230110,263.38,262.05,269.58,257.31,266.59,3.21,1.2188,173512.54,4568518.535,268.84,267.48,275.17,262.64,272.11,1.02072,263.2962,-1,289.72,237.04,265.43,1,1,0.012187713569747016,1,2.023538772536271,0.9333333333333333,1.0,49.999999999990195,42.85409408364101,54.6181400761395,100.0,34642.51702551558,0.3774724445115509,-5.542242104857243,5.031930482939462,264.3650198121711,4.764839127354258,5251.95,-4.0,1.3265232520718255,20477.033866725273,0.0,-0.28799999999999953,-0.7427001729575835,46830.45062411064,284184.50138437585
002594.SZ,20230111,266.59,264.9,271.0,261.41,268.99,2.4,0.9003,128363.75,3429408.754,272.11,270.39,276.62,266.83,274.56,1.02072,267.1633,-1,293.25,239.93,267.82,1,1,0.009002588244120258,1,1.4196970643433569,0.9333333333333333,1.0,49.999999999990195,44.899582663581086,56.90549626320814,100.0,34642.51702551558,0.36469730123997074,0.4803633314505044,8.158797618266046,264.6032256674682,4.75247268307342,5238.36,-2.0,1.8712302152421807,17809.949182448207,0.0,0.026500000000001477,1.8243109260361194,333320.6596055352,291203.9525588272
002594.SZ,20230112,268.99,271.51,284.45,270.7,277.3,8.31,3.0893,223479.19,6213489.747,274.56,277.14,290.34,276.31,283.05,1.02072,278.0344,-1,295.89,242.09,276.09,1,1,0.030893341759916648,1,2.38338989638882,0.9333333333333333,1.0,49.999999999990465,53.48715158421232,63.72342225363815,100.0,35712.74014340857,0.46896270078954533,9.910712440372428,17.999265279174466,265.3166590211131,4.704203454932018,5237.55,0.0,3.1806523247893455,27381.253962259572,0.0,0.4665000000000049,19.54616732773728,872272.335168804,374213.7215031096
002594.SZ,20230113,277.3,277.41,279.93,275.0,278.58,1.28,0.4616,128411.01,3556565.563,283.05,283.16,285.73,280.7,284.35,1.02072,276.9673,-1,305.03,249.57,277.37,1,1,0.004615939415794967,1,1.2812785321015894,0.9333333333333333,1.0,49.99999999999078,54.31080621965493,64.65110581372964,100.0,35712.74014340857,0.49440298507462704,4.512518203386699,19.399501304683213,266.07077154421455,4.696804535741312,5249.040000000001,0.0,3.9962152990868356,19785.0444827579,0.0,0.26850000000000307,12.56244890544103,1255958.6922296155,500177.2887497533
002594.SZ,20230116,278.58,278.58,278.77,272.0,273.8,-4.78,-1.7158,164999.89,4536354.778,284.35,284.35,284.55,277.64,279.47,1.02072,274.9308,-1,306.44,250.72,272.61,1,1,-0.017158446406777106,0,1.6210569782897146,0.9333333333333333,1.0,49.99999999999099,48.76545349045911,58.62220284003888,72.6295013130406,35099.96500561874,0.46864372194259313,7.846515619264341,11.889060097563299,266.48258873811795,4.700090630406381,5256.35,0.0,3.6769055077966706,18585.77337871998,0.0,0.007500000000004547,6.2265016047684725,820862.1903352109,545989.4175476758
002594.SZ,20230117,273.8,273.81,274.5,268.93,269.99,-3.81,-1.3915,111665.71,3020383.061,279.47,279.48,280.19,274.5,275.58,1.02072,270.4844,-1,301.18,246.42,268.81,1,1,-0.01391526661796938,0,1.041409669427999,0.9333333333333333,1.0,49.999999999991076,48.11716308603738,54.27746426822069,52.90490765245745,35099.96500561874,0.46992224798799637,2.341831064673279,6.280026202326586,266.660097195649,4.703266464631009,5255.85,0.0,2.7784440564615993,9939.127129990651,0.0,-0.058999999999994654,-1.0119427477436034,397353.571819142,524755.7253007424
002594.SZ,20230118,269.99,269.85,272.5,266.49,269.0,-0.99,-0.3667,86108.17,2315435.133,275.58,275.44,278.15,272.01,274.57,1.02072,268.8984,-1,296.99,242.99,267.83,1,1,-0.0036668024741657312,0,0.7928427109900481,0.9333333333333333,1.0,49.999999999991005,48.03883087506479,53.17465327971818,47.54517004625747,35099.96500561874,0.49639769452449567,0.5640640625721858,4.842471751287219,266.7769168116804,4.644880530064486,5261.85,0.0,1.9176793864640933,600.5091702656682,0.0,0.11350000000000193,5.386780549354626,61948.73559989757,458640.44105776463
002594.SZ,20230119,269.0,267.88,270.85,266.52,270.5,1.5,0.5576,81238.63,2185520.061,274.57,273.43,276.46,272.04,276.1,1.02072,269.0247,-1,295.9,242.1,269.32,1,1,0.005576208178438735,1,0.7475933282115027,0.9333333333333333,1.0,49.9999999999909,47.14761943751026,54.67723693679607,48.77401074173619,35099.96500561874,0.49144079885877323,2.0086014072455494,6.85192992662557,266.96635425165624,4.551409103607804,5265.52,2.0,1.4391062216321124,-6043.126491158222,0.0,0.2835000000000008,6.838531929548402,-262921.6294464002,355560.1452714554
002594.SZ,20230120,270.5,271.0,271.88,267.02,270.07,-0.43,-0.159,104649.35,2819530.181,276.1,276.62,277.51,272.55,275.67,1.02072,269.4264,-1,297.55,243.45,268.89,1,1,-0.0015896487985213037,0,0.9459358765113676,0.9333333333333333,1.0,49.99999999999076,50.83620068921472,54.140891069931065,38.68052410738897,35044.16838841941,0.4998549042367964,1.6878963054731555,6.1753592839921305,267.1232736337613,4.425827874469822,5273.9,2.0,0.9755546875463859,-7025.995340646557,0.0,0.42750000000000055,8.929802106921386,-52872.29154633102,297212.65429748595
002594.SZ,20230130,270.07,285.0,288.0,281.0,281.99,11.92,4.4137,281854.41,8014418.508,275.67,290.91,293.97,286.82,287.83,1.02072,284.346,-1,297.08,243.06,280.76,1,1,0.044136705298626344,1,2.4964416962374347,0.9333333333333333,1.0,49.99999999999069,58.58067768880453,64.52840425392,99.28412544156888,36590.90252101452,0.5146959230665042,3.066608791213715,20.807248537471708,267.97851568474454,4.0283450847113205,5284.78,4.0,2.11979136782357,15236.323028465995,0.0,0.4730000000000018,30.269876002917634,612565.6280000214,342263.0791121339
002594.SZ,20230131,281.99,285.0,288.8,280.39,285.8,3.81,1.3511,187110.17,5339962.478,287.83,290.91,294.78,286.2,291.72,1.02072,285.3914,-1,310.19,253.79,284.55,1,1,0.013511117415511142,1,1.5280006580743581,0.9333333333333333,1.0,49.99999999999079,60.331684995268375,67.0940342313906,100.0,36590.90252101452,0.5756676557863505,-1.2686415263799344,24.755314859105958,269.0372418214142,3.9023545505409536,5312.99,4.0,3.1718218348485294,16156.182228569243,0.0,0.002000000000001023,26.020506867866168,1058403.3095739349,444568.82632096263
002594.SZ,20230201,285.8,287.98,304.33,286.14,304.33,18.53,6.4836,272986.97,8144001.077,291.72,293.95,310.64,292.07,310.64,1.02072,298.3293,-1,314.38,257.22,303.0,1,1,0.0648355493351993,1,2.1472654893054424,0.9666666666666667,1.0,49.99999999999159,63.8484229098429,76.13492505163593,100.0,38963.29378663522,0.6344738993343457,15.665487767625352,40.0548966282702,271.391014963523,3.765602356072034,5334.8099999999995,6.0,5.982472857495679,26667.583365291364,0.0,0.8864999999999981,31.284815813117724,1606438.3410801124,610550.1855722697
002594.SZ,20230202,304.33,305.87,306.13,299.96,302.62,-1.71,-0.5619,148029.93,4485489.933,310.64,312.21,312.47,306.18,308.89,1.02072,303.0124,-1,334.76,273.9,301.3,1,1,-0.005618900535602767,0,1.072642561703814,0.9666666666666667,1.0,49.99999999999248,68.11108237943063,74.11131659286082,91.8137190189696,38963.29378663522,0.7030310621242492,14.453952397933277,37.34217802361994,273.4334229741786,3.3946861129346986,5378.82,6.0,7.151079906166023,15669.125090185087,0.0,0.8679999999999979,46.85598377281951,1983287.057175111,806655.4529441042
002594.SZ,20230203,302.62,299.95,299.95,292.8,295.0,-7.62,-2.518,152948.28,4517779.88,308.89,306.16,306.16,298.87,301.11,1.02072,295.3796,-1,332.88,272.36,293.71,1,1,-0.025180093847068985,0,1.0903210283382008,0.9666666666666667,1.0,49.99999999999319,65.827289032869,65.72764636748758,54.67266769517386,37982.19439249683,0.6428080622995881,13.701908993771982,25.903411342167665,274.72642564966645,3.0592983187129357,5429.3099999999995,4.0,6.458601747157244,8306.2358566388,0.0,0.5819999999999993,39.44306235454627,1463767.038491718,900528.5365937634
002594.SZ,20230206,295.0,291.69,291.69,287.61,289.98,-5.02,-1.7017,100446.6,2906251.55,301.11,297.73,297.73,293.57,295.99,1.02072,289.333,-1,324.5,265.5,288.72,1,1,-0.01701694915254226,0,0.6960337314699042,0.9666666666666667,1.0,49.99999999999372,62.645219495117836,60.844451371658096,33.404648551767984,37982.19439249683,0.6227671141684241,13.26659389641963,19.028735397211907,275.5910035854796,2.89621983736707,5469.55,2.0,4.953063676577697,-3739.7302476905897,0.0,0.572999999999999,28.414662619659197,962529.4687780524,909385.8126200904
002594.SZ,20230207,289.98,291.99,292.48,287.6,289.0,-0.98,-0.338,76834.74,2223584.358,295.99,298.04,298.54,293.56,294.99,1.02072,289.3983,-1,318.98,260.98,287.74,1,1,-0.0033795434167874783,0,0.5277449187216844,0.9666666666666667,1.0,49.99999999999408,63.348799943394155,59.908716014962046,29.32919436729039,37982.19439249683,0.5665525114155257,3.063765356888033,17.707989022344446,276.34259692012773,2.883915686390778,5512.030000000001,0.0,3.5211958880831826,-14393.603517417298,0.0,0.21999999999999886,35.684613504927995,577225.3247696483,861934.3143557416
002594.SZ,20230208,289.0,289.0,289.0,282.8,285.66,-3.34,-1.1557,92901.44,2653105.085,294.99,294.99,294.99,288.66,291.58,1.02072,285.5828,-1,317.9,260.1,284.42,1,1,-0.011557093425605403,0,0.6480122977295668,0.9666666666666667,1.0,49.999999999994266,60.4153516927034,56.70776055250227,15.387915734975602,37543.23062339324,0.5451094238499337,5.793420586633093,13.201716967478273,276.8448569326609,2.9302291371229012,5540.55,0.0,1.90131918977813,-18519.254386604134,0.0,0.09799999999999898,26.852234244651925,171428.55069803586,763290.6338332122
002594.SZ,20230209,285.66,284.0,288.82,282.3,288.33,2.67,0.9347,90648.89,2602093.564,291.58,289.88,294.8,288.15,294.3,1.02072,287.0519,-1,314.23,257.09,287.07,1,1,0.00934677588741839,1,0.627870919088186,0.9666666666666667,1.0,49.999999999994344,60.14424784031351,58.611547254082076,23.6795715154106,37543.23062339324,0.566028985507247,5.26809110348811,15.910622101834832,277.4787855411675,3.0586077344871696,5563.75,0.0,1.0112735904437233,-20632.84284091614,0.0,0.18649999999999806,21.754324654901367,302969.1107213227,697530.4162457995
002594.SZ,20230210,288.33,285.88,285.9,280.0,281.86,-6.47,-2.244,129708.11,3659502.384,294.3,291.8,291.82,285.8,287.7,1.02072,282.1337,-1,317.16,259.5,280.63,1,1,-0.022439565775326797,0,0.9072991577558601,0.9666666666666667,1.0,49.99999999999429,55.551499755164095,52.577784601202715,0.0,36700.776830401344,0.5329694323144113,4.565240545743888,7.363703644742607,277.7027776415304,3.4061863035437026,5587.0,-2.0,-0.5435621458453852,-16054.644032821976,0.0,0.0710000000000008,15.828480677607253,-59236.421427166555,589420.8680068044
002594.SZ,20230213,281.86,279.01,283.29,277.06,282.32,0.46,0.1632,93461.44,2628940.179,287.7,284.79,289.16,282.8,288.17,1.02072,281.2861,-1,310.05,253.67,281.09,1,1,0.0016320158944156393,1,0.6558544281035397,0.9666666666666667,1.0,49.99999999999423,55.82646283558206,52.948649189389506,1.5743192131792494,36700.776830401344,0.5470640968175715,4.8925051913361175,7.872105836098249,277.93995359339783,3.7113909143770734,5596.0599999999995,0.0,-1.5478166937173246,-17097.259518497962,0.0,0.46750000000000114,16.09480014149281,-363352.342026675,453310.4094305931
002594.SZ,20230214,282.32,284.0,284.5,279.1,281.97,-0.35,-0.124,73643.68,2068766.543,288.17,289.88,290.39,284.88,287.81,1.02072,280.9157,-1,310.55,254.09,280.74,1,1,-0.0012397279682628826,0,0.5205679044175946,0.9666666666666667,1.0,49.999999999994195,60.325621401504335,52.61151003663355,0.14316438576996804,36700.776830401344,0.5177124334336659,-5.222557941151432,7.4000240807119315,278.14606172726235,4.038889932354159,5623.25,-2.0,-2.2541897644166973,-19472.359460237218,0.0,0.13900000000000431,22.89812965316878,-203291.52751848544,359510.13272358186
002594.SZ,20230215,281.97,283.0,283.9,278.56,279.0,-2.97,-1.0533,90832.16,2549250.814,287.81,288.86,289.78,284.33,284.78,1.02072,280.6551,-1,310.17,253.77,277.78,1,1,-0.010533035429301063,0,0.6655613174614767,0.9666666666666667,1.0,49.9999999999941,56.53538721644504,49.71852850624348,0.0,36314.206247763854,0.4558941920644056,-10.96504549768947,3.3596292921120923,278.1880916050283,4.442411605460803,5645.740000000001,-4.0,-3.0660940565111012,-17790.443167895904,0.0,-0.2654999999999973,19.242310577644453,-422149.8719939067,247844.4177639407
002594.SZ,20230216,279.0,280.0,281.79,274.85,277.02,-1.98,-0.7097,103348.15,2883947.589,284.78,285.8,287.63,280.54,282.76,1.02072,279.0517,-1,306.9,251.1,275.81,1,1,-0.007096774193548483,0,0.7678286246560901,0.9666666666666667,1.0,49.9999999999939,50.62821373867085,47.830271250469366,0.0,36056.492526005524,0.49168940709501446,-19.667777649195514,0.7011159600575948,278.1320782106617,4.874575402594933,5658.54,-6.0,-3.7682346861757416,-14209.663302184324,0.0,-0.7039999999999992,3.467492260062002,-693602.3154604387,113352.0273033151
002594.SZ,20230217,277.02,276.49,278.1,271.28,271.66,-5.36,-1.9349,100996.5,2764372.531,282.76,282.22,283.86,276.9,277.29,1.02072,273.7097,-1,304.72,249.32,270.48,1,1,-0.01934878348133695,0,0.7854064160043877,1.0,1.0,49.99999999999373,46.256972840159236,43.062391205597756,0.0,36056.492526005524,0.46800472255017794,-15.032202154622512,-6.175579392509524,277.84291678768943,5.433558517145324,5661.639999999999,-8.0,-4.7875890449876,-11491.672338882678,0.0,-1.0039999999999965,4.361403143541224,-982280.6948685921,-43166.93300695735
002594.SZ,20230220,271.66,271.59,273.3,267.0,272.8,1.14,0.4196,130701.48,3524868.435,277.29,277.22,278.96,272.53,278.45,1.02072,269.6885,-1,298.83,244.49,271.61,1,1,0.0041964219980858974,1,1.0273604851023372,1.0,1.0,49.99999999999357,46.900835400504036,44.33338100820614,3.8430372723335737,36207.80078441547,0.4890204786577852,-14.344530362121839,-4.576768220256996,277.61376849365246,5.894345824721558,5649.87,-6.0,-5.111789070392742,-5339.1920034552095,0.0,-0.7044999999999959,2.442014917748075,-1375957.913196784,-233565.64446264686
002594.SZ,20230221,272.8,272.0,276.56,270.28,274.75,1.95,0.7148,113690.06,3115649.014,278.45,277.64,282.29,275.88,280.44,1.02072,274.0476,-1,300.08,245.52,273.55,1,1,0.007148093841642167,1,0.905855457663309,1.0,1.0,49.99999999999339,51.20496154232121,46.53200607653268,11.174669743508215,36207.80078441547,0.5005050505050515,-12.011409075712951,-1.8162180109589539,277.479875340582,6.2443218919358765,5645.65,-4.0,-4.868249309264476,-3307.05737372976,0.0,-0.3759999999999962,10.260115606936417,-1041492.6352570086,-348983.78600469854
002594.SZ,20230222,274.75,271.9,272.62,268.9,270.42,-4.33,-1.576,85087.96,2301668.445,280.44,277.53,278.27,274.47,276.02,1.02072,270.5046,-1,302.23,247.28,269.24,1,1,-0.01575978161965419,0,0.6774143833656094,1.0,1.0,49.999999999993236,51.216634708452226,42.51640269635893,0.0,36207.80078441547,0.4798885388902364,-14.796222372412116,-7.522165434721119,277.1689791578211,6.678925156838538,5647.9,-4.0,-5.072082138221702,-5435.846249823149,0.0,-0.4074999999999932,8.578979467371418,-1208293.8094803642,-471742.3607869365
002594.SZ,20230223,270.42,269.9,271.67,268.5,270.44,0.02,0.0074,100358.21,2705234.15,276.02,275.49,277.3,274.06,276.04,1.02072,269.5578,-1,297.46,243.38,269.26,1,1,7.395902669915522e-05,1,0.7993106817978495,0.9666666666666667,1.0,49.999999999992994,50.84340409965608,42.54106782406616,0.1345758522590113,36210.4786781204,0.4827288428324711,-15.892058674479747,-7.491792846005933,276.87255734931324,7.09844166836632,5649.879999999999,-4.0,-4.978860209502067,-4448.97557879452,0.0,-0.5114999999999924,9.357084357084354,-1455053.2141677828,-612215.3398413431
002594.SZ,20230224,270.44,269.02,269.88,267.0,267.58,-2.86,-1.0575,66867.61,1790064.872,276.04,274.59,275.47,272.53,273.12,1.02072,267.7028,-1,297.48,243.4,266.41,1,1,-0.010575358674752344,0,0.5285478756819025,0.9666666666666667,1.0,49.99999999999281,47.60023480347044,39.90425468205135,0.0,36210.4786781204,0.46867888369864774,-18.4322828471722,-11.264837858785462,276.4799018335524,7.563889613004665,5648.4400000000005,-4.0,-5.060578875175379,-7774.470205535252,0.0,-0.5369999999999919,6.4201544087769165,-1585005.3501963923,-751185.3413206359
002594.SZ,20230227,267.58,265.0,265.89,258.0,259.81,-7.77,-2.9038,169703.81,4428436.083,273.12,270.49,271.4,263.35,265.19,1.02072,260.9509,-1,294.34,240.82,258.68,1,1,-0.029038044696912957,0,1.3617392340029293,0.9666666666666667,1.0,49.99999999999274,38.242459972999136,33.77860272908204,0.0,35158.99717976853,0.6066296949836167,-14.657880512934696,-20.533693735049077,275.84909444092773,8.240910064416637,5645.95,-6.0,-5.862818464546341,3789.2914406220098,0.0,-0.6459999999999922,-20.586946999561988,-1952370.6694899607,-922783.2453448251
002594.SZ,20230228,259.81,261.0,262.0,257.57,260.8,0.99,0.381,120330.03,3122819.224,265.19,266.41,267.43,262.91,266.2,1.02072,259.5212,-1,285.79,233.83,259.66,1,1,0.0038104768869557937,1,1.0110466502630906,0.9666666666666667,1.0,49.99999999999268,31.34682757446238,35.144687128555056,5.50109713367958,35158.99717976853,0.6346053319393643,-20.15171137772365,-18.86841315435721,275.2676863873171,8.839806489617681,5623.13,-6.0,-5.943163865875912,4643.151743747272,0.0,-0.6959999999999923,-24.880838894184947,-2229959.651417544,-1109522.7319266421
002594.SZ,20230301,260.8,260.75,266.54,257.76,265.5,4.7,1.8021,143657.61,3781045.101,266.2,266.15,272.06,263.1,271.0,1.02072,263.1984,-1,286.88,234.72,264.34,1,1,0.01802147239263796,1,1.2418931699515547,0.9666666666666667,1.0,49.99999999999255,26.41992973268465,41.332331791220646,39.403811971864435,35792.61407679656,0.774605200191421,-32.159404918603826,-11.191450867184175,274.8546130271066,9.25554818777433,5595.09,-6.0,-5.079755398697564,8008.1718233980755,0.0,-1.2759999999999905,-41.33301366578752,-1836146.971091481,-1213326.1946644764
002594.SZ,20230302,265.5,266.12,268.13,262.0,263.71,-1.79,-0.6742,114904.96,3043464.76,271.0,271.63,273.69,267.43,269.17,1.02072,264.868,-1,292.05,238.95,262.56,1,1,-0.006741996233521785,0,1.0521484674532677,0.9666666666666667,1.0,49.99999999999238,24.629449195907668,39.775866941250044,31.284557523559677,35792.61407679656,0.6751632945674705,-29.127490619122856,-13.4327917947832,274.39520443839984,9.553772813578222,5557.09,-6.0,-4.486857075124322,6105.20882587315,0.0,-1.2339999999999918,-59.66955579631625,-1344456.5835712617,-1232059.107365446
002594.SZ,20230303,263.71,264.99,265.23,262.08,263.79,0.08,0.0303,63981.61,1686348.718,269.17,270.48,270.73,267.51,269.26,1.02072,263.5677,-1,290.08,237.34,262.64,1,1,0.00030336354328630577,1,0.594881234364422,0.9333333333333333,1.0,49.99999999999221,25.86747671891574,39.88482395030288,32.42314700275939,35792.61407679656,0.6320840123121514,-34.19865099696356,-13.298270890175495,273.9573522658415,9.740799517756741,5516.55,-4.0,-3.8456854611998685,-1843.5470060816751,0.0,-1.0464999999999918,-57.20034492670298,-1412169.2201772085,-1257789.123481412
002594.SZ,20230306,263.79,264.0,264.63,258.0,264.27,0.48,0.182,112124.47,2932174.905,269.26,269.47,270.11,263.35,269.75,1.02072,261.5107,-1,290.17,237.41,263.12,1,1,0.0018196292505401335,1,1.0874758296140152,0.9333333333333333,1.0,49.999999999992006,25.85352155576342,40.57945972469231,42.66554995729322,35857.74336432399,0.6886959952653412,-26.381490578814297,-12.455981435670761,273.5535095293653,9.870799165566861,5479.55,-2.0,-3.1480491334578726,-516.4517573007397,0.0,-0.9474999999999938,-54.46483180428123,-1570006.2670873008,-1302391.5725679675
002594.SZ,20230307,264.27,264.18,266.99,260.5,260.68,-3.59,-1.3585,105932.88,2789608.646,269.75,269.65,272.52,265.9,266.08,1.02072,263.3374,-1,290.7,237.84,259.54,1,1,-0.013584591516252242,0,1.0216390440712089,0.9333333333333333,1.0,49.9999999999917,30.478286037860897,37.12429226854334,23.809909366770224,35857.74336432399,0.5896810506566629,-21.0443874675933,-17.296496699162443,273.04651698752946,10.038031798517304,5454.0599999999995,-2.0,-2.9638938088036166,-378.81950968751244,0.0,-0.9729999999999933,-50.52898226791828,-1200597.7588419244,-1287849.5991785328
002594.SZ,20230308,260.68,258.5,259.79,255.0,256.99,-3.69,-1.4155,120897.6,3104294.281,266.08,263.86,265.17,260.28,262.31,1.02072,256.7705,-1,286.75,234.61,255.87,1,1,-0.014155286174620252,0,1.149828226614015,0.9333333333333333,1.0,49.99999999999142,30.237237125179234,33.92671363038017,1.1613441311549118,35350.16674542589,0.6303821062441773,-21.70219372154975,-21.96484981137034,272.44986331389697,10.236581055728056,5425.74,-2.0,-3.117240374764422,1707.2214273695372,0.0,-0.8814999999999941,-52.23708818874974,-1389818.6126257135,-1302416.6010995589
002594.SZ,20230309,256.99,256.5,259.83,254.01,256.07,-0.92,-0.358,96731.43,2481897.868,262.31,261.81,265.21,259.27,261.38,1.02072,256.5762,-1,282.69,231.29,254.95,1,1,-0.0035799058329119005,0,0.9079024271515748,0.9333333333333333,1.0,49.99999999999111,25.77352218109563,33.15984376705449,0.0,35350.16674542589,0.6144508670520245,-20.780769524155904,-23.104001061075728,271.8500795272278,10.37921745869722,5403.2699999999995,-4.0,-3.113433227966869,-93.24159769909784,0.0,-1.1194999999999937,-52.57142857142851,-1534375.0938703283,-1335553.5286382404
002594.SZ,20230310,256.07,252.0,253.0,242.3,243.14,-12.93,-5.0494,283464.08,6951755.744,261.38,257.22,258.24,247.32,248.18,1.02072,245.2429,-1,281.68,230.46,242.08,1,1,-0.05049400554535877,0,2.6529660062480547,0.9333333333333333,1.0,49.99999999999123,24.367592590572983,24.707109747624582,0.0,33565.195229753,0.7230980123372183,-10.137194023001236,-36.76120510170785,270.98551246497254,10.706641108598683,5371.009999999999,-4.0,-4.537128896302956,22683.045739829904,0.0,-1.3614999999999953,-57.86267292803648,-2136467.2340618996,-1449969.772270192
002594.SZ,20230313,243.14,241.72,242.95,237.0,240.49,-2.65,-1.0899,167343.41,4010230.472,248.18,246.73,247.98,241.91,245.47,1.02072,239.6408,-1,267.45,218.83,239.44,1,1,-0.010899070494365337,0,1.4610578502466562,0.9333333333333333,1.0,49.99999999999169,23.820889104622736,23.391076189793313,0.0,33565.195229753,0.7844756399669708,-9.644972136199492,-39.09485540191717,270.10106789531926,11.083195798640743,5337.09,-6.0,-5.458490991747176,20963.111482399065,0.0,-1.588499999999995,-61.3504074505238,-2523006.8167437334,-1603260.778623555
002594.SZ,20230314,240.49,240.0,242.5,233.03,239.98,-0.51,-0.2121,198568.16,4715842.057,245.47,244.97,247.52,237.86,244.95,1.02072,237.4924,-1,264.54,216.44,238.93,1,1,-0.002120670298141336,0,1.6795090344543602,0.9333333333333333,1.0,49.99999999999222,19.637754039431456,23.135667284985686,0.0,33494.01451717795,0.8379179706802836,-2.4091750681372637,-39.54678655517594,269.23396534928986,11.398159326626688,5295.09,-6.0,-5.731120205750409,22738.283681548328,0.0,-1.4879999999999967,-66.84504155755434,-2943085.5933051333,-1794664.3235780664
002594.SZ,20230315,239.98,241.5,242.48,237.41,238.62,-1.36,-0.5667,120714.59,2895736.124,244.95,246.5,247.5,242.33,243.56,1.02072,239.8829,-1,263.98,215.98,237.58,1,1,-0.005667138928243998,0,0.9697811971291617,0.9333333333333333,1.0,49.999999999992696,23.974409618188346,22.43225149608254,0.0,33494.01451717795,0.8250423011844348,-2.628602777486986,-40.78026033513111,268.3706553216259,11.664550888637432,5253.669999999999,-6.0,-5.678272190069077,12636.991177102325,0.0,-1.4319999999999964,-58.65080231415782,-2317514.5717952987,-1869357.216180528
002594.SZ,20230316,238.62,235.0,239.62,234.0,234.79,-3.83,-1.6051,118370.25,2793057.411,243.56,239.87,244.58,238.85,239.65,1.02072,235.9594,-1,262.48,214.76,233.77,1,1,-0.016050624423770032,0,0.9396684401557875,0.9333333333333333,1.0,49.999999999993136,24.002702844983872,20.538418694690684,0.0,33494.01451717795,0.7394585726004937,-4.389176579863373,-44.157864924619886,267.4776955642973,11.942021199053574,5211.5,-6.0,-5.726509061014196,5230.1301779246005,0.0,-1.2934999999999959,-58.514949074581075,-2321578.6158978827,-1933960.2732830073
002594.SZ,20230317,234.79,236.78,240.98,235.53,237.91,3.12,1.3288,135002.62,3213067.916,239.65,241.69,245.97,240.41,242.84,1.02072,238.0004,-1,258.27,211.31,236.87,1,1,0.013288470548149522,1,1.0653503568860352,0.9333333333333333,1.0,49.99999999999346,28.746757044444934,26.017858621953156,26.351172585100723,33939.09874262876,0.7414409810935111,-6.110493832911875,-37.43621760812687,266.59680657805256,12.076392776874798,5168.1900000000005,-4.0,-4.935457924505167,2310.5446129392967,0.0,-0.9954999999999969,-54.0773976444195,-1786201.5118860044,-1912851.8787977214
002594.SZ,20230320,237.91,237.91,239.36,234.6,235.57,-2.34,-0.9836,86323.33,2041533.811,242.84,242.84,244.32,239.46,240.45,1.02072,236.4985,-1,261.7,214.12,234.54,1,1,-0.009835652137362927,0,0.6721867824746657,0.9333333333333333,1.0,49.99999999999362,29.421021903301707,24.645215813898393,19.749996550158908,33939.09874262876,0.7265898848272413,-8.056293034830151,-39.657473179606015,265.70526566943954,12.273549575476228,5140.55,-6.0,-4.345465514298944,-5984.795464217732,0.0,-1.172999999999999,-52.37873676864018,-1787013.5682837507,-1894874.9772957256
002594.SZ,20230321,235.57,236.89,239.51,234.79,239.51,3.94,1.6725,108872.69,2585297.268,240.45,241.8,244.47,239.65,244.47,1.02072,237.4606,-1,259.13,212.01,238.47,1,1,0.016725389480833686,1,0.8626809146622766,0.9333333333333333,1.0,49.99999999999362,28.839296504072436,31.224585005715532,53.32141326903904,34506.7433877277,0.6395799676898226,-9.934780774046821,-31.389609375191434,264.849424045582,12.347328990139808,5105.06,-6.0,-3.1009671431894645,-8109.766250453713,0.0,-1.1794999999999987,-58.05984555984546,-1352342.342216373,-1817370.3151415326
002594.SZ,20230322,239.51,242.2,247.58,242.08,243.2,3.69,1.5406,155339.32,3800940.796,244.47,247.22,252.71,247.1,248.24,1.02072,244.6863,-1,263.46,215.56,242.14,1,1,0.015406454845309225,1,1.2332249874466967,0.9333333333333333,1.0,49.99999999999348,34.01904284822476,36.79090096319312,81.09599817780081,35038.369971589396,0.6307541625857006,-6.2018638942133615,-24.144212951717883,264.0674078074298,12.301280181322163,5069.82,-4.0,-1.536316877251295,-3184.702234781649,0.0,-1.0555000000000008,-41.50097689920686,-767360.0918767154,-1667368.8546751302
002594.SZ,20230323,243.2,242.99,245.5,239.5,245.49,2.29,0.9416,97461.04,2374450.293,248.24,248.02,250.59,244.46,250.58,1.02072,243.6307,-1,267.52,218.88,244.42,1,1,0.00941611842105261,1,0.7527435136451089,0.9333333333333333,1.0,49.99999999999311,34.197291889510225,40.0345193480134,97.28087789519948,35038.369971589396,0.5800409255469853,-1.0691389152034458,-19.827596226302607,263.3581718837127,12.187234376874132,5040.82,-4.0,-0.028211040171164825,-7409.831175465075,0.0,-0.9575000000000017,-42.57671480144393,-855011.9939296953,-1551317.8745686396
002594.SZ,20230324,245.49,245.5,247.63,243.49,246.02,0.53,0.2159,81018.26,1990565.427,250.58,250.59,252.76,248.54,251.12,1.02072,245.6934,-1,270.04,220.94,244.95,1,1,0.0021589474112999607,1,0.626448049489067,0.9333333333333333,1.0,49.99999999999278,37.164460361393694,40.79180038061774,100.0,35038.369971589396,0.5735294117647056,1.083654386948079,-18.82106504725945,262.68793648964254,11.997049558527975,5013.87,-2.0,1.140822566370769,-11843.113429394245,0.0,-0.8595000000000013,-35.18273888154983,-527737.6045494694,-1405092.1217087582
002594.SZ,20230327,246.02,245.99,245.99,240.3,243.65,-2.37,-0.9633,92495.36,2246213.086,251.12,251.09,251.09,245.28,248.7,1.02072,242.846,-1,270.62,221.42,242.59,1,1,-0.009633363141207996,0,0.7112997341931803,0.9333333333333333,1.0,49.99999999999247,38.45964073692503,38.45325385324812,88.45355030762818,34700.83262977708,0.6290322580645156,-2.654336971498906,-21.90867237210267,261.97998518689406,11.68826201849234,4992.3099999999995,-2.0,1.6633069788048367,-12583.906283603317,0.0,-0.7170000000000016,-30.753851581794514,-601515.707264747,-1290295.4910738997
002594.SZ,20230328,243.65,244.5,245.67,242.4,245.01,1.36,0.5582,81845.04,1998797.291,248.7,249.57,250.76,247.42,250.09,1.02072,244.2173,-1,268.02,219.29,243.94,1,1,0.005581777139339161,1,0.6486542264127482,0.9333333333333333,1.0,49.9999999999922,42.418268410087705,40.55913336694187,98.85121893576157,34700.83262977708,0.624888730639131,-4.504293849975169,-19.17078566626171,261.3268087250313,11.37382478068749,4977.14,-2.0,2.225446144869794,-13767.043965496872,0.0,-0.6815000000000027,-24.219125420470796,-277663.512062212,-1145633.7797865157
002594.SZ,20230329,245.01,246.55,250.25,246.55,247.7,2.69,1.0979,144302.62,3588758.349,250.09,251.66,255.44,251.66,252.83,1.02072,248.6967,-1,269.51,220.51,246.62,1,1,0.010979143708420125,1,1.1613665311212351,0.9333333333333333,1.0,49.999999999991985,42.22953977265387,44.59706749501095,100.0,35081.818058021236,0.6480797636632197,-13.248861920785615,-13.847331805121712,260.76776780567764,11.126841688310424,4964.39,-2.0,2.9476546221236184,-5802.884136197664,0.0,-0.8615000000000037,-24.159462055715537,232288.337959487,-948787.7629656582
002594.SZ,20230330,247.7,250.0,257.2,250.0,257.2,9.5,3.8353,209267.22,5317797.712,252.83,255.18,262.53,255.18,262.53,1.02072,254.1152,-1,272.47,222.93,256.08,1,1,0.0383528461849012,1,1.6837731721830955,0.9333333333333333,1.0,49.99999999999196,44.31135511210237,55.97221304107711,100.0,36427.30562988721,0.5488928398254406,-9.761523069971075,2.3660071590283294,260.5938544034216,10.887574439353795,4943.96,0.0,4.594810360865697,7810.34040795126,0.0,-0.38100000000000306,-20.24654029538309,829473.0967513942,-694750.4972917937
002594.SZ,20230331,257.2,258.97,260.86,255.0,256.02,-1.18,-0.4588,167007.61,4304295.452,262.53,264.34,266.27,260.28,261.32,1.02072,257.7305,-1,282.92,231.48,254.9,1,1,-0.004587869362363994,0,1.29460454575098,0.9333333333333333,1.0,49.999999999992,49.055289695428726,54.47607017709137,95.77763857474577,36427.30562988721,0.5393044306812772,-4.138624329174997,0.49477410351467216,260.37497418196716,10.721381415934477,4942.74,-2.0,5.3617406968894805,10547.263029958416,0.0,-0.4685000000000059,-10.795777046202673,1351689.2292284414,-402401.9649317602
002594.SZ,20230403,256.02,256.0,258.24,252.26,255.92,-0.1,-0.0391,133691.25,3412119.593,261.32,261.3,263.59,257.49,261.22,1.02072,255.2239,-1,281.62,230.42,254.8,1,1,-0.0003905944848058285,0,0.9965498706081282,0.9,1.0,49.99999999999199,48.70623874629043,54.34349846755465,95.40349938930953,36427.30562988721,0.5425786866911648,-4.823282326095993,0.33116692020382754,260.16213001135947,10.557155852521126,4942.98,-4.0,5.662384710011905,7441.091607691839,0.0,-0.48600000000000565,-9.417867435158449,987470.9646167897,-203848.6892819674
002594.SZ,20230404,255.92,255.81,255.81,247.99,250.92,-5.0,-1.9537,137744.33,3448255.051,261.22,261.11,261.11,253.13,256.12,1.02072,250.3373,-1,281.51,230.33,249.83,1,1,-0.019537355423569824,0,1.0185746263037865,0.9,1.0,49.9999999999919,44.08116045052142,48.04742366540059,77.63493997225646,35715.6124126731,0.43484375000000003,-2.025126839907087,-7.587230152558595,259.7554200905786,10.351497784211062,4931.91,-4.0,5.016690407898613,5588.113641674026,0.0,-0.5555000000000063,-16.87754179846356,582371.2435620027,-91531.55601854312
002594.SZ,20230406,250.92,248.0,250.88,245.68,250.0,-0.92,-0.3667,81942.27,2036216.982,256.12,253.14,256.08,250.77,255.18,1.02072,248.4941,-1,276.01,225.83,248.91,1,1,-0.003666507253307749,0,0.5988924648021834,0.9,1.0,49.99999999999176,44.79341342172499,46.969129383501105,71.26094278271555,35715.6124126731,0.4545157602482444,-1.1719753803191668,-8.978589125691466,259.33258575709476,10.081569409782155,4922.15,-4.0,4.321016030231686,-3034.6176233861534,0.0,-0.38000000000000683,-14.689855072463715,290669.45951904275,-36931.41094174515
002594.SZ,20230407,250.0,250.05,252.13,248.33,249.28,-0.72,-0.288,68722.91,1718631.441,255.18,255.23,257.35,253.48,254.45,1.02072,250.0813,-1,275.0,225.0,248.19,1,1,-0.0028799999999999937,0,0.5095294582006465,0.9333333333333333,1.0,49.999999999991594,47.93762020374218,46.097220132716146,68.47769086596782,35715.6124126731,0.4560052433229561,-4.551845776797959,-10.09370087186299,258.90220919419545,9.888859804793093,4914.45,-4.0,3.646162105849939,-10006.507909567448,0.0,-0.397000000000007,-10.271868956887658,472760.8892373175,35881.77479812093
002594.SZ,20230410,249.28,249.28,251.2,246.0,251.0,1.72,0.69,98057.91,2436804.939,254.45,254.45,256.4,251.1,256.2,1.02072,248.5067,-1,274.21,224.35,249.91,1,1,0.006899871630295262,1,0.734654757124299,0.9333333333333333,1.0,49.99999999999142,51.49956851501628,48.55413378263591,70.0250898880426,35962.04555351793,0.5586109995985551,-13.613777750501244,-6.8034247060531685,258.5515145112644,9.404803528880304,4904.38,-2.0,3.3228548545356613,-10123.958506441772,0.0,0.13199999999999362,0.4456895453966965,289741.48797929205,72147.4481097168
002594.SZ,20230411,251.0,252.15,254.49,248.6,249.83,-1.17,-0.4661,87455.12,2194591.845,256.2,257.37,259.76,253.75,255.01,1.02072,250.9392,-1,276.1,225.9,248.74,1,1,-0.0046613545816732715,0,0.704121938503368,0.9333333333333333,1.0,49.99999999999113,56.79672944925903,46.98527937661406,53.14745087316021,35962.04555351793,0.5757136946628053,-12.344351553232654,-8.75600095076117,258.1725688628007,8.834054394939404,4915.73,-2.0,2.8603989924390243,-11013.420506634688,0.0,0.07749999999999346,19.074822349171036,475933.9470724547,129831.23367582222
002594.SZ,20230412,249.83,248.8,248.8,243.33,243.4,-6.43,-2.5738,112329.7,2751446.164,255.01,253.96,253.96,248.37,248.44,1.02072,244.9438,-1,274.81,224.85,242.34,1,1,-0.02573750150102072,0,0.9344448151380297,0.9333333333333333,1.0,49.99999999999092,58.76514153149121,39.44251086290892,5.646779577796305,35036.47235210449,0.4950239587172875,-18.04288507959294,-18.619477726261696,257.60009297261996,8.348652238781918,4923.06,-2.0,1.6570889260589592,-7786.869673554735,0.0,-0.1915000000000063,16.287930330657304,218896.04025123338,142554.77747230954
002594.SZ,20230413,243.4,240.58,243.0,237.77,242.82,-0.58,-0.2383,80964.64,1952037.226,248.44,245.56,248.03,242.7,247.85,1.02072,241.0975,-1,267.74,219.06,241.76,1,1,-0.002382908792111782,0,0.6985842710271566,0.9333333333333333,1.0,49.99999999999083,54.60530650654183,38.836870382086616,2.1897221445952453,35036.47235210449,0.5022438294689604,-16.140630149293386,-19.4462857836955,257.0331446938548,7.852098519005033,4923.9800000000005,-2.0,0.7953951250298239,-9310.039889676525,0.0,0.0644999999999925,2.3895341075958427,-3241.744838814484,121726.70285643468
002594.SZ,20230414,242.82,243.4,247.47,242.99,246.06,3.24,1.3343,105506.44,2589957.803,247.85,248.44,252.6,248.02,251.16,1.02072,245.4786,-1,267.1,218.54,244.99,1,1,0.013343217197924417,1,0.9262208345540083,0.9333333333333333,1.0,49.99999999999066,59.42699471605201,44.00900943815513,31.712817669937728,35503.97161254769,0.49650217432406907,-16.87239110527537,-12.712640087633758,256.5770414413486,7.212271093213936,4927.179999999999,0.0,0.678745279032464,-6573.486285103136,0.0,0.20799999999999272,13.581856100104325,275951.11598318454,143758.76187454181
002594.SZ,20230417,246.06,245.0,249.68,244.21,249.44,3.38,1.3736,90393.85,2244153.587,251.16,250.08,254.85,249.27,254.61,1.02072,248.264,-1,270.67,221.45,248.35,1,1,0.013736487035682421,1,0.7980564837124836,0.9666666666666667,1.0,49.99999999999042,58.70846033628131,48.866810749381706,58.53364339949528,35503.97161254769,0.494073377234243,-15.218616125562129,-6.141924715269095,256.2580562161523,6.594128916050208,4936.599999999999,0.0,1.051511475912874,-6356.793731079972,0.0,0.37349999999999284,14.341085271317887,533482.2091281187,199433.54005362422
002594.SZ,20230418,249.44,250.4,252.18,248.44,249.0,-0.44,-0.1764,78432.2,1961474.846,254.61,255.59,257.41,253.59,254.16,1.02072,250.0854,-1,274.38,224.5,247.92,1,1,-0.001763951250801754,0,0.7063606533010642,0.9666666666666667,1.0,49.99999999999002,62.36013086177896,48.27958407283855,55.10665224892703,35503.97161254769,0.5086829268292687,-16.033464469020966,-6.885745948953936,255.93623312547248,5.815758206114577,4949.42,0.0,1.2215295879778179,-7314.200969450603,0.0,0.4204999999999927,21.18485189351331,788423.9413109969,283575.0259475346
002594.SZ,20230419,249.0,249.0,253.2,246.09,250.85,1.85,0.743,111927.47,2793037.791,254.16,254.16,258.45,251.19,256.05,1.02072,249.54,-1,273.9,224.1,249.76,1,1,0.007429718875501923,1,1.0116138113993443,0.9666666666666667,1.0,49.99999999998962,62.50213718369596,50.948575273158745,70.68259521917068,35767.75614059272,0.4696908055329537,-9.858603241770014,-3.2638119882137238,255.70193655218796,5.252395796998183,4960.72,0.0,1.5450572852513504,-3138.742921111958,0.0,0.38199999999999223,17.536813922356103,1097575.4625124324,399860.80259966286
002594.SZ,20230420,250.85,249.93,249.93,245.0,245.02,-5.83,-2.3241,100308.3,2470721.41,256.05,255.11,255.11,250.08,250.1,1.02072,246.3128,-1,275.94,225.77,243.95,1,1,-0.023240980665736433,0,0.9053485588747558,0.9666666666666667,1.0,49.99999999998924,56.990343064980664,43.35560211062413,28.893624915392564,35767.75614059272,0.4500974658869398,-10.006824243393483,-13.038865691505599,255.25959687638337,4.861710258583854,4972.0599999999995,-2.0,0.964081145738195,-1716.03126216505,0.0,0.08649999999999239,3.967946232389842,773882.0071198163,453292.40324539907
002594.SZ,20230421,245.02,244.5,248.95,243.0,243.0,-2.02,-0.8244,104052.48,2553937.672,250.1,249.57,254.11,248.03,248.03,1.02072,245.4471,-1,269.52,220.52,241.94,1,1,-0.008244224961227675,0,0.9630594116118428,0.9666666666666667,1.0,49.99999999998895,56.80479469399814,41.07163766484658,14.411690732779375,35472.87871261134,0.4524789339604158,-9.05343381153225,-16.129850077332875,254.76997105351967,4.663973921484521,4981.51,-4.0,0.3307285160751263,-128.45121342064522,0.0,-0.11350000000000762,4.753223075921383,433421.48573826044,450453.7007443793
002594.SZ,20230424,243.0,244.1,258.6,243.18,253.49,10.49,4.3169,267017.34,6747607.047,248.03,249.16,263.96,248.22,258.74,1.02072,252.703,-1,267.3,218.7,252.39,1,1,0.043168724279835535,1,2.4638676284402994,0.9666666666666667,1.0,49.99999999998876,60.28190561679738,54.48189453924317,100.0,37004.19763316811,0.37858665354976245,9.815697609320512,2.7632259001806676,254.70733583708224,4.377788848406329,4981.02,-4.0,1.2937128600301664,21801.71800292855,0.0,0.32999999999999263,11.291691934505835,740066.9193740329,491827.0176914727
002594.SZ,20230425,253.49,251.0,251.8,242.2,244.3,-9.19,-3.6254,187418.73,4589549.733,258.74,256.2,257.02,247.22,249.36,1.02072,244.8821,-1,278.84,228.14,243.24,1,1,-0.03625389561718406,0,1.5927052652760714,0.9666666666666667,1.0,49.99999999998859,57.953266951007905,44.852041729188066,38.447823964208524,37004.19763316811,0.3405102492257781,14.032324268246374,-10.642926725805072,254.2644934223283,4.127514970190854,4988.49,-4.0,0.6919571811338847,24323.253808707683,0.0,0.11199999999999335,6.623286079479485,203700.06696689012,450666.02473081806
002594.SZ,20230426,244.3,243.0,254.54,241.0,251.0,6.7,2.7425,174492.04,4353221.18,249.36,248.03,259.81,245.99,256.2,1.02072,249.4796,-1,268.73,219.87,249.91,1,1,0.027425296766270923,1,1.4253629786034312,0.9666666666666667,1.0,49.99999999998842,59.50457036616122,51.572562285043844,81.40410506896852,37004.19763316811,0.31565276828434735,24.871822401390705,-0.5739018091079147,254.10993349682735,3.7879971371218435,4987.09,-4.0,1.1675460427489708,23001.905864632863,0.0,0.4864999999999938,7.312572087658637,520906.74058106187,460700.41270942433
002594.SZ,20230427,251.0,250.0,258.99,249.55,258.92,7.92,3.1554,242464.38,6228404.693,256.2,255.18,264.36,254.72,264.28,1.02072,256.8792,-1,276.1,225.9,257.79,1,1,0.03155378486055782,1,1.9083911428937228,0.9666666666666667,1.0,49.999999999988546,61.110546361857544,58.07636642609487,100.0,38171.82012422266,0.2945904567491708,29.149174506155607,9.65638899673123,254.36110231757596,3.5189789731647343,4991.63,-4.0,2.446516462838671,29614.32828098943,0.0,0.8749999999999958,11.370905481416145,1236042.4292838392,571463.5579343408
002594.SZ,20230428,258.92,261.47,262.97,254.0,255.86,-3.06,-1.1818,191944.8,4933612.984,264.28,266.89,268.42,259.26,261.16,1.02072,257.0329,-1,284.81,233.03,254.75,1,1,-0.01181832226170243,0,1.4545701507700342,0.9666666666666667,1.0,49.99999999998873,60.881273781974045,55.002806125104556,84.02473591844671,38171.82012422266,0.3502919099249377,28.102754152726686,5.300221171363923,254.43626148780098,3.477813886552987,5006.9,-6.0,2.7549731335394636,25661.59807116124,0.0,0.23449999999999563,8.8578881705796,1790693.1381265766,745639.2122475173
002594.SZ,20230504,255.86,255.0,257.61,251.4,252.52,-3.34,-1.3054,118124.27,3002183.827,261.16,260.28,262.95,256.61,257.75,1.02072,254.1547,-1,281.45,230.27,251.42,1,1,-0.013054013913859186,0,0.9010675597856873,0.9666666666666667,1.0,49.9999999999889,55.43809265277857,51.78153733359756,67.28173608030808,38171.82012422266,0.3400809716599193,26.342124149573213,0.7038188262791335,254.3443687022337,3.4515788622743337,5003.650000000001,-6.0,2.396943746937448,12261.531165159995,0.0,0.2579999999999984,-2.8803795323618857,1347142.592741704,831568.2666038298
002594.SZ,20230505,252.52,252.55,253.8,247.95,250.07,-2.45,-0.9702,102439.59,2560075.787,257.75,257.78,259.06,253.09,255.25,1.02072,249.9108,-1,277.77,227.27,248.98,1,1,-0.009702201805797617,0,0.7962687214503165,0.9666666666666667,1.0,49.99999999998906,56.17782254575143,49.49183021910895,55.38065972544327,38171.82012422266,0.3296272073250492,24.18726419491196,-2.5796613701031657,254.14607801347148,3.5115289150631743,4999.21,-6.0,1.7480746256040756,1034.752045427158,0.0,0.13799999999999812,-4.040178571428534,923369.3335281878,844682.7047358811
002594.SZ,20230508,250.07,253.0,259.1,252.52,254.03,3.96,1.5836,121626.2,3104234.524,255.25,258.24,264.47,257.75,259.29,1.02072,255.2275,-1,275.08,225.06,252.92,1,1,0.015835566041508375,1,0.9570314733799334,0.9666666666666667,1.0,49.999999999989214,61.40960908743564,53.10157916226495,70.74468323677789,38776.29250272436,0.3341731865800293,20.49754928797415,2.8118117447190323,254.14039506543875,3.4944367986030795,4993.360000000001,-4.0,1.7650858190603114,-3792.875965628169,0.0,0.43399999999999894,6.56515502592962,1098419.3363607968,880930.7949680119
002594.SZ,20230509,254.03,250.04,253.36,249.0,250.11,-3.92,-1.5431,89884.83,2253697.879,259.29,255.22,258.61,254.16,255.29,1.02072,250.7317,-1,279.43,228.63,249.02,1,1,-0.015431248277762433,0,0.7117840943840243,0.9666666666666667,1.0,49.999999999989264,61.20109251281096,49.342253809101635,48.63715417268392,38776.29250272436,0.3213875781150365,18.148125846122532,-2.5264544030352343,253.95332035249362,3.5211000376486963,4996.47,-4.0,1.188776769322494,-10848.132477865911,0.0,0.3375,5.621172353455833,778313.2491765835,866271.1455692365
002594.SZ,20230510,250.11,251.0,262.18,249.2,259.79,9.68,3.8703,253690.89,6542224.183,255.29,256.2,267.61,254.36,265.17,1.02072,257.8817,-1,275.12,225.1,258.66,1,1,0.03870297069289519,1,2.0026411024599664,0.9666666666666667,1.0,49.99999999998924,63.932815757199634,57.368415821523875,95.83674274073498,40277.050215036434,0.2884285223761017,26.705929824537193,9.665579408934546,254.25812171219272,3.453119779817915,4993.54,-2.0,2.00392815148503,6053.710210885893,0.0,0.8155000000000016,11.586927568896627,990764.6498155633,884055.9318901404
002594.SZ,20230511,259.79,260.77,269.8,258.68,263.75,3.96,1.5243,214236.87,5669565.808,265.17,266.17,275.39,264.04,269.21,1.02072,264.6401,-1,285.77,233.81,262.6,1,1,0.015243080949997934,1,1.576122220529396,0.9666666666666667,1.0,49.99999999998946,68.97756533461846,60.15001609599921,100.0,40277.050215036434,0.3574377859613882,30.248994514078436,14.066070192911647,254.77369373840205,3.4107906003069637,5006.22,-2.0,2.913846961183403,11128.411493871205,0.0,0.8785000000000025,22.06949217258498,1467932.6217239797,967466.8875806889
002594.SZ,20230512,263.75,266.0,268.25,259.52,260.1,-3.65,-1.3839,104573.53,2750523.184,269.21,271.51,273.81,264.9,265.49,1.02072,263.0229,-1,290.13,237.38,258.97,1,1,-0.013838862559241605,0,0.7378075699831517,0.9666666666666667,1.0,49.99999999998948,65.40042425166297,56.49131211168525,80.82277276595082,40277.050215036434,0.34781192311868825,30.48601660796884,8.91825892503233,255.04994707388525,3.3643279296503645,5019.9800000000005,-2.0,2.857518620997218,-462.48801536754036,0.0,0.6995000000000033,17.744127353911843,1088291.5817230507,984727.5581724549
002594.SZ,20230515,260.1,260.1,266.55,258.7,264.9,4.8,1.8454,136926.27,3615695.776,265.49,265.49,272.07,264.06,270.39,1.02072,264.0615,-1,286.11,234.09,263.75,1,1,0.018454440599769084,1,0.9602699994009106,0.9666666666666667,1.0,49.9999999999896,69.58599735320651,59.942059726107225,98.90998928109937,41020.34064576374,0.3540791510059697,30.470342811398282,14.273813032779348,255.58594855314328,3.143133257449156,5028.849999999999,0.0,3.2705237668167277,-3764.126125480987,0.0,1.2095000000000014,22.488134908613546,1300960.5727525295,1029903.7031124657
002594.SZ,20230516,264.9,264.39,267.42,263.2,265.13,0.23,0.0868,81639.31,2162966.661,270.39,269.87,272.96,268.65,270.62,1.02072,264.9418,-1,291.39,238.41,263.97,1,1,0.000868252170630468,1,0.5676442569796498,0.9333333333333333,1.0,49.99999999998982,72.3475425201043,60.105336083511695,99.7079351068567,41020.34064576374,0.31960936633004133,27.605581433173047,14.527304579198324,256.1064506897974,2.883805459422499,5048.65,2.0,3.3653000044445927,-12874.481073389208,0.0,1.1345000000000027,33.32651181827484,1461571.008390389,1091570.461009312
002594.SZ,20230517,265.13,264.99,265.8,259.01,261.0,-4.13,-1.5577,89556.05,2336687.603,270.62,270.48,271.31,264.38,266.41,1.02072,260.919,-1,291.64,238.62,259.86,1,1,-0.015577263983706069,0,0.6225439264308591,0.9333333333333333,1.0,49.99999999999001,69.03302465742479,55.713913294646765,71.00202487607416,40381.35597082313,0.3164835164835168,28.154874145065218,8.464994018085434,256.35920249772994,2.7385523486456083,5071.63,0.0,2.6914879726192,-17051.678837293504,0.0,0.8020000000000025,23.95036194415721,1178605.3014641996,1104004.0096457244
002594.SZ,20230518,261.0,262.3,263.88,256.56,259.08,-1.92,-0.7356,100696.65,2610927.791,266.41,267.73,269.35,261.88,264.45,1.02072,259.2865,-1,287.1,234.9,257.95,1,1,-0.007356321839080526,0,0.7038894928031371,0.9333333333333333,1.0,49.99999999999013,65.61747231902706,53.74788632209588,40.76359560882703,40084.297720003284,0.32164395800759465,27.888089398935268,5.726323151868988,256.4961834100898,2.702753298842805,5091.3,-2.0,1.8472016722120763,-17467.55098750394,0.0,0.4190000000000012,19.083969465648877,806825.7819789969,1061549.9771219064
002594.SZ,20230519,259.08,258.18,260.92,256.3,259.18,0.1,0.0386,60105.82,1557739.695,264.45,263.53,266.33,261.61,264.55,1.02072,259.1662,-1,284.99,233.17,258.05,1,1,0.00038598116411936445,1,0.41864405752601425,0.9333333333333333,1.0,49.99999999999007,63.28934457880053,53.839251794063905,41.60896460883538,40084.297720003284,0.3228699551569508,27.351783843721662,5.856644356405207,256.6314690378403,2.6548951664089717,5095.42,0.0,1.1939375014395495,-22067.04234179832,0.0,0.5390000000000015,11.821887739103225,520639.72758911294,984277.0843315073
002594.SZ,20230522,259.18,260.92,266.0,257.08,265.1,5.92,2.2841,120165.21,3160916.357,264.55,266.33,271.51,262.41,270.59,1.02072,263.0475,-1,285.1,233.26,263.94,1,1,0.022841268616405674,1,0.8423407699559494,0.9333333333333333,1.0,49.999999999989974,63.46920013141918,59.002407920405275,89.38163011796438,40999.87393152586,0.30878095850755877,26.542540376390836,13.32328396481704,257.0884603421211,2.5968639591862304,5106.41,0.0,1.43476386987121,-16150.813166480262,0.0,0.6555000000000021,19.04471544715451,640843.5304224142,935215.1480587798
002594.SZ,20230523,265.1,265.04,266.88,262.93,262.93,-2.17,-0.8186,90619.4,2401159.869,270.59,270.53,272.41,268.38,268.38,1.02072,264.9719,-1,291.61,238.59,261.78,1,1,-0.008185590343266713,0,0.6334001122178265,0.9333333333333333,1.0,49.999999999989484,66.81564589808005,56.50740811475208,66.29637213928065,40999.87393152586,0.3213927017073987,23.814742542958875,9.958337926851806,257.39432986198494,2.378408534168505,5122.4400000000005,0.0,1.1875244330317667,-15353.650685686185,0.0,0.7955000000000012,27.58962170726879,873759.7079145259,926435.7994667436
002594.SZ,20230524,262.93,261.6,265.0,259.52,261.91,-1.02,-0.3879,68092.95,1787131.273,268.38,267.02,270.49,264.9,267.34,1.02072,262.4547,-1,289.22,236.64,260.77,1,1,-0.003879359525348902,0,0.47756464617180416,0.9333333333333333,1.0,49.99999999998896,67.5217840352199,55.32318622090633,55.339229833501,40999.87393152586,0.3250197494639432,21.375129990015285,8.366239951777672,257.6273518589941,2.050977332258728,5138.49,0.0,0.7914095230636331,-16875.896221682317,0.0,0.8860000000000013,25.832600839925774,660842.4975489529,888493.8991927735
002594.SZ,20230525,261.91,261.96,263.85,255.14,255.6,-6.31,-2.4092,132078.95,3413072.494,267.34,267.39,269.32,260.43,260.9,1.02072,258.4115,-1,288.1,235.72,254.49,1,1,-0.024092245427818848,0,0.9381556294013308,0.9333333333333333,1.0,49.99999999998863,61.019286380743615,48.54537553199728,0.0,40012.0949062579,0.34111097950965297,9.875559784524642,-0.9708247372012838,257.53174853396376,2.179101218559023,5159.339999999999,-2.0,-0.35424731671473797,-8691.594660396806,0.0,0.09850000000000136,12.78830313014825,293892.2621935643,803550.8081928865
002594.SZ,20230526,255.6,253.0,253.0,242.8,246.99,-8.61,-3.3685,185813.4,4583193.89,260.9,258.24,258.24,247.83,252.11,1.02072,246.6557,-1,281.16,230.04,245.91,1,1,-0.03368544600938961,0,1.386265385158482,0.9333333333333333,1.0,49.9999999999889,61.02963410843597,41.139162907190276,0.0,38664.26964357058,0.34347048300536676,9.350956047324685,-11.876627954091685,257.08937975869094,2.4148068160738587,5161.45,-2.0,-2.2023991446781492,3858.8979219787507,0.0,0.13300000000000126,6.701733878823319,-255799.7301826853,652215.0169963762
002594.SZ,20230529,246.99,250.0,250.55,242.0,244.93,-2.06,-0.834,124722.91,3051361.333,252.11,255.18,255.74,247.01,250.0,1.02072,244.6512,-1,271.69,222.29,243.86,1,1,-0.00834041864043078,0,0.9310558446127939,0.9333333333333333,1.0,49.99999999998947,55.766217940126644,39.58316992455344,0.0,38664.26964357058,0.35096578714808735,2.003543155958191,-14.25480802572689,256.59289959121617,2.905706991773922,5171.0,-4.0,-3.5529469397367697,3823.6028427774727,0.0,-0.5204999999999984,1.650874279574147,-655961.0468512678,465332.72216099856
002594.SZ,20230530,244.93,245.95,255.0,245.83,252.2,7.27,2.9682,166880.58,4201064.907,250.0,251.05,260.28,250.92,257.43,1.02072,251.7408,-1,269.42,220.44,251.1,1,1,0.029681949944882158,1,1.2693423236858226,0.9333333333333333,1.0,49.999999999989896,54.410070345542245,47.17648398226768,36.9201675085046,39811.90055978647,0.3538696537678209,1.4396442620367838,-3.8441267164154946,256.39175525957785,3.103597560123983,5166.38,-4.0,-3.3218727284709413,9071.028075929964,0.0,-0.6539999999999992,-2.452426986872865,-262713.8286797502,361326.0720408916
002594.SZ,20230531,252.2,252.2,254.9,249.65,253.66,1.46,0.5789,118381.17,2995495.154,257.43,257.43,260.18,254.82,258.92,1.02072,253.0381,-1,277.42,226.98,252.55,1,1,0.0057890563045202015,1,0.9270914979047375,0.9333333333333333,1.0,49.99999999999024,53.01321886463732,48.574321166032604,43.811901588928436,39811.90055978647,0.3612266112266113,-3.4234278065782275,-1.8816900601911355,256.26411944565456,3.2401038479602695,5153.06,-2.0,-2.8455718104048446,5762.76053975788,0.0,-0.3004999999999981,-3.113478082752934,141655.99126408808,329944.63192991976
002594.SZ,20230601,253.66,253.66,257.88,253.23,255.45,1.79,0.7057,86735.71,2217698.926,258.92,258.92,263.22,258.48,260.74,1.02072,255.6846,-1,279.03,228.29,254.34,1,1,0.007056690057557269,1,0.6994096594549548,0.9333333333333333,1.0,49.99999999999051,57.19257086574748,50.31043940109093,52.2716237333205,39811.90055978647,0.36865137249701646,-5.284579289086992,0.5439234429563382,256.2251409869796,3.2953430837722215,5148.679999999999,0.0,-2.191930732646537,-596.5996887721531,0.0,-0.08699999999999904,6.1548090965992515,426766.70971690095,343776.35732805997
002594.SZ,20230602,255.45,257.88,259.59,255.6,259.06,3.61,1.4132,110679.75,2854069.098,260.74,263.22,264.97,260.9,264.43,1.02072,257.8673,-1,281.0,229.91,257.93,1,1,0.014131924055588163,1,0.9039264450816544,0.9333333333333333,1.0,49.999999999990735,61.44779094357346,53.704917289824415,68.81216756500437,40374.519315006,0.3630664751208047,-7.572274499024557,5.328833251748233,256.36732784044375,3.2461072349419235,5150.33,2.0,-1.2241090740117193,-1438.4137189055646,0.0,0.09600000000000222,12.79389959754294,790439.0166519713,407585.30866004736
002594.SZ,20230605,259.06,259.0,259.06,251.67,258.32,-0.74,-0.2856,104794.52,2682476.684,264.43,264.37,264.43,256.88,263.67,1.02072,255.9749,-1,284.97,233.15,257.19,1,1,-0.002856481124064003,0,0.85299128981571,0.9333333333333333,1.0,49.99999999999082,56.915307212662675,52.90705015379829,68.61175619811127,40374.519315006,0.37900477164280866,-5.686100867836013,4.246638543764614,256.4642609398779,3.269364124063215,5159.32,0.0,-0.6625236075901721,-2581.7976157716257,0.0,0.010500000000001819,3.0628694250403328,547535.1826470091,427578.14780104195
002594.SZ,20230606,258.32,257.95,265.0,256.18,260.88,2.56,0.991,128981.11,3371155.485,263.67,263.29,270.49,261.49,266.29,1.02072,261.3682,-1,284.15,232.49,259.74,1,1,0.009910188912976237,1,1.057103172033369,0.9333333333333333,1.0,49.99999999999085,61.18841851559501,55.37689267305227,81.33029087893429,40774.63842868832,0.3861647451034867,0.9721570405809598,7.700018674010852,256.690725310942,3.199740208917301,5161.47,2.0,0.037708252042286006,-10.15055219957685,0.0,0.15350000000000108,15.581769436997362,735047.5265622584,471502.34476693004
002594.SZ,20230607,260.88,262.0,263.44,255.5,256.55,-4.33,-1.6598,100490.28,2598158.541,266.29,267.43,268.9,260.79,261.87,1.02072,258.5482,-1,286.97,234.79,255.43,1,1,-0.01659766942655616,0,0.8106110620272022,0.9333333333333333,1.0,49.99999999999079,54.32177846221452,50.547975577912254,56.463624657677194,40774.63842868832,0.41716686674669895,-5.8181799760594295,1.2016791142220171,256.68394357867476,3.2805441922083776,5175.71,0.0,-0.09135967838939796,-1968.2806687745306,0.0,-0.5584999999999993,4.826142574718034,425381.9125854466,464913.71159814677
002594.SZ,20230608,256.55,256.19,258.84,254.47,255.0,-1.55,-0.6042,64454.26,1650438.582,261.87,261.5,264.2,259.74,260.28,1.02072,256.0635,-1,282.21,230.9,253.89,1,1,-0.006041707269538121,0,0.5541662716683822,0.9333333333333333,1.0,49.99999999999074,48.105865383901836,48.90400486026632,47.997943779791534,40774.63842868832,0.40868752919196627,-14.77131590678866,-1.0480547979590666,256.6045962011889,3.3899680360902553,5175.87,-2.0,-0.378416258825123,-7621.485637065487,0.0,-0.7670000000000001,-12.24263346073235,150510.0994537461,419998.90986323246
002594.SZ,20230609,255.0,258.8,259.1,252.5,258.0,3.0,1.1765,107484.01,2753073.835,260.28,264.16,264.47,257.73,263.35,1.02072,256.138,-1,280.5,229.5,256.88,1,1,0.0117647058823529,1,0.987728460143062,0.9333333333333333,1.0,49.99999999999059,53.019235867289545,52.14789122242806,74.24098595558199,41254.34005726112,0.3998112614029569,-16.37021663000063,3.3301920496703774,256.6732568404832,3.4289544529885334,5160.12,0.0,-0.16784585610937208,-5185.385224875921,0.0,-0.5120000000000019,-12.694713602354966,302899.9506091904,403270.487112655
002594.SZ,20230612,258.0,256.5,263.0,255.5,260.51,2.51,0.9729,102891.21,2682484.32,263.35,261.81,268.45,260.79,265.91,1.02072,260.7107,-1,283.8,232.2,259.37,1,1,0.00972868217054268,1,0.9442599898129596,0.9333333333333333,1.0,49.999999999990166,52.2219868757164,54.73705051765422,95.94875656875219,41254.34005726112,0.4147495513134277,-15.165530896600934,6.883460149788974,256.86853511886187,3.451021756856552,5156.92,0.0,0.2814302946639895,-3873.270555417601,0.0,-0.5515000000000001,-5.672996536486366,519233.1458645575,419836.58122006967
002594.SZ,20230613,260.51,260.5,262.0,257.13,261.22,0.71,0.2725,81511.47,2117925.896,265.91,265.9,267.43,262.46,266.63,1.02072,259.8316,-1,286.56,234.46,260.08,1,1,0.002725423208322253,1,0.7599204433302067,0.9333333333333333,1.0,49.99999999998969,52.18271535890807,55.4710062741342,100.0,41254.34005726112,0.4027845232313414,-13.204102434622804,7.891546268994494,257.09210001151007,3.4665050433460642,5150.85,0.0,0.6263857592913937,-5468.210213237227,0.0,-0.5524999999999991,-9.423695275785356,729401.1633756664,464060.0929565835
002594.SZ,20230614,261.22,262.68,265.39,261.5,263.0,1.78,0.6814,125776.0,3318766.726,266.63,268.12,270.89,266.92,268.45,1.02072,263.8633,-1,287.34,235.1,261.85,1,1,0.006814179618712002,1,1.1726625686534164,0.9333333333333333,1.0,49.99999999998923,57.1966024251478,57.33870738715095,100.0,41535.45454046272,0.41871423763042687,-16.716495941358307,10.449982110413902,257.402827367719,3.4535064831748334,5146.27,2.0,1.0230140441218727,-410.63476600471404,0.0,-0.336999999999999,1.1599210266534712,1104583.6864154506,555563.4634507074
002594.SZ,20230615,263.0,263.5,275.01,263.29,271.88,8.88,3.3764,243961.07,6622887.119,268.45,268.96,280.71,268.75,277.51,1.02072,271.4731,-1,289.3,236.7,270.7,1,1,0.03376425855513299,1,2.2367842899288086,0.9333333333333333,1.0,49.99999999998922,64.3946588938203,65.18417500393944,100.0,42937.86836677188,0.4972883398614035,-8.027980327721787,21.8492634535727,258.24284299730647,3.4156044524138616,5145.39,4.0,2.3351171117685396,17987.290067823866,0.0,0.2430000000000021,14.748894683142467,1712348.6664829487,720818.4924553133
002594.SZ,20230616,271.88,273.86,275.86,270.0,271.08,-0.8,-0.2942,152296.82,4146755.899,277.51,279.53,281.58,275.59,276.7,1.02072,272.2812,-1,299.07,244.69,269.9,1,1,-0.002942474621156488,0,1.3102944516801796,0.9333333333333333,1.0,49.999999999989456,68.35611994444868,64.04153800689504,93.65472788449517,42937.86836677188,0.5047704233750744,-5.655007378885126,20.395891158554278,258.97881488172624,3.3791811417924733,5164.95,2.0,2.911407250883781,16957.054445967005,0.0,0.054000000000000624,24.66289691170067,2097824.513777662,917533.6383585061
002594.SZ,20230619,271.08,271.08,274.99,267.88,269.21,-1.87,-0.6898,123564.75,3342857.529,276.7,276.7,280.69,273.43,274.79,1.02072,270.5349,-1,298.19,243.97,268.04,1,1,-0.0068983325955437325,0,1.022543850123012,0.9333333333333333,1.0,49.99999999998972,63.120304453514386,61.33501998928109,76.82607533924322,42937.86836677188,0.5372045057908932,-7.601670063972973,16.963226926634174,259.54865889444864,3.386307721742955,5182.86,0.0,2.853088533482387,11797.351746146069,0.0,-0.24849999999999994,17.393258426966213,1637404.5052145766,1020372.3336236591
002594.SZ,20230620,269.21,269.01,269.2,264.9,268.25,-0.96,-0.3566,102366.16,2734002.025,274.79,274.58,274.78,270.39,273.81,1.02072,267.0806,-1,296.13,242.29,267.08,1,1,-0.003565989376323242,0,0.8459278034976728,0.9333333333333333,1.0,49.99999999998998,58.98155354006737,59.93465422944424,67.75512339141434,42937.86836677188,0.5477191847298611,-6.631065655134912,15.18848686190176,260.02594190188563,3.3943753622857873,5185.19,0.0,2.509711825026086,5254.508861503724,0.0,-0.1809999999999988,4.317517427479075,1125240.8161056596,1035353.5454068021
002594.SZ,20230621,268.25,267.01,273.28,266.25,267.78,-0.47,-0.1752,107811.76,2906861.071,273.81,272.54,278.94,271.77,273.33,1.02072,269.6237,-1,295.08,241.43,266.61,1,1,-0.0017520969245108375,0,0.8866255156114843,0.9333333333333333,1.0,49.99999999999014,62.47468988740477,59.221759203427936,63.3762070795762,42862.63705966141,0.5526358740003263,-3.7559866283897603,14.294739702528025,260.4479647837724,3.400255830825835,5193.469999999999,0.0,2.062487834357567,1576.4909720964145,0.0,-0.15799999999999984,12.643678160919443,1162131.1163485455,1053464.6269699084
002594.SZ,20230626,267.78,262.43,268.69,262.3,262.89,-4.89,-1.8261,101512.22,2681452.522,273.33,267.87,274.26,267.73,268.34,1.02072,264.1507,-1,294.56,241.0,261.74,1,1,-0.018261259242661865,0,0.8214039746125451,0.9333333333333333,1.0,49.999999999990095,63.187129195257306,52.25725990681003,20.59717445795163,42862.63705966141,0.5657477025898081,-6.73434430531386,5.343166534908678,260.5704656039949,3.38561864106108,5198.31,0.0,1.004769624526987,-1615.7902696210708,0.0,0.18299999999999841,12.380316187931342,790040.532326025,1015832.6134493536
002594.SZ,20230627,262.89,262.02,263.85,257.08,260.05,-2.84,-1.0803,99028.65,2570404.964,268.34,267.45,269.32,262.41,265.44,1.02072,259.5617,-1,289.18,236.6,258.92,1,1,-0.01080299745140545,0,0.8113414313680261,0.9333333333333333,1.0,49.99999999999001,65.26662051152049,48.676907785875805,0.0,42862.63705966141,0.6261094674556218,-10.985723875324743,0.5297483544203759,260.54555023437734,3.1730830216007937,5206.56,0.0,-0.12078484984600557,-3845.5412391018626,0.0,0.38499999999999945,22.05562273276889,395931.36254022736,927275.291890907
002594.SZ,20230628,260.05,260.0,262.5,258.1,260.25,0.2,0.0769,57269.51,1489543.301,265.44,265.39,267.94,263.45,265.64,1.02072,260.0936,-1,286.06,234.05,259.12,1,1,0.0007690828686790496,1,0.4865048313371563,0.9,1.0,49.99999999998991,66.9835570119003,48.94220792412551,1.6071717671074772,42862.63705966141,0.5750670241286867,-16.402253703620506,0.865532320510274,260.53135460022594,2.8427053502857635,5214.11,2.0,-0.8415676660737414,-10359.29512960323,0.0,0.6509999999999991,23.70098039215666,117380.9559482988,811576.1010419631
002594.SZ,20230629,260.25,260.25,260.78,255.23,255.7,-4.55,-1.7483,83485.05,2148587.117,265.64,265.64,266.18,260.52,261.0,1.02072,257.3619,-1,286.28,234.23,254.59,1,1,-0.01748318924111436,0,0.7301246955769491,0.9333333333333333,1.0,49.99999999999,62.105814318399055,43.44063458432263,0.0,42113.26146457414,0.5294949494949497,-20.45887645163685,-6.678543456636087,260.3166550533828,2.9432297328340886,5229.959999999999,0.0,-1.8752125257674486,-10517.135831886986,0.0,0.11099999999999852,15.02124468882755,-226497.96047528996,663279.8065394984
002594.SZ,20230630,255.7,254.13,260.0,253.7,258.27,2.57,1.0051,75724.36,1952424.866,261.0,259.4,265.39,258.96,263.62,1.02072,257.8331,-1,281.27,230.13,257.14,1,1,0.010050840829096463,1,0.6873174735758802,0.9333333333333333,1.0,49.99999999999015,61.409750668207394,47.06047792342557,16.647902178051716,42113.26146457414,0.4779687808733458,-16.954092956517794,-2.1365894673575947,260.2212776039981,2.9966237611003197,5234.01,0.0,-2.137730360172108,-10995.535579767842,0.0,0.24499999999999744,8.580985462498148,-94779.54814285692,554985.6130134476
002594.SZ,20230703,258.27,258.88,269.27,258.88,267.48,9.21,3.566,162565.06,4313305.226,263.62,264.24,274.85,264.24,273.02,1.02072,265.3279,-1,284.1,232.44,266.31,1,1,0.03566035544197943,1,1.5046617493359589,0.9333333333333333,1.0,49.999999999990195,62.78251743076988,57.54648393780144,64.87374678298778,43615.03533722187,0.4168533517146306,-6.354081655309896,11.997380221779789,260.6084004097645,2.9058913018991914,5239.05,0.0,-1.0507882002612021,449.76343529563746,0.0,0.585499999999999,14.816590745624318,244395.89777689194,510615.6536939397
002594.SZ,20230704,267.48,268.5,275.0,266.51,271.5,4.02,1.5029,157120.02,4271284.305,273.02,274.06,280.7,272.03,277.13,1.02072,271.8485,-1,294.23,240.73,270.32,1,1,0.015029161058770724,1,1.4049597307671144,0.9666666666666667,1.0,49.999999999990244,63.647587265190104,61.162516054952995,81.5041208957942,43615.03533722187,0.413928815879535,0.5950627271108967,17.258167672371968,261.216557081656,2.8606124455739597,5250.11,0.0,0.16495764502651022,6988.678584895702,0.0,0.6764999999999987,19.869192602615925,668381.946990029,533153.6955933811
002594.SZ,20230705,271.5,271.51,272.48,265.69,267.0,-4.5,-1.6575,93033.13,2493339.683,277.13,277.14,278.13,271.2,272.53,1.02072,268.0056,-1,298.65,244.35,265.84,1,1,-0.016574585635359074,0,0.8149761917442098,0.9666666666666667,1.0,49.999999999990266,63.84823552326469,55.46710281560926,55.31053360765694,43615.03533722187,0.3755627009646305,-0.28944273134627624,9.5420494686538,261.5182381246371,2.830956691608928,5263.53,0.0,0.3098747755381326,2608.8862928361823,0.0,0.48499999999999943,21.805889767388372,343628.3686856902,506078.6488922824
002594.SZ,20230706,267.0,267.0,272.0,266.8,268.1,1.1,0.412,83711.85,2249759.123,272.53,272.53,277.64,272.33,273.66,1.02072,268.7504,-1,293.7,240.3,266.93,1,1,0.0041198501872659055,1,0.7371184658623997,0.9666666666666667,1.0,49.99999999999026,63.16757808865065,56.53263857852443,60.21100401105938,43615.03533722187,0.3845900559762926,-5.387868829937028,11.048195553266034,261.86628230550394,2.825329497847853,5274.15,0.0,0.49007198504525507,-1400.86394801385,0.0,0.39350000000000024,17.224648229014853,472373.42554609757,501263.6169856846
002594.SZ,20230707,268.1,267.0,267.66,264.11,264.4,-3.7,-1.3801,62191.5,1650354.364,273.66,272.53,273.21,269.58,269.88,1.02072,265.3665,-1,294.91,241.29,263.25,1,1,-0.013800820589332519,0,0.5587591164081447,0.9666666666666667,1.0,49.99999999999024,64.19820607455421,52.02362623949358,41.663180876653044,43615.03533722187,0.3886208617534518,-11.606083837608244,4.866030231059408,261.9928065513839,2.799520108798298,5278.81,0.0,0.06916928325910598,-6522.320710641296,0.0,0.5359999999999985,13.40061018540235,226893.81398969516,462067.9308434004
002594.SZ,20230710,264.4,267.0,269.5,262.75,263.55,-0.85,-0.3215,68877.62,1824432.454,269.88,272.53,275.08,268.19,269.01,1.02072,264.8803,-1,290.84,237.96,262.4,1,1,-0.0032148260211799506,0,0.6296637281130699,0.9666666666666667,1.0,49.99999999999022,64.00371762701084,51.01693016505282,42.33895386332088,43474.820586705086,0.39319979801380245,-6.943196634910211,3.473034167161545,262.06953394705704,2.7525913450135127,5289.47,0.0,-0.34282374957633266,-8457.090629366081,0.0,0.422999999999999,21.658986175115068,-4996.749975632178,395344.4050121101
002594.SZ,20230711,263.55,265.0,270.69,263.8,269.33,5.78,2.1931,102405.2,2744333.129,269.01,270.49,276.3,269.27,274.91,1.02072,267.9877,-1,289.91,237.2,268.16,1,1,0.02193132232972861,1,0.9342763486148519,0.9666666666666667,1.0,49.999999999990216,63.99538338396991,57.09663759153488,77.05729795024132,44428.280890219234,0.3563273838237663,-5.817704638719331,11.854156978233895,262.4562545706861,2.694279275181247,5300.52,0.0,0.11936856793867578,-4847.889172972318,0.0,0.6794999999999988,25.734573947110533,168009.13641296793,362867.9380693755
002594.SZ,20230712,269.33,270.5,271.15,264.66,265.61,-3.72,-1.3812,87031.95,2328017.076,274.91,276.1,276.77,270.14,271.11,1.02072,267.4899,-1,296.26,242.4,264.45,1,1,-0.013812052129357877,0,0.7958649746698533,0.9666666666666667,1.0,49.999999999990166,59.76179518117758,52.57384946947199,51.536372705603526,44428.280890219234,0.3495268138801267,-6.7442194891034735,5.640118672876369,262.61490316183693,2.715370696329205,5316.17,-2.0,-0.10755323539957828,-4183.458306131761,0.0,0.23449999999999988,22.863682604272512,-84299.44545534812,298986.8832801293
002594.SZ,20230713,265.61,267.5,269.5,265.01,267.83,2.22,0.8358,82753.01,2213414.441,271.11,273.04,275.08,270.5,273.38,1.02072,267.4724,-1,292.17,239.05,266.66,1,1,0.008358119046722567,1,0.7622635160582931,0.9666666666666667,1.0,49.99999999998991,59.826327002273636,54.87128531035347,64.50020978288516,44428.280890219234,0.3413957787706063,-6.860727522988184,8.822101309637064,262.88514973158084,2.716078333725215,5324.05,-2.0,0.0038961783048647725,-3974.022319652109,0.0,0.21499999999999772,18.68802440884813,88178.22241662722,268871.36029962904
002594.SZ,20230714,267.83,267.8,267.8,263.5,264.41,-3.42,-1.2769,102722.03,2718639.361,273.38,273.35,273.35,268.96,269.89,1.02072,264.6598,-1,294.61,241.05,263.26,1,1,-0.012769293955120609,0,0.9456635822535614,0.9666666666666667,1.0,49.9999999999894,54.66634379714363,50.78943814152368,41.46740045282368,43860.96311161136,0.33298271975958016,-5.76324412137077,3.1798202892383847,262.9600705776111,2.7790562677811463,5330.66,-4.0,-0.3982843749576479,-956.7933701379916,0.0,0.02949999999999875,11.356757468087835,-189692.4960240333,203362.2379676773
002594.SZ,20230717,264.41,267.0,267.0,262.35,264.49,0.08,0.0303,78926.63,2086663.751,269.89,272.53,272.53,267.79,269.97,1.02072,264.3802,-1,290.85,237.97,263.34,1,1,0.000302560417533293,1,0.7343953219411873,0.9333333333333333,1.0,49.999999999988916,46.85800287560816,50.88148424446044,41.98679283838556,43860.96311161136,0.3837229437229449,-16.599488225104732,3.3032698841397043,263.0353309166705,2.838393485132166,5330.009999999999,-4.0,-0.653683854296327,-1921.5676744910488,0.0,-0.5150000000000006,-3.169431279620916,-438290.39403373585,111697.57625318972
002594.SZ,20230718,264.49,265.25,267.57,260.5,265.48,0.99,0.3743,98456.48,2603934.532,269.97,270.75,273.11,265.9,270.98,1.02072,264.4757,-1,290.94,238.04,264.32,1,1,0.003743052667397606,1,0.9923061374081302,0.9333333333333333,1.0,49.999999999988276,40.18688115921786,52.0761023842724,48.72771446000767,44025.1370065809,0.36762167759751563,-12.867133136482545,4.88307382946727,263.15742825379215,2.880620064046708,5314.65,-2.0,-0.6860573115081889,202.6027091585438,0.0,-0.36449999999999816,-17.076284711139557,-718694.7801251768,-6929.903229434058
002594.SZ,20230719,265.48,265.49,265.9,262.74,264.83,-0.65,-0.2448,50250.0,1328126.187,270.98,270.99,271.41,268.18,270.32,1.02072,264.3037,-1,292.03,238.93,263.68,1,1,-0.0024483953593492647,0,0.5205751662522837,0.9333333333333333,1.0,49.99999999998764,41.829555533875514,51.19570201095512,29.323591731641763,44025.1370065809,0.3755289139633294,-18.681648687661927,3.7120248073013054,263.24003101685634,2.924299041284706,5305.56,-2.0,-0.7847035825953723,-4494.499186012088,0.0,-0.3039999999999992,-10.098757566103906,-882269.7946513928,-131978.45914685674
002594.SZ,20230720,264.83,265.5,269.5,264.0,264.95,0.12,0.0453,91270.51,2434017.185,270.32,271.0,275.08,269.47,270.44,1.02072,266.6817,-1,291.31,238.35,263.8,1,1,0.0004531208699920519,1,0.9828606144253056,0.9,1.0,49.99999999998694,47.049918233421145,51.359193476202755,5.4926352567105425,44045.08571496284,0.38117394416607076,-15.008146275455156,3.9204953554797437,263.3246504567472,2.9586157673320885,5300.35,0.0,-0.8196494684929148,-1822.0525772525543,0.0,-0.2935000000000002,5.033833966001012,-699850.0095002119,-213102.9663401932
002594.SZ,20230721,264.95,264.0,264.8,261.55,264.32,-0.63,-0.2378,75287.03,1979318.622,270.44,269.47,270.29,266.97,269.8,1.02072,262.903,-1,291.45,238.46,263.17,1,1,-0.0023778071334213946,0,0.8156127194540038,0.9,1.0,49.99999999998623,41.913961250539465,50.404529429008896,0.0,44045.08571496284,0.38008565310492587,-20.673495719518794,2.6918002739111944,263.3733239026988,2.998230827742291,5292.0199999999995,0.0,-0.9066956147408769,-1942.1799191332611,0.0,-0.31599999999999967,-9.361215487665348,-878115.1970637445,-308104.7135864148
002594.SZ,20230724,264.32,261.01,262.77,257.49,257.5,-6.82,-2.5802,95950.37,2491708.306,269.8,266.42,268.21,262.83,262.84,1.02072,259.6872,-1,290.75,237.89,256.38,1,1,-0.025802058111380144,0,1.0581078091468252,0.9,1.0,49.99999999998603,42.08790136227825,41.427211900783156,0.0,42908.63185382465,0.3674314300500266,-20.705366233572423,-9.501085408774529,263.1202146463955,3.126051832944457,5287.65,0.0,-1.8098302273543432,875.5142600260879,0.0,-0.5144999999999982,-8.56954515491099,-1092045.2450385971,-420096.2180795837
002594.SZ,20230725,257.5,262.68,266.99,262.65,264.59,7.09,2.7534,173882.84,4604657.752,262.84,268.12,272.52,268.09,270.07,1.02072,264.8138,-1,283.25,231.75,263.44,1,1,0.027533980582524098,1,1.9234189556412722,0.9,1.0,49.99999999998566,49.602588327759875,51.164896023753194,62.14448643588343,44090.07729011053,0.3423336547733854,-23.406839896736074,3.0903698301833815,263.192367368145,3.0248043767030737,5281.299999999999,2.0,-1.3975970950860446,12694.438565465354,0.0,-0.32050000000000123,8.545034642032363,-618843.345855371,-448488.6649046962
002594.SZ,20230726,264.59,263.76,263.76,260.6,262.09,-2.5,-0.9449,65864.88,1723363.551,270.07,269.23,269.23,266.0,267.52,1.02072,261.6514,-1,291.05,238.13,260.95,1,1,-0.009448580823160357,0,0.6996057680059392,0.9,1.0,49.99999999998535,49.369151745764995,48.12664383844528,42.7548020577181,44090.07729011053,0.33013019218846923,-24.325773248050222,-1.1294566301717246,263.1404665773442,2.972401782677342,5287.79,0.0,-1.4033642707483094,5772.814739021795,0.0,-0.41650000000000204,5.280000000000015,-759712.4422357185,-492949.2045234137
002594.SZ,20230727,262.09,264.5,265.77,260.8,261.63,-0.46,-0.1755,112650.69,2962230.532,267.52,269.98,271.28,266.2,267.05,1.02072,262.9572,-1,288.3,235.88,260.49,1,1,-0.0017551222862374205,0,1.1911194610323717,0.9,1.0,49.99999999998493,54.389923069514595,47.566938524827314,39.182843999623394,44012.69381285673,0.3524739367863652,-23.165974697919037,-1.9071494092096284,263.06991135244243,2.7794157493845164,5292.780000000001,0.0,-1.4072489971114213,7213.093857310807,0.0,-0.3325000000000017,13.270603504218116,-535240.8114728496,-498990.8626590474
002594.SZ,20230728,260.49,260.0,267.65,258.22,267.0,6.51,2.4991,173308.25,4584230.666,267.05,266.55,274.39,264.72,273.72,1.025187,264.5131,2,286.54,234.44,267.0,0,1,0.020525169131980325,1,1.8046596697798705,0.9,1.0,49.99999999998464,56.629617573442296,54.255246762202006,81.86665621695442,44916.06179731968,0.27692551004270155,-14.080921722603927,7.074741428388495,263.27029860278907,2.570907650260134,5297.299999999999,0.0,-0.6624288317120754,15573.035189214588,0.0,-0.18950000000000103,11.373424788642623,-173833.47751769074,-452539.8076388536
002594.SZ,20230731,267.0,270.0,276.58,269.88,272.0,5.0,1.8727,215060.16,5874722.583,273.72,276.8,283.55,276.68,278.85,1.025187,273.1665,-1,293.7,240.3,272.0,0,1,0.01872659176029967,1,2.1311452561057513,0.9,1.0,49.999999999984865,57.85315515607238,59.442766781935,100.0,45757.18655007848,0.323449678075229,-18.687223742987342,14.46373854274636,263.7461244400684,2.5453116750433185,5306.03,0.0,0.46690508927067786,25383.321872505418,0.0,-0.5195000000000022,14.628149969268684,478365.55836707586,-319553.3267808637
002594.SZ,20230801,272.0,271.76,272.76,266.5,268.5,-3.5,-1.2868,120339.93,3239067.594,278.8509,278.6048,279.63,273.2123,275.2627,1.025187,269.1598,-1,299.2,244.8,268.5,1,1,-0.012867647058823484,0,1.1622811911302944,0.9,1.0,49.99999999998515,51.075109618349785,54.761369282095174,74.01469157778993,45757.18655007848,0.3263247863247865,-20.44809110916271,8.128453703977158,263.99090025597155,2.5613322598214783,5312.28,-2.0,0.692078776665968,18111.86545845892,0.0,-0.8325000000000017,-3.1499918393993056,136591.98230954772,-254389.71119651923
002594.SZ,20230802,268.5,270.7,272.0,266.36,268.0,-0.5,-0.1862,87393.51,2346829.431,275.26,277.52,278.85,273.07,274.75,1.025187,268.5359,-1,295.35,241.65,268.0,0,1,-0.0018621973929237035,0,0.8593375079719552,0.9,1.0,49.99999999998545,51.21503233248495,54.10581733955476,70.3758808563602,45757.18655007848,0.3502752293577984,-20.442647530668875,7.2359358341255575,264.19562385735406,2.550974210774898,5311.8,-2.0,0.7200669647489821,8358.325033692941,0.0,-0.7420000000000015,-0.2856662745756253,-168767.88934665907,-242158.02236082495
002594.SZ,20230803,268.0,267.28,268.48,265.51,268.23,0.23,0.0858,66169.88,1766952.896,274.75,274.01,275.24,272.2,274.99,1.025187,267.0328,-1,294.8,241.2,268.23,0,1,0.000858208955224038,1,0.6524553219142698,0.8666666666666667,1.0,49.999999999985754,47.468258426335815,54.37637826925838,71.87769932095097,45757.18655007848,0.35595748648144726,-23.27195783374861,7.605218224465871,264.4023476312727,2.5508574869100697,5310.51,-2.0,0.7145285258198795,-962.449028023234,0.0,-0.7495000000000005,-7.751937984496067,-429617.3529142268,-268937.92672559666
002594.SZ,20230804,268.23,268.99,270.07,266.65,268.3,0.07,0.0261,88053.15,2358257.628,274.99,275.77,276.87,273.37,275.06,1.025187,267.8221,-1,295.05,241.41,268.3,0,1,0.00026097006300562775,1,0.8758054479883743,0.8333333333333334,1.0,49.99999999998605,51.202792837723926,54.46436430161059,72.36608856531588,45769.12780593541,0.3818000000000008,-22.06814298510777,7.722902748146887,264.602284025112,2.4941802385199834,5309.0599999999995,0.0,0.6662163732525923,-4019.2062184318956,0.0,-0.6539999999999992,1.909751563292204,-245965.0307970259,-265656.0844500866
002594.SZ,20230807,268.3,267.93,267.93,265.19,266.99,-1.31,-0.4883,64203.8,1710317.723,275.06,274.68,274.68,271.87,273.71,1.025187,266.3889,-1,295.13,241.47,266.99,0,1,-0.004882594111069727,0,0.630483098426158,0.8333333333333334,1.0,49.99999999998589,51.311402883030986,52.42669186995184,61.05546036040506,45769.12780593541,0.37831946095917607,-28.519138092086934,5.086164012378146,264.72176779299394,2.433353169581623,5307.86,0.0,0.4159718944980204,-8817.496078453343,0.0,-0.5284999999999996,-4.792332268370565,-406653.91793533124,-285798.63209083583
002594.SZ,20230808,266.99,265.2,266.5,262.51,263.3,-3.69,-1.3821,91711.88,2419517.105,273.71,271.88,273.21,269.12,269.93,1.025187,263.8172,-1,293.69,240.29,263.3,0,1,-0.013820742349900716,0,0.9026847356738646,0.8333333333333334,1.0,49.99999999998579,46.51626621435553,47.083172335439905,31.394872219973102,45136.5644829499,0.3946661153607612,-31.924115342697807,-2.024467139300603,264.6554351943641,2.527598277883211,5311.299999999999,-2.0,-0.25244178900805503,-7880.691331715926,0.0,-0.8399999999999977,-11.023622047244075,-637694.0424903476,-336069.4050050518
002594.SZ,20230809,263.3,262.0,263.5,260.23,262.9,-0.4,-0.1519,72499.37,1897124.688,269.93,268.6,270.14,266.78,269.52,1.025187,261.6746,-1,289.63,236.97,262.9,0,1,-0.0015191796429928628,0,0.717358501957995,0.8666666666666667,1.0,49.99999999998564,46.88589039516243,46.52953928589809,28.321788691910164,45136.5644829499,0.42375138734739165,-36.26830991216022,-2.7751387021687437,264.57416284041676,2.585049584616423,5303.65,-2.0,-0.7274208851568309,-9343.585367849346,0.0,-0.5504999999999995,-16.767036450079253,-842910.9743879009,-408475.343488316
002594.SZ,20230810,262.9,263.0,264.87,260.74,262.7,-0.2,-0.0761,60016.1,1575799.641,269.52,269.62,271.54,267.31,269.32,1.025187,262.5628,-1,289.19,236.61,262.7,0,1,-0.0007607455306199995,0,0.598140958355442,0.8333333333333334,1.0,49.99999999998545,46.244961930096224,46.236788117864634,26.69679756638155,45136.5644829499,0.44364396932372735,-33.96728561114067,-3.165627224248994,264.4877421817828,2.6750794536709357,5303.509999999999,-4.0,-1.029074735448409,-11353.692115300279,0.0,-0.5819999999999993,-12.034383954154755,-679109.1140593103,-447137.3107127437
002594.SZ,20230811,262.7,262.69,262.7,259.01,259.25,-3.45,-1.3133,86125.28,2242256.361,269.32,269.31,269.32,265.53,265.78,1.025187,260.3482,-1,288.97,236.43,259.25,0,1,-0.013132851161020143,0,0.868190733540358,0.8333333333333334,1.0,49.9999999999856,46.672166571602794,41.398135452467486,0.0,44543.792699675534,0.4433348815606125,-32.63882469822503,-9.74758746539994,264.2626379588589,2.806641281139133,5298.38,-4.0,-1.6187478315453787,-8649.77071074124,0.0,-0.5844999999999999,-12.687628377310858,-837395.3277732383,-502888.45600710006
002594.SZ,20230814,259.25,255.0,256.99,243.49,245.82,-13.43,-5.1803,252890.35,6237439.722,265.78,261.42,263.46,249.62,252.01,1.025187,246.646,-1,285.18,233.33,245.82,0,1,-0.051803278688524634,0,2.5707805642020425,0.8333333333333334,1.0,49.99999999998685,43.19685047527071,28.77446499248382,0.0,42236.27819261037,0.5865981209005489,-9.511662688709217,-29.408774852870778,263.6426910976871,3.489404346596604,5295.280000000001,-6.0,-3.628145289020598,14839.443366657932,0.0,-0.9180000000000007,-28.843677568890115,-1182193.9884822671,-599932.1035035525
002594.SZ,20230815,245.82,245.82,246.13,241.9,244.54,-1.28,-0.5207,115021.29,2804377.793,252.01,252.01,252.33,247.99,250.7,1.025187,243.8138,-1,270.4,221.24,244.54,0,1,-0.005207062077943192,0,1.0742703344358817,0.8333333333333334,1.0,49.99999999998833,43.040997617929655,27.901199337728173,0.0,42236.27819261037,0.6116402116402111,-13.857637783983014,-30.918585541167005,263.01429065911645,4.1262772967266645,5280.91,-8.0,-4.863024028702231,11209.233712739047,0.0,-0.9935000000000016,-36.240913811007346,-1507068.9475095342,-729523.0812186928
002594.SZ,20230816,244.54,243.28,245.5,242.21,244.2,-0.34,-0.139,79979.36,1953463.842,250.7,249.41,251.68,248.31,250.35,1.025187,244.246,-1,268.99,220.09,244.2,1,1,-0.0013903655843624518,0,0.741253384515383,0.8333333333333334,1.0,49.999999999989626,42.573352978973716,27.661060952054328,0.0,42236.27819261037,0.6150026600461073,-12.773372225275363,-31.329251683169147,262.39905665025367,4.684806441551385,5260.51,-8.0,-5.4166540334902065,3870.22255959492,0.0,-0.914500000000001,-40.30096402539393,-1691693.767997987,-866976.0364728777
002594.SZ,20230817,244.2,243.37,246.34,240.4,246.01,1.81,0.7412,86835.55,2118628.433,250.3507,249.4998,252.5446,246.455,252.2063,1.025187,243.9817,-1,268.62,219.78,246.01,0,1,0.007411957411957326,1,0.793860202400935,0.8333333333333334,1.0,49.999999999990585,42.26260638053357,31.062618623332185,10.702879478796776,42549.33168781358,0.6229338842975205,-10.587154047955892,-27.09541960755162,261.83008650829424,5.120687433775357,5236.91,-8.0,-5.227506724912066,-69.81117662434167,0.0,-0.7550000000000011,-47.66422481085639,-1419780.4145216583,-945948.0904798463
002594.SZ,20230818,246.01,245.56,245.56,240.0,240.29,-5.72,-2.3251,98466.5,2385483.843,252.2063,251.7449,251.7449,246.0449,246.3422,1.025187,242.2635,-1,270.61,221.41,240.29,0,1,-0.023251087354172584,0,0.9020202495308277,0.8333333333333334,1.0,49.999999999991346,41.96922214377734,26.777372242177123,0.0,41560.013459878566,0.5790723444673103,-5.333084821446013,-34.15661394934716,261.1547187789942,5.715531827458327,5217.97,-8.0,-5.531895872622719,-1063.3014672276474,0.0,-1.0345000000000013,-45.07876496534357,-1520287.8838496953,-1027996.6323898248
002594.SZ,20230821,240.29,239.8,239.88,234.05,234.41,-5.88,-2.447,127879.2,3022536.162,246.3422,245.8398,245.9219,239.945,240.3141,1.025187,236.3587,-1,264.32,216.26,234.41,0,1,-0.024470431561862682,0,1.1591539055378108,0.8333333333333334,1.0,49.99999999999199,41.58361949328326,23.229672900426984,0.0,40543.02199479852,0.6834324280893457,-3.7887054924985577,-40.40269562109451,260.3957125191847,6.394312062798914,5193.9400000000005,-8.0,-6.137480870383382,2114.127958853927,0.0,-1.1285000000000025,-46.35647464303314,-1754275.7001028834,-1131750.784920262
002594.SZ,20230822,234.41,237.97,238.5,230.9,234.54,0.13,0.0555,112115.89,2620973.083,240.3141,243.9638,244.5071,236.7157,240.4474,1.025187,233.7736,-1,257.85,210.97,234.54,0,1,0.000554583848811907,1,1.00177176335677,0.8,1.0,49.9999999999925,34.81771429921815,23.47108283007907,0.7728903946940805,40543.02199479852,0.8264881490863031,2.3246174385893834,-40.09341291371305,259.6581279983711,7.074378082394787,5167.34,-8.0,-6.119026946081098,1968.3695953733704,0.0,-1.3955000000000013,-58.020951659724965,-1933766.4846947417,-1246324.4563166162
002594.SZ,20230823,234.54,234.54,234.54,230.03,230.09,-4.45,-1.8973,81237.55,1882331.986,240.4474,240.4474,240.4474,235.8238,235.8853,1.025187,231.7071,-1,257.99,211.09,230.09,0,1,-0.018973309456808973,0,0.746467969351365,0.8,1.0,49.99999999999288,34.72181341498835,21.03292028005777,0.0,40543.02199479852,0.8135267389024814,4.508381768043749,-44.49872053807275,258.8766666006551,7.830494930805476,5137.29,-8.0,-6.281028200686038,-2186.355718226614,0.0,-1.5345,-58.40420210105063,-2053819.711381672,-1361680.92132591
002594.SZ,20230824,230.09,231.01,237.0,231.01,234.9,4.81,2.0905,106810.59,2501734.161,235.8853,236.8284,242.9693,236.8284,240.8164,1.025187,234.2215,-1,253.1,207.08,234.9,0,1,0.02090486331435537,1,0.9745679899505724,0.8,1.0,49.999999999993015,34.1852597909248,29.551567149736584,27.134831013490086,41390.568327950685,0.7560500243625137,5.810858958570645,-33.34215331091629,258.1156032833304,8.3640861959991,5101.61,-6.0,-5.351424024277696,-1425.8527545657983,0.0,-1.196499999999999,-57.51772167640848,-1667334.8641686821,-1405345.770303449
002594.SZ,20230825,234.9,233.28,234.33,231.5,232.6,-2.3,-0.9791,66775.26,1554437.027,240.8164,239.1556,240.2321,237.3308,238.4585,1.025187,232.7864,-1,258.39,211.41,232.6,0,1,-0.009791400595998367,0,0.6109027282471113,0.8,1.0,49.99999999999291,27.442039281009812,27.996341998997675,26.730726843394294,41390.568327950685,0.795726495726495,-6.504950598121055,-35.83570937238921,257.3359887192302,8.961683253348546,5078.29,-8.0,-4.681644300301084,-5995.142746262088,0.0,-1.5804999999999993,-57.56521739130442,-1703520.696290324,-1447942.188301574
002594.SZ,20230828,232.6,248.0,248.0,234.25,235.53,2.93,1.2597,133527.36,3189524.811,238.4585,254.2464,254.2464,240.1501,241.4623,1.025187,238.8668,-1,255.86,209.34,235.53,0,1,0.012596732588134207,1,1.284173387319756,0.8333333333333334,1.0,49.99999999999278,23.557109853145406,32.8449377624911,46.32777969395722,41911.95424884878,0.7572213361687039,6.01701356967072,-29.347255039343928,256.60234445275654,9.372879147604301,5043.89,-8.0,-3.5316252914695916,-22.001216973535634,0.0,-2.3039999999999994,-53.726820991395016,-1440910.4082704247,-1446937.648297124
002594.SZ,20230829,235.53,236.81,247.5,236.81,246.71,11.18,4.7467,213223.46,5201525.92,241.4623,242.7745,253.7338,242.7745,252.9239,1.025187,243.9472,-1,259.08,211.98,246.71,0,1,0.04746741391754772,1,2.1343136349117677,0.8333333333333334,1.0,49.99999999999267,32.685915149640394,47.399788977130555,100.0,43901.406329272206,0.6546560598970514,11.578311287925523,-8.525808222705038,256.17144244628105,9.53969367971425,5006.66,-6.0,-1.0798467580262212,13897.97202585155,0.0,-1.6459999999999995,-46.70769230769233,-741292.425644112,-1346131.1879181226
002594.SZ,20230830,246.71,249.33,251.47,247.84,249.8,3.09,1.2525,152187.35,3798606.951,252.9239,255.6099,257.8038,254.0823,256.0917,1.025187,249.6007,-1,271.38,222.04,249.8,0,1,0.012524826719630289,1,1.4556868193527537,0.8333333333333334,1.0,49.99999999999267,38.92341035030732,50.587419029356774,100.0,43901.406329272206,0.600299850074962,7.852968938716338,-3.6706586305038575,255.87917727750775,9.657891023157198,4981.37,-4.0,1.0292145326982922,14075.079410241804,0.0,-1.4875,-28.5839160839161,-83682.26106632687,-1165781.3412250092
002594.SZ,20230831,249.8,250.51,250.99,248.0,249.4,-0.4,-0.1601,88733.96,2214559.039,256.0917,256.8196,257.3117,254.2464,255.6816,1.025187,249.5729,-1,274.78,224.82,249.4,0,1,-0.0016012810248199338,0,0.8232384775866813,0.8666666666666667,1.0,49.99999999999271,38.60185503437739,50.1636243224846,98.56605686170798,43901.406329272206,0.5987737400927168,7.506587986093562,-4.254327655955316,255.58377099909288,9.780590515641638,4966.849999999999,-6.0,2.3651137357485386,5288.530178516291,0.0,-1.5905000000000016,-26.130198915009053,-269759.90625766246,-1037778.2790868168
002594.SZ,20230901,249.4,253.0,254.47,248.0,249.12,-0.28,-0.1123,77771.83,1949444.069,255.6816,259.3723,260.8793,254.2464,255.3946,1.025187,250.662,-1,274.34,224.46,249.12,0,1,-0.0011226944667200867,0,0.7140620758935924,0.8666666666666667,1.0,49.99999999999283,38.12493989605986,49.84881285101056,97.5008671789308,43901.406329272206,0.5649970184853903,11.60441378616354,-4.6798937390506365,255.29037702838815,9.889759013840406,4954.67,-8.0,3.1563055438898147,-1967.9743974386465,0.0,-1.7500000000000013,-23.49230939471063,-124513.58428568742,-907311.894115227
002594.SZ,20230904,249.12,251.6,253.0,248.88,252.45,3.33,1.3367,96511.6,2427791.469,255.3946,257.937,259.3723,255.1485,258.8085,1.025187,251.5544,-1,274.03,224.21,252.45,0,1,0.013367052023121273,1,0.8903235140408106,0.8666666666666667,1.0,49.99999999999299,42.10974706067886,53.57992549892966,100.0,44488.238711563776,0.5277858176555714,13.089315834276036,0.8377881334628948,255.15398782028922,9.92404860147462,4935.25,-6.0,4.018179401646842,-4089.5815147467274,0.0,-1.6605000000000019,-22.920847268673356,190582.0088370393,-750469.9079791891
002594.SZ,20230905,252.45,252.2,252.2,248.69,249.03,-3.42,-1.3547,74570.5,1864915.96,258.8085,258.5522,258.5522,254.9538,255.3023,1.025187,250.0876,-1,277.7,227.21,249.03,0,1,-0.013547237076648844,0,0.6778151282586555,0.8666666666666667,1.0,49.999999999993115,42.54895709839905,49.50627340926332,87.48378825556495,44488.238711563776,0.5061746331541479,11.482436750863396,-4.598551958996473,254.87577957941252,9.968294674297708,4920.71,-6.0,4.008477841772555,-8064.511421021858,0.0,-1.7240000000000024,-21.27078114324756,15970.042183818296,-640978.4865273308
002594.SZ,20230906,249.03,250.0,252.3,249.3,250.45,1.42,0.5702,65928.56,1653726.027,255.3023,256.2968,258.6547,255.5791,256.7581,1.025187,250.8361,-1,273.93,224.13,250.45,0,1,0.005702124242059181,1,0.6039686130086441,0.8666666666666667,1.0,49.999999999993136,45.85054882866108,51.166423243727074,92.58456426644393,44488.238711563776,0.4987831066571227,10.383109807099743,-2.190680866619727,254.66964506165218,9.994722717795952,4906.240000000001,-4.0,4.0616171210703165,-11276.872455959277,0.0,-1.7465000000000017,-17.64017324125014,182095.31719932007,-523396.5145663807
002594.SZ,20230907,250.45,250.42,250.42,248.11,248.4,-2.05,-0.8185,60913.02,1517662.852,256.7581,256.7273,256.7273,254.3591,254.6565,1.025187,249.1525,-1,275.5,225.41,248.4,0,1,-0.008185266520263412,0,0.5597060460426413,0.8666666666666667,1.0,49.99999999999309,42.93814926558424,48.67817149069408,84.93946224768672,44488.238711563776,0.45564853556485363,6.487929949772115,-5.496634417761664,254.3875009857797,10.009282578464838,4891.820000000001,-4.0,3.699206338208265,-13354.31379658923,0.0,-1.8325000000000002,-21.317198045147805,32929.778861540486,-443921.32979096344
002594.SZ,20230908,248.4,247.01,247.01,242.69,244.05,-4.35,-1.7512,67634.4,1651599.178,254.6565,253.2314,253.2314,248.8026,250.1969,1.025187,244.1951,-1,273.24,223.56,244.05,0,1,-0.017512077294685957,0,0.6212102086808124,0.8666666666666667,1.0,49.99999999999285,43.417880429482075,43.809629507371575,69.98096775462179,43709.15723654243,0.37134986225895344,7.1583356771080355,-12.130497017704625,253.95495285544663,9.98201791491236,4877.5199999999995,-4.0,2.7933425059414585,-13083.02373991864,0.0,-1.8084999999999993,-24.184325597040043,-115097.43538212846,-396946.4877325585
002594.SZ,20230911,244.05,243.7,248.5,242.2,247.01,2.96,1.2129,76513.44,1876707.032,250.1969,249.8381,254.759,248.3003,253.2314,1.025187,245.2781,-1,268.46,219.65,247.01,0,1,0.012128662159393455,1,0.708781461207854,0.8666666666666667,1.0,49.999999999992355,51.29344026274337,47.64666776866424,81.77018840791807,44239.29083793626,0.3933687429583136,-7.143225510851729,-6.762446870132919,253.64660504075894,9.759140651650778,4860.469999999999,-2.0,2.520987362107478,-11048.603320412369,0.0,-1.1839999999999988,-6.067056945183644,43772.86992030195,-333986.5794964356
002594.SZ,20230912,247.01,248.7,253.37,247.1,251.99,4.98,2.0161,119532.4,3004363.229,253.2314,254.964,259.7516,253.3237,258.3369,1.025187,251.343,-1,271.71,222.31,251.99,0,1,0.020161127079875385,1,1.205792284675134,0.8666666666666667,1.0,49.99999999999187,57.288442243938675,53.4108929210466,99.33929280124691,45131.20480244346,0.3712593042685708,-2.592709303801657,1.5817135120259926,253.5664713366385,9.494547976097968,4861.35,0.0,2.91205801944749,-3633.0927505891304,0.0,-0.9554999999999978,16.184971098265862,376846.4165487542,-232439.00863283707
002594.SZ,20230913,251.99,252.0,254.28,250.4,251.55,-0.44,-0.1746,91478.97,2305291.96,258.3369,258.3471,260.6846,256.7068,257.8858,1.025187,252.0024,-1,277.19,226.79,251.55,0,1,-0.001746101035755343,0,0.9207062597025372,0.8666666666666667,1.0,49.99999999999139,61.602299269337415,52.85714977361656,97.1748456375745,45131.20480244346,0.3706961929318977,-1.2981369838685881,0.8486628387759148,253.46963398523243,9.215735180199768,4870.13,0.0,3.0000299011398432,-2296.619671405595,0.0,-1.0239999999999967,21.05189926255737,675606.9169349505,-102718.16212315316
002594.SZ,20230914,251.55,246.8,246.95,242.0,243.63,-7.92,-3.1485,152580.25,3722930.909,257.8858,253.0162,253.1699,248.0953,249.7663,1.025187,243.9982,-1,276.71,226.4,243.63,0,1,-0.031484794275492,0,1.5268351062165098,0.9,1.0,49.99999999999099,55.426154928823486,44.01197239258988,53.855998238544565,43710.25810383343,0.3392559689061634,-3.0377618342405097,-11.281866651427789,253.05394162332624,8.998613864992743,4881.28,-2.0,1.9318637851497469,6544.095433816119,0.0,-1.3144999999999967,10.884527147591108,339704.44788644434,-39514.93212178209
002594.SZ,20230915,243.63,244.0,246.84,241.51,244.29,0.66,0.2709,82255.95,2010812.284,249.7663,250.1456,253.0572,247.5929,250.4429,1.025187,244.458,-1,267.99,219.27,244.29,0,1,0.0027090259820219398,1,0.796902394641514,0.9333333333333333,1.0,49.99999999999065,59.86005214843249,44.84034886184688,10.549520253694293,43710.25810383343,0.36488504031054064,-3.165082661633183,-10.119961139739729,252.67884475967213,8.643025864826237,4876.78,0.0,1.285755805957253,2835.4168850357946,0.0,-1.0364999999999966,11.29589356530635,490698.9990678963,36229.915191029104
002594.SZ,20230918,244.29,244.5,251.2,244.29,247.38,3.09,1.2649,96405.22,2395846.503,250.4429,250.6582,257.527,250.4429,253.6108,1.025187,248.5183,-1,268.72,219.86,247.38,0,1,0.012648900896475412,1,0.9413737807635938,0.9333333333333333,1.0,49.99999999999025,65.46492704659912,48.66953937749776,49.74168514777176,44263.14482674818,0.3807446642779251,-0.8163478819708443,-4.730910935385248,252.43845613426797,8.084191146299302,4880.78,2.0,1.2452790867871064,2230.78586876,0.0,-0.6229999999999961,24.99347088012528,704314.0924455279,131670.51194167178
002594.SZ,20230919,247.38,246.0,248.28,243.8,247.17,-0.21,-0.0849,62396.93,1533948.927,253.6108,252.196,254.5334,249.9406,253.3955,1.025187,245.8372,-1,272.12,222.64,247.17,0,1,-0.0008488964346350381,0,0.6187999810939371,0.9,1.0,49.99999999998987,66.9481529708212,48.42350985290757,47.22354726532919,44263.14482674818,0.3802707328458068,-6.473201536757207,-5.063277726016633,252.20027996434814,7.4892847171117465,4898.16,0.0,1.162487340745849,-2548.2828935117177,0.0,-0.3929999999999964,25.370006548788425,487776.5487815806,182542.8029188016
002594.SZ,20230920,247.17,245.0,246.28,244.0,244.0,-3.17,-1.2825,54497.1,1332673.933,253.3955,251.1708,252.4831,250.1456,250.1456,1.025187,244.5403,-1,271.89,222.45,244.0,0,1,-0.01282518104948005,0,0.5541170904600058,0.9,1.0,49.999999999989484,67.716128344733,44.74635197366335,9.587452284978273,44263.14482674818,0.3724400698523578,-10.509147779016544,-10.049651431122934,251.84903327808362,6.691719731434229,4910.79,0.0,0.6770633221772369,-6355.111782787662,0.0,-0.22049999999999698,28.673208764618863,257538.24611007533,193256.43766041216
002594.SZ,20230921,244.0,243.0,243.87,238.55,239.68,-4.32,-1.7705,92964.62,2232606.21,250.1456,249.1204,250.0124,244.5584,245.7168,1.025187,240.1565,-1,268.4,219.6,239.68,0,1,-0.017704918032786843,0,0.9582755690296625,0.9333333333333333,1.0,49.99999999998926,62.8188155713913,40.25957608449842,0.0,43479.46947571723,0.3675200000000001,-10.722431842745621,-16.35206223556986,251.3643120693701,6.062707194811224,4924.7,-2.0,-0.1835998663973748,-3420.4028001319875,0.0,-0.5809999999999974,17.34298268286377,-44515.73438759573,159288.98451069676
002594.SZ,20230922,239.68,239.52,245.66,238.5,245.05,5.37,2.2405,96763.96,2356419.361,245.7168,245.5528,251.8474,244.5071,251.2221,1.025187,243.5224,-1,263.65,215.71,245.05,0,1,0.02240487316421902,1,1.0046080824098735,0.9333333333333333,1.0,49.99999999998906,66.65642786475215,47.329566973190765,53.75880587900125,44453.62147456821,0.3083727314320575,-1.3187689943169083,-6.5808185915922355,251.08341784809497,5.166705862402796,4928.3,0.0,0.0028664754028553396,-831.1595018518783,0.0,-0.27049999999999697,23.37254901960779,144536.38859801122,157181.47080888454
002594.SZ,20230925,245.05,246.83,246.98,244.35,245.8,0.75,0.3061,64786.8,1592828.38,251.2221,253.0469,253.2007,250.5044,251.991,1.025187,245.8569,-1,269.56,220.55,245.8,0,1,0.003060599877575898,1,0.6623093642718269,0.9333333333333333,1.0,49.99999999998885,65.51031381297872,48.25070904563799,60.76298716286571,44453.62147456821,0.27859283798706436,-22.76986855526738,-5.280981118249948,250.84511301242168,4.416186048352098,4940.05,0.0,0.24619669986131054,-3158.6307324876943,0.0,0.3015000000000029,14.647641234711656,368673.6773386452,187394.64317027893
002594.SZ,20230926,245.8,245.0,245.0,238.3,238.5,-7.3,-2.9699,118462.63,2846103.7,251.991,251.1708,251.1708,244.3021,244.5071,1.025187,240.2533,-1,270.38,221.22,238.5,0,1,-0.029698942229454905,0,1.2551332070867873,0.9333333333333333,1.0,49.99999999998868,57.24797847202225,40.77576235838873,3.9249778581548913,43133.39593850495,0.2717190388170055,-27.38009227367871,-15.801827050051223,250.35014350741858,4.2180289407418154,4950.320000000001,-2.0,-0.5156131876605548,2493.7531105750386,0.0,-0.5184999999999974,2.009145074130508,199260.90727059625,189089.82375603853
002594.SZ,20230927,238.5,239.11,242.22,237.79,237.83,-0.67,-0.2809,75733.67,1808518.866,244.5071,245.1325,248.3208,243.7792,243.8202,1.025187,238.7998,-1,262.35,214.65,237.83,0,1,-0.0028092243186582655,0,0.8448225105050954,0.9333333333333333,1.0,49.99999999998843,50.95454709065851,40.160807185829725,0.0,43133.39593850495,0.29217025748817693,-23.567313312552738,-16.695768081541075,249.85348591770693,4.1341818459493265,4945.83,-4.0,-1.0200926824621481,541.1074921359195,0.0,-0.6059999999999974,-19.3366708385482,-32137.59305872582,157485.90706821505
002594.SZ,20230928,237.83,238.8,239.5,236.05,236.7,-1.13,-0.4751,85257.68,2022931.184,243.8202,244.8147,245.5323,241.9954,242.6618,1.025187,237.2726,-1,261.61,214.05,236.7,0,1,-0.004751292940335605,0,0.9934269548943981,0.9333333333333333,1.0,49.999999999988376,51.183762132296614,39.09003818874987,0.0,42928.45653888964,0.31857488758215147,-21.081643267646292,-18.236913142471764,249.34135753124562,4.068965720278329,4934.34,-4.0,-1.3932240768398279,592.2293034836384,0.0,-0.6554999999999993,-22.06771463119712,-314520.55000662385,90056.41320038092
002594.SZ,20231009,236.7,236.7,238.51,229.66,237.97,1.27,0.5365,91790.71,2162900.147,242.6618,242.6618,244.5174,235.4444,243.9638,1.025187,235.6339,-1,260.37,213.03,237.97,0,1,0.005365441487114486,1,1.0717207078441604,0.9333333333333333,1.0,49.99999999998836,46.32338541254946,40.99417522887935,13.296252742758588,43158.78666058119,0.4186362863458598,-13.388537634385008,-15.704535276983872,248.88490330856564,3.995190037537169,4909.53,-2.0,-1.3549686364275644,1513.489307941094,0.0,-0.39799999999999897,-35.42782684233387,-538268.0227807332,295.7794887932105
002594.SZ,20231010,237.97,237.96,240.02,237.0,237.91,-0.06,-0.0252,63936.61,1524841.111,243.9638,243.9535,246.0654,242.9693,243.9022,1.025187,238.4926,-1,261.77,214.17,237.91,0,1,-0.00025213262175904916,0,0.7404448096140356,0.9,1.0,49.99999999998827,45.15308630985505,40.92907627195426,13.358198427227999,43158.78666058119,0.44328411955347513,-14.70228928672055,-15.794224699753775,248.44483176478323,4.083322793443244,4900.67,-4.0,-1.2275360494073713,-1460.621049550864,0.0,-0.4429999999999993,-20.896717373899136,-276504.9015661881,-39247.17494763269
002594.SZ,20231011,237.91,241.96,242.5,238.0,238.59,0.68,0.2858,76683.73,1838352.974,243.9022,248.0542,248.6078,243.9945,244.5994,1.025187,239.7318,-1,261.7,214.12,238.59,0,1,0.00285822369803701,1,0.9051413505763579,0.9333333333333333,1.0,49.99999999998804,49.62200322501762,42.05220906295912,30.92197407615152,43282.14412739298,0.46628787878787875,-11.550948270623671,-14.342848213665857,248.04286185035235,4.086039508904479,4886.13,-2.0,-0.9536412359140245,-1534.8872367048461,0.0,-0.4530000000000001,-16.157661185069195,-3946.0040954825818,-34204.15054018267
002594.SZ,20231012,238.59,240.4,245.5,239.0,244.45,5.86,2.4561,139340.94,3391600.251,244.5994,246.455,251.6834,245.0197,250.607,1.025187,243.403,-1,262.45,214.73,244.45,0,1,0.024560962320298252,1,1.6426710577818382,0.9333333333333333,1.0,49.999999999987836,51.646463880482486,50.743669985440306,100.0,44345.195238447595,0.43011879804332637,-3.667124489789506,-2.66939651212809,247.87634022552217,4.007011987633663,4875.69,-2.0,0.061019783404193895,6586.094886988356,0.0,-0.2730000000000004,-12.643969117833237,433014.8691993526,32541.423708322356
002594.SZ,20231013,244.45,241.9,242.77,239.8,240.36,-4.09,-1.6731,66445.23,1598611.952,250.607,247.9927,248.8846,245.8398,246.4139,1.025187,240.5909,-1,268.9,220.01,240.36,0,1,-0.016731437921865266,0,0.7508236643816165,0.9333333333333333,1.0,49.99999999998765,51.54536789876101,45.60257488227093,55.88418106165479,44345.195238447595,0.4153171390013496,-2.1813896750654185,-9.46035620824048,247.5522798604572,4.03055872887225,4869.69,-2.0,0.21667791582588336,2101.6321827636675,0.0,-0.24900000000000092,-13.573754069621842,206503.07207137597,57393.08776018716
002594.SZ,20231016,240.36,240.4,241.08,236.5,237.51,-2.85,-1.1857,66022.21,1573224.653,246.4139,246.455,247.1521,242.4567,243.4922,1.025187,238.2872,-1,264.4,216.32,237.51,0,1,-0.011857214178731978,0,0.7437189673597155,0.9333333333333333,1.0,49.99999999998736,51.64157148907628,42.380427975046565,28.23488714677896,44345.195238447595,0.426098996192454,-1.481237721446883,-13.868364254350618,247.14039510283968,4.16446899433823,4862.37,-2.0,-0.016456222654085195,-803.310698470721,0.0,-0.24550000000000266,-11.216876768716233,4881.525986061839,49891.43607816926
002594.SZ,20231017,237.51,237.52,239.99,236.5,238.0,0.49,0.2063,49163.59,1169236.112,243.4922,243.5024,246.0346,242.4567,243.9945,1.025187,237.8256,-1,261.26,213.76,238.0,0,1,0.0020630710285882703,1,0.5543153742422445,0.9333333333333333,1.0,49.9999999999868,48.071205272987314,43.124503596421064,34.61981190118738,44345.195238447595,0.4451274633881753,-6.998004053905683,-12.873819268584274,246.76117238108415,4.3187677105211675,4856.67,-2.0,-0.054717046240011946,-4661.891532322305,0.0,-0.3870000000000033,-14.61080941298166,-156500.64998693182,20406.852354583392
002594.SZ,20231018,238.0,245.6,251.0,244.0,249.07,11.07,4.6513,307862.84,7646061.771,243.9945,251.7859,257.3219,250.1456,255.3433,1.025187,248.3594,-1,261.8,214.2,249.07,0,1,0.04651260504201682,1,3.525485038870903,0.9333333333333333,1.0,49.999999999986855,53.18893680159092,56.72179753631114,100.0,46407.80579008463,0.40097719869706827,-4.662753715907329,6.538670519692233,246.8783054405977,4.324198554966505,4847.66,-2.0,1.381677121819794,26265.62343722477,0.0,-0.3780000000000044,-6.219292989814292,304835.3429478691,61039.493867909914
002594.SZ,20231019,249.07,246.95,247.97,240.34,240.6,-8.47,-3.4007,147753.28,3595894.522,255.3433,253.1699,254.2156,246.3934,246.66,1.025187,243.3716,-1,273.98,224.16,240.6,0,1,-0.03400650419560769,0,1.5273001503119419,0.9333333333333333,1.0,49.99999999998686,47.00596411808457,47.386962814773156,47.05670297825877,46407.80579008463,0.31024053003024604,2.8169835862032997,-6.423218743929436,246.5985418144674,4.3898245376848575,4842.450000000001,-2.0,1.1699148903705492,23860.453547963454,0.0,-0.6730000000000047,-14.49707672115504,-18293.22212781984,49706.248725662816
002594.SZ,20231020,240.6,240.0,241.8,238.21,239.2,-1.4,-0.5819,85658.61,2050294.971,246.66,246.0449,247.8902,244.2098,245.2247,1.025187,239.3566,-1,264.66,216.54,239.2,0,1,-0.005818786367414841,0,0.8604132396000722,0.9333333333333333,1.0,49.99999999998683,48.69040823068251,46.03829441382419,39.407617175964695,46407.80579008463,0.34239389604196446,0.07328814869362335,-8.36300069254959,246.27569411393003,4.40969467146834,4832.7,-2.0,0.8359363775946917,13144.865328748328,0.0,-0.5545000000000044,-12.159843098798753,-303833.72620367794,-799.4619785287141
002594.SZ,20231023,239.2,240.0,240.0,236.2,238.65,-0.55,-0.2299,73536.83,1747793.907,245.2247,246.0449,246.0449,242.1492,244.6609,1.025187,237.676,-1,263.12,215.28,238.65,0,1,-0.002299331103678859,0,0.7643436863318841,0.9333333333333333,1.0,49.99999999998677,44.63136170243752,45.49053893879414,36.30097611858314,46407.80579008463,0.3429936305732482,-2.875381102035813,-9.14186122171759,245.94576250722326,4.449507987323652,4831.19,-4.0,0.5494475333121502,4130.543122013865,0.0,-0.6365000000000037,-13.766546329723262,-528818.6628872422,-76230.7763940592
002594.SZ,20231024,238.65,239.3,240.5,234.67,235.55,-3.1,-1.299,110778.92,2614866.694,244.6609,245.3272,246.5575,240.5806,241.4828,1.025187,236.0437,-1,262.52,214.79,235.55,0,1,-0.012989733919966495,0,1.1566802283472752,0.9333333333333333,1.0,49.99999999998681,39.28704611114809,42.42653872494083,18.923242260860643,45804.980741061954,0.3397548161120841,-4.60133303427605,-13.503625000773958,245.5175740442577,4.590176256898038,4827.4,-6.0,-0.018979875709246308,2946.246535940498,0.0,-0.9680000000000035,-21.589634981935994,-846902.288220915,-186326.7066550386
002594.SZ,20231025,235.55,237.97,240.01,236.22,237.4,1.85,0.7854,83675.73,1993861.828,241.4828,243.9638,246.0551,242.1697,243.3794,1.025187,238.2844,-1,259.11,212.0,237.4,0,1,0.007853958819783458,1,0.8671792982462886,0.9333333333333333,1.0,49.99999999998687,43.135113023562745,44.815344091777824,32.47155198848517,45804.980741061954,0.33110938712179994,-5.6002445083140655,-10.180924870644843,245.1703773809485,4.684939849495574,4814.67,-4.0,-0.10248488021770541,-1487.7048863139516,0.0,-1.0550000000000026,-16.29911280101397,-541660.9462341939,-237088.74088063222
002594.SZ,20231026,237.4,236.06,238.8,235.7,238.61,1.21,0.5097,73199.35,1738279.51,243.3794,242.0056,244.8147,241.6366,244.6199,1.025187,237.472,-1,261.14,213.66,238.61,0,1,0.005096882898062427,1,0.7503332618887403,0.9333333333333333,1.0,49.99999999998683,42.766393334438284,46.3823285913878,34.530162523295864,45804.980741061954,0.34149463914226275,-3.6050973151216468,-8.0041579529314,244.88298336127858,4.719143603178896,4803.2,-2.0,0.0408745283221581,-5600.482821050766,0.0,-0.877500000000002,-15.452566892843421,-652927.4240473849,-296494.2670473112
002594.SZ,20231027,238.61,238.0,243.5,237.52,241.95,3.34,1.3998,103205.56,2490630.305,244.6199,243.9945,249.633,243.5024,248.044,1.025187,241.3271,-1,262.47,214.75,241.95,0,1,0.013997736892837676,1,1.0478690228600518,0.9333333333333333,1.0,49.99999999998681,47.75081749993104,50.555889090779345,60.95727682189997,46446.14680985684,0.34693545764916284,-1.8895507871079649,-2.140852950109082,244.74630752792322,4.6259616735240465,4796.72,0.0,0.5906831053259864,-4116.583549206701,0.0,-0.5140000000000029,-2.481902792140673,-429183.7287894741,-315449.9044390488
002594.SZ,20231030,241.95,239.51,244.99,238.7,244.6,2.65,1.0953,117295.47,2849732.929,248.044,245.5425,251.1606,244.7121,250.7607,1.025187,242.9534,-1,266.15,217.76,244.6,0,1,0.010952676172762965,1,1.1847674953989247,0.9333333333333333,1.0,49.99999999998687,48.28730965552554,53.639309553854716,78.98722252464063,46954.8564153378,0.36298690253444477,-3.3211948469930936,2.289311875971284,244.7391810058501,4.596840905984233,4796.92,0.0,1.2770096104236077,-1224.6835204246709,0.0,-0.5360000000000028,-2.8808720477550054,-78919.85636793147,-281659.8975717463
002594.SZ,20231031,244.6,243.5,243.99,237.5,238.54,-6.06,-2.4775,127204.75,3044814.889,250.7607,249.633,250.1354,243.4819,244.5481,1.025187,239.3633,-1,269.06,220.14,238.54,0,1,-0.024775143090760454,0,1.271672108751857,0.9333333333333333,1.0,49.99999999998691,43.66604936665217,46.49819918270423,28.712538157998406,45791.543128841695,0.3329173166926678,4.231628378075498,-7.380660408912836,244.4657695531037,4.655929942367008,4797.17,-2.0,0.8983102716423357,1867.3211488504921,0.0,-0.7325000000000031,-12.802099157574908,-325593.0926396025,-287936.0682957258
002594.SZ,20231101,238.54,238.0,238.0,235.42,236.2,-2.34,-0.981,93390.42,2206820.551,244.5481,243.9945,243.9945,241.3495,242.1492,1.025187,236.3005,-1,262.39,214.69,236.2,0,1,-0.009809675526117223,0,0.9053809254110916,0.9333333333333333,1.0,49.99999999998653,44.23655646241233,44.059011425471326,11.70448500928769,45791.543128841695,0.360838687859317,-3.9961072750806466,-10.80787358090269,244.1147021421839,4.635293273717029,4789.91,-2.0,0.34468139999184366,-662.2737543109324,0.0,-0.4975000000000037,-12.729785763648934,-613900.104136352,-334502.359130101
002594.SZ,20231102,236.2,237.86,237.88,234.8,234.8,-1.4,-0.5927,85414.16,2015702.321,242.1492,243.851,243.8715,240.7139,240.7139,1.025187,235.9916,-1,259.82,212.58,234.8,0,1,-0.005927180355630779,0,0.8382417755162916,0.9333333333333333,1.0,49.99999999998626,44.05508857137297,42.61854038543986,1.6603184889428084,45791.543128841695,0.35643895106063156,-6.470430492661143,-12.839060605587616,243.7280934808068,4.631443483488038,4785.570000000001,-2.0,-0.17037616428782343,-3283.412830447959,0.0,-0.5865000000000038,-10.044165835589098,-846673.4406396486,-407669.65648860775
002594.SZ,20231103,234.8,235.51,239.15,234.88,238.65,3.85,1.6397,90679.42,2154652.391,240.7139,241.4418,245.1735,240.7959,244.6609,1.025187,237.6121,-1,258.28,211.32,238.65,0,1,0.016396933560477,1,0.8857070128684538,0.9333333333333333,1.0,49.99999999998601,48.2993566498753,47.684030137890616,36.777867979333294,46542.38401915703,0.340949033391916,-4.2391926792208015,-5.860491399258025,243.50045099275357,4.514333888285135,4780.87,0.0,0.03621598008138038,-4126.956273506168,0.0,-0.3245000000000019,-4.451556590049428,-588808.1884606685,-433546.58962747356
002594.SZ,20231106,238.65,240.51,243.43,240.0,242.9,4.25,1.7809,143547.86,3472633.48,244.6609,246.5677,249.5613,246.0449,249.0179,1.025187,241.9147,-1,262.52,214.79,242.9,0,1,0.01780850618059926,1,1.3983943290762477,0.9333333333333333,1.0,49.99999999998589,53.899410376552815,52.65288441709628,71.53662502438578,47371.23435262201,0.24904682019216148,-15.254506708809838,1.237014051479669,243.47150439009135,4.363608174162352,4789.860000000001,0.0,0.7352658670781471,2273.1363736019657,0.0,-0.2685000000000016,12.524084778420104,-96554.46531111561,-385404.8575822796
002594.SZ,20231107,242.9,243.0,244.3,240.51,240.97,-1.93,-0.7946,94512.93,2287202.177,249.0179,249.1204,250.4532,246.5677,247.0393,1.025187,241.9989,-1,267.19,218.61,240.97,0,1,-0.007945656648826738,0,0.8980723262755345,0.9333333333333333,1.0,49.99999999998571,50.14120444227037,50.31577416228167,70.35937466051844,47371.23435262201,0.2421411625148284,-12.393040127969904,-1.9067905616483503,243.35465648816364,4.243685010040514,4794.14,0.0,0.9158712320341063,-133.75459743535976,0.0,-0.36750000000000116,3.2459016393443463,-260695.77227207646,-367589.27396653633
