S_INFO_WINDCODE,TRADE_DT,S_DQ_PRECLOSE,S_DQ_OPEN,S_DQ_HIGH,S_DQ_LOW,S_DQ_CLOSE,S_DQ_CHANGE,S_DQ_PCTCHANGE,S_DQ_VOLUME,S_DQ_AMOUNT,S_DQ_ADJPRECLOSE,S_DQ_ADJOPEN,S_DQ_ADJHIGH,S_DQ_ADJLOW,S_DQ_ADJCLOSE,S_DQ_ADJFACTOR,S_DQ_AVGPRICE,S_DQ_TRADESTATUSCODE,S_DQ_LIMIT,S_DQ_STOPPING,S_DQ_ADJCLOSE_BACKWARD,OPMODE
002594.SZ,20180102,65.05,65.28,66.55,64.96,65.85,0.8,1.2298,127140.77,837153.614,65.84,66.08,67.36,65.75,66.65,1.012204,65.8446,-1,71.56,58.55,65.02,1
002594.SZ,20180103,65.85,64.98,67.1,64.4,66.12,0.27,0.41,151909.5,1000075.488,66.65,65.77,67.92,65.19,66.93,1.012204,65.8336,-1,72.44,59.27,65.28,1
002594.SZ,20180104,66.12,66.0,66.36,64.91,65.05,-1.07,-1.6183,118416.97,773631.609,66.93,66.81,67.17,65.7,65.84,1.012204,65.3311,-1,72.73,59.51,64.23,1
002594.SZ,20180105,65.05,64.9,65.2,63.83,64.38,-0.67,-1.03,104870.0,673396.088,65.84,65.69,66.0,64.61,65.17,1.012204,64.2125,-1,71.56,58.55,63.56,1
002594.SZ,20180108,64.38,64.6,66.34,64.53,65.21,0.83,1.2892,136740.15,894169.179,65.17,65.39,67.15,65.32,66.01,1.012204,65.3919,-1,70.82,57.94,64.38,1
002594.SZ,20180109,65.21,65.2,66.18,64.7,65.42,0.21,0.322,94309.26,616396.032,66.01,66.0,66.99,65.49,66.22,1.012204,65.359,-1,71.73,58.69,64.59,1
002594.SZ,20180110,65.42,65.6,65.97,64.88,65.67,0.25,0.3821,94265.04,615796.957,66.22,66.4,66.78,65.67,66.47,1.012204,65.3261,-1,71.96,58.88,64.84,1
002594.SZ,20180111,65.67,65.98,65.98,64.88,65.4,-0.27,-0.4111,76298.68,498923.642,66.47,66.79,66.79,65.67,66.2,1.012204,65.3909,-1,72.24,59.1,64.57,1
002594.SZ,20180112,65.4,65.66,67.85,65.62,67.08,1.68,2.5688,195978.8,1316801.695,66.2,66.46,68.68,66.42,67.9,1.012204,67.191,-1,71.94,58.86,66.23,1
002594.SZ,20180115,67.08,67.25,68.1,64.88,65.14,-1.94,-2.8921,151890.34,1006209.959,67.9,68.07,68.93,65.67,65.93,1.012204,66.2458,-1,73.79,60.37,64.32,1
002594.SZ,20180116,65.14,64.5,65.75,64.46,64.8,-0.34,-0.522,95919.73,622943.133,65.93,65.29,66.55,65.25,65.59,1.012204,64.9442,-1,71.65,58.63,63.98,1
002594.SZ,20180117,64.8,64.68,64.68,62.51,63.75,-1.05,-1.6204,116525.06,738922.968,65.59,65.47,65.47,63.27,64.53,1.012204,63.4132,-1,71.28,58.32,62.94,1
002594.SZ,20180118,63.75,64.18,64.58,62.88,63.17,-0.58,-0.9098,73701.45,468859.834,64.53,64.96,65.37,63.65,63.94,1.012204,63.6161,-1,70.13,57.38,62.37,1
002594.SZ,20180119,63.17,63.6,63.63,62.68,63.2,0.03,0.0475,52370.08,330860.117,63.94,64.38,64.41,63.44,63.97,1.012204,63.1773,-1,69.49,56.85,62.4,1
002594.SZ,20180122,63.2,63.68,67.01,63.62,66.6,3.4,5.3797,172657.08,1134014.385,63.97,64.46,67.83,64.4,67.41,1.012204,65.6802,-1,69.52,56.88,65.76,1
002594.SZ,20180123,66.6,66.64,67.37,66.06,66.81,0.21,0.3153,123518.48,824929.033,67.41,67.45,68.19,66.87,67.63,1.012204,66.7859,-1,73.26,59.94,65.96,1
002594.SZ,20180124,66.81,67.05,67.09,65.5,66.51,-0.3,-0.449,76416.5,506242.911,67.63,67.87,67.91,66.3,67.32,1.012204,66.2479,-1,73.49,60.13,65.67,1
002594.SZ,20180125,66.51,66.52,67.47,65.56,65.64,-0.87,-1.3081,80839.89,535708.498,67.32,67.33,68.29,66.36,66.44,1.012204,66.2678,-1,73.16,59.86,64.81,1
002594.SZ,20180126,65.64,65.64,66.3,65.0,65.5,-0.14,-0.2133,63558.66,416434.838,66.44,66.44,67.11,65.79,66.3,1.012204,65.5198,-1,72.2,59.08,64.67,1
002594.SZ,20180129,65.5,65.88,65.88,62.8,62.9,-2.6,-3.9695,125219.38,800199.75,66.3,66.68,66.68,63.57,63.67,1.012204,63.9038,-1,72.05,58.95,62.1,1
002594.SZ,20180130,62.9,62.88,63.95,62.76,63.45,0.55,0.8744,55877.07,354826.318,63.67,63.65,64.73,63.53,64.22,1.012204,63.5012,-1,69.19,56.61,62.65,1
002594.SZ,20180131,63.45,63.05,63.96,62.9,63.04,-0.41,-0.6462,54297.88,343948.048,64.22,63.82,64.74,63.67,63.81,1.012204,63.3447,-1,69.8,57.11,62.24,1
002594.SZ,20180201,63.04,63.05,63.49,59.88,60.66,-2.38,-3.7754,126983.9,773267.406,63.81,63.82,64.26,60.61,61.4,1.012204,60.8949,-1,69.34,56.74,59.89,1
002594.SZ,20180202,60.66,60.6,62.27,60.16,61.9,1.24,2.0442,69721.02,428724.465,61.4,61.34,63.03,60.89,62.66,1.012204,61.4914,-1,66.73,54.59,61.12,1
002594.SZ,20180205,61.9,60.3,61.78,60.24,61.47,-0.43,-0.6947,40610.4,248908.792,62.66,61.04,62.53,60.98,62.22,1.012204,61.2919,-1,68.09,55.71,60.69,1
002594.SZ,20180206,61.47,60.0,60.88,58.5,58.51,-2.96,-4.8154,103985.63,617879.621,62.22,60.73,61.62,59.21,59.22,1.012204,59.4197,-1,67.62,55.32,57.77,1
002594.SZ,20180207,58.51,59.99,60.39,57.03,58.9,0.39,0.6666,82085.35,483267.912,59.22,60.72,61.13,57.73,59.62,1.012204,58.8738,-1,64.36,52.66,58.15,1
002594.SZ,20180208,58.9,58.9,59.88,58.51,59.51,0.61,1.0357,45972.33,273521.091,59.62,59.62,60.61,59.22,60.24,1.012204,59.4969,-1,64.79,53.01,58.76,1
002594.SZ,20180209,59.51,57.9,58.45,56.33,56.65,-2.86,-4.8059,93076.03,533844.304,60.24,58.61,59.16,57.02,57.34,1.012204,57.3557,-1,65.46,53.56,55.93,1
002594.SZ,20180212,56.65,57.1,60.0,57.1,59.62,2.97,5.2427,80515.16,475216.154,57.34,57.8,60.73,57.8,60.35,1.012204,59.0219,-1,62.32,50.99,58.86,1
002594.SZ,20180213,59.62,60.0,60.62,59.31,59.5,-0.12,-0.2013,55080.74,330539.304,60.35,60.73,61.36,60.03,60.23,1.012204,60.01,-1,65.58,53.66,58.75,1
002594.SZ,20180214,59.5,61.18,61.5,60.2,60.5,1.0,1.6807,55902.12,339523.509,60.23,61.93,62.25,60.93,61.24,1.012204,60.7354,-1,65.45,53.55,59.73,1
002594.SZ,20180222,60.5,61.98,63.35,61.3,62.32,1.82,3.0083,97413.08,608542.083,61.24,62.74,64.12,62.05,63.08,1.012204,62.4703,-1,66.55,54.45,61.53,1
002594.SZ,20180223,62.32,62.34,63.32,61.81,62.8,0.48,0.7702,59836.48,374402.303,63.08,63.1,64.09,62.56,63.57,1.012204,62.5709,-1,68.55,56.09,62.0,1
002594.SZ,20180226,62.8,63.88,65.69,63.88,64.91,2.11,3.3599,156114.45,1015836.694,63.57,64.66,66.49,64.66,65.7,1.012204,65.07,-1,69.08,56.52,64.09,1
002594.SZ,20180227,64.91,64.5,64.93,63.38,63.46,-1.45,-2.2339,100650.76,644261.728,65.7,65.29,65.72,64.15,64.23,1.012204,64.0096,-1,71.4,58.42,62.66,1
002594.SZ,20180228,63.46,63.22,64.5,62.67,63.51,0.05,0.0788,77371.17,491273.053,64.23,63.99,65.29,63.43,64.29,1.012204,63.4956,-1,69.81,57.11,62.71,1
002594.SZ,20180301,63.51,62.95,63.44,62.5,63.27,-0.24,-0.3779,74934.69,472004.143,64.29,63.72,64.21,63.26,64.04,1.012204,62.9887,-1,69.86,57.16,62.47,1
002594.SZ,20180302,63.27,62.51,63.36,62.37,62.87,-0.4,-0.6322,59276.89,372641.75,64.04,63.27,64.13,63.13,63.64,1.012204,62.8646,-1,69.6,56.94,62.07,1
002594.SZ,20180305,62.87,63.0,65.9,62.91,65.12,2.25,3.5788,149505.07,969390.126,63.64,63.77,66.7,63.68,65.91,1.012204,64.8399,-1,69.16,56.58,64.3,1
002594.SZ,20180306,65.12,65.13,66.8,64.8,66.58,1.46,2.242,149685.93,986303.922,65.91,65.92,67.62,65.59,67.39,1.012204,65.8916,-1,71.63,58.61,65.74,1
002594.SZ,20180307,66.58,66.0,66.49,64.5,64.53,-2.05,-3.079,94941.93,620764.971,67.39,66.81,67.3,65.29,65.32,1.012204,65.3836,-1,73.24,59.92,63.71,1
002594.SZ,20180308,64.53,64.81,65.59,64.11,64.87,0.34,0.5269,64301.85,417031.838,65.32,65.6,66.39,64.89,65.66,1.012204,64.8553,-1,70.98,58.08,64.05,1
002594.SZ,20180309,64.87,65.0,65.8,64.37,65.55,0.68,1.0483,87514.71,570045.131,65.66,65.79,66.6,65.16,66.35,1.012204,65.1371,-1,71.36,58.38,64.72,1
002594.SZ,20180312,65.55,66.03,67.16,65.52,66.85,1.3,1.9832,137195.65,911208.094,66.35,66.84,67.98,66.32,67.67,1.012204,66.4167,-1,72.11,59.0,66.0,1
002594.SZ,20180313,66.85,66.85,67.5,65.68,66.0,-0.85,-1.2715,118111.85,785220.076,67.67,67.67,68.32,66.48,66.81,1.012204,66.4811,-1,73.54,60.17,65.16,1
002594.SZ,20180314,66.0,65.7,65.89,64.36,64.36,-1.64,-2.4848,99780.66,649479.489,66.81,66.5,66.69,65.15,65.15,1.012204,65.0907,-1,72.6,59.4,63.54,1
002594.SZ,20180315,64.36,64.02,65.44,64.02,64.7,0.34,0.5283,78053.25,505013.096,65.15,64.8,66.24,64.8,65.49,1.012204,64.7011,-1,70.8,57.92,63.88,1
002594.SZ,20180316,64.7,64.74,65.49,64.2,64.23,-0.47,-0.7264,68414.67,443482.218,65.49,65.53,66.29,64.98,65.01,1.012204,64.8227,-1,71.17,58.23,63.42,1
002594.SZ,20180319,64.23,64.25,64.85,63.9,64.25,0.02,0.0311,50235.29,323461.041,65.01,65.03,65.64,64.68,65.03,1.012204,64.3892,-1,70.65,57.81,63.44,1
002594.SZ,20180320,64.25,63.7,63.7,62.0,62.8,-1.45,-2.2568,108426.84,680033.628,65.03,64.48,64.48,62.76,63.57,1.012204,62.7182,-1,70.68,57.83,62.0,1
002594.SZ,20180321,62.8,62.99,63.82,62.4,62.6,-0.2,-0.3185,83340.41,527104.976,63.57,63.76,64.6,63.16,63.36,1.012204,63.2472,-1,69.08,56.52,61.81,1
002594.SZ,20180322,62.6,62.95,63.19,61.9,62.59,-0.01,-0.016,58977.49,368290.682,63.36,63.72,63.96,62.66,63.35,1.012204,62.446,-1,68.86,56.34,61.8,1
002594.SZ,20180323,62.59,59.97,61.94,58.8,59.48,-3.11,-4.9688,128222.71,769016.433,63.35,60.7,62.7,59.52,60.21,1.012204,59.9751,-1,68.85,56.33,58.73,1
002594.SZ,20180326,59.48,58.99,60.5,58.0,60.4,0.92,1.5467,84012.12,498479.0,60.21,59.71,61.24,58.71,61.14,1.012204,59.3342,-1,65.43,53.53,59.64,1
002594.SZ,20180327,60.4,61.1,61.6,60.72,61.3,0.9,1.4901,72053.2,440900.076,61.14,61.85,62.35,61.46,62.05,1.012204,61.1909,-1,66.44,54.36,60.52,1
002594.SZ,20180328,61.3,55.17,58.04,55.17,56.19,-5.11,-8.3361,330117.58,1857779.37,62.05,55.84,58.75,55.84,56.88,1.012204,56.2763,-1,67.43,55.17,55.48,1
002594.SZ,20180329,56.19,55.71,56.3,54.51,55.99,-0.2,-0.3559,140042.22,776010.888,56.88,56.39,56.99,55.18,56.67,1.012204,55.4126,-1,61.81,50.57,55.28,1
002594.SZ,20180330,55.99,56.88,56.98,56.01,56.3,0.31,0.5537,80900.5,456258.468,56.67,57.57,57.68,56.69,56.99,1.012204,56.3975,-1,61.59,50.39,55.59,1
002594.SZ,20180402,56.3,56.5,56.56,55.6,55.67,-0.63,-1.119,83266.11,465170.811,56.99,57.19,57.25,56.28,56.35,1.012204,55.8656,-1,61.93,50.67,54.96,1
002594.SZ,20180403,55.67,55.0,55.0,53.7,54.27,-1.4,-2.5148,123634.18,669731.88,56.35,55.67,55.67,54.36,54.93,1.012204,54.1704,-1,61.24,50.1,53.58,1
002594.SZ,20180404,54.27,54.55,55.35,54.35,54.82,0.55,1.0135,81536.62,447590.12,54.93,55.22,56.03,55.01,55.49,1.012204,54.8944,-1,59.7,48.84,54.13,1
002594.SZ,20180409,54.82,54.9,56.98,54.9,56.34,1.52,2.7727,119840.61,672904.833,55.49,55.57,57.68,55.57,57.03,1.012204,56.15,-1,60.3,49.34,55.63,1
002594.SZ,20180410,56.34,56.33,57.75,55.88,56.66,0.32,0.568,108469.48,615247.987,57.03,57.02,58.45,56.56,57.35,1.012204,56.7208,-1,61.97,50.71,55.94,1
002594.SZ,20180411,56.66,56.7,56.87,55.8,56.13,-0.53,-0.9354,74569.37,418713.522,57.35,57.39,57.56,56.48,56.82,1.012204,56.1509,-1,62.33,50.99,55.42,1
002594.SZ,20180412,56.13,56.15,56.39,55.8,55.9,-0.23,-0.4098,52437.63,294093.347,56.82,56.84,57.08,56.48,56.58,1.012204,56.0844,-1,61.74,50.52,55.19,1
002594.SZ,20180413,55.9,56.21,56.4,55.47,55.6,-0.3,-0.5367,41333.47,230903.158,56.58,56.9,57.09,56.15,56.28,1.012204,55.8635,-1,61.49,50.31,54.9,1
002594.SZ,20180416,55.6,55.5,56.07,54.7,54.92,-0.68,-1.223,53046.59,293221.747,56.28,56.18,56.75,55.37,55.59,1.012204,55.2763,-1,61.16,50.04,54.22,1
002594.SZ,20180417,54.92,55.12,55.3,53.51,53.59,-1.33,-2.4217,72272.99,391578.011,55.59,55.79,55.97,54.16,54.24,1.012204,54.1804,-1,60.41,49.43,52.91,1
002594.SZ,20180418,53.59,54.2,54.3,51.98,53.45,-0.14,-0.2612,92047.01,488104.454,54.24,54.86,54.96,52.61,54.1,1.012204,53.0277,-1,58.95,48.23,52.77,1
002594.SZ,20180419,53.45,53.36,54.2,53.03,53.87,0.42,0.7858,51362.94,276457.848,54.1,54.01,54.86,53.68,54.53,1.012204,53.8244,-1,58.8,48.11,53.19,1
002594.SZ,20180420,53.87,54.0,54.0,52.1,52.26,-1.61,-2.9887,58543.71,309786.715,54.53,54.66,54.66,52.74,52.9,1.012204,52.9155,-1,59.26,48.48,51.6,1
002594.SZ,20180423,52.26,52.24,53.19,52.1,52.95,0.69,1.3203,53926.05,284605.142,52.9,52.88,53.84,52.74,53.6,1.012204,52.7769,-1,57.49,47.03,52.28,1
002594.SZ,20180424,52.95,52.88,54.1,52.88,54.08,1.13,2.1341,55426.09,297599.247,53.6,53.53,54.76,53.53,54.74,1.012204,53.693,-1,58.25,47.66,53.4,1
002594.SZ,20180425,54.08,53.86,54.19,53.6,53.84,-0.24,-0.4438,44870.94,241713.28,54.74,54.52,54.85,54.25,54.5,1.012204,53.8686,-1,59.49,48.67,53.16,1
002594.SZ,20180426,53.84,53.91,54.1,52.5,52.53,-1.31,-2.4331,52535.81,278828.634,54.5,54.57,54.76,53.14,53.17,1.012204,53.074,-1,59.22,48.46,51.86,1
002594.SZ,20180427,52.53,53.11,53.38,52.54,52.96,0.43,0.8186,41996.09,222444.774,53.17,53.76,54.03,53.18,53.61,1.012204,52.968,-1,57.78,47.28,52.29,1
002594.SZ,20180502,52.96,50.8,50.81,48.89,49.25,-3.71,-7.0053,140008.05,693760.452,53.61,51.42,51.43,49.49,49.85,1.012204,49.5515,-1,58.26,47.66,48.63,1
002594.SZ,20180503,49.25,49.26,49.78,48.58,49.61,0.36,0.731,73997.93,363859.038,49.85,49.86,50.39,49.17,50.22,1.012204,49.1715,-1,54.18,44.33,48.98,1
002594.SZ,20180504,49.61,49.1,49.45,48.96,49.25,-0.36,-0.7257,49590.69,243739.61,50.22,49.7,50.05,49.56,49.85,1.012204,49.1503,-1,54.57,44.65,48.63,1
002594.SZ,20180507,49.25,49.88,50.8,49.0,50.36,1.11,2.2538,74919.73,375182.085,49.85,50.49,51.42,49.6,50.97,1.012204,50.0779,-1,54.18,44.33,49.72,1
002594.SZ,20180508,50.36,50.37,52.35,50.36,51.88,1.52,3.0183,81143.48,418570.268,50.97,50.98,52.99,50.97,52.51,1.012204,51.584,-1,55.4,45.32,51.22,1
002594.SZ,20180509,51.88,52.0,52.02,51.21,51.5,-0.38,-0.7325,46744.31,240992.244,52.51,52.63,52.65,51.83,52.13,1.012204,51.5554,-1,57.07,46.69,50.85,1
002594.SZ,20180510,51.5,51.65,52.35,51.16,51.84,0.34,0.6602,41669.91,215527.482,52.13,52.28,52.99,51.78,52.47,1.012204,51.7226,-1,56.65,46.35,51.18,1
002594.SZ,20180511,51.84,51.83,53.4,51.32,52.95,1.11,2.1412,92193.43,485080.674,52.47,52.46,54.05,51.95,53.6,1.012204,52.6155,-1,57.02,46.66,52.28,1
002594.SZ,20180514,52.95,53.15,53.86,52.42,52.66,-0.29,-0.5477,66234.21,351087.631,53.6,53.8,54.52,53.06,53.3,1.012204,53.007,-1,58.25,47.66,51.99,1
002594.SZ,20180515,52.66,52.83,53.46,52.52,53.07,0.41,0.7786,55338.35,293343.587,53.3,53.47,54.11,53.16,53.72,1.012204,53.0091,-1,57.93,47.39,52.4,1
002594.SZ,20180516,53.07,53.05,53.46,52.33,52.68,-0.39,-0.7349,54934.8,290527.932,53.72,53.7,54.11,52.97,53.32,1.012204,52.886,-1,58.38,47.76,52.01,1
002594.SZ,20180517,52.68,52.72,53.19,52.53,52.77,0.09,0.1708,37620.15,198769.278,53.32,53.36,53.84,53.17,53.41,1.012204,52.8359,-1,57.95,47.41,52.1,1
002594.SZ,20180518,52.77,52.98,54.25,52.79,54.0,1.23,2.3309,88743.63,475746.084,53.41,53.63,54.91,53.43,54.66,1.012204,53.609,-1,58.05,47.49,53.32,1
002594.SZ,20180521,54.0,54.45,55.18,54.11,54.54,0.54,1.0,74495.15,406861.057,54.66,55.11,55.85,54.77,55.21,1.012204,54.6158,-1,59.4,48.6,53.85,1
002594.SZ,20180522,54.54,54.55,55.2,54.14,55.0,0.46,0.8434,56239.49,308464.966,55.21,55.22,55.87,54.8,55.67,1.012204,54.8485,-1,59.99,49.09,54.3,1
002594.SZ,20180523,55.0,54.49,55.79,53.71,54.68,-0.32,-0.5818,78660.64,432530.174,55.67,55.15,56.47,54.37,55.35,1.012204,54.9869,-1,60.5,49.5,53.99,1
002594.SZ,20180524,54.68,54.5,54.99,53.8,54.15,-0.53,-0.9693,50349.05,273646.243,55.35,55.17,55.66,54.46,54.81,1.012204,54.3498,-1,60.15,49.21,53.46,1
002594.SZ,20180525,54.15,54.2,55.23,54.2,54.22,0.07,0.1293,50606.32,276703.124,54.81,54.86,55.9,54.86,54.88,1.012204,54.6776,-1,59.57,48.74,53.53,1
002594.SZ,20180528,54.22,54.29,54.98,52.72,52.78,-1.44,-2.6558,60132.17,322785.115,54.88,54.95,55.65,53.36,53.42,1.012204,53.6793,-1,59.64,48.8,52.11,1
002594.SZ,20180529,52.78,52.53,54.28,52.42,53.5,0.72,1.3642,72877.45,391219.743,53.42,53.17,54.94,53.06,54.15,1.012204,53.6819,-1,58.06,47.5,52.82,1
002594.SZ,20180530,53.5,53.0,53.02,50.01,50.4,-3.1,-5.7944,103830.38,531139.583,54.15,53.65,53.67,50.62,51.02,1.012204,51.1545,-1,58.85,48.15,49.76,1
002594.SZ,20180531,50.4,50.42,51.25,50.42,51.15,0.75,1.4881,57928.53,295133.224,51.02,51.04,51.88,51.04,51.77,1.012204,50.9478,-1,55.44,45.36,50.5,1
002594.SZ,20180601,51.15,51.36,51.37,50.02,50.91,-0.24,-0.4692,45159.16,229157.934,51.77,51.99,52.0,50.63,51.53,1.012204,50.7445,-1,56.27,46.04,50.27,1
002594.SZ,20180604,50.91,50.72,51.2,50.05,50.2,-0.71,-1.3946,52796.13,265822.585,51.53,51.34,51.82,50.66,50.81,1.012204,50.3489,-1,56.0,45.82,49.56,1
002594.SZ,20180605,50.2,50.2,51.24,49.8,51.22,1.02,2.0319,55285.92,279721.414,50.81,50.81,51.87,50.41,51.85,1.012204,50.5954,-1,55.22,45.18,50.57,1
002594.SZ,20180606,51.22,50.85,51.8,50.6,51.12,-0.1,-0.1952,64983.78,331700.726,51.85,51.47,52.43,51.22,51.74,1.012204,51.0436,-1,56.34,46.1,50.47,1
002594.SZ,20180607,51.12,51.5,51.57,50.9,50.92,-0.2,-0.3912,43289.99,221696.045,51.74,52.13,52.2,51.52,51.54,1.012204,51.2118,-1,56.23,46.01,50.28,1
002594.SZ,20180608,50.92,50.92,50.99,49.9,50.13,-0.79,-1.5515,51338.67,257351.122,51.54,51.54,51.61,50.51,50.74,1.012204,50.1281,-1,56.01,45.83,49.5,1
002594.SZ,20180611,50.13,50.12,50.13,49.3,49.42,-0.71,-1.4163,42806.18,212520.366,50.74,50.73,50.74,49.9,50.02,1.012204,49.6471,-1,55.14,45.12,48.79,1
002594.SZ,20180612,49.42,49.69,50.2,49.0,50.03,0.61,1.2343,46212.18,229627.048,50.02,50.3,50.81,49.6,50.64,1.012204,49.6897,-1,54.36,44.48,49.4,1
002594.SZ,20180613,50.03,50.1,50.12,48.91,49.06,-0.97,-1.9388,48819.87,240481.696,50.64,50.71,50.73,49.51,49.66,1.012204,49.259,-1,55.03,45.03,48.44,1
002594.SZ,20180614,49.06,48.68,49.44,48.6,49.05,-0.01,-0.0204,38125.59,186776.441,49.66,49.27,50.04,49.19,49.65,1.012204,48.9898,-1,53.97,44.15,48.43,1
002594.SZ,20180615,49.05,49.09,49.28,48.13,48.18,-0.87,-1.7737,49375.86,239521.337,49.65,49.69,49.88,48.72,48.77,1.012204,48.5098,-1,53.96,44.15,47.57,1
002594.SZ,20180619,48.18,47.6,47.6,43.45,44.98,-3.2,-6.6418,119739.44,544796.16,48.77,48.18,48.18,43.98,45.53,1.012204,45.4985,-1,53.0,43.36,44.41,1
002594.SZ,20180620,44.98,44.44,46.22,44.44,45.39,0.41,0.9115,56962.99,257906.372,45.53,44.98,46.78,44.98,45.94,1.012204,45.2761,-1,49.48,40.48,44.82,1
002594.SZ,20180621,45.39,45.77,47.36,45.4,45.77,0.38,0.8372,76182.62,353226.547,45.94,46.33,47.94,45.95,46.33,1.012204,46.3658,-1,49.93,40.85,45.19,1
002594.SZ,20180622,45.77,45.82,47.25,45.52,46.85,1.08,2.3596,60454.74,280666.477,46.33,46.38,47.83,46.08,47.42,1.012204,46.4259,-1,50.35,41.19,46.26,1
002594.SZ,20180625,46.85,47.7,47.7,45.92,46.06,-0.79,-1.6862,57418.05,267602.978,47.42,48.28,48.28,46.48,46.62,1.012204,46.6061,-1,51.54,42.17,45.48,1
002594.SZ,20180626,46.06,45.99,47.12,45.22,46.38,0.32,0.6947,64116.04,297323.008,46.62,46.55,47.7,45.77,46.95,1.012204,46.3726,-1,50.67,41.45,45.79,1
002594.SZ,20180627,46.38,46.59,48.1,46.5,47.1,0.72,1.5524,95524.88,453690.793,46.95,47.16,48.69,47.07,47.67,1.012204,47.4945,-1,51.02,41.74,46.5,1
002594.SZ,20180628,47.1,47.1,47.44,45.81,46.01,-1.09,-2.3142,61273.16,285276.155,47.67,47.67,48.02,46.37,46.57,1.012204,46.5581,-1,51.81,42.39,45.43,1
002594.SZ,20180629,46.01,46.12,47.77,45.99,47.68,1.67,3.6296,74976.05,351475.14,46.57,46.68,48.35,46.55,48.26,1.012204,46.8783,-1,50.61,41.41,47.08,1
002594.SZ,20180702,47.68,47.67,47.67,45.85,45.98,-1.7,-3.5654,61757.49,288563.47,48.26,48.25,48.25,46.41,46.54,1.012204,46.7253,-1,52.45,42.91,45.4,1
002594.SZ,20180703,45.98,46.46,46.72,44.06,45.35,-0.63,-1.3702,93103.13,421287.431,46.54,47.03,47.29,44.6,45.9,1.012204,45.2495,-1,50.58,41.38,44.78,1
002594.SZ,20180704,45.35,45.35,46.13,45.0,45.79,0.44,0.9702,63419.35,289309.686,45.9,45.9,46.69,45.55,46.35,1.012204,45.6185,-1,49.89,40.82,45.21,1
002594.SZ,20180705,45.79,45.79,46.89,45.4,45.58,-0.21,-0.4586,55737.49,257799.358,46.35,46.35,47.46,45.95,46.14,1.012204,46.2524,-1,50.37,41.21,45.0,1
002594.SZ,20180706,45.58,46.27,46.76,45.52,46.03,0.45,0.9873,67812.12,314076.55,46.14,46.83,47.33,46.08,46.59,1.012204,46.3157,-1,50.14,41.02,45.45,1
002594.SZ,20180709,46.03,46.39,46.95,45.91,46.52,0.49,1.0645,72893.41,337170.01,46.59,46.96,47.52,46.47,47.09,1.012204,46.2552,-1,50.63,41.43,45.93,1
002594.SZ,20180710,46.52,46.55,46.88,46.31,46.63,0.11,0.2365,46390.56,216079.243,47.09,47.12,47.45,46.88,47.2,1.012204,46.5783,-1,51.17,41.87,46.04,1
002594.SZ,20180711,46.63,45.62,46.03,44.73,45.46,-1.17,-2.5091,50742.54,230516.244,47.2,46.18,46.59,45.28,46.01,1.012204,45.4286,-1,51.29,41.97,44.88,1
002594.SZ,20180712,45.46,45.8,47.0,45.68,46.52,1.06,2.3317,69617.29,322903.03,46.01,46.36,47.57,46.24,47.09,1.012204,46.3826,-1,50.01,40.91,45.93,1
002594.SZ,20180713,46.52,46.62,46.62,45.8,45.95,-0.57,-1.2253,53283.7,246023.438,47.09,47.19,47.19,46.36,46.51,1.012204,46.1724,-1,51.17,41.87,45.37,1
002594.SZ,20180716,45.95,44.8,44.8,42.8,43.95,-2.0,-4.3526,125033.28,549450.646,46.51,45.35,45.35,43.32,44.49,1.012204,43.9444,-1,50.55,41.36,43.39,1
002594.SZ,20180717,43.95,43.46,43.9,42.78,43.55,-0.4,-0.9101,69395.4,300926.791,44.49,43.99,44.44,43.3,44.08,1.012204,43.3641,-1,48.35,39.56,43.0,1
002594.SZ,20180718,43.55,43.55,44.24,43.22,43.3,-0.25,-0.5741,44874.54,196079.174,44.08,44.08,44.78,43.75,43.83,1.012204,43.695,-1,47.91,39.2,42.75,1
002594.SZ,20180719,43.3,43.58,43.58,41.98,42.15,-1.15,-2.6559,61876.97,263568.678,43.83,44.11,44.11,42.49,42.66,1.012204,42.5956,-1,47.63,38.97,41.62,1
002594.SZ,20180720,42.15,42.5,43.16,42.16,42.91,0.76,1.8031,56934.64,243361.983,42.66,43.02,43.69,42.67,43.43,1.012204,42.7441,-1,46.37,37.94,42.37,1
002594.SZ,20180723,42.91,42.69,43.85,42.51,43.5,0.59,1.375,51941.1,225317.617,43.43,43.21,44.39,43.03,44.03,1.012204,43.3794,-1,47.2,38.62,42.95,1
002594.SZ,20180724,43.5,43.7,44.43,43.41,44.29,0.79,1.8161,55479.84,244567.193,44.03,44.23,44.97,43.94,44.83,1.012204,44.0822,-1,47.85,39.15,43.73,1
002594.SZ,20180725,44.29,44.54,44.54,43.7,44.05,-0.24,-0.5419,64748.65,285047.289,44.83,45.08,45.08,44.23,44.59,1.012204,44.0237,-1,48.72,39.86,43.49,1
002594.SZ,20180726,44.05,44.05,44.23,42.88,43.0,-1.05,-2.3837,51790.19,224937.888,44.59,44.59,44.77,43.4,43.52,1.012204,43.4325,-1,48.46,39.65,42.46,1
002594.SZ,20180727,43.0,43.02,43.34,42.72,42.99,-0.01,-0.0233,36789.62,158234.195,43.52,43.55,43.87,43.24,43.51,1.012204,43.0106,-1,47.3,38.7,42.45,1
002594.SZ,20180730,42.99,42.95,43.1,41.85,42.5,-0.49,-1.1398,55929.82,236871.679,43.51,43.47,43.63,42.36,43.02,1.012204,42.3516,-1,47.29,38.69,41.96,1
002594.SZ,20180731,42.5,42.54,42.54,42.04,42.24,-0.26,-0.6118,30211.63,127788.053,43.02,43.06,43.06,42.55,42.76,1.012204,42.2976,-1,46.75,38.25,41.71,1
002594.SZ,20180801,42.24,42.82,42.97,41.88,41.98,-0.26,-0.6155,44291.8,187567.711,42.76,43.34,43.49,42.39,42.49,1.012204,42.3482,-1,46.46,38.02,41.45,1
002594.SZ,20180802,41.98,41.95,41.98,39.5,40.1,-1.88,-4.4783,107980.45,434793.686,42.49,42.46,42.49,39.98,40.59,1.012204,40.266,-1,46.18,37.78,39.59,1
002594.SZ,20180803,40.1,40.28,40.48,38.2,38.33,-1.77,-4.414,96515.78,378310.911,40.59,40.77,40.97,38.67,38.8,1.012204,39.1968,-1,44.11,36.09,37.84,1
002594.SZ,20180806,38.33,38.33,38.65,36.88,37.29,-1.04,-2.7133,73788.2,279140.177,38.8,38.8,39.12,37.33,37.75,1.012204,37.8299,-1,42.16,34.5,36.82,1
002594.SZ,20180807,37.29,37.68,38.0,36.73,38.0,0.71,1.904,68164.75,255655.37,37.75,38.14,38.46,37.18,38.46,1.012204,37.5055,-1,41.02,33.56,37.52,1
002594.SZ,20180808,38.0,38.02,39.49,38.02,38.29,0.29,0.7632,73069.54,282739.399,38.46,38.48,39.97,38.48,38.76,1.012204,38.6946,-1,41.8,34.2,37.81,1
002594.SZ,20180809,38.29,37.89,39.55,37.83,39.25,0.96,2.5072,74875.55,292537.448,38.76,38.35,40.03,38.29,39.73,1.012204,39.0698,-1,42.12,34.46,38.75,1
002594.SZ,20180810,39.25,39.4,41.77,39.4,41.69,2.44,6.2166,103583.65,422283.651,39.73,39.88,42.28,39.88,42.2,1.012204,40.7674,-1,43.18,35.33,41.16,1
002594.SZ,20180813,41.69,41.1,43.55,40.88,43.17,1.48,3.55,132330.97,562164.129,42.2,41.6,44.08,41.38,43.7,1.012204,42.4817,-1,45.86,37.52,42.62,1
002594.SZ,20180814,43.17,43.17,43.95,42.61,43.15,-0.02,-0.0463,81990.57,354897.702,43.7,43.7,44.49,43.13,43.68,1.012204,43.2852,-1,47.49,38.85,42.6,1
002594.SZ,20180815,43.15,43.0,43.9,41.78,42.13,-1.02,-2.3638,98822.81,422981.147,43.68,43.52,44.44,42.29,42.64,1.012204,42.802,-1,47.47,38.84,41.6,1
002594.SZ,20180816,42.13,41.45,43.2,41.24,42.26,0.13,0.3086,74037.66,313880.308,42.64,41.96,43.73,41.74,42.78,1.012204,42.3947,-1,46.34,37.92,41.72,1
002594.SZ,20180817,42.12,42.95,43.0,42.01,42.45,0.33,0.7835,57459.69,244648.242,42.78,43.62,43.67,42.66,43.11,1.015568,42.5774,2,46.33,37.91,42.05,1
002594.SZ,20180820,42.45,42.97,45.35,42.9,45.24,2.79,6.5724,147217.13,652700.919,43.11,43.64,46.06,43.57,45.94,1.015568,44.3359,-1,46.7,38.21,44.82,1
002594.SZ,20180821,45.24,45.25,45.58,44.4,44.9,-0.34,-0.7515,98459.57,442864.999,45.94,45.95,46.29,45.09,45.6,1.015568,44.9794,-1,49.76,40.72,44.48,1
002594.SZ,20180822,44.9,45.55,45.81,44.16,44.79,-0.11,-0.245,90880.71,408588.402,45.6,46.26,46.52,44.85,45.49,1.015568,44.9588,-1,49.39,40.41,44.37,1
002594.SZ,20180823,44.79,44.82,45.4,43.62,44.32,-0.47,-1.0493,83316.91,370017.549,45.49,45.52,46.11,44.3,45.01,1.015568,44.4109,-1,49.27,40.31,43.9,1
002594.SZ,20180824,44.32,44.35,44.35,42.82,43.45,-0.87,-1.963,78309.5,339680.03,45.01,45.04,45.04,43.49,44.13,1.015568,43.3766,-1,48.75,39.89,43.04,1
002594.SZ,20180827,43.45,43.44,45.25,43.38,45.01,1.56,3.5903,87641.04,392169.181,44.13,44.12,45.95,44.06,45.71,1.015568,44.7472,-1,47.8,39.11,44.59,1
002594.SZ,20180828,45.01,45.05,46.15,44.92,45.59,0.58,1.2886,80942.81,368320.457,45.71,45.75,46.87,45.62,46.3,1.015568,45.5038,-1,49.51,40.51,45.16,1
002594.SZ,20180829,45.59,45.41,46.82,45.41,46.3,0.71,1.5574,91448.33,423581.624,46.3,46.12,47.55,46.12,47.02,1.015568,46.3192,-1,50.15,41.03,45.87,1
002594.SZ,20180830,46.3,45.5,46.42,44.64,45.0,-1.3,-2.8078,91240.95,413735.712,47.02,46.21,47.14,45.33,45.7,1.015568,45.3454,-1,50.93,41.67,44.58,1
002594.SZ,20180831,45.0,44.42,44.88,43.9,44.46,-0.54,-1.2,66898.26,296774.484,45.7,45.11,45.58,44.58,45.15,1.015568,44.3621,-1,49.5,40.5,44.04,1
002594.SZ,20180903,44.46,44.39,44.39,43.13,43.67,-0.79,-1.7769,56080.26,244217.934,45.15,45.08,45.08,43.8,44.35,1.015568,43.5479,-1,48.91,40.01,43.26,1
002594.SZ,20180904,43.67,43.89,44.58,43.61,44.52,0.85,1.9464,59574.3,263787.461,44.35,44.57,45.27,44.29,45.21,1.015568,44.2787,-1,48.04,39.3,44.1,1
002594.SZ,20180905,44.52,44.08,44.51,42.5,42.5,-2.02,-4.5373,82855.24,358289.748,45.21,44.77,45.2,43.16,43.16,1.015568,43.2429,-1,48.97,40.07,42.1,1
002594.SZ,20180906,42.5,42.5,43.2,42.05,42.6,0.1,0.2353,46915.89,200948.426,43.16,43.16,43.87,42.7,43.26,1.015568,42.8316,-1,46.75,38.25,42.2,1
002594.SZ,20180907,42.6,43.29,44.08,42.65,42.82,0.22,0.5164,68764.74,298371.255,43.26,43.96,44.77,43.31,43.49,1.015568,43.3902,-1,46.86,38.34,42.42,1
002594.SZ,20180910,42.82,42.98,43.44,41.15,41.73,-1.09,-2.5455,52933.19,222230.731,43.49,43.65,44.12,41.79,42.38,1.015568,41.9832,-1,47.1,38.54,41.34,1
002594.SZ,20180911,41.73,41.55,41.86,40.91,41.52,-0.21,-0.5032,35223.14,145958.369,42.38,42.2,42.51,41.55,42.17,1.015568,41.4382,-1,45.9,37.56,41.13,1
002594.SZ,20180912,41.52,41.01,42.5,40.71,42.04,0.52,1.2524,55875.93,233559.547,42.17,41.65,43.16,41.34,42.69,1.015568,41.7997,-1,45.67,37.37,41.65,1
002594.SZ,20180913,42.04,42.71,43.05,42.09,42.92,0.88,2.0932,55448.31,235991.197,42.69,43.37,43.72,42.75,43.59,1.015568,42.5606,-1,46.24,37.84,42.52,1
002594.SZ,20180914,42.92,44.21,45.45,44.21,44.81,1.89,4.4035,105337.03,470960.344,43.59,44.9,46.16,44.9,45.51,1.015568,44.7099,-1,47.21,38.63,44.39,1
002594.SZ,20180917,44.81,44.0,45.46,43.5,44.81,0.0,0.0,85194.87,380849.816,45.51,44.68,46.17,44.18,45.51,1.015568,44.7034,-1,49.29,40.33,44.39,1
002594.SZ,20180918,44.81,44.17,45.34,44.05,45.08,0.27,0.6025,68125.47,305784.416,45.51,44.86,46.05,44.74,45.78,1.015568,44.8855,-1,49.29,40.33,44.66,1
002594.SZ,20180919,45.08,45.1,47.38,44.7,46.96,1.88,4.1704,130011.23,605521.15,45.78,45.8,48.12,45.4,47.69,1.015568,46.5745,-1,49.59,40.57,46.52,1
002594.SZ,20180920,46.96,46.96,47.5,45.95,45.95,-1.01,-2.1508,82025.3,384946.509,47.69,47.69,48.24,46.67,46.67,1.015568,46.9302,-1,51.66,42.26,45.52,1
002594.SZ,20180921,45.95,47.5,48.75,46.6,47.01,1.06,2.3069,162412.36,771531.286,46.67,48.24,49.51,47.33,47.74,1.015568,47.5045,-1,50.55,41.36,46.57,1
002594.SZ,20180925,47.01,47.3,48.65,47.3,48.2,1.19,2.5314,102447.05,493193.076,47.74,48.04,49.41,48.04,48.95,1.015568,48.1413,-1,51.71,42.31,47.75,1
002594.SZ,20180926,48.2,48.66,48.95,47.78,48.26,0.06,0.1245,99681.82,481689.819,48.95,49.42,49.71,48.52,49.01,1.015568,48.3227,-1,53.02,43.38,47.81,1
002594.SZ,20180927,48.26,48.5,48.6,47.5,47.8,-0.46,-0.9532,62774.25,301075.048,49.01,49.26,49.36,48.24,48.54,1.015568,47.9616,-1,53.09,43.43,47.35,1
002594.SZ,20180928,47.8,48.0,49.28,47.9,49.1,1.3,2.7197,76871.14,375320.282,48.54,48.75,50.05,48.65,49.86,1.015568,48.8246,-1,52.58,43.02,48.64,1
002594.SZ,20181008,49.1,47.0,47.95,46.42,46.55,-2.55,-5.1935,111389.04,525032.408,49.86,47.73,48.7,47.14,47.27,1.015568,47.135,-1,54.01,44.19,46.11,1
002594.SZ,20181009,46.55,46.61,47.6,46.61,47.09,0.54,1.16,41623.04,196036.934,47.27,47.34,48.34,47.34,47.82,1.015568,47.0982,-1,51.21,41.9,46.65,1
002594.SZ,20181010,47.09,47.35,47.56,45.45,45.91,-1.18,-2.5058,88215.47,406966.964,47.82,48.09,48.3,46.16,46.62,1.015568,46.1333,-1,51.8,42.38,45.48,1
002594.SZ,20181011,45.91,44.41,45.18,42.67,42.82,-3.09,-6.7306,119795.39,525829.641,46.62,45.1,45.88,43.33,43.49,1.015568,43.894,-1,50.5,41.32,42.42,1
002594.SZ,20181012,42.82,43.21,46.8,43.21,46.42,3.6,8.4073,129205.13,582234.034,43.49,43.88,47.53,43.88,47.14,1.015568,45.0628,-1,47.1,38.54,45.98,1
002594.SZ,20181015,46.42,46.58,47.85,46.3,46.93,0.51,1.0987,95431.35,449287.101,47.14,47.31,48.59,47.02,47.66,1.015568,47.0796,-1,51.06,41.78,46.49,1
002594.SZ,20181016,46.93,46.95,47.46,45.28,45.96,-0.97,-2.0669,64697.09,298245.832,47.66,47.68,48.2,45.98,46.68,1.015568,46.0988,-1,51.62,42.24,45.53,1
002594.SZ,20181017,45.96,46.7,47.66,45.88,47.31,1.35,2.9373,110262.62,517523.05,46.68,47.43,48.4,46.59,48.05,1.015568,46.9355,-1,50.56,41.36,46.87,1
002594.SZ,20181018,47.31,47.0,47.3,45.71,46.18,-1.13,-2.3885,83864.95,389252.607,48.05,47.73,48.04,46.42,46.9,1.015568,46.4142,-1,52.04,42.58,45.75,1
002594.SZ,20181019,46.18,45.08,47.27,44.0,47.02,0.84,1.819,119985.53,548809.979,46.9,45.78,48.01,44.68,47.75,1.015568,45.7397,-1,50.8,41.56,46.58,1
002594.SZ,20181022,47.02,47.61,50.2,47.56,50.01,2.99,6.359,168944.9,830863.889,47.75,48.35,50.98,48.3,50.79,1.015568,49.1796,-1,51.72,42.32,49.54,1
002594.SZ,20181023,50.01,49.85,49.99,47.3,48.46,-1.55,-3.0994,115358.17,561568.014,50.79,50.63,50.77,48.04,49.21,1.015568,48.6804,-1,55.01,45.01,48.01,1
002594.SZ,20181024,48.46,48.3,49.74,48.01,48.77,0.31,0.6397,104536.87,511363.113,49.21,49.05,50.51,48.76,49.53,1.015568,48.917,-1,53.31,43.61,48.31,1
002594.SZ,20181025,48.77,47.35,49.75,46.89,49.6,0.83,1.7019,110847.35,534735.63,49.53,48.09,50.52,47.62,50.37,1.015568,48.2407,-1,53.65,43.89,49.13,1
002594.SZ,20181026,49.6,49.99,50.14,47.98,48.62,-0.98,-1.9758,76780.49,375759.895,50.37,50.77,50.92,48.73,49.38,1.015568,48.9395,-1,54.56,44.64,48.16,1
002594.SZ,20181029,48.62,48.63,48.98,46.9,47.38,-1.24,-2.5504,69283.76,330502.208,49.38,49.39,49.74,47.63,48.12,1.015568,47.7027,-1,53.48,43.76,46.94,1
002594.SZ,20181030,47.38,47.45,47.74,44.88,46.53,-0.85,-1.794,96486.76,446449.785,48.12,48.19,48.48,45.58,47.25,1.015568,46.2706,-1,52.12,42.64,46.09,1
002594.SZ,20181031,46.53,46.44,47.45,46.1,46.79,0.26,0.5588,61159.22,286724.573,47.25,47.16,48.19,46.82,47.52,1.015568,46.8817,-1,51.18,41.88,46.35,1
002594.SZ,20181101,46.79,47.23,47.5,44.98,45.7,-1.09,-2.3296,109019.61,506616.966,47.52,47.97,48.24,45.68,46.41,1.015568,46.4703,-1,51.47,42.11,45.27,1
002594.SZ,20181102,45.7,46.45,48.15,45.7,48.02,2.32,5.0766,139156.35,653896.214,46.41,47.17,48.9,46.41,48.77,1.015568,46.99,-1,50.27,41.13,47.57,1
002594.SZ,20181105,48.02,48.0,49.12,47.2,48.25,0.23,0.479,110088.11,530983.606,48.77,48.75,49.88,47.93,49.0,1.015568,48.2326,-1,52.82,43.22,47.8,1
002594.SZ,20181106,48.25,48.17,48.18,46.9,47.63,-0.62,-1.285,55657.95,263813.779,49.0,48.92,48.93,47.63,48.37,1.015568,47.3991,-1,53.08,43.43,47.18,1
002594.SZ,20181107,47.63,46.6,48.05,46.59,47.25,-0.38,-0.7978,69529.11,328618.537,48.37,47.33,48.8,47.32,47.99,1.015568,47.2634,-1,52.39,42.87,46.81,1
002594.SZ,20181108,47.25,47.68,49.55,47.68,48.98,1.73,3.6614,142158.55,691476.023,47.99,48.42,50.32,48.42,49.74,1.015568,48.6412,-1,51.98,42.53,48.52,1
002594.SZ,20181109,48.98,48.8,50.89,48.33,50.0,1.02,2.0825,146773.06,733720.348,49.74,49.56,51.68,49.08,50.78,1.015568,49.9901,-1,53.88,44.08,49.53,1
002594.SZ,20181112,50.0,49.98,52.1,49.7,51.61,1.61,3.22,133711.84,686089.554,50.78,50.76,52.91,50.47,52.41,1.015568,51.3111,-1,55.0,45.0,51.13,1
002594.SZ,20181113,51.61,50.62,52.45,50.5,51.0,-0.61,-1.1819,105875.44,544505.063,52.41,51.41,53.27,51.29,51.79,1.015568,51.4288,-1,56.77,46.45,50.52,1
002594.SZ,20181114,51.0,50.93,52.8,50.88,51.9,0.9,1.7647,102128.68,532606.599,51.79,51.72,53.62,51.67,52.71,1.015568,52.1505,-1,56.1,45.9,51.41,1
002594.SZ,20181115,51.9,51.66,52.29,51.36,51.81,-0.09,-0.1734,69457.86,359591.469,52.71,52.46,53.1,52.16,52.62,1.015568,51.7712,-1,57.09,46.71,51.32,1
002594.SZ,20181116,51.81,52.0,52.7,50.89,51.55,-0.26,-0.5018,113240.88,586888.029,52.62,52.81,53.52,51.68,52.35,1.015568,51.8265,-1,56.99,46.63,51.07,1
002594.SZ,20181119,51.55,51.72,55.3,51.58,54.7,3.15,6.1106,162487.77,875664.702,52.35,52.53,56.16,52.38,55.55,1.015568,53.8911,-1,56.71,46.4,54.19,1
002594.SZ,20181120,54.7,54.0,56.98,53.4,55.4,0.7,1.2797,173210.8,959224.885,55.55,54.84,57.87,54.23,56.26,1.015568,55.379,-1,60.17,49.23,54.88,1
002594.SZ,20181121,55.4,54.76,56.0,54.1,55.0,-0.4,-0.722,94100.96,516953.989,56.26,55.61,56.87,54.94,55.86,1.015568,54.9361,-1,60.94,49.86,54.48,1
002594.SZ,20181122,55.0,54.65,56.96,54.65,55.3,0.3,0.5455,102001.86,570471.566,55.86,55.5,57.85,55.5,56.16,1.015568,55.9276,-1,60.5,49.5,54.78,1
002594.SZ,20181123,55.3,55.3,55.67,53.31,54.0,-1.3,-2.3508,95170.96,515611.648,56.16,56.16,56.54,54.14,54.84,1.015568,54.1774,-1,60.83,49.77,53.49,1
002594.SZ,20181126,54.0,53.91,55.3,53.48,54.16,0.16,0.2963,82746.26,449937.036,54.84,54.75,56.16,54.31,55.0,1.015568,54.3755,-1,59.4,48.6,53.65,1
002594.SZ,20181127,54.16,54.55,57.4,54.55,57.25,3.09,5.7053,159156.1,898849.519,55.0,55.4,58.29,55.4,58.14,1.015568,56.476,-1,59.58,48.74,56.71,1
002594.SZ,20181128,57.25,57.25,58.68,56.31,57.65,0.4,0.6987,120959.46,695702.141,58.14,58.14,59.59,57.19,58.55,1.015568,57.5153,-1,62.98,51.53,57.11,1
002594.SZ,20181129,57.65,57.85,59.1,57.1,57.65,0.0,0.0,104920.41,609939.043,58.55,58.75,60.02,57.99,58.55,1.015568,58.1335,-1,63.42,51.89,57.11,1
002594.SZ,20181130,57.65,57.43,58.4,56.42,57.0,-0.65,-1.1275,89648.39,514882.194,58.55,58.32,59.31,57.3,57.89,1.015568,57.4335,-1,63.42,51.89,56.47,1
002594.SZ,20181203,57.0,58.35,58.92,55.58,56.08,-0.92,-1.614,194258.36,1110534.662,57.89,59.26,59.84,56.45,56.95,1.015568,57.1679,-1,62.7,51.3,55.55,1
002594.SZ,20181204,56.08,55.4,56.84,55.11,56.32,0.24,0.428,118279.68,663603.374,56.95,56.26,57.72,55.97,57.2,1.015568,56.1046,-1,61.69,50.47,55.79,1
002594.SZ,20181205,56.32,55.65,58.15,55.14,57.93,1.61,2.8587,156248.38,887736.695,57.2,56.52,59.06,56.0,58.83,1.015568,56.8157,-1,61.95,50.69,57.39,1
002594.SZ,20181206,57.93,57.51,57.8,54.88,55.35,-2.58,-4.4537,135824.84,759428.435,58.83,58.41,58.7,55.73,56.21,1.015568,55.9123,-1,63.72,52.14,54.83,1
002594.SZ,20181207,55.35,55.9,57.9,55.55,56.89,1.54,2.7823,126354.19,718653.311,56.21,56.77,58.8,56.41,57.78,1.015568,56.8761,-1,60.89,49.82,56.36,1
002594.SZ,20181210,56.89,56.02,56.55,55.05,55.39,-1.5,-2.6367,115499.23,642323.334,57.78,56.89,57.43,55.91,56.25,1.015568,55.6128,-1,62.58,51.2,54.87,1
002594.SZ,20181211,55.39,55.72,57.34,55.7,56.16,0.77,1.3901,111477.8,630306.945,56.25,56.59,58.23,56.57,57.03,1.015568,56.541,-1,60.93,49.85,55.63,1
002594.SZ,20181212,56.16,56.7,58.48,56.6,58.25,2.09,3.7215,131204.08,756589.988,57.03,57.58,59.39,57.48,59.16,1.015568,57.6651,-1,61.78,50.54,57.7,1
002594.SZ,20181213,58.25,58.25,58.56,57.12,58.4,0.15,0.2575,101065.04,585047.648,59.16,59.16,59.47,58.01,59.31,1.015568,57.8882,-1,64.08,52.43,57.85,1
002594.SZ,20181214,58.4,58.37,58.99,56.9,57.3,-1.1,-1.8836,92911.18,537878.635,59.31,59.28,59.91,57.79,58.19,1.015568,57.8917,-1,64.24,52.56,56.76,1
002594.SZ,20181217,57.3,56.67,57.0,54.0,54.89,-2.41,-4.2059,142955.98,786141.531,58.19,57.55,57.89,54.84,55.74,1.015568,54.9919,-1,63.03,51.57,54.37,1
002594.SZ,20181218,54.89,54.05,56.1,53.98,55.04,0.15,0.2733,91365.2,504509.55,55.74,54.89,56.97,54.82,55.9,1.015568,55.219,-1,60.38,49.4,54.52,1
002594.SZ,20181219,55.04,55.21,55.95,53.38,53.5,-1.54,-2.798,113363.1,617053.242,55.9,56.07,56.82,54.21,54.33,1.015568,54.4316,-1,60.54,49.54,53.0,1
002594.SZ,20181220,53.5,53.51,54.34,52.83,53.87,0.37,0.6916,104322.25,560669.532,54.33,54.34,55.19,53.65,54.71,1.015568,53.744,-1,58.85,48.15,53.36,1
002594.SZ,20181221,53.87,53.61,54.19,51.92,52.98,-0.89,-1.6521,103208.9,545598.258,54.71,54.44,55.03,52.73,53.8,1.015568,52.8635,-1,59.26,48.48,52.48,1
002594.SZ,20181224,52.98,52.73,53.44,52.08,53.21,0.23,0.4341,81600.71,431280.133,53.8,53.55,54.27,52.89,54.04,1.015568,52.8525,-1,58.28,47.68,52.71,1
002594.SZ,20181225,53.21,52.6,52.99,50.88,52.22,-0.99,-1.8606,112456.35,584096.975,54.04,53.42,53.81,51.67,53.03,1.015568,51.9399,-1,58.53,47.89,51.73,1
002594.SZ,20181226,52.22,52.24,52.68,51.0,51.0,-1.22,-2.3363,77390.62,401148.28,53.03,53.05,53.5,51.79,51.79,1.015568,51.8342,-1,57.44,47.0,50.52,1
002594.SZ,20181227,51.0,52.11,52.45,50.76,50.84,-0.16,-0.3137,100761.5,519075.086,51.79,52.92,53.27,51.55,51.63,1.015568,51.5152,-1,56.1,45.9,50.36,1
002594.SZ,20181228,50.84,50.86,51.4,50.11,51.0,0.16,0.3147,82507.06,419993.12,51.63,51.65,52.2,50.89,51.79,1.015568,50.9039,-1,55.92,45.76,50.52,1
002594.SZ,20190102,51.0,51.02,51.39,48.98,49.17,-1.83,-3.5882,85554.45,424670.6,51.79,51.81,52.19,49.74,49.94,1.015568,49.6375,-1,56.1,45.9,48.71,1
002594.SZ,20190103,49.17,49.26,49.87,47.98,48.06,-1.11,-2.2575,83477.6,407386.244,49.94,50.03,50.65,48.73,48.81,1.015568,48.8019,-1,54.09,44.25,47.61,1
002594.SZ,20190104,48.06,47.8,51.0,47.51,50.65,2.59,5.3891,126537.87,627892.541,48.81,48.54,51.79,48.25,51.44,1.015568,49.6209,-1,52.87,43.25,50.17,1
002594.SZ,20190107,50.65,50.85,51.88,50.0,51.39,0.74,1.461,136045.5,693197.812,51.44,51.64,52.69,50.78,52.19,1.015568,50.9534,-1,55.72,45.59,50.91,1
002594.SZ,20190108,51.39,52.3,53.64,52.05,52.88,1.49,2.8994,147051.57,777381.422,52.19,53.11,54.48,52.86,53.7,1.015568,52.8645,-1,56.53,46.25,52.38,1
002594.SZ,20190109,52.88,51.8,53.0,48.5,50.46,-2.42,-4.5764,262205.3,1327590.6,53.7,52.61,53.83,49.26,51.25,1.015568,50.6317,-1,58.17,47.59,49.99,1
002594.SZ,20190110,50.46,49.9,50.19,48.64,48.85,-1.61,-3.1906,153455.9,757175.097,51.25,50.68,50.97,49.4,49.61,1.015568,49.3415,-1,55.51,45.41,48.39,1
002594.SZ,20190111,48.85,48.5,49.29,48.38,49.02,0.17,0.348,96799.55,472494.719,49.61,49.26,50.06,49.13,49.78,1.015568,48.8117,-1,53.74,43.97,48.56,1
002594.SZ,20190114,49.02,49.2,49.21,47.31,48.8,-0.22,-0.4488,109746.34,527419.471,49.78,49.97,49.98,48.05,49.56,1.015568,48.058,-1,53.92,44.12,48.34,1
002594.SZ,20190115,48.8,48.39,48.96,47.85,48.8,0.0,0.0,83530.65,405053.064,49.56,49.14,49.72,48.59,49.56,1.015568,48.4915,-1,53.68,43.92,48.34,1
002594.SZ,20190116,48.8,48.8,49.12,48.32,48.93,0.13,0.2664,65923.79,321851.881,49.56,49.56,49.88,49.07,49.69,1.015568,48.8218,-1,53.68,43.92,48.47,1
002594.SZ,20190117,48.93,48.9,48.91,47.33,47.49,-1.44,-2.943,98743.78,471791.914,49.69,49.66,49.67,48.07,48.23,1.015568,47.7794,-1,53.82,44.04,47.04,1
002594.SZ,20190118,47.49,47.49,47.49,46.04,46.82,-0.67,-1.4108,125995.91,587354.337,48.23,48.23,48.23,46.76,47.55,1.015568,46.6169,-1,52.24,42.74,46.38,1
002594.SZ,20190121,46.82,46.76,48.26,46.12,48.21,1.39,2.9688,131233.26,623110.349,47.55,47.49,49.01,46.84,48.96,1.015568,47.4811,-1,51.5,42.14,47.76,1
002594.SZ,20190122,48.21,48.06,48.8,47.6,47.7,-0.51,-1.0579,84093.77,405187.157,48.96,48.81,49.56,48.34,48.44,1.015568,48.1828,-1,53.03,43.39,47.25,1
002594.SZ,20190123,47.7,47.42,48.88,47.33,48.8,1.1,2.3061,96619.67,468388.887,48.44,48.16,49.64,48.07,49.56,1.015568,48.4776,-1,52.47,42.93,48.34,1
002594.SZ,20190124,48.8,48.93,48.97,47.66,48.52,-0.28,-0.5738,71711.59,346868.853,49.56,49.69,49.73,48.4,49.28,1.015568,48.37,-1,53.68,43.92,48.06,1
002594.SZ,20190125,48.52,48.55,49.64,48.19,49.18,0.66,1.3603,100929.16,495909.173,49.28,49.31,50.41,48.94,49.95,1.015568,49.1344,-1,53.37,43.67,48.72,1
002594.SZ,20190128,49.18,49.2,49.85,48.28,48.46,-0.72,-1.464,86253.59,421062.141,49.95,49.97,50.63,49.03,49.21,1.015568,48.8168,-1,54.1,44.26,48.01,1
002594.SZ,20190129,48.46,48.45,48.45,47.03,48.0,-0.46,-0.9492,61503.17,294079.276,49.21,49.2,49.2,47.76,48.75,1.015568,47.8153,-1,53.31,43.61,47.55,1
002594.SZ,20190130,48.0,47.95,48.27,46.9,47.15,-0.85,-1.7708,83426.14,395168.911,48.75,48.7,49.02,47.63,47.88,1.015568,47.3675,-1,52.8,43.2,46.71,1
002594.SZ,20190131,47.15,47.1,47.49,46.27,46.42,-0.73,-1.5483,71885.09,336548.858,47.88,47.83,48.23,46.99,47.14,1.015568,46.8176,-1,51.87,42.44,45.98,1
002594.SZ,20190201,46.42,46.75,48.31,46.51,48.27,1.85,3.9854,91780.0,437206.887,47.14,47.48,49.06,47.23,49.02,1.015568,47.6364,-1,51.06,41.78,47.82,1
002594.SZ,20190211,48.27,48.8,50.33,48.8,50.2,1.93,3.9983,128870.65,643280.484,49.02,49.56,51.11,49.56,50.98,1.015568,49.9168,-1,53.1,43.44,49.73,1
002594.SZ,20190212,50.2,50.21,51.15,49.88,50.58,0.38,0.757,102991.51,520271.543,50.98,50.99,51.95,50.66,51.37,1.015568,50.516,-1,55.22,45.18,50.11,1
002594.SZ,20190213,50.58,50.58,52.09,50.32,51.57,0.99,1.9573,122964.82,631189.934,51.37,51.37,52.9,51.1,52.37,1.015568,51.3309,-1,55.64,45.52,51.09,1
002594.SZ,20190214,51.57,51.85,54.06,51.85,53.72,2.15,4.1691,169124.15,900048.082,52.37,52.66,54.9,52.66,54.56,1.015568,53.2182,-1,56.73,46.41,53.22,1
002594.SZ,20190215,53.72,53.4,53.4,51.52,51.67,-2.05,-3.8161,152915.89,798355.783,54.56,54.23,54.23,52.32,52.47,1.015568,52.2088,-1,59.09,48.35,51.19,1
002594.SZ,20190218,51.67,51.93,52.79,51.64,52.45,0.78,1.5096,168184.85,878505.553,52.47,52.74,53.61,52.44,53.27,1.015568,52.2345,-1,56.84,46.5,51.96,1
002594.SZ,20190219,52.45,52.5,52.66,50.99,51.74,-0.71,-1.3537,144364.53,746470.487,53.27,53.32,53.48,51.78,52.55,1.015568,51.7073,-1,57.7,47.21,51.25,1
002594.SZ,20190220,51.74,51.8,52.8,51.54,52.36,0.62,1.1983,124998.99,653706.171,52.55,52.61,53.62,52.34,53.18,1.015568,52.2969,-1,56.91,46.57,51.87,1
002594.SZ,20190221,52.36,52.3,53.01,51.56,51.94,-0.42,-0.8021,126055.57,659357.725,53.18,53.11,53.84,52.36,52.75,1.015568,52.3069,-1,57.6,47.12,51.45,1
002594.SZ,20190222,51.94,51.8,51.88,50.9,51.88,-0.06,-0.1155,119677.84,614630.406,52.75,52.61,52.69,51.69,52.69,1.015568,51.3571,-1,57.13,46.75,51.39,1
002594.SZ,20190225,51.88,51.88,55.13,51.5,55.06,3.18,6.1295,258382.09,1389428.008,52.69,52.69,55.99,52.3,55.92,1.015568,53.7742,-1,57.07,46.69,54.54,1
002594.SZ,20190226,55.06,57.2,58.67,56.44,56.74,1.68,3.0512,291995.5,1676147.79,55.92,58.09,59.58,57.32,57.62,1.015568,57.4032,-1,60.57,49.55,56.21,1
002594.SZ,20190227,56.74,56.2,56.25,54.15,54.96,-1.78,-3.1371,228542.62,1257964.248,57.62,57.07,57.13,54.99,55.82,1.015568,55.0429,-1,62.41,51.07,54.44,1
002594.SZ,20190228,54.96,55.12,55.22,54.16,54.51,-0.45,-0.8188,94237.38,515781.621,55.82,55.98,56.08,55.0,55.36,1.015568,54.7322,-1,60.46,49.46,54.0,1
002594.SZ,20190301,54.51,54.88,54.98,52.88,53.8,-0.71,-1.3025,174562.53,935733.501,55.36,55.73,55.84,53.7,54.64,1.015568,53.6045,-1,59.96,49.06,53.3,1
002594.SZ,20190304,53.8,54.0,54.79,52.73,53.68,-0.12,-0.223,302258.1,1617182.254,54.64,54.84,55.64,53.55,54.52,1.015568,53.5034,-1,59.18,48.42,53.18,1
002594.SZ,20190305,53.68,53.66,54.23,53.0,54.08,0.4,0.7452,196305.91,1054132.204,54.52,54.5,55.07,53.83,54.92,1.015568,53.6984,-1,59.05,48.31,53.57,1
002594.SZ,20190306,54.08,54.5,54.96,53.5,54.44,0.36,0.6657,220521.78,1195892.022,54.92,55.35,55.82,54.33,55.29,1.015568,54.2301,-1,59.49,48.67,53.93,1
002594.SZ,20190307,54.44,54.1,54.1,53.01,53.38,-1.06,-1.9471,182839.43,976603.632,55.29,54.94,54.94,53.84,54.21,1.015568,53.4132,-1,59.88,49.0,52.88,1
002594.SZ,20190308,53.38,53.0,53.0,51.05,51.12,-2.26,-4.2338,185281.5,962751.253,54.21,53.83,53.83,51.84,51.92,1.015568,51.9615,-1,58.72,48.04,50.64,1
002594.SZ,20190311,51.12,51.1,52.48,51.1,52.37,1.25,2.4452,126196.5,654575.666,51.92,51.9,53.3,51.9,53.19,1.015568,51.8696,-1,56.23,46.01,51.88,1
002594.SZ,20190312,52.37,52.4,52.88,51.71,51.99,-0.38,-0.7256,138615.48,725665.664,53.19,53.22,53.7,52.52,52.8,1.015568,52.351,-1,57.61,47.13,51.5,1
002594.SZ,20190313,51.99,51.78,52.77,51.3,52.0,0.01,0.0192,127209.68,662997.519,52.8,52.59,53.59,52.1,52.81,1.015568,52.1185,-1,57.19,46.79,51.51,1
002594.SZ,20190314,52.0,52.01,55.15,52.01,54.57,2.57,4.9423,350367.43,1889955.259,52.81,52.82,56.01,52.82,55.42,1.015568,53.9421,-1,57.2,46.8,54.06,1
002594.SZ,20190315,54.57,55.05,56.2,54.13,55.39,0.82,1.5027,255425.62,1416034.163,55.42,55.91,57.07,54.97,56.25,1.015568,55.4382,-1,60.03,49.11,54.87,1
002594.SZ,20190318,55.39,55.5,56.44,55.39,55.66,0.27,0.4875,154589.09,863433.541,56.25,56.36,57.32,56.25,56.53,1.015568,55.8535,-1,60.93,49.85,55.14,1
002594.SZ,20190319,55.66,56.15,56.66,55.51,55.99,0.33,0.5929,124059.88,695763.5,56.53,57.02,57.54,56.37,56.86,1.015568,56.0829,-1,61.23,50.09,55.46,1
002594.SZ,20190320,55.99,56.25,56.67,54.85,55.4,-0.59,-1.0538,122722.7,685243.136,56.86,57.13,57.55,55.7,56.26,1.015568,55.8367,-1,61.59,50.39,54.88,1
002594.SZ,20190321,55.4,55.4,55.98,54.64,55.05,-0.35,-0.6318,109001.92,603820.541,56.26,56.26,56.85,55.49,55.91,1.015568,55.3954,-1,60.94,49.86,54.53,1
002594.SZ,20190322,55.05,55.15,57.58,54.99,57.0,1.95,3.5422,173032.54,982926.478,55.91,56.01,58.48,55.85,57.89,1.015568,56.8059,-1,60.56,49.55,56.47,1
002594.SZ,20190325,57.0,56.0,57.97,55.72,56.5,-0.5,-0.8772,124562.02,709514.797,57.89,56.87,58.87,56.59,57.38,1.015568,56.9608,-1,62.7,51.3,55.97,1
002594.SZ,20190326,56.5,57.0,57.55,55.08,55.25,-1.25,-2.2124,105549.04,594394.98,57.38,57.89,58.45,55.94,56.11,1.015568,56.3146,-1,62.15,50.85,54.73,1
002594.SZ,20190327,55.25,54.77,56.55,53.7,54.71,-0.54,-0.9774,147450.06,804456.203,56.11,55.62,57.43,54.54,55.56,1.015568,54.5579,-1,60.78,49.73,54.2,1
002594.SZ,20190328,54.71,55.65,55.66,52.5,52.77,-1.94,-3.546,167947.28,895034.578,55.56,56.52,56.53,53.32,53.59,1.015568,53.2926,-1,60.18,49.24,52.27,1
002594.SZ,20190329,52.77,52.86,53.56,52.16,53.49,0.72,1.3644,128353.96,680888.783,53.59,53.68,54.39,52.97,54.32,1.015568,53.0477,-1,58.05,47.49,52.99,1
002594.SZ,20190401,53.49,53.54,54.79,53.3,54.45,0.96,1.7947,160698.15,870253.123,54.32,54.37,55.64,54.13,55.3,1.015568,54.1545,-1,58.84,48.14,53.94,1
002594.SZ,20190402,54.45,54.61,54.98,54.0,54.68,0.23,0.4224,128436.6,697294.567,55.3,55.46,55.84,54.84,55.53,1.015568,54.291,-1,59.9,49.01,54.17,1
002594.SZ,20190403,54.68,54.71,54.9,54.17,54.39,-0.29,-0.5304,101702.57,554172.127,55.53,55.56,55.75,55.01,55.24,1.015568,54.4895,-1,60.15,49.21,53.88,1
002594.SZ,20190404,54.39,54.54,55.64,54.42,55.19,0.8,1.4709,147706.21,814495.088,55.24,55.39,56.51,55.27,56.05,1.015568,55.1429,-1,59.83,48.95,54.67,1
002594.SZ,20190408,55.19,55.48,55.62,52.9,53.44,-1.75,-3.1709,165600.19,896323.907,56.05,56.34,56.49,53.72,54.27,1.015568,54.1258,-1,60.71,49.67,52.94,1
002594.SZ,20190409,53.44,53.55,55.3,53.55,54.93,1.49,2.7882,133048.7,724828.855,54.27,54.38,56.16,54.38,55.79,1.015568,54.4785,-1,58.78,48.1,54.41,1
002594.SZ,20190410,54.93,54.95,56.3,53.67,55.52,0.59,1.0741,176454.57,976494.639,55.79,55.81,57.18,54.51,56.38,1.015568,55.3397,-1,60.42,49.44,55.0,1
002594.SZ,20190411,55.52,55.78,57.4,54.73,54.93,-0.59,-1.0627,183873.02,1031866.08,56.38,56.65,58.29,55.58,55.79,1.015568,56.1184,-1,61.07,49.97,54.41,1
002594.SZ,20190412,54.93,54.75,54.75,53.67,54.09,-0.84,-1.5292,89460.41,484592.128,55.79,55.6,55.6,54.51,54.93,1.015568,54.1683,-1,60.42,49.44,53.58,1
002594.SZ,20190415,54.09,54.46,55.24,53.33,53.54,-0.55,-1.0168,100201.48,544377.825,54.93,55.31,56.1,54.16,54.37,1.015568,54.3283,-1,59.5,48.68,53.04,1
002594.SZ,20190416,53.54,53.54,57.05,53.3,56.73,3.19,5.9582,210095.7,1165362.389,54.37,54.37,57.94,54.13,57.61,1.015568,55.4682,-1,58.89,48.19,56.2,1
002594.SZ,20190417,56.73,58.1,62.4,58.1,62.4,5.67,9.9947,491714.14,2999382.073,57.61,59.0,63.37,59.0,63.37,1.015568,60.9985,-1,62.4,51.06,61.81,1
002594.SZ,20190418,62.4,62.3,62.31,58.9,59.32,-3.08,-4.9359,314696.52,1902702.645,63.37,63.27,63.28,59.82,60.24,1.015568,60.4615,-1,68.64,56.16,58.76,1
002594.SZ,20190419,59.32,59.01,61.8,58.51,60.13,0.81,1.3655,174364.29,1050880.591,60.24,59.93,62.76,59.42,61.07,1.015568,60.2693,-1,65.25,53.39,59.57,1
002594.SZ,20190422,60.13,60.0,60.13,57.19,57.71,-2.42,-4.0246,152524.84,888126.618,61.07,60.93,61.07,58.08,58.61,1.015568,58.2283,-1,66.14,54.12,57.17,1
002594.SZ,20190423,57.71,57.75,57.91,56.61,56.96,-0.75,-1.2996,99685.87,569865.394,58.61,58.65,58.81,57.49,57.85,1.015568,57.1661,-1,63.48,51.94,56.43,1
002594.SZ,20190424,56.96,57.44,58.17,56.65,58.15,1.19,2.0892,112922.85,651607.907,57.85,58.33,59.08,57.53,59.06,1.015568,57.7038,-1,62.66,51.26,57.6,1
002594.SZ,20190425,58.15,57.7,57.7,56.0,56.16,-1.99,-3.4222,92924.85,526376.238,59.06,58.6,58.6,56.87,57.03,1.015568,56.6454,-1,63.97,52.34,55.63,1
002594.SZ,20190426,56.16,56.09,56.59,55.13,55.36,-0.8,-1.4245,82089.26,457693.828,57.03,56.96,57.47,55.99,56.22,1.015568,55.7556,-1,61.78,50.54,54.84,1
002594.SZ,20190429,55.36,56.5,56.98,55.45,55.65,0.29,0.5238,105128.2,591529.429,56.22,57.38,57.87,56.31,56.52,1.015568,56.2674,-1,60.9,49.82,55.13,1
002594.SZ,20190430,55.65,55.55,56.9,55.25,56.9,1.25,2.2462,79274.23,447723.208,56.52,56.41,57.79,56.11,57.79,1.015568,56.4778,-1,61.22,50.09,56.37,1
002594.SZ,20190506,56.9,54.88,55.28,51.84,52.05,-4.85,-8.5237,135543.64,725208.717,57.79,55.73,56.14,52.65,52.86,1.015568,53.5037,-1,62.59,51.21,51.56,1
002594.SZ,20190507,52.05,52.42,53.58,52.07,53.01,0.96,1.8444,85742.47,454013.999,52.86,53.24,54.41,52.88,53.84,1.015568,52.9509,-1,57.26,46.85,52.51,1
002594.SZ,20190508,53.01,52.03,53.32,51.41,51.85,-1.16,-2.1883,98147.03,511300.537,53.84,52.84,54.15,52.21,52.66,1.015568,52.0954,-1,58.31,47.71,51.36,1
002594.SZ,20190509,51.85,51.9,52.25,50.67,51.11,-0.74,-1.4272,74263.9,380777.299,52.66,52.71,53.06,51.46,51.91,1.015568,51.2735,-1,57.04,46.67,50.63,1
002594.SZ,20190510,51.11,51.86,52.32,49.7,52.26,1.15,2.25,90465.03,467950.646,51.91,52.67,53.13,50.47,53.07,1.015568,51.7272,-1,56.22,46.0,51.77,1
002594.SZ,20190513,52.26,52.2,52.2,50.5,51.02,-1.24,-2.3728,64960.77,331705.667,53.07,53.01,53.01,51.29,51.81,1.015568,51.0625,-1,57.49,47.03,50.54,1
002594.SZ,20190514,51.02,50.45,51.0,50.1,50.19,-0.83,-1.6268,62974.78,318067.063,51.81,51.24,51.79,50.88,50.97,1.015568,50.5071,-1,56.12,45.92,49.72,1
002594.SZ,20190515,50.19,50.61,51.33,50.33,51.29,1.1,2.1917,68026.85,346688.295,50.97,51.4,52.13,51.11,52.09,1.015568,50.9634,-1,55.21,45.17,50.81,1
002594.SZ,20190516,51.29,51.25,51.89,51.2,51.47,0.18,0.3509,58377.0,300715.977,52.09,52.05,52.7,52.0,52.27,1.015568,51.5127,-1,56.42,46.16,50.99,1
002594.SZ,20190517,51.47,51.3,51.45,50.0,50.22,-1.25,-2.4286,67504.82,340767.75,52.27,52.1,52.25,50.78,51.0,1.015568,50.4805,-1,56.62,46.32,49.75,1
002594.SZ,20190520,50.22,50.4,50.42,48.5,49.0,-1.22,-2.4293,78295.97,383243.529,51.0,51.18,51.2,49.26,49.76,1.015568,48.9481,-1,55.24,45.2,48.54,1
002594.SZ,20190521,49.0,49.16,49.61,48.7,49.4,0.4,0.8163,59860.63,295136.969,49.76,49.93,50.38,49.46,50.17,1.015568,49.304,-1,53.9,44.1,48.94,1
002594.SZ,20190522,49.4,49.49,49.51,48.6,48.93,-0.47,-0.9514,52623.37,257348.049,50.17,50.26,50.28,49.36,49.69,1.015568,48.9038,-1,54.34,44.46,48.47,1
002594.SZ,20190523,48.93,49.3,49.48,47.47,47.59,-1.34,-2.7386,107057.19,514288.095,49.69,50.07,50.25,48.21,48.33,1.015568,48.0386,-1,53.82,44.04,47.14,1
002594.SZ,20190524,47.59,47.71,49.69,47.0,48.61,1.02,2.1433,93766.16,451740.393,48.33,48.45,50.46,47.73,49.37,1.015568,48.1773,-1,52.35,42.83,48.15,1
002594.SZ,20190527,48.61,48.3,48.99,47.3,48.81,0.2,0.4114,79566.86,383543.247,49.37,49.05,49.75,48.04,49.57,1.015568,48.2039,-1,53.47,43.75,48.35,1
002594.SZ,20190528,48.81,48.81,50.5,48.71,50.5,1.69,3.4624,122525.48,610836.937,49.57,49.57,51.29,49.47,51.29,1.015568,49.8539,-1,53.69,43.93,50.03,1
002594.SZ,20190529,50.5,49.51,49.95,49.27,49.6,-0.9,-1.7822,56658.72,281063.737,51.29,50.28,50.73,50.04,50.37,1.015568,49.6064,-1,55.55,45.45,49.13,1
002594.SZ,20190530,49.6,49.5,49.5,48.25,48.37,-1.23,-2.4798,55403.62,269187.302,50.37,50.27,50.27,49.0,49.12,1.015568,48.5866,-1,54.56,44.64,47.92,1
002594.SZ,20190531,48.37,48.64,48.93,47.87,48.25,-0.12,-0.2481,53590.67,259382.616,49.12,49.4,49.69,48.62,49.0,1.015568,48.4007,-1,53.21,43.53,47.8,1
002594.SZ,20190603,48.25,48.71,49.16,48.04,48.79,0.54,1.1192,53961.7,261923.867,49.0,49.47,49.93,48.79,49.55,1.015568,48.5388,-1,53.08,43.43,48.33,1
002594.SZ,20190604,48.79,48.44,48.6,47.7,48.51,-0.28,-0.5739,49330.99,237326.287,49.55,49.19,49.36,48.44,49.27,1.015568,48.109,-1,53.67,43.91,48.05,1
002594.SZ,20190605,48.51,48.98,49.35,48.6,48.9,0.39,0.804,67271.46,329419.97,49.27,49.74,50.12,49.36,49.66,1.015568,48.9688,-1,53.36,43.66,48.44,1
002594.SZ,20190606,48.9,49.69,50.12,49.0,49.37,0.47,0.9611,106347.88,527701.775,49.66,50.46,50.9,49.76,50.14,1.015568,49.6203,-1,53.79,44.01,48.91,1
002594.SZ,20190610,49.37,51.0,51.91,50.66,50.9,1.53,3.099,131081.81,671025.777,50.14,51.79,52.72,51.45,51.69,1.015568,51.1914,-1,54.31,44.43,50.42,1
002594.SZ,20190611,50.9,50.57,51.69,50.15,51.55,0.65,1.277,119686.34,611970.77,51.69,51.36,52.49,50.93,52.35,1.015568,51.1312,-1,55.99,45.81,51.07,1
002594.SZ,20190612,51.55,51.56,51.56,50.56,50.75,-0.8,-1.5519,93790.99,476661.987,52.35,52.36,52.36,51.35,51.54,1.015568,50.8217,-1,56.71,46.4,50.27,1
002594.SZ,20190613,50.75,50.7,50.7,49.89,50.22,-0.53,-1.0443,68058.93,341679.829,51.54,51.49,51.49,50.67,51.0,1.015568,50.2035,-1,55.83,45.68,49.75,1
002594.SZ,20190614,50.22,50.3,50.49,49.3,49.35,-0.87,-1.7324,62553.08,311449.188,51.0,51.08,51.28,50.07,50.12,1.015568,49.7896,-1,55.24,45.2,48.89,1
002594.SZ,20190617,49.35,49.49,49.93,49.0,49.1,-0.25,-0.5066,53005.07,261630.786,50.12,50.26,50.71,49.76,49.86,1.015568,49.3596,-1,54.29,44.42,48.64,1
002594.SZ,20190618,49.1,49.11,49.6,48.97,49.2,0.1,0.2037,54723.68,269093.638,49.86,49.87,50.37,49.73,49.97,1.015568,49.1732,-1,54.01,44.19,48.74,1
002594.SZ,20190619,49.2,50.12,50.35,49.46,49.6,0.4,0.813,92549.67,461559.434,49.97,50.9,51.13,50.23,50.37,1.015568,49.8715,-1,54.12,44.28,49.13,1
002594.SZ,20190620,49.6,49.6,50.49,49.08,50.29,0.69,1.3911,121168.66,604664.111,50.37,50.37,51.28,49.84,51.07,1.015568,49.9027,-1,54.56,44.64,49.82,1
002594.SZ,20190621,50.29,50.2,50.68,50.0,50.55,0.26,0.517,106524.86,537052.469,51.07,50.98,51.47,50.78,51.34,1.015568,50.4157,-1,55.32,45.26,50.08,1
002594.SZ,20190624,50.55,50.55,50.88,50.21,50.76,0.21,0.4154,65401.16,331224.645,51.34,51.34,51.67,50.99,51.55,1.015568,50.6451,-1,55.61,45.5,50.28,1
002594.SZ,20190625,50.76,50.5,50.68,49.7,49.9,-0.86,-1.6942,78742.19,393724.882,51.55,51.29,51.47,50.47,50.68,1.015568,50.0018,-1,55.84,45.68,49.43,1
002594.SZ,20190626,49.9,49.56,50.6,49.41,50.03,0.13,0.2605,57139.27,286425.558,50.68,50.33,51.39,50.18,50.81,1.015568,50.1276,-1,54.89,44.91,49.56,1
002594.SZ,20190627,50.03,50.2,50.86,50.06,50.54,0.51,1.0194,81181.08,410302.47,50.81,50.98,51.65,50.84,51.33,1.015568,50.5416,-1,55.03,45.03,50.07,1
002594.SZ,20190628,50.54,50.55,50.83,50.23,50.72,0.18,0.3562,55170.97,278912.037,51.33,51.34,51.62,51.01,51.51,1.015568,50.5541,-1,55.59,45.49,50.24,1
002594.SZ,20190701,50.72,51.6,52.13,51.08,51.91,1.19,2.3462,114363.63,591468.284,51.51,52.4,52.94,51.88,52.72,1.015568,51.7182,-1,55.79,45.65,51.42,1
002594.SZ,20190702,51.91,51.91,54.4,51.55,53.18,1.27,2.4465,158556.34,845973.987,52.72,52.72,55.25,52.35,54.01,1.015568,53.3548,-1,57.1,46.72,52.68,1
002594.SZ,20190703,53.18,53.18,54.2,52.77,53.4,0.22,0.4137,118723.44,636771.038,54.01,54.01,55.04,53.59,54.23,1.015568,53.6348,-1,58.5,47.86,52.9,1
002594.SZ,20190704,53.4,53.42,54.11,52.82,53.24,-0.16,-0.2996,81471.45,435697.733,54.23,54.25,54.95,53.64,54.07,1.015568,53.4786,-1,58.74,48.06,52.74,1
002594.SZ,20190705,53.24,53.24,53.77,52.18,53.26,0.02,0.0376,82513.29,437855.977,54.07,54.07,54.61,52.99,54.09,1.015568,53.0649,-1,58.56,47.92,52.76,1
002594.SZ,20190708,53.26,53.27,53.29,51.26,52.32,-0.94,-1.7649,97308.46,509579.132,54.09,54.1,54.12,52.06,53.13,1.015568,52.3674,-1,58.59,47.93,51.83,1
002594.SZ,20190709,52.32,52.19,55.05,52.07,54.89,2.57,4.9121,181053.1,978273.334,53.13,53.0,55.91,52.88,55.74,1.015568,54.0324,-1,57.55,47.09,54.37,1
002594.SZ,20190710,54.89,54.6,54.6,53.51,53.9,-0.99,-1.8036,119791.95,645839.746,55.74,55.45,55.45,54.34,54.74,1.015568,53.9135,-1,60.38,49.4,53.39,1
002594.SZ,20190711,53.9,53.92,54.15,52.89,53.25,-0.65,-1.2059,92303.7,493283.916,54.74,54.76,54.99,53.71,54.08,1.015568,53.4414,-1,59.29,48.51,52.75,1
002594.SZ,20190712,53.25,53.3,54.78,53.2,54.26,1.01,1.8967,103750.3,562711.506,54.08,54.13,55.63,54.03,55.1,1.015568,54.2371,-1,58.58,47.93,53.75,1
002594.SZ,20190715,54.26,54.28,55.88,53.62,55.35,1.09,2.0088,122206.76,672943.701,55.1,55.13,56.75,54.45,56.21,1.015568,55.066,-1,59.69,48.83,54.83,1
002594.SZ,20190716,55.35,55.14,55.25,54.6,54.78,-0.57,-1.0298,53946.09,295764.35,56.21,56.0,56.11,55.45,55.63,1.015568,54.8259,-1,60.89,49.82,54.27,1
002594.SZ,20190717,54.78,54.79,55.2,54.4,54.65,-0.13,-0.2373,62128.71,340228.56,55.63,55.64,56.06,55.25,55.5,1.015568,54.7619,-1,60.26,49.3,54.14,1
002594.SZ,20190718,54.65,54.37,54.37,53.06,53.45,-1.2,-2.1958,89584.4,478991.316,55.5,55.22,55.22,53.89,54.28,1.015568,53.4682,-1,60.12,49.19,52.95,1
002594.SZ,20190719,53.45,53.61,54.23,53.36,53.93,0.48,0.898,60072.25,323902.159,54.28,54.44,55.07,54.19,54.77,1.015568,53.9188,-1,58.8,48.11,53.42,1
002594.SZ,20190722,53.93,54.5,55.43,54.04,54.9,0.97,1.7986,115344.18,632700.582,54.77,55.35,56.29,54.88,55.75,1.015568,54.8533,-1,59.32,48.54,54.38,1
002594.SZ,20190723,54.9,54.8,57.25,54.36,56.33,1.43,2.6047,141071.81,790277.018,55.75,55.65,58.14,55.21,57.21,1.015568,56.0195,-1,60.39,49.41,55.8,1
002594.SZ,20190724,56.33,56.8,57.26,56.2,56.34,0.01,0.0178,106123.97,602258.056,57.21,57.68,58.15,57.07,57.22,1.015568,56.7504,-1,61.96,50.7,55.81,1
002594.SZ,20190725,56.34,56.34,56.98,55.82,56.8,0.46,0.8165,69022.62,389643.343,57.22,57.22,57.87,56.69,57.68,1.015568,56.4515,-1,61.97,50.71,56.27,1
002594.SZ,20190726,56.6,56.25,57.88,56.0,57.42,0.82,1.4488,105883.85,605449.724,57.68,57.33,58.99,57.07,58.52,1.019157,57.1806,2,62.26,50.94,57.08,1
002594.SZ,20190729,57.42,57.84,57.95,56.59,57.22,-0.2,-0.3483,63434.02,362394.96,58.52,58.95,59.06,57.67,58.32,1.019157,57.1294,-1,63.16,51.68,56.88,1
002594.SZ,20190730,57.22,57.25,57.46,56.54,57.08,-0.14,-0.2447,75485.23,429968.22,58.32,58.35,58.56,57.62,58.17,1.019157,56.9606,-1,62.94,51.5,56.74,1
002594.SZ,20190731,57.08,56.8,56.8,55.48,55.95,-1.13,-1.9797,89719.83,502687.43,58.17,57.89,57.89,56.54,57.02,1.019157,56.0286,-1,62.79,51.37,55.62,1
002594.SZ,20190801,55.95,55.7,56.28,55.18,55.73,-0.22,-0.3932,88669.6,493036.92,57.02,56.77,57.36,56.24,56.8,1.019157,55.6038,-1,61.55,50.36,55.4,1
002594.SZ,20190802,55.73,54.06,55.03,53.85,54.39,-1.34,-2.4045,84179.92,458483.256,56.8,55.1,56.08,54.88,55.43,1.019157,54.4647,-1,61.3,50.16,54.07,1
002594.SZ,20190805,54.39,54.2,54.47,52.21,52.38,-2.01,-3.6955,104575.32,555556.899,55.43,55.24,55.51,53.21,53.38,1.019157,53.125,-1,59.83,48.95,52.07,1
002594.SZ,20190806,52.38,51.41,51.98,50.45,51.37,-1.01,-1.9282,108362.19,554889.918,53.38,52.39,52.98,51.42,52.35,1.019157,51.207,-1,57.62,47.14,51.07,1
002594.SZ,20190807,51.37,51.65,51.9,50.57,50.8,-0.57,-1.1096,71130.98,363369.325,52.35,52.64,52.89,51.54,51.77,1.019157,51.0845,-1,56.51,46.23,50.5,1
002594.SZ,20190808,50.8,51.13,51.31,50.5,50.86,0.06,0.1181,71456.16,363707.712,51.77,52.11,52.29,51.47,51.83,1.019157,50.8994,-1,55.88,45.72,50.56,1
002594.SZ,20190809,50.86,51.3,51.96,50.86,50.99,0.13,0.2556,85773.44,440459.429,51.83,52.28,52.96,51.83,51.97,1.019157,51.3515,-1,55.95,45.77,50.69,1
002594.SZ,20190812,50.99,50.88,51.2,49.8,51.2,0.21,0.4118,90738.99,458849.775,51.97,51.85,52.18,50.75,52.18,1.019157,50.5681,-1,56.09,45.89,50.9,1
002594.SZ,20190813,51.2,50.51,50.69,49.4,49.5,-1.7,-3.3203,135333.2,674159.669,52.18,51.48,51.66,50.35,50.45,1.019157,49.8148,-1,56.32,46.08,49.21,1
002594.SZ,20190814,49.5,50.2,50.5,49.76,50.29,0.79,1.596,92687.29,465589.31,50.45,51.16,51.47,50.71,51.25,1.019157,50.2323,-1,54.45,44.55,49.99,1
002594.SZ,20190815,50.29,49.45,50.37,49.04,50.11,-0.18,-0.3579,66446.66,330083.346,51.25,50.4,51.33,49.98,51.07,1.019157,49.6764,-1,55.32,45.26,49.82,1
002594.SZ,20190816,50.11,50.3,51.55,50.12,51.07,0.96,1.9158,90301.27,461801.383,51.07,51.26,52.54,51.08,52.05,1.019157,51.1401,-1,55.12,45.1,50.77,1
002594.SZ,20190819,51.07,52.0,52.19,51.2,52.1,1.03,2.0168,106806.25,553165.931,52.05,53.0,53.19,52.18,53.1,1.019157,51.7915,-1,56.18,45.96,51.79,1
002594.SZ,20190820,52.1,51.79,52.09,51.3,51.43,-0.67,-1.286,87995.64,454068.932,53.1,52.78,53.09,52.28,52.42,1.019157,51.6013,-1,57.31,46.89,51.13,1
002594.SZ,20190821,51.43,51.33,51.62,50.88,51.62,0.19,0.3694,85677.85,438446.555,52.42,52.31,52.61,51.85,52.61,1.019157,51.1739,-1,56.57,46.29,51.32,1
002594.SZ,20190822,51.62,50.9,50.9,49.67,50.21,-1.41,-2.7315,211089.24,1057906.186,52.61,51.88,51.88,50.62,51.17,1.019157,50.1165,-1,56.78,46.46,49.91,1
002594.SZ,20190823,50.21,50.0,50.01,48.24,48.89,-1.32,-2.629,246969.39,1209219.992,51.17,50.96,50.97,49.16,49.83,1.019157,48.9623,-1,55.23,45.19,48.6,1
002594.SZ,20190826,48.89,48.02,49.05,47.74,49.03,0.14,0.2864,142274.41,690592.163,49.83,48.94,49.99,48.65,49.97,1.019157,48.5395,-1,53.78,44.0,48.74,1
002594.SZ,20190827,49.03,49.12,49.63,49.1,49.54,0.51,1.0402,144791.6,715147.678,49.97,50.06,50.58,50.04,50.49,1.019157,49.3915,-1,53.93,44.13,49.25,1
002594.SZ,20190828,49.54,50.3,51.34,49.79,49.81,0.27,0.545,176509.72,890016.555,50.49,51.26,52.32,50.74,50.76,1.019157,50.4231,-1,54.49,44.59,49.52,1
002594.SZ,20190829,49.81,49.78,49.78,48.8,49.1,-0.71,-1.4254,97408.62,478134.197,50.76,50.73,50.73,49.73,50.04,1.019157,49.0854,-1,54.79,44.83,48.81,1
002594.SZ,20190830,49.1,49.58,49.89,49.16,49.45,0.35,0.7128,101825.34,504256.094,50.04,50.53,50.85,50.1,50.4,1.019157,49.5217,-1,54.01,44.19,49.16,1
002594.SZ,20190902,49.45,49.98,50.0,49.34,49.72,0.27,0.546,118336.76,587224.054,50.4,50.94,50.96,50.29,50.67,1.019157,49.6231,-1,54.4,44.51,49.43,1
002594.SZ,20190903,49.72,49.99,49.99,49.15,49.49,-0.23,-0.4626,95675.33,472364.324,50.67,50.95,50.95,50.09,50.44,1.019157,49.3716,-1,54.69,44.75,49.2,1
002594.SZ,20190904,49.49,49.48,49.48,49.01,49.37,-0.12,-0.2425,107035.02,525959.123,50.44,50.43,50.43,49.95,50.32,1.019157,49.139,-1,54.44,44.54,49.08,1
002594.SZ,20190905,49.37,49.5,50.4,49.49,50.14,0.77,1.5597,174907.43,875402.27,50.32,50.45,51.37,50.44,51.1,1.019157,50.0495,-1,54.31,44.43,49.85,1
002594.SZ,20190906,50.14,50.34,51.2,50.21,50.49,0.35,0.698,146573.57,741340.589,51.1,51.3,52.18,51.17,51.46,1.019157,50.5781,-1,55.15,45.13,50.19,1
002594.SZ,20190909,50.49,50.85,51.66,50.56,51.58,1.09,2.1588,194828.41,997120.932,51.46,51.82,52.65,51.53,52.57,1.019157,51.1794,-1,55.54,45.44,51.28,1
002594.SZ,20190910,51.58,51.7,51.87,50.86,51.15,-0.43,-0.8337,128373.64,656697.45,52.57,52.69,52.86,51.83,52.13,1.019157,51.1552,-1,56.74,46.42,50.85,1
002594.SZ,20190911,51.15,51.26,51.68,50.9,51.11,-0.04,-0.0782,116357.2,595551.884,52.13,52.24,52.67,51.88,52.09,1.019157,51.1831,-1,56.27,46.04,50.81,1
002594.SZ,20190912,51.11,51.3,51.38,50.36,50.79,-0.32,-0.6261,99144.81,503285.197,52.09,52.28,52.36,51.32,51.76,1.019157,50.7626,-1,56.22,46.0,50.49,1
002594.SZ,20190916,50.79,51.35,51.36,50.85,51.16,0.37,0.7285,83787.72,428267.71,51.76,52.33,52.34,51.82,52.14,1.019157,51.1134,-1,55.87,45.71,50.86,1
002594.SZ,20190917,51.16,51.2,51.23,49.68,49.97,-1.19,-2.326,105597.65,529991.14,52.14,52.18,52.21,50.63,50.93,1.019157,50.1897,-1,56.28,46.04,49.68,1
002594.SZ,20190918,49.97,50.0,50.13,49.81,50.04,0.07,0.1401,53282.99,266325.727,50.93,50.96,51.09,50.76,51.0,1.019157,49.9833,-1,54.97,44.97,49.75,1
002594.SZ,20190919,50.04,50.18,50.26,49.8,50.19,0.15,0.2998,61707.61,308751.024,51.0,51.14,51.22,50.75,51.15,1.019157,50.0345,-1,55.04,45.04,49.89,1
002594.SZ,20190920,50.19,50.4,50.44,50.0,50.07,-0.12,-0.2391,68762.85,344745.443,51.15,51.37,51.41,50.96,51.03,1.019157,50.1354,-1,55.21,45.17,49.78,1
002594.SZ,20190923,50.07,49.9,49.95,48.85,49.18,-0.89,-1.7775,95935.17,471134.534,51.03,50.86,50.91,49.79,50.12,1.019157,49.1097,-1,55.08,45.06,48.89,1
002594.SZ,20190924,49.18,49.4,50.4,49.19,49.87,0.69,1.403,79833.75,398163.616,50.12,50.35,51.37,50.13,50.83,1.019157,49.8741,-1,54.1,44.26,49.58,1
002594.SZ,20190925,49.87,49.85,49.85,48.9,49.04,-0.83,-1.6643,80753.45,396537.328,50.83,50.8,50.8,49.84,49.98,1.019157,49.1047,-1,54.86,44.88,48.75,1
002594.SZ,20190926,49.04,49.3,49.5,48.48,48.49,-0.55,-1.1215,69524.45,339274.8,49.98,50.24,50.45,49.41,49.42,1.019157,48.7994,-1,53.94,44.14,48.2,1
002594.SZ,20190927,48.49,48.49,48.81,48.38,48.58,0.09,0.1856,40680.99,197703.06,49.42,49.42,49.75,49.31,49.51,1.019157,48.5984,-1,53.34,43.64,48.29,1
002594.SZ,20190930,48.58,48.65,49.13,48.54,48.78,0.2,0.4117,49144.51,240165.086,49.51,49.58,50.07,49.47,49.71,1.019157,48.8692,-1,53.44,43.72,48.49,1
002594.SZ,20191008,48.78,48.8,49.26,48.3,48.42,-0.36,-0.738,48614.84,237568.931,49.71,49.73,50.2,49.23,49.35,1.019157,48.8676,-1,53.66,43.9,48.14,1
002594.SZ,20191009,48.42,48.3,48.32,47.28,48.09,-0.33,-0.6815,50471.12,241379.431,49.35,49.23,49.25,48.19,49.01,1.019157,47.8253,-1,53.26,43.58,47.81,1
002594.SZ,20191010,48.09,48.4,49.2,48.36,49.0,0.91,1.8923,62553.09,306006.456,49.01,49.33,50.14,49.29,49.94,1.019157,48.9195,-1,52.9,43.28,48.71,1
002594.SZ,20191011,49.0,48.5,48.96,47.97,48.43,-0.57,-1.1633,75741.74,368013.99,49.94,49.43,49.9,48.89,49.36,1.019157,48.588,-1,53.9,44.1,48.15,1
002594.SZ,20191014,48.43,48.98,49.38,48.5,48.85,0.42,0.8672,83881.52,410269.732,49.36,49.92,50.33,49.43,49.79,1.019157,48.9106,-1,53.27,43.59,48.56,1
002594.SZ,20191015,48.85,48.9,49.0,47.9,48.0,-0.85,-1.74,76610.72,369180.666,49.79,49.84,49.94,48.82,48.92,1.019157,48.1892,-1,53.74,43.97,47.72,1
002594.SZ,20191016,48.0,48.0,48.24,47.48,47.52,-0.48,-1.0,71503.54,340699.06,48.92,48.92,49.16,48.39,48.43,1.019157,47.6479,-1,52.8,43.2,47.24,1
002594.SZ,20191017,47.52,47.52,47.75,47.4,47.52,0.0,0.0,38510.23,183173.449,48.43,48.43,48.66,48.31,48.43,1.019157,47.5649,-1,52.27,42.77,47.24,1
002594.SZ,20191018,47.52,47.99,47.99,46.82,46.9,-0.62,-1.3047,75009.71,353826.124,48.43,48.91,48.91,47.72,47.8,1.019157,47.1707,-1,52.27,42.77,46.62,1
002594.SZ,20191021,46.9,46.9,46.98,46.21,46.57,-0.33,-0.7036,52825.36,245221.092,47.8,47.8,47.88,47.1,47.46,1.019157,46.4211,-1,51.59,42.21,46.3,1
002594.SZ,20191022,46.57,46.59,46.86,46.52,46.8,0.23,0.4939,33224.07,155146.533,47.46,47.48,47.76,47.41,47.7,1.019157,46.697,-1,51.23,41.91,46.52,1
002594.SZ,20191023,46.8,46.79,46.95,46.56,46.6,-0.2,-0.4274,30367.55,141635.932,47.7,47.69,47.85,47.45,47.49,1.019157,46.6406,-1,51.48,42.12,46.33,1
002594.SZ,20191024,46.6,46.5,46.82,46.5,46.66,0.06,0.1288,31568.84,147314.379,47.49,47.39,47.72,47.39,47.55,1.019157,46.6645,-1,51.26,41.94,46.39,1
002594.SZ,20191025,46.66,46.8,47.17,46.44,47.04,0.38,0.8144,37075.53,173422.874,47.55,47.7,48.07,47.33,47.94,1.019157,46.7756,-1,51.33,41.99,46.76,1
002594.SZ,20191028,47.04,47.03,47.46,47.03,47.3,0.26,0.5527,52591.92,248669.255,47.94,47.93,48.37,47.93,48.21,1.019157,47.2828,-1,51.74,42.34,47.02,1
002594.SZ,20191029,47.3,47.34,47.89,47.1,47.15,-0.15,-0.3171,55109.38,261660.444,48.21,48.25,48.81,48.0,48.05,1.019157,47.4802,-1,52.03,42.57,46.87,1
002594.SZ,20191030,47.15,45.9,45.9,43.5,43.96,-3.19,-6.7656,172418.84,764931.68,48.05,46.78,46.78,44.33,44.8,1.019157,44.3647,-1,51.87,42.44,43.7,1
002594.SZ,20191031,43.96,43.95,43.95,42.6,42.85,-1.11,-2.525,110683.57,475701.013,44.8,44.79,44.79,43.42,43.67,1.019157,42.9785,-1,48.36,39.56,42.6,1
002594.SZ,20191101,42.85,42.8,43.75,42.3,43.57,0.72,1.6803,67304.5,291051.703,43.67,43.62,44.59,43.11,44.4,1.019157,43.244,-1,47.14,38.57,43.31,1
002594.SZ,20191104,43.57,43.57,43.8,43.13,43.43,-0.14,-0.3213,54119.18,234941.651,44.4,44.4,44.64,43.96,44.26,1.019157,43.4119,-1,47.93,39.21,43.17,1
002594.SZ,20191105,43.43,43.52,44.35,43.02,43.95,0.52,1.1973,76990.13,336061.252,44.26,44.35,45.2,43.84,44.79,1.019157,43.6499,-1,47.77,39.09,43.69,1
002594.SZ,20191106,43.95,44.1,44.85,43.53,44.31,0.36,0.8191,96714.21,429240.472,44.79,44.94,45.71,44.36,45.16,1.019157,44.3824,-1,48.35,39.56,44.05,1
002594.SZ,20191107,44.31,44.03,45.65,43.69,44.68,0.37,0.835,96835.5,433523.302,45.16,44.87,46.52,44.53,45.54,1.019157,44.769,-1,48.74,39.88,44.42,1
002594.SZ,20191108,44.68,45.88,45.95,44.8,44.88,0.2,0.4476,91373.13,414639.25,45.54,46.76,46.83,45.66,45.74,1.019157,45.3787,-1,49.15,40.21,44.62,1
002594.SZ,20191111,44.88,44.8,44.8,43.63,43.95,-0.93,-2.0722,61673.58,272426.327,45.74,45.66,45.66,44.47,44.79,1.019157,44.1723,-1,49.37,40.39,43.69,1
002594.SZ,20191112,43.95,43.92,44.33,43.55,44.1,0.15,0.3413,44569.29,196281.802,44.79,44.76,45.18,44.38,44.94,1.019157,44.0397,-1,48.35,39.56,43.84,1
002594.SZ,20191113,44.1,44.12,44.17,43.0,43.28,-0.82,-1.8594,57977.94,251998.384,44.94,44.97,45.02,43.82,44.11,1.019157,43.4645,-1,48.51,39.69,43.03,1
002594.SZ,20191114,43.28,43.5,43.82,43.32,43.52,0.24,0.5545,40397.89,175929.259,44.11,44.33,44.66,44.15,44.35,1.019157,43.5491,-1,47.61,38.95,43.26,1
002594.SZ,20191115,43.52,43.53,43.63,42.8,43.12,-0.4,-0.9191,46149.19,199139.088,44.35,44.36,44.47,43.62,43.95,1.019157,43.1512,-1,47.87,39.17,42.87,1
002594.SZ,20191118,43.12,42.9,43.03,42.52,42.83,-0.29,-0.6725,53686.47,229761.352,43.95,43.72,43.85,43.33,43.65,1.019157,42.7969,-1,47.43,38.81,42.58,1
002594.SZ,20191119,42.83,42.56,43.75,42.56,43.74,0.91,2.1247,53463.48,231949.857,43.65,43.38,44.59,43.38,44.58,1.019157,43.3847,-1,47.11,38.55,43.48,1
002594.SZ,20191120,43.74,43.6,43.6,43.01,43.1,-0.64,-1.4632,39386.84,170527.992,44.58,44.44,44.44,43.83,43.93,1.019157,43.2957,-1,48.11,39.37,42.85,1
002594.SZ,20191121,43.1,43.2,43.87,42.78,43.62,0.52,1.2065,56999.71,247633.914,43.93,44.03,44.71,43.6,44.46,1.019157,43.4448,-1,47.41,38.79,43.36,1
002594.SZ,20191122,43.62,43.73,44.6,43.45,43.82,0.2,0.4585,70268.9,309191.771,44.46,44.57,45.45,44.28,44.66,1.019157,44.0012,-1,47.98,39.26,43.56,1
002594.SZ,20191125,43.82,44.16,45.28,43.54,44.87,1.05,2.3962,121726.63,541772.289,44.66,45.01,46.15,44.37,45.73,1.019157,44.5073,-1,48.2,39.44,44.61,1
002594.SZ,20191126,44.87,44.78,45.09,43.75,44.6,-0.27,-0.6017,99568.05,442825.714,45.73,45.64,45.95,44.59,45.45,1.019157,44.4747,-1,49.36,40.38,44.34,1
002594.SZ,20191127,44.6,44.46,44.47,43.85,43.9,-0.7,-1.5695,48330.98,212902.105,45.45,45.31,45.32,44.69,44.74,1.019157,44.0509,-1,49.06,40.14,43.64,1
002594.SZ,20191128,43.9,43.58,43.73,43.15,43.18,-0.72,-1.6401,48120.03,208644.192,44.74,44.41,44.57,43.98,44.01,1.019157,43.3591,-1,48.29,39.51,42.93,1
002594.SZ,20191129,43.18,43.27,43.62,43.02,43.39,0.21,0.4863,44103.62,190926.826,44.01,44.1,44.46,43.84,44.22,1.019157,43.2905,-1,47.5,38.86,43.13,1
002594.SZ,20191202,43.39,43.39,43.54,43.05,43.15,-0.24,-0.5531,43310.93,187308.255,44.22,44.22,44.37,43.87,43.98,1.019157,43.2473,-1,47.73,39.05,42.9,1
002594.SZ,20191203,43.15,43.15,43.84,42.99,43.79,0.64,1.4832,47048.04,204097.553,43.98,43.98,44.68,43.81,44.63,1.019157,43.3807,-1,47.47,38.84,43.53,1
002594.SZ,20191204,43.79,43.72,44.44,43.44,44.13,0.34,0.7764,68959.71,303525.492,44.63,44.56,45.29,44.27,44.98,1.019157,44.0149,-1,48.17,39.41,43.87,1
002594.SZ,20191205,44.13,44.2,44.41,43.9,44.04,-0.09,-0.2039,62864.53,277165.4,44.98,45.05,45.26,44.74,44.88,1.019157,44.0893,-1,48.54,39.72,43.78,1
002594.SZ,20191206,44.04,44.05,44.14,43.47,43.71,-0.33,-0.7493,68145.73,297440.95,44.88,44.89,44.99,44.3,44.55,1.019157,43.6478,-1,48.44,39.64,43.45,1
002594.SZ,20191209,43.71,43.71,43.8,43.27,43.38,-0.33,-0.755,58259.85,252881.168,44.55,44.55,44.64,44.1,44.21,1.019157,43.4057,-1,48.08,39.34,43.12,1
002594.SZ,20191210,43.38,43.53,43.53,43.2,43.43,0.05,0.1153,42173.17,182927.32,44.21,44.36,44.36,44.03,44.26,1.019157,43.3753,-1,47.72,39.04,43.17,1
002594.SZ,20191211,43.43,43.36,44.23,43.19,44.12,0.69,1.5888,88873.29,389740.624,44.26,44.19,45.08,44.02,44.97,1.019157,43.8535,-1,47.77,39.09,43.86,1
002594.SZ,20191212,44.12,44.09,44.09,43.23,43.48,-0.64,-1.4506,80922.75,353467.368,44.97,44.93,44.93,44.06,44.31,1.019157,43.6796,-1,48.53,39.71,43.22,1
002594.SZ,20191213,43.48,43.79,43.89,43.23,43.37,-0.11,-0.253,141600.83,614076.972,44.31,44.63,44.73,44.06,44.2,1.019157,43.3668,-1,47.83,39.13,43.11,1
002594.SZ,20191216,43.37,43.43,44.15,43.23,44.13,0.76,1.7524,125263.48,547285.347,44.2,44.26,45.0,44.06,44.98,1.019157,43.6907,-1,47.71,39.03,43.87,1
002594.SZ,20191217,44.13,44.17,45.55,44.16,45.04,0.91,2.0621,190471.75,857264.002,44.98,45.02,46.42,45.01,45.9,1.019157,45.0074,-1,48.54,39.72,44.78,1
002594.SZ,20191218,45.04,45.08,45.08,44.53,44.7,-0.34,-0.7549,113229.13,506519.518,45.9,45.94,45.94,45.38,45.56,1.019157,44.734,-1,49.54,40.54,44.44,1
002594.SZ,20191219,44.7,44.7,45.0,44.26,44.97,0.27,0.604,101163.47,451499.532,45.56,45.56,45.86,45.11,45.83,1.019157,44.6307,-1,49.17,40.23,44.71,1
002594.SZ,20191220,44.97,45.23,47.28,45.05,46.62,1.65,3.6691,289838.02,1344330.942,45.83,46.1,48.19,45.91,47.51,1.019157,46.3821,-1,49.47,40.47,46.35,1
002594.SZ,20191223,46.62,46.32,46.42,45.47,45.54,-1.08,-2.3166,132775.09,608250.688,47.51,47.21,47.31,46.34,46.41,1.019157,45.8106,-1,51.28,41.96,45.27,1
002594.SZ,20191224,45.54,45.75,46.85,45.75,46.78,1.24,2.7229,156602.22,725017.631,46.41,46.63,47.75,46.63,47.68,1.019157,46.2968,-1,50.09,40.99,46.5,1
002594.SZ,20191225,46.78,47.05,48.14,46.51,46.85,0.07,0.1496,191832.57,906693.865,47.68,47.95,49.06,47.4,47.75,1.019157,47.2649,-1,51.46,42.1,46.57,1
002594.SZ,20191226,46.85,46.21,47.25,46.14,46.41,-0.44,-0.9392,110345.72,513101.998,47.75,47.1,48.16,47.02,47.3,1.019157,46.4995,-1,51.54,42.17,46.14,1
002594.SZ,20191227,46.41,46.2,46.85,46.0,46.0,-0.41,-0.8834,109621.27,507597.022,47.3,47.09,47.75,46.88,46.88,1.019157,46.3046,-1,51.05,41.77,45.73,1
002594.SZ,20191230,46.0,46.35,47.8,46.02,47.64,1.64,3.5652,196477.12,925707.98,46.88,47.24,48.72,46.9,48.55,1.019157,47.1153,-1,50.6,41.4,47.36,1
002594.SZ,20191231,47.64,47.51,48.1,46.9,47.67,0.03,0.063,132166.16,626863.842,48.55,48.42,49.02,47.8,48.58,1.019157,47.43,-1,52.4,42.88,47.39,1
002594.SZ,20200102,47.67,47.69,48.47,47.51,48.17,0.5,1.0489,159345.7,765516.493,48.58,48.6,49.4,48.42,49.09,1.019157,48.0412,-1,52.44,42.9,47.89,1
002594.SZ,20200103,48.17,48.2,48.99,47.68,48.04,-0.13,-0.2699,129936.07,628361.961,49.09,49.12,49.93,48.59,48.96,1.019157,48.3593,-1,52.99,43.35,47.76,1
002594.SZ,20200106,48.04,47.39,49.19,47.19,48.28,0.24,0.4996,169871.38,822172.472,48.96,48.3,50.13,48.09,49.2,1.019157,48.3997,-1,52.84,43.24,48.0,1
002594.SZ,20200107,48.28,48.31,48.5,47.77,48.05,-0.23,-0.4764,93400.58,449013.435,49.2,49.24,49.43,48.69,48.97,1.019157,48.0739,-1,53.11,43.45,47.77,1
002594.SZ,20200108,48.05,47.55,48.35,47.15,47.28,-0.77,-1.6025,110974.45,529249.404,48.97,48.46,49.28,48.05,48.19,1.019157,47.6911,-1,52.86,43.25,47.0,1
002594.SZ,20200109,47.28,47.75,48.2,47.38,47.65,0.37,0.7826,89217.0,425352.462,48.19,48.66,49.12,48.29,48.56,1.019157,47.6762,-1,52.01,42.55,47.37,1
002594.SZ,20200110,47.65,47.66,47.66,46.61,46.92,-0.73,-1.532,109294.63,512929.719,48.56,48.57,48.57,47.5,47.82,1.019157,46.9309,-1,52.42,42.89,46.64,1
002594.SZ,20200113,46.92,51.61,51.61,50.51,51.61,4.69,9.9957,518827.59,2662873.914,47.82,52.6,52.6,51.48,52.6,1.019157,51.3248,-1,51.61,42.23,51.31,1
002594.SZ,20200114,51.61,55.0,55.99,53.0,53.44,1.83,3.5458,614975.96,3356918.724,52.6,56.05,57.06,54.02,54.46,1.019157,54.5862,-1,56.77,46.45,53.13,1
002594.SZ,20200115,53.44,54.01,54.75,52.28,53.31,-0.13,-0.2433,298705.23,1594534.514,54.46,55.04,55.8,53.28,54.33,1.019157,53.3815,-1,58.78,48.1,53.0,1
002594.SZ,20200116,53.31,53.49,54.54,51.78,54.09,0.78,1.4631,335737.07,1778235.678,54.33,54.51,55.58,52.77,55.13,1.019157,52.9651,-1,58.64,47.98,53.77,1
002594.SZ,20200117,54.09,53.86,59.5,53.2,57.95,3.86,7.1363,530600.38,3022542.423,55.13,54.89,60.64,54.22,59.06,1.019157,56.9646,-1,59.5,48.68,57.61,1
002594.SZ,20200120,57.95,57.3,59.9,56.5,58.76,0.81,1.3978,300775.62,1742179.866,59.06,58.4,61.05,57.58,59.89,1.019157,57.9229,-1,63.75,52.16,58.41,1
002594.SZ,20200121,58.76,57.72,57.73,56.55,56.72,-2.04,-3.4717,203836.57,1161444.87,59.89,58.83,58.84,57.63,57.81,1.019157,56.9792,-1,64.64,52.88,56.39,1
002594.SZ,20200122,56.72,56.5,60.5,56.1,59.27,2.55,4.4958,327979.95,1927419.433,57.81,57.58,61.66,57.17,60.41,1.019157,58.7664,-1,62.39,51.05,58.92,1
002594.SZ,20200123,59.27,57.99,61.88,57.51,59.83,0.56,0.9448,291584.96,1735366.427,60.41,59.1,63.07,58.61,60.98,1.019157,59.5149,-1,65.2,53.34,59.48,1
002594.SZ,20200203,59.83,53.85,54.48,53.85,53.85,-5.98,-9.995,100398.0,540735.185,60.98,54.88,55.52,54.88,54.88,1.019157,53.8592,-1,65.81,53.85,53.53,1
002594.SZ,20200204,53.85,54.0,57.5,54.0,56.36,2.51,4.6611,367775.3,2057907.669,54.88,55.03,58.6,55.03,57.44,1.019157,55.9556,-1,59.24,48.47,56.03,1
002594.SZ,20200205,56.36,57.7,62.0,56.99,60.81,4.45,7.8957,446230.25,2698234.964,57.44,58.81,63.19,58.08,61.97,1.019157,60.4673,-1,62.0,50.72,60.45,1
002594.SZ,20200206,60.81,58.45,60.85,58.4,60.75,-0.06,-0.0987,301131.81,1792085.752,61.97,59.57,62.02,59.52,61.91,1.019157,59.5117,-1,66.89,54.73,60.39,1
002594.SZ,20200207,60.75,60.74,60.74,56.66,57.9,-2.85,-4.6914,321281.59,1868897.083,61.91,61.9,61.9,57.75,59.01,1.019157,58.1701,-1,66.83,54.68,57.56,1
002594.SZ,20200210,57.9,59.2,63.36,58.85,60.93,3.03,5.2332,352796.46,2143782.477,59.01,60.33,64.57,59.98,62.1,1.019157,60.7654,-1,63.69,52.11,60.57,1
002594.SZ,20200211,60.93,60.0,60.12,58.28,59.04,-1.89,-3.1019,196175.74,1162310.506,62.1,61.15,61.27,59.4,60.17,1.019157,59.2484,-1,67.02,54.84,58.69,1
002594.SZ,20200212,59.04,59.04,60.6,58.35,59.19,0.15,0.2541,197455.56,1171671.704,60.17,60.17,61.76,59.47,60.32,1.019157,59.3385,-1,64.94,53.14,58.84,1
002594.SZ,20200213,59.19,58.5,60.13,57.5,57.55,-1.64,-2.7707,236947.03,1387055.829,60.32,59.62,61.28,58.6,58.65,1.019157,58.5386,-1,65.11,53.27,57.21,1
002594.SZ,20200214,57.55,57.56,57.9,56.44,56.9,-0.65,-1.1295,211173.83,1205977.325,58.65,58.66,59.01,57.52,57.99,1.019157,57.1083,-1,63.31,51.8,56.57,1
002594.SZ,20200217,56.9,56.91,58.56,56.91,58.48,1.58,2.7768,209889.0,1215249.654,57.99,58.0,59.68,58.0,59.6,1.019157,57.8996,-1,62.59,51.21,58.14,1
002594.SZ,20200218,58.48,57.8,60.0,57.77,59.47,0.99,1.6929,228365.32,1350970.758,59.6,58.91,61.15,58.88,60.61,1.019157,59.1583,-1,64.33,52.63,59.12,1
002594.SZ,20200219,59.47,64.47,64.48,61.66,61.91,2.44,4.1029,437476.53,2773613.068,60.61,65.71,65.72,62.84,63.1,1.019157,63.4003,-1,65.42,53.52,61.55,1
002594.SZ,20200220,61.91,63.17,68.1,63.11,68.1,6.19,9.9984,649390.94,4366081.68,63.1,64.38,69.4,64.32,69.4,1.019157,67.2335,-1,68.1,55.72,67.7,1
002594.SZ,20200221,68.1,67.0,68.27,65.68,67.5,-0.6,-0.8811,455189.16,3046190.98,69.4,68.28,69.58,66.94,68.79,1.019157,66.9214,-1,74.91,61.29,67.1,1
002594.SZ,20200224,67.5,65.42,67.14,64.96,66.2,-1.3,-1.9259,357968.79,2351741.646,68.79,66.67,68.43,66.2,67.47,1.019157,65.6968,-1,74.25,60.75,65.81,1
002594.SZ,20200225,66.2,64.4,72.19,64.17,70.85,4.65,7.0242,407434.09,2786635.361,67.47,65.63,73.57,65.4,72.21,1.019157,68.3948,-1,72.82,59.58,70.43,1
002594.SZ,20200226,70.85,69.78,75.8,69.0,71.7,0.85,1.1997,522768.32,3774510.844,72.21,71.12,77.25,70.32,73.07,1.019157,72.2024,-1,77.94,63.77,71.28,1
002594.SZ,20200227,71.7,71.68,73.15,68.08,70.05,-1.65,-2.3013,272699.96,1912686.987,73.07,73.05,74.55,69.38,71.39,1.019157,70.1389,-1,78.87,64.53,69.64,1
002594.SZ,20200228,70.05,66.66,68.99,64.95,65.37,-4.68,-6.6809,338253.52,2251947.903,71.39,67.94,70.31,66.19,66.62,1.019157,66.5757,-1,77.06,63.05,64.99,1
002594.SZ,20200302,65.37,65.6,67.23,64.0,66.85,1.48,2.264,225643.21,1492112.197,66.62,66.86,68.52,65.23,68.13,1.019157,66.1271,-1,71.91,58.83,66.46,1
002594.SZ,20200303,66.85,69.8,70.2,67.46,67.87,1.02,1.5258,274252.92,1880749.812,68.13,71.14,71.54,68.75,69.17,1.019157,68.5772,-1,73.54,60.17,67.47,1
002594.SZ,20200304,67.87,66.95,67.8,64.72,66.58,-1.29,-1.9007,180932.53,1198529.239,69.17,68.23,69.1,65.96,67.86,1.019157,66.2418,-1,74.66,61.08,66.19,1
002594.SZ,20200305,66.58,67.02,67.62,65.5,66.81,0.23,0.3454,170003.67,1128290.419,67.86,68.3,68.92,66.75,68.09,1.019157,66.3686,-1,73.24,59.92,66.42,1
002594.SZ,20200306,66.81,65.5,67.55,65.33,65.36,-1.45,-2.1703,147209.6,972613.004,68.09,66.75,68.84,66.58,66.61,1.019157,66.0699,-1,73.49,60.13,64.98,1
002594.SZ,20200309,65.36,63.29,63.29,59.18,59.45,-5.91,-9.0422,292478.82,1789143.869,66.61,64.5,64.5,60.31,60.59,1.019157,61.1717,-1,71.9,58.82,59.1,1
002594.SZ,20200310,59.45,57.6,61.5,57.33,60.17,0.72,1.2111,266805.23,1578089.168,60.59,58.7,62.68,58.43,61.32,1.019157,59.1476,-1,65.4,53.51,59.82,1
002594.SZ,20200311,60.17,60.77,61.15,58.6,58.75,-1.42,-2.36,222212.47,1327803.13,61.32,61.93,62.32,59.72,59.88,1.019157,59.7538,-1,66.19,54.15,58.4,1
002594.SZ,20200312,58.75,57.31,57.66,55.9,57.03,-1.72,-2.9277,232382.54,1319050.413,59.88,58.41,58.76,56.97,58.12,1.019157,56.762,-1,64.63,52.88,56.69,1
002594.SZ,20200313,57.03,53.8,56.5,52.35,55.66,-1.37,-2.4022,213198.07,1162290.579,58.12,54.83,57.58,53.35,56.73,1.019157,54.5169,-1,62.73,51.33,55.33,1
002594.SZ,20200316,55.66,56.59,57.33,53.88,53.88,-1.78,-3.198,238773.48,1326361.268,56.73,57.67,58.43,54.91,54.91,1.019157,55.5489,-1,61.23,50.09,53.56,1
002594.SZ,20200317,53.88,53.88,54.96,51.88,53.04,-0.84,-1.559,180918.52,961588.993,54.91,54.91,56.01,52.87,54.06,1.019157,53.1504,-1,59.27,48.49,52.73,1
002594.SZ,20200318,53.04,53.59,54.67,52.02,52.09,-0.95,-1.7911,172684.32,925695.049,54.06,54.62,55.72,53.02,53.09,1.019157,53.6062,-1,58.34,47.74,51.78,1
002594.SZ,20200319,52.09,52.11,52.52,49.88,51.36,-0.73,-1.4014,194450.0,993678.521,53.09,53.11,53.53,50.84,52.34,1.019157,51.102,-1,57.3,46.88,51.06,1
002594.SZ,20200320,51.36,52.3,52.79,51.4,52.52,1.16,2.2586,148296.2,772921.084,52.34,53.3,53.8,52.38,53.53,1.019157,52.1201,-1,56.5,46.22,52.21,1
002594.SZ,20200323,52.52,50.25,50.8,47.89,48.15,-4.37,-8.3206,242739.76,1190535.685,53.53,51.21,51.77,48.81,49.07,1.019157,49.0458,-1,57.77,47.27,47.87,1
002594.SZ,20200324,48.15,49.26,49.88,47.39,49.73,1.58,3.2814,205027.11,1002130.021,49.07,50.2,50.84,48.3,50.68,1.019157,48.8779,-1,52.97,43.34,49.44,1
002594.SZ,20200325,49.73,51.55,52.8,51.04,52.25,2.52,5.0674,289787.42,1504804.536,50.68,52.54,53.81,52.02,53.25,1.019157,51.9279,-1,54.7,44.76,51.94,1
002594.SZ,20200326,52.25,52.5,55.18,51.61,54.27,2.02,3.866,296620.84,1588496.992,53.25,53.51,56.24,52.6,55.31,1.019157,53.5531,-1,57.48,47.03,53.95,1
002594.SZ,20200327,54.27,55.4,56.05,54.44,54.78,0.51,0.9397,229972.49,1269534.018,55.31,56.46,57.12,55.48,55.83,1.019157,55.2037,-1,59.7,48.84,54.46,1
002594.SZ,20200330,54.78,55.0,57.78,54.87,56.23,1.45,2.647,328937.4,1855914.322,55.83,56.05,58.89,55.92,57.31,1.019157,56.4215,-1,60.26,49.3,55.9,1
002594.SZ,20200331,56.23,56.76,59.99,55.45,59.97,3.74,6.6513,350174.44,2037070.401,57.31,57.85,61.14,56.51,61.12,1.019157,58.173,-1,61.85,50.61,59.62,1
002594.SZ,20200401,59.97,59.9,60.66,57.02,57.12,-2.85,-4.7524,365565.47,2139092.105,61.12,61.05,61.82,58.11,58.21,1.019157,58.5146,-1,65.97,53.97,56.78,1
002594.SZ,20200402,57.12,56.7,56.7,54.8,56.59,-0.53,-0.9279,233841.69,1300691.383,58.21,57.79,57.79,55.85,57.67,1.019157,55.6227,-1,62.83,51.41,56.26,1
002594.SZ,20200403,56.59,56.59,56.59,54.91,55.0,-1.59,-2.8097,169189.66,940495.658,57.67,57.67,57.67,55.96,56.05,1.019157,55.5882,-1,62.25,50.93,54.68,1
002594.SZ,20200407,55.0,56.44,56.92,55.6,56.31,1.31,2.3818,189115.89,1061432.559,56.05,57.52,58.01,56.67,57.39,1.019157,56.126,-1,60.5,49.5,55.98,1
002594.SZ,20200408,56.31,55.8,55.8,55.04,55.32,-0.99,-1.7581,129543.27,717031.923,57.39,56.87,56.87,56.09,56.38,1.019157,55.3508,-1,61.94,50.68,54.99,1
002594.SZ,20200409,55.32,55.81,56.54,55.55,55.65,0.33,0.5965,133338.32,746729.511,56.38,56.88,57.62,56.61,56.72,1.019157,56.0026,-1,60.85,49.79,55.32,1
002594.SZ,20200410,55.65,56.28,56.28,54.15,54.57,-1.08,-1.9407,131854.72,727755.054,56.72,57.36,57.36,55.19,55.62,1.019157,55.1937,-1,61.22,50.09,54.25,1
002594.SZ,20200413,54.57,54.73,55.94,54.73,55.8,1.23,2.254,102559.56,569833.086,55.62,55.78,57.01,55.78,56.87,1.019157,55.5612,-1,60.03,49.11,55.47,1
002594.SZ,20200414,55.8,55.8,58.0,55.38,57.92,2.12,3.7993,233863.05,1338857.701,56.87,56.87,59.11,56.44,59.03,1.019157,57.2496,-1,61.38,50.22,57.58,1
002594.SZ,20200415,57.92,59.36,62.39,58.38,60.14,2.22,3.8329,306227.36,1847393.286,59.03,60.5,63.59,59.5,61.29,1.019157,60.3275,-1,63.71,52.13,59.79,1
002594.SZ,20200416,60.14,60.1,61.3,59.05,60.01,-0.13,-0.2162,165258.91,992639.139,61.29,61.25,62.47,60.18,61.16,1.019157,60.0657,-1,66.15,54.13,59.66,1
002594.SZ,20200417,60.01,60.6,60.98,58.68,58.8,-1.21,-2.0163,156490.05,931863.464,61.16,61.76,62.15,59.8,59.93,1.019157,59.5478,-1,66.01,54.01,58.45,1
002594.SZ,20200420,58.8,59.4,59.4,58.16,58.86,0.06,0.102,107473.6,630616.732,59.93,60.54,60.54,59.27,59.99,1.019157,58.6764,-1,64.68,52.92,58.51,1
002594.SZ,20200421,58.86,58.5,59.68,57.8,59.37,0.51,0.8665,147148.34,864113.083,59.99,59.62,60.82,58.91,60.51,1.019157,58.7239,-1,64.75,52.97,59.02,1
002594.SZ,20200422,59.37,58.4,60.0,57.88,59.43,0.06,0.1011,121458.02,715492.487,60.51,59.52,61.15,58.99,60.57,1.019157,58.9086,-1,65.31,53.43,59.08,1
002594.SZ,20200423,59.43,59.99,60.55,58.04,58.25,-1.18,-1.9855,116027.98,686078.406,60.57,61.14,61.71,59.15,59.37,1.019157,59.1304,-1,65.37,53.49,57.91,1
002594.SZ,20200424,58.25,58.67,60.49,58.5,58.73,0.48,0.824,135948.93,806969.227,59.37,59.79,61.65,59.62,59.86,1.019157,59.3583,-1,64.08,52.43,58.38,1
002594.SZ,20200427,58.73,59.02,59.09,56.88,56.98,-1.75,-2.9797,138265.32,799777.332,59.86,60.15,60.22,57.97,58.07,1.019157,57.8437,-1,64.6,52.86,56.64,1
002594.SZ,20200428,56.98,57.0,57.59,54.76,56.98,0.0,0.0,128657.94,725365.013,58.07,58.09,58.69,55.81,58.07,1.019157,56.3793,-1,62.68,51.28,56.64,1
002594.SZ,20200429,56.98,58.2,59.45,57.56,58.0,1.02,1.7901,165125.56,964564.485,58.07,59.31,60.59,58.66,59.11,1.019157,58.414,-1,62.68,51.28,57.66,1
002594.SZ,20200430,58.0,58.82,60.58,58.51,59.96,1.96,3.3793,218876.25,1303496.245,59.11,59.95,61.74,59.63,61.11,1.019157,59.554,-1,63.8,52.2,59.61,1
002594.SZ,20200506,59.96,59.4,62.5,59.1,62.18,2.22,3.7025,231906.23,1420097.901,61.11,60.54,63.7,60.23,63.37,1.019157,61.2359,-1,65.96,53.96,61.81,1
002594.SZ,20200507,62.18,62.17,62.17,59.98,60.09,-2.09,-3.3612,225118.02,1362997.62,63.37,63.36,63.36,61.13,61.24,1.019157,60.5459,-1,68.4,55.96,59.74,1
002594.SZ,20200508,60.09,60.11,60.5,59.3,59.78,-0.31,-0.5159,171471.73,1025569.471,61.24,61.26,61.66,60.44,60.93,1.019157,59.8098,-1,66.1,54.08,59.43,1
002594.SZ,20200511,59.78,59.29,59.66,58.11,58.88,-0.9,-1.5055,190716.21,1121805.579,60.93,60.43,60.8,59.22,60.01,1.019157,58.8207,-1,65.76,53.8,58.53,1
002594.SZ,20200512,58.88,58.89,59.14,58.2,59.13,0.25,0.4246,104019.66,610124.974,60.01,60.02,60.27,59.31,60.26,1.019157,58.6548,-1,64.77,52.99,58.78,1
002594.SZ,20200513,59.13,59.13,59.75,58.5,58.99,-0.14,-0.2368,111115.16,657743.992,60.26,60.26,60.89,59.62,60.12,1.019157,59.1948,-1,65.04,53.22,58.64,1
002594.SZ,20200514,58.99,58.9,58.9,57.55,57.69,-1.3,-2.2038,118363.13,688315.256,60.12,60.03,60.03,58.65,58.8,1.019157,58.1528,-1,64.89,53.09,57.35,1
002594.SZ,20200515,57.69,57.79,58.58,57.3,57.96,0.27,0.468,102771.06,595823.315,58.8,58.9,59.7,58.4,59.07,1.019157,57.9758,-1,63.46,51.92,57.62,1
002594.SZ,20200518,57.96,57.4,58.4,56.4,57.18,-0.78,-1.3458,104743.39,601110.774,59.07,58.5,59.52,57.48,58.28,1.019157,57.3889,-1,63.76,52.16,56.84,1
002594.SZ,20200519,57.18,58.0,58.6,57.75,58.22,1.04,1.8188,94041.9,547143.039,58.28,59.11,59.72,58.86,59.34,1.019157,58.1808,-1,62.9,51.46,57.88,1
002594.SZ,20200520,58.22,58.7,60.3,58.67,59.01,0.79,1.3569,164707.85,981282.457,59.34,59.82,61.46,59.79,60.14,1.019157,59.5772,-1,64.04,52.4,58.66,1
002594.SZ,20200521,59.01,59.11,59.37,57.01,57.15,-1.86,-3.152,120967.88,697047.198,60.14,60.24,60.51,58.1,58.24,1.019157,57.6225,-1,64.91,53.11,56.81,1
002594.SZ,20200522,57.15,57.16,57.67,55.51,56.03,-1.12,-1.9598,92349.61,522767.76,58.24,58.26,58.77,56.57,57.1,1.019157,56.6075,-1,62.87,51.44,55.7,1
002594.SZ,20200525,56.03,56.03,56.55,55.31,56.52,0.49,0.8745,59697.03,334368.698,57.1,57.1,57.63,56.37,57.6,1.019157,56.0109,-1,61.63,50.43,56.19,1
002594.SZ,20200526,56.52,56.8,58.38,56.8,58.3,1.78,3.1493,98543.68,570419.227,57.6,57.89,59.5,57.89,59.42,1.019157,57.8849,-1,62.17,50.87,57.96,1
002594.SZ,20200527,58.3,59.6,59.95,57.07,57.3,-1.0,-1.7153,113617.42,662802.627,59.42,60.74,61.1,58.16,58.4,1.019157,58.3364,-1,64.13,52.47,56.96,1
002594.SZ,20200528,57.3,57.35,58.23,56.4,57.48,0.18,0.3141,86300.23,494679.18,58.4,58.45,59.35,57.48,58.58,1.019157,57.3207,-1,63.03,51.57,57.14,1
002594.SZ,20200529,57.48,57.12,58.02,56.81,57.41,-0.07,-0.1218,68036.39,390882.856,58.58,58.21,59.13,57.9,58.51,1.019157,57.452,-1,63.23,51.73,57.07,1
002594.SZ,20200601,57.41,57.75,59.69,57.44,59.33,1.92,3.3444,161067.81,949983.296,58.51,58.86,60.83,58.54,60.47,1.019157,58.9803,-1,63.15,51.67,58.98,1
002594.SZ,20200602,59.33,59.57,62.18,58.88,61.0,1.67,2.8148,204796.1,1235513.478,60.47,60.71,63.37,60.01,62.17,1.019157,60.329,-1,65.26,53.4,60.64,1
002594.SZ,20200603,61.0,60.79,61.05,59.48,59.93,-1.07,-1.7541,146356.95,882603.748,62.17,61.95,62.22,60.62,61.08,1.019157,60.3049,-1,67.1,54.9,59.58,1
002594.SZ,20200604,59.93,60.48,61.2,59.71,60.11,0.18,0.3004,105743.32,637797.409,61.08,61.64,62.37,60.85,61.26,1.019157,60.3156,-1,65.92,53.94,59.76,1
002594.SZ,20200605,60.11,61.0,63.28,60.33,63.2,3.09,5.1406,265451.22,1643855.456,61.26,62.17,64.49,61.49,64.41,1.019157,61.9268,-1,66.12,54.1,62.83,1
002594.SZ,20200608,63.2,63.0,63.83,62.45,62.79,-0.41,-0.6487,172441.11,1087013.121,64.41,64.21,65.05,63.65,63.99,1.019157,63.0368,-1,69.52,56.88,62.42,1
002594.SZ,20200609,62.79,63.0,64.41,61.69,61.98,-0.81,-1.29,204430.53,1285542.235,63.99,64.21,65.64,62.87,63.17,1.019157,62.8841,-1,69.07,56.51,61.62,1
002594.SZ,20200610,61.98,62.26,62.42,60.68,61.05,-0.93,-1.5005,186194.03,1140629.413,63.17,63.45,63.62,61.84,62.22,1.019157,61.2603,-1,68.18,55.78,60.69,1
002594.SZ,20200611,61.05,61.87,64.2,61.51,62.84,1.79,2.932,280232.52,1764678.741,62.22,63.06,65.43,62.69,64.04,1.019157,62.9719,-1,67.16,54.95,62.47,1
002594.SZ,20200612,62.84,61.4,61.93,60.63,61.48,-1.36,-2.1642,175497.1,1075893.063,64.04,62.58,63.12,61.79,62.66,1.019157,61.3055,-1,69.12,56.56,61.12,1
002594.SZ,20200615,61.48,62.5,63.88,61.25,62.5,1.02,1.6591,195740.28,1225432.62,62.66,63.7,65.1,62.42,63.7,1.019157,62.605,-1,67.63,55.33,62.13,1
002594.SZ,20200616,62.5,63.8,64.46,63.13,64.1,1.6,2.56,214115.72,1367780.377,63.7,65.02,65.69,64.34,65.33,1.019157,63.8804,-1,68.75,56.25,63.72,1
002594.SZ,20200617,64.1,64.0,64.11,62.36,64.11,0.01,0.0156,144378.18,912074.334,65.33,65.23,65.34,63.55,65.34,1.019157,63.1726,-1,70.51,57.69,63.73,1
002594.SZ,20200618,64.11,63.8,66.76,62.94,66.74,2.63,4.1023,279033.36,1829902.632,65.34,65.02,68.04,64.15,68.02,1.019157,65.5801,-1,70.52,57.7,66.35,1
002594.SZ,20200619,66.74,66.69,68.68,66.3,66.99,0.25,0.3746,220618.87,1487253.014,68.02,67.97,70.0,67.57,68.27,1.019157,67.4128,-1,73.41,60.07,66.6,1
002594.SZ,20200622,66.99,66.6,68.78,66.29,68.0,1.01,1.5077,196254.8,1325805.162,68.27,67.88,70.1,67.56,69.3,1.019157,67.5553,-1,73.69,60.29,67.6,1
002594.SZ,20200623,68.0,67.57,72.09,67.0,71.03,3.03,4.4559,260374.91,1812606.801,69.3,68.86,73.47,68.28,72.39,1.019157,69.6153,-1,74.8,61.2,70.61,1
002594.SZ,20200624,71.03,71.1,73.06,70.76,71.7,0.67,0.9433,196680.98,1414432.114,72.39,72.46,74.46,72.12,73.07,1.019157,71.915,-1,78.13,63.93,71.28,1
002594.SZ,20200629,71.7,71.5,72.43,70.3,70.6,-1.1,-1.5342,173376.3,1233307.83,73.07,72.87,73.82,71.65,71.95,1.019157,71.1347,-1,78.87,64.53,70.18,1
002594.SZ,20200630,70.6,71.41,72.85,70.87,71.8,1.2,1.6997,169831.01,1223207.515,71.95,72.78,74.25,72.23,73.18,1.019157,72.025,-1,77.66,63.54,71.38,1
002594.SZ,20200701,71.8,73.21,75.45,71.03,72.47,0.67,0.9331,235093.22,1726221.255,73.18,74.61,76.9,72.39,73.86,1.019157,73.4271,-1,78.98,64.62,72.04,1
002594.SZ,20200702,72.47,72.63,74.61,71.8,72.14,-0.33,-0.4554,214074.18,1559734.669,73.86,74.02,76.04,73.18,73.52,1.019157,72.8595,-1,79.72,65.22,71.72,1
002594.SZ,20200703,72.14,73.3,79.35,73.23,79.35,7.21,9.9945,455388.12,3497719.615,73.52,74.7,80.87,74.63,80.87,1.019157,76.8074,-1,79.35,64.93,78.88,1
002594.SZ,20200706,79.35,79.33,81.59,77.41,80.9,1.55,1.9534,461224.16,3661516.239,80.87,80.85,83.15,78.89,82.45,1.019157,79.3869,-1,87.29,71.42,80.42,1
002594.SZ,20200707,80.9,84.76,88.5,83.0,83.0,2.1,2.5958,466705.87,3978641.289,82.45,86.38,90.2,84.59,84.59,1.019157,85.2494,-1,88.99,72.81,82.51,1
002594.SZ,20200708,83.0,81.94,84.28,81.86,82.75,-0.25,-0.3012,319155.88,2647763.129,84.59,83.51,85.89,83.43,84.34,1.019157,82.9614,-1,91.3,74.7,82.26,1
002594.SZ,20200709,82.75,82.75,86.3,81.46,84.46,1.71,2.0665,327973.52,2764110.59,84.34,84.34,87.95,83.02,86.08,1.019157,84.2785,-1,91.03,74.48,83.96,1
002594.SZ,20200710,84.46,84.47,92.36,83.05,89.0,4.54,5.3753,396029.31,3495161.21,86.08,86.09,94.13,84.64,90.7,1.019157,88.2551,-1,92.91,76.01,88.48,1
002594.SZ,20200713,89.0,92.6,97.9,92.29,97.9,8.9,10.0,579871.28,5536512.876,90.7,94.37,99.78,94.06,99.78,1.019157,95.4783,-1,97.9,80.1,97.32,1
002594.SZ,20200714,97.9,97.9,97.91,90.58,96.55,-1.35,-1.379,536388.69,5075817.585,99.78,99.78,99.79,92.32,98.4,1.019157,94.6295,-1,107.69,88.11,95.98,1
002594.SZ,20200715,96.55,97.0,97.29,92.69,94.5,-2.05,-2.1233,388695.86,3699030.985,98.4,98.86,99.15,94.47,96.31,1.019157,95.1652,-1,106.21,86.9,93.94,1
002594.SZ,20200716,94.5,94.4,95.5,85.05,85.05,-9.45,-10.0,560466.63,4984540.817,96.31,96.21,97.33,86.68,86.68,1.019157,88.9356,-1,103.95,85.05,84.55,1
002594.SZ,20200717,85.05,83.02,85.36,80.07,81.59,-3.46,-4.0682,430968.74,3549101.616,86.68,84.61,87.0,81.6,83.15,1.019157,82.3517,-1,93.56,76.55,81.11,1
002594.SZ,20200720,81.59,83.7,89.3,81.61,87.17,5.58,6.8391,431730.31,3684539.642,83.15,85.3,91.01,83.17,88.84,1.019157,85.3435,-1,89.75,73.43,86.66,1
002594.SZ,20200721,87.17,89.9,91.33,87.68,88.09,0.92,1.0554,317222.34,2834375.732,88.84,91.62,93.08,89.36,89.78,1.019157,89.3498,-1,95.89,78.45,87.57,1
002594.SZ,20200722,88.09,86.0,89.48,85.5,87.19,-0.9,-1.0217,269544.83,2367987.141,89.78,87.65,91.19,87.14,88.86,1.019157,87.8513,-1,96.9,79.28,86.68,1
002594.SZ,20200723,87.19,86.06,89.0,85.58,88.99,1.8,2.0645,327286.56,2869841.089,88.86,87.71,90.7,87.22,90.69,1.019157,87.6859,-1,95.91,78.47,88.47,1
002594.SZ,20200724,88.99,87.78,88.14,82.5,83.0,-5.99,-6.7311,388173.74,3298033.865,90.69,89.46,89.83,84.08,84.59,1.019157,84.9628,-1,97.89,80.09,82.51,1
002594.SZ,20200727,83.0,83.5,85.2,82.3,83.52,0.52,0.6265,208828.46,1753284.47,84.59,85.1,86.83,83.88,85.12,1.019157,83.9581,-1,91.3,74.7,83.03,1
002594.SZ,20200728,83.52,85.98,86.66,83.0,83.91,0.39,0.467,216440.67,1829407.614,85.12,87.63,88.32,84.59,85.52,1.019157,84.5224,-1,91.87,75.17,83.42,1
002594.SZ,20200729,83.91,83.31,87.5,82.52,86.93,3.02,3.5991,287975.5,2464892.396,85.52,84.91,89.18,84.1,88.6,1.019157,85.5938,-1,92.3,75.52,86.42,1
002594.SZ,20200730,86.93,87.02,87.63,84.3,85.0,-1.93,-2.2202,224492.69,1917850.499,88.6,88.69,89.31,85.91,86.63,1.019157,85.4304,-1,95.62,78.24,84.5,1
002594.SZ,20200731,85.0,84.96,86.66,83.46,85.39,0.39,0.4588,258122.89,2201963.263,86.63,86.59,88.32,85.06,87.03,1.019157,85.3068,-1,93.5,76.5,84.89,1
002594.SZ,20200803,85.39,85.41,86.5,84.4,86.17,0.78,0.9135,280303.6,2394349.093,87.03,87.05,88.16,86.02,87.82,1.019157,85.4198,-1,93.93,76.85,85.66,1
002594.SZ,20200804,86.17,86.95,91.0,86.88,89.0,2.83,3.2842,383955.87,3414415.346,87.82,88.62,92.74,88.54,90.7,1.019157,88.9273,-1,94.79,77.55,88.48,1
002594.SZ,20200805,89.0,89.0,89.0,86.58,88.15,-0.85,-0.9551,190226.84,1667411.299,90.7,90.7,90.7,88.24,89.84,1.019157,87.6538,-1,97.9,80.1,87.63,1
002594.SZ,20200806,88.15,88.81,89.6,87.0,88.73,0.58,0.658,205332.66,1815887.526,89.84,90.51,91.32,88.67,90.43,1.019157,88.4364,-1,96.97,79.34,88.21,1
002594.SZ,20200807,88.73,87.6,88.76,83.81,85.38,-3.35,-3.7755,245974.16,2120266.841,90.43,89.28,90.46,85.42,87.02,1.019157,86.1988,-1,97.6,79.86,84.88,1
002594.SZ,20200810,85.38,83.79,84.35,80.0,81.98,-3.4,-3.9822,336538.84,2752165.156,87.02,85.4,85.97,81.53,83.55,1.019157,81.7785,-1,93.92,76.84,81.5,1
002594.SZ,20200811,81.98,81.9,83.2,80.95,81.0,-0.98,-1.1954,194172.6,1596334.584,83.55,83.47,84.79,82.5,82.55,1.019157,82.2121,-1,90.18,73.78,80.52,1
002594.SZ,20200812,81.0,81.18,81.98,78.45,81.98,0.98,1.2099,220971.73,1768144.489,82.55,82.74,83.55,79.95,83.55,1.019157,80.0168,-1,89.1,72.9,81.5,1
002594.SZ,20200813,81.98,83.5,83.8,81.65,81.8,-0.18,-0.2196,135827.79,1119875.379,83.55,85.1,85.41,83.21,83.37,1.019157,82.4482,-1,90.18,73.78,81.32,1
002594.SZ,20200814,81.8,82.1,82.59,80.0,81.93,0.13,0.1589,120620.31,981262.741,83.37,83.67,84.17,81.53,83.5,1.019157,81.3514,-1,89.98,73.62,81.45,1
002594.SZ,20200817,81.93,82.2,83.23,81.33,82.92,0.99,1.2083,151031.94,1246372.799,83.5,83.77,84.82,82.89,84.51,1.019157,82.5238,-1,90.12,73.74,82.43,1
002594.SZ,20200818,82.86,84.01,84.51,81.8,82.18,-0.68,-0.8207,161552.5,1335564.954,84.51,85.68,86.19,83.43,83.81,1.019895,82.6706,2,91.15,74.57,81.76,1
002594.SZ,20200819,82.18,81.4,81.64,79.52,79.65,-2.53,-3.0786,187358.26,1504274.09,83.81,83.02,83.26,81.1,81.23,1.019895,80.2886,-1,90.4,73.96,79.24,1
002594.SZ,20200820,79.65,79.64,80.0,78.1,78.55,-1.1,-1.381,122724.3,967851.099,81.23,81.22,81.59,79.65,80.11,1.019895,78.8639,-1,87.62,71.69,78.14,1
002594.SZ,20200821,78.55,80.0,80.64,78.9,79.58,1.03,1.3113,111905.48,893244.022,80.11,81.59,82.24,80.47,81.16,1.019895,79.8213,-1,86.41,70.7,79.17,1
002594.SZ,20200824,79.58,79.9,82.28,79.69,81.44,1.86,2.3373,171280.61,1384872.483,81.16,81.49,83.92,81.28,83.06,1.019895,80.854,-1,87.54,71.62,81.02,1
002594.SZ,20200825,81.44,81.0,82.88,80.5,81.24,-0.2,-0.2456,145106.34,1182125.999,83.06,82.61,84.53,82.1,82.86,1.019895,81.4662,-1,89.58,73.3,80.82,1
002594.SZ,20200826,81.24,82.0,85.31,81.68,83.42,2.18,2.6834,320471.53,2691953.337,82.86,83.63,87.01,83.31,85.08,1.019895,83.9998,-1,89.36,73.12,82.99,1
002594.SZ,20200827,83.42,86.5,87.55,84.7,85.42,2.0,2.3975,252034.89,2168640.349,85.08,88.22,89.29,86.39,87.12,1.019895,86.0452,-1,91.76,75.08,84.98,1
002594.SZ,20200828,85.42,85.0,86.06,83.02,85.39,-0.03,-0.0351,186470.43,1572760.241,87.12,86.69,87.77,84.67,87.09,1.019895,84.3437,-1,93.96,76.88,84.95,1
002594.SZ,20200831,85.39,87.02,88.22,84.88,85.0,-0.39,-0.4567,215346.9,1864842.718,87.09,88.75,89.98,86.57,86.69,1.019895,86.5971,-1,93.93,76.85,84.56,1
002594.SZ,20200901,85.0,86.99,93.5,86.31,93.5,8.5,10.0,394612.65,3573272.701,86.69,88.72,95.36,88.03,95.36,1.019895,90.5514,-1,93.5,76.5,93.02,1
002594.SZ,20200902,93.5,95.88,96.0,91.63,94.3,0.8,0.8556,397047.08,3719378.787,95.36,97.79,97.91,93.45,96.18,1.019895,93.676,-1,102.85,84.15,93.81,1
002594.SZ,20200903,94.3,92.88,95.16,92.15,92.59,-1.71,-1.8134,227794.95,2129704.437,96.18,94.73,97.05,93.98,94.43,1.019895,93.4922,-1,103.73,84.87,92.11,1
002594.SZ,20200904,92.59,88.8,90.59,88.02,90.0,-2.59,-2.7973,222021.32,1979126.649,94.43,90.57,92.39,89.77,91.79,1.019895,89.1413,-1,101.85,83.33,89.54,1
002594.SZ,20200907,90.0,89.48,97.5,89.4,94.74,4.74,5.2667,409986.53,3862436.332,91.79,91.26,99.44,91.18,96.62,1.019895,94.2089,-1,99.0,81.0,94.25,1
002594.SZ,20200908,94.74,95.88,95.88,90.7,91.0,-3.74,-3.9476,279084.09,2590896.624,96.62,97.79,97.79,92.5,92.81,1.019895,92.8357,-1,104.21,85.27,90.53,1
002594.SZ,20200909,91.0,88.01,88.7,84.85,85.99,-5.01,-5.5055,263291.56,2281813.618,92.81,89.76,90.46,86.54,87.7,1.019895,86.6649,-1,100.1,81.9,85.55,1
002594.SZ,20200910,85.99,87.84,90.17,86.9,87.09,1.1,1.2792,217062.71,1923920.285,87.7,89.59,91.96,88.63,88.82,1.019895,88.6343,-1,94.59,77.39,86.64,1
002594.SZ,20200911,87.09,87.85,91.2,87.22,91.2,4.11,4.7193,205763.7,1843068.555,88.82,89.6,93.01,88.96,93.01,1.019895,89.5721,-1,95.8,78.38,90.73,1
002594.SZ,20200914,91.2,91.3,94.5,91.3,92.5,1.3,1.4254,223839.09,2078549.015,93.01,93.12,96.38,93.12,94.34,1.019895,92.8591,-1,100.32,82.08,92.02,1
002594.SZ,20200915,92.5,94.01,101.75,93.5,101.3,8.8,9.5135,579221.28,5761285.366,94.34,95.88,103.77,95.36,103.32,1.019895,99.4661,-1,101.75,83.25,100.78,1
002594.SZ,20200916,101.3,100.28,107.87,99.0,105.4,4.1,4.0474,493789.34,5154280.712,103.32,102.28,110.02,100.97,107.5,1.019895,104.3822,-1,111.43,91.17,104.86,1
002594.SZ,20200917,105.4,105.51,115.94,105.15,115.94,10.54,10.0,602351.1,6707262.639,107.5,107.61,118.25,107.24,118.25,1.019895,111.3514,-1,115.94,94.86,115.34,1
002594.SZ,20200918,115.94,113.99,115.5,111.5,115.5,-0.44,-0.3795,473753.77,5363840.116,118.25,116.26,117.8,113.72,117.8,1.019895,113.22,-1,127.53,104.35,114.9,1
002594.SZ,20200921,115.5,116.0,119.32,104.34,105.77,-9.73,-8.4242,588770.87,6535043.671,117.8,118.31,121.69,106.42,107.87,1.019895,110.9947,-1,127.05,103.95,105.22,1
002594.SZ,20200922,105.77,106.5,110.65,104.01,106.77,1.0,0.9454,462881.94,4971987.39,107.87,108.62,112.85,106.08,108.89,1.019895,107.4137,-1,116.35,95.19,106.22,1
002594.SZ,20200923,106.77,109.0,111.01,106.3,110.4,3.63,3.3998,381409.14,4146613.365,108.89,111.17,113.22,108.41,112.6,1.019895,108.7182,-1,117.45,96.09,109.83,1
002594.SZ,20200924,110.4,107.88,110.03,106.01,106.4,-4.0,-3.6232,266125.7,2864183.119,112.6,110.03,112.22,108.12,108.52,1.019895,107.6252,-1,121.44,99.36,105.85,1
002594.SZ,20200925,106.4,108.2,109.79,103.8,105.09,-1.31,-1.2312,324363.17,3457966.85,108.52,110.35,111.97,105.87,107.18,1.019895,106.6079,-1,117.04,95.76,104.55,1
002594.SZ,20200928,105.09,106.19,108.1,105.65,106.4,1.31,1.2466,211882.87,2260356.21,107.18,108.3,110.25,107.75,108.52,1.019895,106.6795,-1,115.6,94.58,105.85,1
002594.SZ,20200929,106.4,108.59,109.51,104.25,107.89,1.49,1.4004,270045.76,2884125.029,108.52,110.75,111.69,106.32,110.04,1.019895,106.8013,-1,117.04,95.76,107.33,1
002594.SZ,20200930,107.89,108.58,118.23,107.1,116.24,8.35,7.7394,444201.02,5073415.251,110.04,110.74,120.58,109.23,118.55,1.019895,114.2144,-1,118.68,97.1,115.64,1
002594.SZ,20201009,116.24,123.1,126.14,119.2,120.35,4.11,3.5358,559678.07,6870685.597,118.55,125.55,128.65,121.57,122.74,1.019895,122.7614,-1,127.86,104.62,119.73,1
002594.SZ,20201012,120.35,123.8,129.03,120.45,128.5,8.15,6.7719,528088.92,6521180.717,122.74,126.26,131.6,122.85,131.06,1.019895,123.4864,-1,132.39,108.32,127.84,1
002594.SZ,20201013,128.5,128.0,131.88,125.0,129.29,0.79,0.6148,460527.46,5958597.982,131.06,130.55,134.5,127.49,131.86,1.019895,129.3864,-1,141.35,115.65,128.62,1
002594.SZ,20201014,129.29,129.15,132.32,128.1,130.5,1.21,0.9359,310471.58,4041272.251,131.86,131.72,134.95,130.65,133.1,1.019895,130.1656,-1,142.22,116.36,129.83,1
002594.SZ,20201015,130.5,134.6,137.73,131.33,131.55,1.05,0.8046,402893.07,5425288.384,133.1,137.28,140.47,133.94,134.17,1.019895,134.6583,-1,143.55,117.45,130.87,1
002594.SZ,20201016,131.55,132.56,133.85,125.0,127.8,-3.75,-2.8506,413535.51,5301212.698,134.17,135.2,136.51,127.49,130.34,1.019895,128.1924,-1,144.71,118.4,127.14,1
002594.SZ,20201019,127.8,128.0,129.81,126.3,128.08,0.28,0.2191,222006.11,2832538.854,130.34,130.55,132.39,128.81,130.63,1.019895,127.5883,-1,140.58,115.02,127.42,1
002594.SZ,20201020,128.08,126.18,140.33,126.18,140.0,11.92,9.3067,541679.01,7240427.47,130.63,128.69,143.12,128.69,142.79,1.019895,133.6664,-1,140.89,115.27,139.28,1
002594.SZ,20201021,140.0,137.99,139.7,134.17,137.5,-2.5,-1.7857,380567.07,5212917.457,142.79,140.74,142.48,136.84,140.24,1.019895,136.9776,-1,154.0,126.0,136.79,1
002594.SZ,20201022,137.5,137.23,145.0,132.07,143.79,6.29,4.5745,434389.39,6061013.977,140.24,139.96,147.88,134.7,146.65,1.019895,139.5295,-1,151.25,123.75,143.05,1
002594.SZ,20201023,143.79,142.02,145.78,136.5,138.67,-5.12,-3.5607,400994.12,5645291.379,146.65,144.85,148.68,139.22,141.43,1.019895,140.7824,-1,158.17,129.41,137.95,1
002594.SZ,20201026,138.67,136.5,142.85,133.1,139.96,1.29,0.9303,309796.04,4319369.738,141.43,139.22,145.69,135.75,142.74,1.019895,139.4262,-1,152.54,124.8,139.24,1
002594.SZ,20201027,139.96,137.42,141.5,135.83,140.28,0.32,0.2286,296545.4,4122784.516,142.74,140.15,144.32,138.53,143.07,1.019895,139.0271,-1,153.96,125.96,139.56,1
002594.SZ,20201028,140.28,139.51,153.48,139.02,151.6,11.32,8.0696,517973.65,7669731.453,143.07,142.29,156.53,141.79,154.62,1.019895,148.0718,-1,154.31,126.25,150.82,1
002594.SZ,20201029,151.6,147.91,166.76,147.91,158.38,6.78,4.4723,634704.95,10022998.772,154.62,150.85,170.08,150.85,161.53,1.019895,157.9159,-1,166.76,136.44,157.56,1
002594.SZ,20201030,158.38,160.0,170.3,154.2,159.81,1.43,0.9029,673291.83,10882457.196,161.53,163.18,173.69,157.27,162.99,1.019895,161.6306,-1,174.22,142.54,158.99,1
002594.SZ,20201102,159.81,160.91,168.75,160.5,167.98,8.17,5.1123,524910.93,8660252.633,162.99,164.11,172.11,163.69,171.32,1.019895,164.9852,-1,175.79,143.83,167.11,1
002594.SZ,20201103,167.98,172.0,172.45,159.58,164.08,-3.9,-2.3217,661616.64,10960743.413,171.32,175.42,175.88,162.75,167.34,1.019895,165.6661,-1,184.78,151.18,163.23,1
002594.SZ,20201104,164.08,167.0,170.33,163.0,168.03,3.95,2.4074,460948.23,7689440.146,167.34,170.32,173.72,166.24,171.37,1.019895,166.8179,-1,180.49,147.67,167.16,1
002594.SZ,20201105,168.03,175.0,184.83,171.0,184.83,16.8,9.9982,674092.11,11951954.71,171.37,178.48,188.51,174.4,188.51,1.019895,177.3045,-1,184.83,151.23,183.88,1
002594.SZ,20201106,184.83,189.5,198.85,179.89,190.44,5.61,3.0352,807666.85,15261972.051,188.51,193.27,202.81,183.47,194.23,1.019895,188.9637,-1,203.31,166.35,189.46,1
002594.SZ,20201109,190.44,191.6,193.67,184.12,190.95,0.51,0.2678,525016.12,9934097.169,194.23,195.41,197.52,187.78,194.75,1.019895,189.2151,-1,209.48,171.4,189.96,1
002594.SZ,20201110,190.95,186.86,186.88,176.88,182.58,-8.37,-4.3833,635349.5,11543486.452,194.75,190.58,190.6,180.4,186.21,1.019895,181.6872,-1,210.05,171.86,181.64,1
002594.SZ,20201111,182.58,176.9,181.89,164.32,164.35,-18.23,-9.9847,805675.15,13840949.837,186.21,180.42,185.51,167.59,167.62,1.019895,171.7932,-1,200.84,164.32,163.5,1
002594.SZ,20201112,164.35,168.0,173.3,165.78,169.33,4.98,3.0301,586639.61,9953360.351,167.62,171.34,176.75,169.08,172.7,1.019895,169.6674,-1,180.79,147.92,168.46,1
002594.SZ,20201113,169.33,180.0,182.02,173.29,175.9,6.57,3.88,609193.92,10790305.828,172.7,183.58,185.64,176.74,179.4,1.019895,177.1243,-1,186.26,152.4,174.99,1
002594.SZ,20201116,175.9,171.03,171.5,163.5,170.02,-5.88,-3.3428,542565.39,9094656.059,179.4,174.43,174.91,166.75,173.4,1.019895,167.6232,-1,193.49,158.31,169.14,1
002594.SZ,20201117,170.02,173.5,175.18,164.46,167.0,-3.02,-1.7763,568409.34,9641027.028,173.4,176.95,178.67,167.73,170.32,1.019895,169.6142,-1,187.02,153.02,166.14,1
002594.SZ,20201118,167.0,165.88,169.18,162.25,167.0,0.0,0.0,417033.16,6941378.987,170.32,169.18,172.55,165.48,170.32,1.019895,166.4467,-1,183.7,150.3,166.14,1
002594.SZ,20201119,167.0,168.0,168.7,159.52,161.62,-5.38,-3.2216,470054.4,7652210.663,170.32,171.34,172.06,162.69,164.84,1.019895,162.7942,-1,183.7,150.3,160.79,1
002594.SZ,20201120,161.62,164.65,177.24,163.22,176.06,14.44,8.9345,707526.94,12067220.425,164.84,167.93,180.77,166.47,179.56,1.019895,170.5549,-1,177.78,145.46,175.15,1
002594.SZ,20201123,176.06,176.9,185.02,172.07,184.2,8.14,4.6234,604026.64,10841291.967,179.56,180.42,188.7,175.49,187.86,1.019895,179.4837,-1,193.67,158.45,183.25,1
002594.SZ,20201124,184.2,191.77,194.99,180.71,184.19,-0.01,-0.0054,646752.09,12193378.658,187.86,195.59,198.87,184.31,187.85,1.019895,188.5325,-1,202.62,165.78,183.24,1
002594.SZ,20201125,184.19,183.0,191.7,180.6,183.53,-0.66,-0.3583,473857.64,8798105.734,187.85,186.64,195.51,184.19,187.18,1.019895,185.6698,-1,202.61,165.77,182.58,1
002594.SZ,20201126,183.53,183.61,184.8,171.23,175.82,-7.71,-4.2009,496538.19,8751195.066,187.18,187.26,188.48,174.64,179.32,1.019895,176.2441,-1,201.88,165.18,174.91,1
002594.SZ,20201127,175.82,175.31,177.9,169.33,174.1,-1.72,-0.9783,397476.15,6868605.93,179.32,178.8,181.44,172.7,177.56,1.019895,172.8055,-1,193.4,158.24,173.2,1
002594.SZ,20201130,174.1,171.5,176.74,166.01,172.15,-1.95,-1.12,379212.83,6493585.105,177.56,174.91,180.26,169.31,175.57,1.019895,171.2385,-1,191.51,156.69,171.26,1
002594.SZ,20201201,172.15,168.7,177.0,167.0,176.81,4.66,2.7069,401564.31,6983133.536,175.57,172.06,180.52,170.32,180.33,1.019895,173.8983,-1,189.37,154.94,175.9,1
002594.SZ,20201202,176.81,171.1,172.5,168.0,169.75,-7.06,-3.993,492401.38,8354836.225,180.33,174.5,175.93,171.34,173.13,1.019895,169.6753,-1,194.49,159.13,168.87,1
002594.SZ,20201203,169.75,169.75,173.66,166.96,171.09,1.34,0.7894,365580.81,6251135.998,173.13,173.13,177.11,170.28,174.49,1.019895,170.9919,-1,186.73,152.78,170.21,1
002594.SZ,20201204,171.09,171.6,178.8,170.4,171.86,0.77,0.4501,394489.88,6888910.896,174.49,175.01,182.36,173.79,175.28,1.019895,174.6283,-1,188.2,153.98,170.97,1
002594.SZ,20201207,171.86,171.3,176.66,169.11,175.29,3.43,1.9958,322185.89,5617848.45,175.28,174.71,180.17,172.47,178.78,1.019895,174.3667,-1,189.05,154.67,174.39,1
002594.SZ,20201208,175.29,178.1,182.0,176.7,177.97,2.68,1.5289,445743.24,7995315.241,178.78,181.64,185.62,180.22,181.51,1.019895,179.3704,-1,192.82,157.76,177.05,1
002594.SZ,20201209,177.97,179.0,181.03,173.0,173.24,-4.73,-2.6578,315714.47,5563503.434,181.51,182.56,184.63,176.44,176.69,1.019895,176.2195,-1,195.77,160.17,172.35,1
002594.SZ,20201210,173.24,168.0,171.66,166.02,169.52,-3.72,-2.1473,370436.28,6243808.669,176.69,171.34,175.08,169.32,172.89,1.019895,168.5528,-1,190.56,155.92,168.64,1
002594.SZ,20201211,169.52,169.35,169.35,162.8,167.0,-2.52,-1.4866,354878.18,5902635.219,172.89,172.72,172.72,166.04,170.32,1.019895,166.3285,-1,186.47,152.57,166.14,1
002594.SZ,20201214,167.0,166.8,170.88,163.0,170.2,3.2,1.9162,302132.25,5064250.844,170.32,170.12,174.28,166.24,173.59,1.019895,167.617,-1,183.7,150.3,169.32,1
002594.SZ,20201215,170.2,170.25,175.05,168.5,174.7,4.5,2.6439,362218.02,6234488.461,173.59,173.64,178.53,171.85,178.18,1.019895,172.1198,-1,187.22,153.18,173.8,1
002594.SZ,20201216,174.7,176.0,176.7,170.9,171.87,-2.83,-1.6199,238153.85,4110951.042,178.18,179.5,180.22,174.3,175.29,1.019895,172.6175,-1,192.17,157.23,170.98,1
002594.SZ,20201217,171.87,171.18,172.93,169.01,171.79,-0.08,-0.0465,189772.6,3245175.544,175.29,174.59,176.37,172.37,175.21,1.019895,171.0034,-1,189.06,154.68,170.9,1
002594.SZ,20201218,171.79,172.5,180.09,171.22,176.0,4.21,2.4507,488485.1,8625943.227,175.21,175.93,183.67,174.63,179.5,1.019895,176.5856,-1,188.97,154.61,175.09,1
002594.SZ,20201221,176.0,176.5,193.6,175.5,193.6,17.6,10.0,667797.63,12342923.957,179.5,180.01,197.45,178.99,197.45,1.019895,184.8303,-1,193.6,158.4,192.6,1
002594.SZ,20201222,193.6,192.98,192.98,183.66,184.0,-9.6,-4.9587,586810.41,11044848.425,197.45,196.82,196.82,187.31,187.66,1.019895,188.2183,-1,212.96,174.24,183.05,1
002594.SZ,20201223,184.0,183.89,190.8,182.96,186.79,2.79,1.5163,427079.45,7982526.892,187.66,187.55,194.6,186.6,190.51,1.019895,186.9096,-1,202.4,165.6,185.83,1
002594.SZ,20201224,186.79,185.0,185.0,180.0,183.0,-3.79,-2.029,260453.54,4739171.492,190.51,188.68,188.68,183.58,186.64,1.019895,181.9584,-1,205.47,168.11,182.06,1
002594.SZ,20201225,183.0,183.32,186.15,181.1,185.22,2.22,1.2131,211330.69,3892733.282,186.64,186.97,189.85,184.7,188.9,1.019895,184.201,-1,201.3,164.7,184.26,1
002594.SZ,20201228,185.22,184.3,190.37,182.6,187.93,2.71,1.4631,303384.31,5674752.366,188.9,187.97,194.16,186.23,191.67,1.019895,187.0483,-1,203.74,166.7,186.96,1
002594.SZ,20201229,187.93,186.0,186.0,178.46,178.6,-9.33,-4.9646,361177.82,6530622.526,191.67,189.7,189.7,182.01,182.15,1.019895,180.8146,-1,206.72,169.14,177.68,1
002594.SZ,20201230,178.6,180.66,191.95,180.66,186.0,7.4,4.1433,510431.08,9559070.846,182.15,184.25,195.77,184.25,189.7,1.019895,187.2745,-1,196.46,160.74,185.04,1
002594.SZ,20201231,186.0,188.86,195.83,184.26,194.3,8.3,4.4624,505119.42,9665582.055,189.7,192.62,199.73,187.93,198.17,1.019895,191.3524,-1,204.6,167.4,193.3,1
002594.SZ,20210104,194.3,189.0,211.16,187.09,206.76,12.46,6.4128,589501.61,11803190.657,198.17,192.76,215.36,190.81,210.87,1.019895,200.2232,-1,213.73,174.87,205.69,1
002594.SZ,20210105,206.76,206.0,221.23,202.01,219.9,13.14,6.3552,545305.97,11642247.812,210.87,210.1,225.63,206.03,224.27,1.019895,213.4994,-1,227.44,186.08,218.76,1
002594.SZ,20210106,219.9,219.72,222.18,212.0,216.3,-3.6,-1.6371,434652.14,9376648.611,224.27,224.09,226.6,216.22,220.6,1.019895,215.7277,-1,241.89,197.91,215.18,1
002594.SZ,20210107,216.3,216.6,228.32,214.2,225.04,8.74,4.0407,428602.54,9516502.256,220.6,220.91,232.86,218.46,229.52,1.019895,222.0356,-1,237.93,194.67,223.88,1
002594.SZ,20210108,225.04,233.0,234.32,220.7,227.51,2.47,1.0976,426758.36,9705879.745,229.52,237.64,238.98,225.09,232.04,1.019895,227.4327,-1,247.54,202.54,226.34,1
002594.SZ,20210111,227.51,234.59,245.0,230.98,234.86,7.35,3.2306,534254.66,12681067.407,232.04,239.26,249.87,235.58,239.53,1.019895,237.36,-1,250.26,204.76,233.65,1
002594.SZ,20210112,234.86,231.8,239.75,220.0,236.99,2.13,0.9069,433124.58,9980651.742,239.53,236.41,244.52,224.38,241.7,1.019895,230.4337,-1,258.35,211.37,235.77,1
002594.SZ,20210113,236.99,238.0,249.88,229.69,239.3,2.31,0.9747,480347.87,11590837.002,241.7,242.74,254.85,234.26,244.06,1.019895,241.3009,-1,260.69,213.29,238.06,1
002594.SZ,20210114,239.3,232.0,235.45,222.34,223.95,-15.35,-6.4145,445955.02,10176085.741,244.06,236.62,240.13,226.76,228.41,1.019895,228.1864,-1,263.23,215.37,222.79,1
002594.SZ,20210115,223.95,222.0,228.92,216.5,225.2,1.25,0.5582,377050.46,8420560.824,228.41,226.42,233.47,220.81,229.68,1.019895,223.3272,-1,246.35,201.56,224.04,1
002594.SZ,20210118,225.2,220.0,224.0,216.26,221.69,-3.51,-1.5586,263789.33,5826658.747,229.68,224.38,228.46,220.56,226.1,1.019895,220.883,-1,247.72,202.68,220.55,1
002594.SZ,20210119,221.69,222.06,225.2,213.56,216.2,-5.49,-2.4764,276250.13,6035553.036,226.1,226.48,229.68,217.81,220.5,1.019895,218.4815,-1,243.86,199.52,215.08,1
002594.SZ,20210120,216.2,219.9,226.3,218.01,222.0,5.8,2.6827,381401.08,8483028.913,220.5,224.27,230.8,222.35,226.42,1.019895,222.4175,-1,237.82,194.58,220.85,1
002594.SZ,20210121,222.0,220.0,239.6,216.81,235.52,13.52,6.0901,585709.87,13384594.647,226.42,224.38,244.37,221.12,240.21,1.019895,228.5192,-1,244.2,199.8,234.3,1
002594.SZ,20210122,235.52,235.72,243.66,231.51,242.92,7.4,3.142,423886.78,10112061.191,240.21,240.41,248.51,236.12,247.75,1.019895,238.5557,-1,259.07,211.97,241.67,1
002594.SZ,20210125,242.92,246.5,262.95,245.0,260.0,17.08,7.0311,559388.94,14213433.428,247.75,251.4,268.18,249.87,265.17,1.019895,254.0886,-1,267.21,218.63,258.66,1
002594.SZ,20210126,260.0,257.0,262.59,250.99,254.22,-5.78,-2.2231,394555.44,10115831.947,265.17,262.11,267.81,255.98,259.28,1.019895,256.3856,-1,286.0,234.0,252.91,1
002594.SZ,20210127,254.22,250.2,259.44,234.5,257.0,2.78,1.0935,521351.0,12813494.921,259.28,255.18,264.6,239.17,262.11,1.019895,245.7748,-1,279.64,228.8,255.67,1
002594.SZ,20210128,257.0,245.97,252.5,242.98,244.36,-12.64,-4.9183,326461.75,8081858.717,262.11,250.86,257.52,247.81,249.22,1.019895,247.5591,-1,282.7,231.3,243.1,1
002594.SZ,20210129,244.36,249.0,250.43,237.5,247.0,2.64,1.0804,335982.69,8182542.031,249.22,253.95,255.41,242.23,251.91,1.019895,243.5406,-1,268.8,219.92,245.72,1
002594.SZ,20210201,247.0,245.0,250.13,239.0,246.89,-0.11,-0.0445,263794.5,6500021.796,251.91,249.87,255.11,243.75,251.8,1.019895,246.4048,-1,271.7,222.3,245.62,1
002594.SZ,20210202,246.89,252.0,268.0,250.5,267.5,20.61,8.3478,471099.97,12220620.147,251.8,257.01,273.33,255.48,272.82,1.019895,259.4061,-1,271.58,222.2,266.12,1
002594.SZ,20210203,267.5,268.1,273.37,260.3,263.0,-4.5,-1.6822,384029.52,10231620.474,272.82,273.43,278.81,265.48,268.23,1.019895,266.428,-1,294.25,240.75,261.64,1
002594.SZ,20210204,263.0,258.0,264.89,255.34,259.9,-3.1,-1.1787,310350.9,8061146.636,268.23,263.13,270.16,260.42,265.07,1.019895,259.743,-1,289.3,236.7,258.56,1
002594.SZ,20210205,259.9,262.0,268.28,247.5,249.0,-10.9,-4.1939,480550.51,12356334.243,265.07,267.21,273.62,252.42,253.95,1.019895,257.1287,-1,285.89,233.91,247.71,1
002594.SZ,20210208,249.0,248.99,252.98,240.01,250.2,1.2,0.4819,372461.77,9210843.639,253.95,253.94,258.01,244.78,255.18,1.019895,247.2964,-1,273.9,224.1,248.91,1
002594.SZ,20210209,250.2,253.1,259.02,247.5,257.0,6.8,2.7178,374954.28,9540424.163,255.18,258.14,264.17,252.42,262.11,1.019895,254.4423,-1,275.22,225.18,255.67,1
002594.SZ,20210210,257.0,261.0,270.66,253.0,266.95,9.95,3.8716,418938.71,10995341.387,262.11,266.19,276.04,258.03,272.26,1.019895,262.457,-1,282.7,231.3,265.57,1
002594.SZ,20210218,266.95,268.86,268.86,255.33,258.99,-7.96,-2.9818,472645.58,12353076.536,272.26,274.21,274.21,260.41,264.14,1.019895,261.3602,-1,293.65,240.26,257.65,1
002594.SZ,20210219,258.99,254.9,257.66,245.73,257.35,-1.64,-0.6332,382587.02,9607262.916,264.14,259.97,262.79,250.62,262.47,1.019895,251.1131,-1,284.89,233.09,256.02,1
002594.SZ,20210222,257.35,256.6,256.66,239.45,239.52,-17.83,-6.9283,427130.93,10558143.268,262.47,261.71,261.77,244.21,244.29,1.019895,247.1875,-1,283.09,231.62,238.28,1
002594.SZ,20210223,239.52,229.59,235.02,222.9,225.0,-14.52,-6.0621,476510.22,10877530.627,244.29,234.16,239.7,227.33,229.48,1.019895,228.2749,-1,263.47,215.57,223.84,1
002594.SZ,20210224,225.0,225.0,228.59,203.6,208.99,-16.01,-7.1156,676485.18,14532205.192,229.48,229.48,233.14,207.65,213.15,1.019895,214.8193,-1,247.5,202.5,207.91,1
002594.SZ,20210225,208.99,215.77,215.85,205.8,209.25,0.26,0.1244,369532.22,7788184.186,213.15,220.06,220.14,209.89,213.41,1.019895,210.7579,-1,229.89,188.09,208.17,1
002594.SZ,20210226,209.25,196.5,204.0,194.0,197.27,-11.98,-5.7252,503616.02,9978745.767,213.41,200.41,208.06,197.86,201.19,1.019895,198.1419,-1,230.18,188.33,196.25,1
002594.SZ,20210301,197.27,201.0,210.99,197.5,210.9,13.63,6.9093,444293.51,9087918.556,201.19,205.0,215.19,201.43,215.1,1.019895,204.5476,-1,217.0,177.54,209.81,1
002594.SZ,20210302,210.9,214.65,215.8,205.22,211.4,0.5,0.2371,387928.35,8178911.875,215.1,218.92,220.09,209.3,215.61,1.019895,210.8356,-1,231.99,189.81,210.31,1
002594.SZ,20210303,211.4,205.0,210.3,201.97,209.75,-1.65,-0.7805,263061.8,5431739.316,215.61,209.08,214.48,205.99,213.92,1.019895,206.4815,-1,232.54,190.26,208.67,1
002594.SZ,20210304,209.75,205.0,205.1,197.3,198.5,-11.25,-5.3635,346849.91,6955695.359,213.92,209.08,209.18,201.23,202.45,1.019895,200.5391,-1,230.73,188.78,197.48,1
002594.SZ,20210305,198.5,187.37,199.51,186.18,196.37,-2.13,-1.073,325319.09,6313240.677,202.45,191.1,203.48,189.88,200.28,1.019895,194.063,-1,218.35,178.65,195.36,1
002594.SZ,20210308,196.37,196.37,197.33,176.73,176.73,-19.64,-10.0015,591328.23,10922889.31,200.28,200.28,201.26,180.25,180.25,1.019895,184.7179,-1,216.01,176.73,175.82,1
002594.SZ,20210309,176.73,172.41,178.6,162.03,170.68,-6.05,-3.4233,599204.95,10247665.524,180.25,175.84,182.15,165.25,174.08,1.019895,171.021,-1,194.4,159.06,169.8,1
002594.SZ,20210310,170.68,180.0,181.88,175.78,177.19,6.51,3.8142,431507.17,7706833.381,174.08,183.58,185.5,179.28,180.72,1.019895,178.6027,-1,187.75,153.61,176.28,1
002594.SZ,20210311,177.19,176.95,185.0,174.1,182.97,5.78,3.262,367827.9,6671343.291,180.72,180.47,188.68,177.56,186.61,1.019895,181.3713,-1,194.91,159.47,182.03,1
002594.SZ,20210312,182.97,186.17,187.99,178.9,181.68,-1.29,-0.705,301848.22,5517620.552,186.61,189.87,191.73,182.46,185.29,1.019895,182.7945,-1,201.27,164.67,180.74,1
002594.SZ,20210315,181.68,178.55,181.0,172.0,174.26,-7.42,-4.0841,295602.39,5187723.277,185.29,182.1,184.6,175.42,177.73,1.019895,175.4967,-1,199.85,163.51,173.36,1
002594.SZ,20210316,174.26,177.58,179.1,173.37,176.47,2.21,1.2682,197056.4,3474844.999,177.73,181.11,182.66,176.82,179.98,1.019895,176.3376,-1,191.69,156.83,175.56,1
002594.SZ,20210317,176.47,174.02,179.97,171.48,176.88,0.41,0.2323,213705.28,3770679.57,179.98,177.48,183.55,174.89,180.4,1.019895,176.443,-1,194.12,158.82,175.97,1
002594.SZ,20210318,176.88,178.79,180.63,177.28,178.55,1.67,0.9441,201064.37,3593541.02,180.4,182.35,184.22,180.81,182.1,1.019895,178.7259,-1,194.57,159.19,177.63,1
002594.SZ,20210319,178.55,173.0,175.37,169.66,171.15,-7.4,-4.1445,258227.22,4438615.91,182.1,176.44,178.86,173.04,174.56,1.019895,171.888,-1,196.41,160.7,170.27,1
002594.SZ,20210322,171.15,172.33,175.48,170.01,173.8,2.65,1.5483,185682.91,3221954.915,174.56,175.76,178.97,173.39,177.26,1.019895,173.5192,-1,188.27,154.04,172.9,1
002594.SZ,20210323,173.8,175.8,176.18,166.3,168.97,-4.83,-2.7791,226648.97,3844462.853,177.26,179.3,179.69,169.61,172.33,1.019895,169.6219,-1,191.18,156.42,168.1,1
002594.SZ,20210324,168.97,167.99,169.24,162.0,162.74,-6.23,-3.687,248269.3,4082242.404,172.33,171.33,172.61,165.22,165.98,1.019895,164.428,-1,185.87,152.07,161.9,1
002594.SZ,20210325,162.74,157.0,163.45,155.6,161.2,-1.54,-0.9463,256190.64,4082120.997,165.98,160.12,166.7,158.7,164.41,1.019895,159.3392,-1,179.01,146.47,160.37,1
002594.SZ,20210326,161.2,163.01,172.0,162.9,170.99,9.79,6.0732,328530.32,5528686.167,164.41,166.25,175.42,166.14,174.39,1.019895,168.2854,-1,177.32,145.08,170.11,1
002594.SZ,20210329,170.99,170.01,170.48,164.8,168.1,-2.89,-1.6902,234728.64,3941708.905,174.39,173.39,173.87,168.08,171.44,1.019895,167.9262,-1,188.09,153.89,167.23,1
002594.SZ,20210330,168.1,161.0,169.0,159.1,169.0,0.9,0.5354,338930.9,5574391.479,171.44,164.2,172.36,162.27,172.36,1.019895,164.4699,-1,184.91,151.29,168.13,1
002594.SZ,20210331,169.0,169.21,172.64,162.56,164.51,-4.49,-2.6568,270153.03,4488285.761,172.36,172.58,176.07,165.79,167.78,1.019895,166.1386,-1,185.9,152.1,163.66,1
002594.SZ,20210401,164.51,168.0,171.9,167.01,169.07,4.56,2.7719,299957.8,5089544.668,167.78,171.34,175.32,170.33,172.43,1.019895,169.6754,-1,180.96,148.06,168.2,1
002594.SZ,20210402,169.07,170.99,178.2,168.58,175.87,6.8,4.022,349532.0,6083577.384,172.43,174.39,181.75,171.93,179.37,1.019895,174.0492,-1,185.98,152.16,174.96,1
002594.SZ,20210406,175.87,176.8,179.24,172.8,176.09,0.22,0.1251,255909.85,4492985.632,179.37,180.32,182.81,176.24,179.59,1.019895,175.5691,-1,193.46,158.28,175.18,1
002594.SZ,20210407,176.09,177.15,178.08,169.5,170.99,-5.1,-2.8962,281703.5,4848030.064,179.59,180.67,181.62,172.87,174.39,1.019895,172.0969,-1,193.7,158.48,170.11,1
002594.SZ,20210408,170.99,169.0,171.5,167.12,170.48,-0.51,-0.2983,160043.06,2723993.028,174.39,172.36,174.91,170.44,173.87,1.019895,170.2038,-1,188.09,153.89,169.6,1
002594.SZ,20210409,170.48,171.9,172.1,166.0,166.72,-3.76,-2.2055,204995.77,3436476.688,173.87,175.32,175.52,169.3,170.04,1.019895,167.6365,-1,187.53,153.43,165.86,1
002594.SZ,20210412,166.72,166.73,169.39,162.6,163.46,-3.26,-1.9554,201268.0,3320602.667,170.04,170.05,172.76,165.83,166.71,1.019895,164.9841,-1,183.39,150.05,162.62,1
002594.SZ,20210413,163.46,163.48,167.63,163.48,164.01,0.55,0.3365,158578.94,2617908.978,166.71,166.73,170.96,166.73,167.27,1.019895,165.0855,-1,179.81,147.11,163.16,1
002594.SZ,20210414,164.01,167.0,171.0,167.0,170.95,6.94,4.2314,298473.17,5057752.083,167.27,170.32,174.4,170.32,174.35,1.019895,169.4542,-1,180.41,147.61,170.07,1
002594.SZ,20210415,170.95,168.5,168.65,163.5,165.5,-5.45,-3.1881,249912.13,4136742.969,174.35,171.85,172.01,166.75,168.79,1.019895,165.5279,-1,188.05,153.86,164.65,1
002594.SZ,20210416,165.5,165.4,166.4,160.33,165.3,-0.2,-0.1208,234599.44,3837152.368,168.79,168.69,169.71,163.52,168.59,1.019895,163.5619,-1,182.05,148.95,164.45,1
002594.SZ,20210419,165.3,165.0,177.0,164.18,176.05,10.75,6.5033,507350.5,8764759.455,168.59,168.28,180.52,167.45,179.55,1.019895,172.7555,-1,181.83,148.77,175.14,1
002594.SZ,20210420,176.05,175.0,175.0,169.78,171.24,-4.81,-2.7322,375677.03,6460740.489,179.55,178.48,178.48,173.16,174.65,1.019895,171.9759,-1,193.66,158.45,170.36,1
002594.SZ,20210421,171.24,169.0,170.59,167.17,168.59,-2.65,-1.5475,230488.88,3880491.43,174.65,172.36,173.98,170.5,171.94,1.019895,168.3592,-1,188.36,154.12,167.72,1
002594.SZ,20210422,168.59,170.0,171.78,167.22,168.71,0.12,0.0712,197508.44,3336754.764,171.94,173.38,175.2,170.55,172.07,1.019895,168.9424,-1,185.45,151.73,167.84,1
002594.SZ,20210423,168.71,167.18,171.38,166.27,169.25,0.54,0.3201,228827.99,3878511.212,172.07,170.51,174.79,169.58,172.62,1.019895,169.4946,-1,185.58,151.84,168.38,1
002594.SZ,20210426,169.25,170.0,173.0,167.25,167.5,-1.75,-1.034,319514.1,5432612.153,172.62,173.38,176.44,170.58,170.83,1.019895,170.0273,-1,186.18,152.33,166.64,1
002594.SZ,20210427,167.5,166.0,167.4,163.4,164.94,-2.56,-1.5284,255639.21,4211994.738,170.83,169.3,170.73,166.65,168.22,1.019895,164.7633,-1,184.25,150.75,164.09,1
002594.SZ,20210428,164.94,164.86,168.54,162.96,165.5,0.56,0.3395,218411.98,3621682.455,168.22,168.14,171.89,166.2,168.79,1.019895,165.8189,-1,181.43,148.45,164.65,1
002594.SZ,20210429,165.5,163.0,164.93,162.2,162.95,-2.55,-1.5408,275854.04,4496785.166,168.79,166.24,168.21,165.43,166.19,1.019895,163.0132,-1,182.05,148.95,162.11,1
002594.SZ,20210430,162.95,161.49,162.2,156.71,158.57,-4.38,-2.6879,359899.14,5715463.804,166.19,164.7,165.43,159.83,161.72,1.019895,158.8074,-1,179.25,146.66,157.75,1
002594.SZ,20210506,158.57,157.0,157.0,150.0,150.0,-8.57,-5.4046,423158.08,6423783.465,161.72,160.12,160.12,152.98,152.98,1.019895,151.8058,-1,174.43,142.71,149.23,1
002594.SZ,20210507,150.0,148.12,149.96,143.39,143.95,-6.05,-4.0333,377980.38,5528741.179,152.98,151.07,152.94,146.24,146.81,1.019895,146.2706,-1,165.0,135.0,143.21,1
002594.SZ,20210510,143.95,143.95,148.35,141.44,147.0,3.05,2.1188,260738.75,3802268.898,146.81,146.81,151.3,144.25,149.92,1.019895,145.8268,-1,158.35,129.56,146.24,1
002594.SZ,20210511,147.0,143.7,148.76,140.97,146.56,-0.44,-0.2993,269639.96,3893703.682,149.92,146.56,151.72,143.77,149.48,1.019895,144.4038,-1,161.7,132.3,145.8,1
002594.SZ,20210512,146.56,148.26,155.0,148.26,153.73,7.17,4.8922,384659.14,5872804.588,149.48,151.21,158.08,151.21,156.79,1.019895,152.6756,-1,161.22,131.9,152.94,1
002594.SZ,20210513,153.73,150.75,151.0,148.56,148.99,-4.74,-3.0833,212696.09,3180710.318,156.79,153.75,154.0,151.52,151.95,1.019895,149.5425,-1,169.1,138.36,148.22,1
002594.SZ,20210514,148.99,147.9,154.1,146.31,153.53,4.54,3.0472,300278.66,4532481.587,151.95,150.84,157.17,149.22,156.58,1.019895,150.9425,-1,163.89,134.09,152.74,1
002594.SZ,20210517,153.53,155.43,160.88,154.45,159.78,6.25,4.0709,363002.56,5761021.601,156.58,158.52,164.08,157.52,162.96,1.019895,158.7047,-1,168.88,138.18,158.96,1
002594.SZ,20210518,159.78,160.0,161.8,156.88,158.7,-1.08,-0.6759,194952.12,3094498.22,162.96,163.18,165.02,160.0,161.86,1.019895,158.7312,-1,175.76,143.8,157.88,1
002594.SZ,20210519,158.7,159.9,174.0,159.88,172.78,14.08,8.8721,596490.87,10150054.899,161.86,163.08,177.46,163.06,176.22,1.019895,170.1628,-1,174.57,142.83,171.89,1
002594.SZ,20210520,172.78,170.0,177.56,169.1,172.94,0.16,0.0926,499888.48,8686052.329,176.22,173.38,181.09,172.46,176.38,1.019895,173.7598,-1,190.06,155.5,172.05,1
002594.SZ,20210521,172.94,174.01,177.99,170.1,173.2,0.26,0.1503,334965.51,5822862.674,176.38,177.47,181.53,173.48,176.65,1.019895,173.8347,-1,190.23,155.65,172.31,1
002594.SZ,20210524,173.2,171.91,175.5,169.98,173.47,0.27,0.1559,271722.87,4685927.113,176.65,175.33,178.99,173.36,176.92,1.019895,172.4524,-1,190.52,155.88,172.57,1
002594.SZ,20210525,173.47,175.0,178.0,172.7,176.52,3.05,1.7582,331522.87,5830353.651,176.92,178.48,181.54,176.14,180.03,1.019895,175.8658,-1,190.82,156.12,175.61,1
002594.SZ,20210526,176.52,178.0,184.58,176.0,176.17,-0.35,-0.1983,345577.99,6206769.477,180.03,181.54,188.25,179.5,179.67,1.019895,179.6055,-1,194.17,158.87,175.26,1
002594.SZ,20210527,176.17,179.0,179.68,174.5,177.45,1.28,0.7266,234026.1,4146048.38,179.67,182.56,183.25,177.97,180.98,1.019895,177.1618,-1,193.79,158.55,176.53,1
002594.SZ,20210528,177.45,177.45,185.0,176.07,181.68,4.23,2.3838,371194.87,6754993.796,180.98,180.98,188.68,179.57,185.29,1.019895,181.9797,-1,195.2,159.71,180.74,1
002594.SZ,20210531,181.68,175.26,179.11,170.18,178.7,-2.98,-1.6402,437553.16,7660152.24,185.29,178.75,182.67,173.57,182.26,1.019895,175.0679,-1,199.85,163.51,177.78,1
002594.SZ,20210601,178.7,178.73,190.9,178.73,189.46,10.76,6.0213,513604.12,9530431.696,182.26,182.29,194.7,182.29,193.23,1.019895,185.5599,-1,196.57,160.83,188.48,1
002594.SZ,20210602,189.46,190.0,191.85,185.2,186.5,-2.96,-1.5623,294349.64,5527643.767,193.23,193.78,195.67,188.88,190.21,1.019895,187.7918,-1,208.41,170.51,185.54,1
002594.SZ,20210603,186.5,186.6,187.5,180.18,183.9,-2.6,-1.3941,250800.57,4608194.8,190.21,190.31,191.23,183.76,187.56,1.019895,183.7394,-1,205.15,167.85,182.95,1
002594.SZ,20210604,183.9,181.61,192.0,180.52,189.4,5.5,2.9908,319848.39,6004827.146,187.56,185.22,195.82,184.11,193.17,1.019895,187.7398,-1,202.29,165.51,188.42,1
002594.SZ,20210607,189.4,191.0,192.87,187.0,190.35,0.95,0.5016,254518.02,4842637.639,193.17,194.8,196.71,190.72,194.14,1.019895,190.267,-1,208.34,170.46,189.37,1
002594.SZ,20210608,190.35,194.0,205.6,193.25,202.81,12.46,6.5458,559238.56,11191285.973,194.14,197.86,209.69,197.09,206.84,1.019895,200.1165,-1,209.39,171.32,201.76,1
002594.SZ,20210609,202.81,202.9,203.5,197.02,202.0,-0.81,-0.3994,316555.82,6342951.329,206.84,206.94,207.55,200.94,206.02,1.019895,200.3739,-1,223.09,182.53,200.96,1
002594.SZ,20210610,202.0,202.05,216.05,201.0,214.11,12.11,5.995,441000.32,9339300.343,206.02,206.07,220.35,205.0,218.37,1.019895,211.7754,-1,222.2,181.8,213.0,1
002594.SZ,20210611,214.11,214.3,229.95,212.08,227.02,12.91,6.0296,540085.11,11985830.243,218.37,218.56,234.52,216.3,231.54,1.019895,221.9248,-1,235.52,192.7,225.85,1
002594.SZ,20210615,227.02,231.54,237.8,224.87,232.32,5.3,2.3346,518100.75,12090497.119,231.54,236.15,242.53,229.34,236.94,1.019895,233.3619,-1,249.72,204.32,231.12,1
002594.SZ,20210616,232.32,226.0,231.66,210.66,211.0,-21.32,-9.177,618175.9,13579272.747,236.94,230.5,236.27,214.85,215.2,1.019895,219.6668,-1,255.55,209.09,209.91,1
002594.SZ,20210617,211.0,210.96,232.1,210.83,232.1,21.1,10.0,519977.58,11627218.257,215.2,215.16,236.72,215.02,236.72,1.019895,223.61,-1,232.1,189.9,230.9,1
002594.SZ,20210618,232.1,236.0,252.32,234.65,245.0,12.9,5.5579,571896.01,13931101.474,236.72,240.7,257.34,239.32,249.87,1.019895,243.595,-1,255.31,208.89,243.74,1
002594.SZ,20210621,245.0,243.88,249.56,232.13,242.58,-2.42,-0.9878,430526.35,10400538.802,249.87,248.73,254.52,236.75,247.41,1.019895,241.5773,-1,269.5,220.5,241.33,1
002594.SZ,20210622,242.58,243.0,247.0,236.0,237.88,-4.7,-1.9375,316428.08,7571777.59,247.41,247.83,251.91,240.7,242.61,1.019895,239.2891,-1,266.84,218.32,236.65,1
002594.SZ,20210623,237.88,233.0,249.8,232.5,243.3,5.42,2.2785,394500.6,9605891.907,242.61,237.64,254.77,237.13,248.14,1.019895,243.495,-1,261.67,214.09,242.04,1
002594.SZ,20210624,243.3,244.0,251.87,240.18,244.89,1.59,0.6535,312285.04,7696250.339,248.14,248.85,256.88,244.96,249.76,1.019895,246.4495,-1,267.63,218.97,243.63,1
002594.SZ,20210625,244.89,247.0,248.66,238.0,244.99,0.1,0.0408,296502.36,7205570.873,249.76,251.91,253.61,242.74,249.86,1.019895,243.019,-1,269.38,220.4,243.73,1
002594.SZ,20210628,244.99,244.99,255.0,243.52,253.63,8.64,3.5267,347271.98,8732379.669,249.86,249.86,260.07,248.36,258.68,1.019895,251.4565,-1,269.49,220.49,252.32,1
002594.SZ,20210629,253.63,257.4,259.6,250.0,253.3,-0.33,-0.1301,306257.54,7778037.778,258.68,262.52,264.76,254.97,258.34,1.019895,253.9705,-1,278.99,228.27,251.99,1
002594.SZ,20210630,253.3,250.0,256.5,246.0,251.0,-2.3,-0.908,285407.31,7146112.745,258.34,254.97,261.6,250.89,255.99,1.019895,250.383,-1,278.63,227.97,249.7,1
002594.SZ,20210701,251.0,251.0,252.5,235.6,236.6,-14.4,-5.7371,422602.87,10182009.938,255.99,255.99,257.52,240.29,241.31,1.019895,240.9357,-1,276.1,225.9,235.38,1
002594.SZ,20210702,236.6,233.0,243.5,228.89,239.04,2.44,1.0313,374260.13,8897622.556,241.31,237.64,248.34,233.44,243.8,1.019895,237.739,-1,260.26,212.94,237.81,1
002594.SZ,20210705,239.04,236.04,250.0,235.57,249.55,10.51,4.3968,324901.16,7984671.152,243.8,240.74,254.97,240.26,254.51,1.019895,245.7569,-1,262.94,215.14,248.26,1
002594.SZ,20210706,249.55,255.0,261.02,241.0,250.5,0.95,0.3807,517916.7,13098186.044,254.51,260.07,266.21,245.79,255.48,1.019895,252.9014,-1,274.51,224.6,249.21,1
002594.SZ,20210707,250.5,244.0,258.6,240.88,255.09,4.59,1.8323,386386.56,9711793.849,255.48,248.85,263.74,245.67,260.17,1.019895,251.3492,-1,275.55,225.45,253.77,1
002594.SZ,20210708,255.09,253.0,261.54,251.12,251.96,-3.13,-1.227,393909.95,10127585.813,260.17,258.03,266.74,256.12,256.97,1.019895,257.1041,-1,280.6,229.58,250.66,1
002594.SZ,20210709,251.96,250.88,254.99,241.88,248.82,-3.14,-1.2462,364946.99,9057948.774,256.97,255.87,260.06,246.69,253.77,1.019895,248.199,-1,277.16,226.76,247.54,1
002594.SZ,20210712,248.82,253.3,272.91,251.5,266.48,17.66,7.0975,560057.08,14759940.06,253.77,258.34,278.34,256.5,271.78,1.019895,263.5435,-1,273.7,223.94,265.1,1
002594.SZ,20210713,266.48,266.49,269.73,260.22,265.1,-1.38,-0.5179,277313.91,7330680.655,271.78,271.79,275.1,265.4,270.37,1.019895,264.3459,-1,293.13,239.83,263.73,1
002594.SZ,20210714,265.1,261.0,261.0,245.0,245.29,-19.81,-7.4727,612716.86,15300069.25,270.37,266.19,266.19,249.87,250.17,1.019895,249.7086,-1,291.61,238.59,244.02,1
002594.SZ,20210715,245.29,239.0,243.55,230.0,236.4,-8.89,-3.6243,551898.67,13026880.866,250.17,243.75,248.4,234.58,241.1,1.019895,236.0375,-1,269.82,220.76,235.18,1
002594.SZ,20210716,236.4,235.75,235.75,221.03,222.92,-13.48,-5.7022,562741.48,12801309.443,241.1,240.44,240.44,225.43,227.35,1.019895,227.4812,-1,260.04,212.76,221.77,1
002594.SZ,20210719,222.92,220.0,231.99,214.3,223.97,1.05,0.471,372187.23,8367318.503,227.35,224.38,236.61,218.56,228.43,1.019895,224.8148,-1,245.21,200.63,222.81,1
002594.SZ,20210720,223.97,220.0,229.46,219.11,227.5,3.53,1.5761,246749.66,5582671.898,228.43,224.38,234.03,223.47,232.03,1.019895,226.2484,-1,246.37,201.57,226.33,1
002594.SZ,20210721,227.5,231.2,244.99,230.01,241.23,13.73,6.0352,471511.19,11232169.397,232.03,235.8,249.86,234.59,246.03,1.019895,238.2164,-1,250.25,204.75,239.98,1
002594.SZ,20210722,241.23,246.3,249.44,240.17,248.96,7.73,3.2044,374773.27,9242619.143,246.03,251.2,254.4,244.95,253.91,1.019895,246.619,-1,265.35,217.11,247.67,1
002594.SZ,20210723,248.96,247.44,262.0,245.08,258.68,9.72,3.9042,460562.27,11846110.496,253.91,252.36,267.21,249.96,263.83,1.019895,257.2097,-1,273.86,224.06,257.34,1
002594.SZ,20210726,258.68,250.58,259.74,241.01,248.55,-10.13,-3.916,404428.24,10130659.972,263.83,255.57,264.91,245.8,253.49,1.019895,250.4934,-1,284.55,232.81,247.27,1
002594.SZ,20210727,248.55,246.0,257.88,237.2,238.71,-9.84,-3.959,377707.2,9406136.905,253.49,250.89,263.01,241.92,243.46,1.019895,249.0325,-1,273.41,223.7,237.48,1
002594.SZ,20210728,238.71,229.99,241.1,223.99,236.5,-2.21,-0.9258,332198.63,7758094.419,243.46,234.57,245.9,228.45,241.21,1.019895,233.5378,-1,262.58,214.84,235.28,1
002594.SZ,20210729,236.5,246.94,257.3,242.82,257.2,20.7,8.7526,428851.05,10764228.893,241.21,251.85,262.42,247.65,262.32,1.019895,251.0016,-1,260.15,212.85,255.87,1
002594.SZ,20210730,257.2,257.19,268.3,252.13,264.71,7.51,2.9199,457993.99,11995907.836,262.32,262.31,273.64,257.15,269.98,1.019895,261.9228,-1,282.92,231.48,263.34,1
002594.SZ,20210802,264.71,276.0,291.18,273.3,291.18,26.47,9.9996,622259.03,17648921.236,269.98,281.49,296.97,278.74,296.97,1.019895,283.6266,-1,291.18,238.24,289.68,1
002594.SZ,20210803,291.18,299.0,299.0,275.01,280.08,-11.1,-3.8121,489348.53,13975748.744,296.97,304.95,304.95,280.48,285.65,1.019895,285.5991,-1,320.3,262.06,278.63,1
002594.SZ,20210804,280.08,283.01,308.09,282.0,308.09,28.01,10.0007,534306.39,16003136.931,285.65,288.64,314.22,287.61,314.22,1.019895,299.5124,-1,308.09,252.07,306.5,1
002594.SZ,20210805,308.09,301.0,306.25,294.87,299.46,-8.63,-2.8011,368822.91,11063466.319,314.22,306.99,312.34,300.74,305.42,1.019895,299.9669,-1,338.9,277.28,297.91,1
002594.SZ,20210806,299.31,313.0,317.3,298.5,303.48,4.17,1.3932,453626.27,13945125.845,305.42,319.39,323.77,304.59,309.67,1.020406,307.4144,2,329.24,269.38,302.06,1
002594.SZ,20210809,303.48,295.0,297.4,283.0,293.55,-9.93,-3.272,341620.79,9914944.523,309.67,301.02,303.47,288.77,299.54,1.020406,290.2325,-1,333.83,273.13,292.18,1
002594.SZ,20210810,293.55,293.56,302.31,282.0,292.0,-1.55,-0.528,331035.16,9604456.927,299.54,299.55,308.48,287.75,297.96,1.020406,290.134,-1,322.91,264.2,290.64,1
002594.SZ,20210811,292.0,289.0,298.83,286.16,294.99,2.99,1.024,263993.95,7742097.441,297.96,294.9,304.93,292.0,301.01,1.020406,293.268,-1,321.2,262.8,293.61,1
002594.SZ,20210812,294.99,293.0,313.38,289.37,308.98,13.99,4.7425,382778.98,11687505.016,301.01,298.98,319.77,295.27,315.29,1.020406,305.333,-1,324.49,265.49,307.54,1
002594.SZ,20210813,308.98,303.0,312.5,297.99,300.02,-8.96,-2.8999,246906.46,7475335.873,315.29,309.18,318.88,304.07,306.14,1.020406,302.7598,-1,339.88,278.08,298.62,1
002594.SZ,20210816,300.02,297.0,297.0,285.0,285.4,-14.62,-4.873,305067.01,8815872.752,306.14,303.06,303.06,290.82,291.22,1.020406,288.9815,-1,330.02,270.02,284.07,1
002594.SZ,20210817,285.4,283.45,290.5,278.0,280.31,-5.09,-1.7835,272058.4,7713091.722,291.22,289.23,296.43,283.67,286.03,1.020406,283.5087,-1,313.94,256.86,279.0,1
002594.SZ,20210818,280.31,285.41,288.09,278.19,283.66,3.35,1.1951,221723.02,6281190.851,286.03,291.23,293.97,283.87,289.45,1.020406,283.29,-1,308.34,252.28,282.34,1
002594.SZ,20210819,283.66,283.66,298.68,278.57,293.72,10.06,3.5465,361671.79,10474777.9,289.45,289.45,304.77,284.25,299.71,1.020406,289.6211,-1,312.03,255.29,292.35,1
002594.SZ,20210820,293.72,289.0,293.6,282.0,285.09,-8.63,-2.9382,247173.2,7084185.439,299.71,294.9,299.59,287.75,290.91,1.020406,286.6082,-1,323.09,264.35,283.76,1
002594.SZ,20210823,285.09,281.5,294.44,275.55,289.8,4.71,1.6521,295826.87,8526532.884,290.91,287.24,300.45,281.17,295.71,1.020406,288.2271,-1,313.6,256.58,288.45,1
002594.SZ,20210824,289.8,292.79,302.0,290.05,298.25,8.45,2.9158,274399.06,8152952.115,295.71,298.76,308.16,295.97,304.34,1.020406,297.1203,-1,318.78,260.82,296.86,1
002594.SZ,20210825,298.25,297.8,299.8,291.0,296.2,-2.05,-0.6873,179145.38,5272706.497,304.34,303.88,305.92,296.94,302.24,1.020406,294.3256,-1,328.08,268.43,294.82,1
002594.SZ,20210826,296.2,297.0,298.77,282.5,282.5,-13.7,-4.6253,263681.59,7570972.707,302.24,303.06,304.87,288.26,288.26,1.020406,287.1256,-1,325.82,266.58,281.18,1
002594.SZ,20210827,282.5,280.99,296.03,280.0,288.15,5.65,2.0,262889.3,7628216.261,288.26,286.72,302.07,285.71,294.03,1.020406,290.1684,-1,310.75,254.25,286.81,1
002594.SZ,20210830,288.15,277.44,288.0,273.96,281.97,-6.18,-2.1447,419092.34,11735714.83,294.03,283.1,293.88,279.55,287.72,1.020406,280.0269,-1,316.97,259.34,280.66,1
002594.SZ,20210831,281.97,286.88,286.88,266.55,277.0,-4.97,-1.7626,329668.34,9041075.46,287.72,292.73,292.73,271.99,282.65,1.020406,274.2476,-1,310.17,253.77,275.71,1
002594.SZ,20210901,277.0,277.0,277.97,257.6,266.3,-10.7,-3.8628,287674.22,7678475.358,282.65,282.65,283.64,262.86,271.73,1.020406,266.9157,-1,304.7,249.3,265.06,1
002594.SZ,20210902,266.3,267.01,271.99,262.7,267.0,0.7,0.2629,165244.43,4421950.962,271.73,272.46,277.54,268.06,272.45,1.020406,267.6006,-1,292.93,239.67,265.75,1
002594.SZ,20210903,267.0,267.01,271.0,250.4,254.11,-12.89,-4.8277,287964.13,7420408.93,272.45,272.46,276.53,255.51,259.3,1.020406,257.6852,-1,293.7,240.3,252.92,1
002594.SZ,20210906,254.11,259.99,279.0,259.0,277.6,23.49,9.244,397788.81,10725519.555,259.3,265.3,284.69,264.29,283.26,1.020406,269.6285,-1,279.52,228.7,276.31,1
002594.SZ,20210907,277.6,277.6,281.11,273.27,275.95,-1.65,-0.5944,207633.53,5743962.165,283.26,283.26,286.85,278.85,281.58,1.020406,276.6394,-1,305.36,249.84,274.66,1
002594.SZ,20210908,275.95,277.9,279.28,268.61,269.59,-6.36,-2.3048,182578.06,4971116.497,281.58,283.57,284.98,274.09,275.09,1.020406,272.2735,-1,303.55,248.36,268.33,1
002594.SZ,20210909,269.59,272.0,279.58,265.8,271.71,2.12,0.7864,216256.41,5891876.583,275.09,277.55,285.29,271.22,277.25,1.020406,272.4486,-1,296.55,242.63,270.44,1
002594.SZ,20210910,271.71,271.71,272.53,262.64,265.61,-6.1,-2.245,238757.36,6341377.79,277.25,277.25,278.09,268.0,271.03,1.020406,265.5993,-1,298.88,244.54,264.37,1
002594.SZ,20210913,265.61,268.33,271.98,259.18,261.36,-4.25,-1.6001,213491.79,5623333.361,271.03,273.81,277.53,264.47,266.69,1.020406,263.3981,-1,292.17,239.05,260.14,1
002594.SZ,20210914,261.36,261.39,276.0,257.06,269.23,7.87,3.0112,354690.0,9581432.835,266.69,266.72,281.63,262.31,274.72,1.020406,270.1354,-1,287.5,235.22,267.97,1
002594.SZ,20210915,269.23,267.89,270.0,260.0,261.15,-8.08,-3.0012,218809.11,5742276.749,274.72,273.36,275.51,265.31,266.48,1.020406,262.4332,-1,296.15,242.31,259.93,1
002594.SZ,20210916,261.15,261.15,264.77,250.53,251.0,-10.15,-3.8867,220809.71,5613770.464,266.48,266.48,270.17,255.64,256.12,1.020406,254.2357,-1,287.27,235.04,249.83,1
002594.SZ,20210917,251.0,253.0,257.0,250.49,255.12,4.12,1.6414,139421.07,3544731.219,256.12,258.16,262.24,255.6,260.33,1.020406,254.2465,-1,276.1,225.9,253.93,1
002594.SZ,20210922,255.12,248.0,251.44,244.03,247.2,-7.92,-3.1044,163412.86,4037944.329,260.33,253.06,256.57,249.01,252.24,1.020406,247.1008,-1,280.63,229.61,246.05,1
002594.SZ,20210923,247.2,253.83,257.52,248.88,249.92,2.72,1.1003,149784.18,3773864.372,252.24,259.01,262.77,253.96,255.02,1.020406,251.9535,-1,271.92,222.48,248.75,1
002594.SZ,20210924,249.92,250.96,257.5,247.0,251.77,1.85,0.7402,158267.0,4002973.166,255.02,256.08,262.75,252.04,256.91,1.020406,252.9253,-1,274.91,224.93,250.6,1
002594.SZ,20210927,251.77,254.0,257.49,246.8,252.5,0.73,0.2899,179990.94,4548951.212,256.91,259.18,262.74,251.84,257.65,1.020406,252.7322,-1,276.95,226.59,251.32,1
002594.SZ,20210928,252.5,251.9,253.82,246.29,246.86,-5.64,-2.2337,162444.38,4060118.403,257.65,257.04,259.0,251.32,251.9,1.020406,249.939,-1,277.75,227.25,245.71,1
002594.SZ,20210929,246.86,243.0,244.88,235.0,236.0,-10.86,-4.3993,245554.81,5859195.956,251.9,247.96,249.88,239.8,240.82,1.020406,238.6105,-1,271.55,222.17,234.9,1
002594.SZ,20210930,236.0,238.2,249.7,237.2,249.51,13.51,5.7246,225038.01,5528259.622,240.82,243.06,254.8,242.04,254.6,1.020406,245.6589,-1,259.6,212.4,248.35,1
002594.SZ,20211008,249.51,257.98,259.98,250.0,253.0,3.49,1.3987,194103.95,4939109.186,254.6,263.24,265.29,255.1,258.16,1.020406,254.4569,-1,274.46,224.56,251.82,1
002594.SZ,20211011,253.0,253.1,263.1,248.0,255.75,2.75,1.087,211972.73,5448306.885,258.16,258.26,268.47,253.06,260.97,1.020406,257.0287,-1,278.3,227.7,254.56,1
002594.SZ,20211012,255.75,255.0,262.9,253.01,257.01,1.26,0.4927,211651.34,5464868.602,260.97,260.2,268.26,258.17,262.25,1.020406,258.2015,-1,281.33,230.18,255.81,1
002594.SZ,20211013,257.01,257.01,273.6,254.33,271.2,14.19,5.5212,321978.1,8631470.872,262.25,262.25,279.18,259.52,276.73,1.020406,268.0763,-1,282.71,231.31,269.94,1
002594.SZ,20211014,271.2,271.0,275.99,268.14,272.94,1.74,0.6416,177799.32,4844827.927,276.73,276.53,281.62,273.61,278.51,1.020406,272.4886,-1,298.32,244.08,271.67,1
002594.SZ,20211015,272.94,275.0,287.5,271.0,283.33,10.39,3.8067,287845.05,8089636.933,278.51,280.61,293.37,276.53,289.11,1.020406,281.0414,-1,300.23,245.65,282.01,1
002594.SZ,20211018,283.33,284.25,288.63,280.04,285.92,2.59,0.9141,216213.78,6155818.958,289.11,290.05,294.52,285.75,291.75,1.020406,284.7098,-1,311.66,255.0,284.59,1
002594.SZ,20211019,285.92,288.0,294.91,284.0,284.79,-1.13,-0.3952,193857.85,5581983.586,291.75,293.88,300.93,289.8,290.6,1.020406,287.9421,-1,314.51,257.33,283.46,1
002594.SZ,20211020,284.79,286.0,295.0,285.24,290.6,5.81,2.0401,217045.09,6300647.166,290.6,291.84,301.02,291.06,296.53,1.020406,290.2921,-1,313.27,256.31,289.24,1
002594.SZ,20211021,290.6,291.0,292.6,284.01,287.01,-3.59,-1.2354,180625.75,5184267.795,296.53,296.94,298.57,289.81,292.87,1.020406,287.0171,-1,319.66,261.54,285.67,1
002594.SZ,20211022,287.01,292.2,301.0,289.0,300.0,12.99,4.526,336548.68,10022899.338,292.87,298.16,307.14,294.9,306.12,1.020406,297.8143,-1,315.71,258.31,298.6,1
002594.SZ,20211025,300.0,303.11,318.65,302.23,317.35,17.35,5.7833,335189.76,10469605.348,306.12,309.3,325.15,308.4,323.83,1.020406,312.3486,-1,330.0,270.0,315.87,1
002594.SZ,20211026,317.35,330.5,333.33,317.76,319.01,1.66,0.5231,313244.34,10148404.49,323.83,337.24,340.13,324.24,325.52,1.020406,323.9773,-1,349.09,285.62,317.52,1
002594.SZ,20211027,319.01,313.0,326.73,311.28,321.74,2.73,0.8558,219067.77,7024365.486,325.52,319.39,333.4,317.63,328.31,1.020406,320.6481,-1,350.91,287.11,320.24,1
002594.SZ,20211028,321.74,319.61,323.8,305.4,307.98,-13.76,-4.2767,298267.14,9334453.596,328.31,326.13,330.41,311.63,314.26,1.020406,312.9562,-1,353.91,289.57,306.54,1
002594.SZ,20211029,307.98,305.13,313.76,293.77,311.31,3.33,1.0812,347159.58,10585996.588,314.26,311.36,320.16,299.76,317.66,1.020406,304.9317,-1,338.78,277.18,309.86,1
002594.SZ,20211101,311.31,301.41,308.41,293.82,302.0,-9.31,-2.9906,284785.87,8570609.748,317.66,307.56,314.7,299.82,308.16,1.020406,300.9493,-1,342.44,280.18,300.59,1
002594.SZ,20211102,302.0,310.0,319.8,307.64,313.88,11.88,3.9338,290087.4,9102548.555,308.16,316.33,326.33,313.92,320.29,1.020406,313.7864,-1,332.2,271.8,312.42,1
002594.SZ,20211103,313.88,313.13,313.85,299.86,303.01,-10.87,-3.4631,197248.14,6017080.222,320.29,319.52,320.25,305.98,309.19,1.020406,305.0513,-1,345.27,282.49,301.6,1
002594.SZ,20211104,303.01,311.13,329.0,309.03,325.0,21.99,7.2572,349964.34,11223980.65,309.19,317.48,335.71,315.34,331.63,1.020406,320.7178,-1,333.31,272.71,323.48,1
002594.SZ,20211105,325.0,324.0,327.0,313.01,314.0,-11.0,-3.3846,194183.26,6178126.193,331.63,330.61,333.67,319.4,320.41,1.020406,318.1596,-1,357.5,292.5,312.54,1
002594.SZ,20211108,314.0,308.09,319.61,307.0,315.0,1.0,0.3185,169849.47,5344230.944,320.41,314.38,326.13,313.26,321.43,1.020406,314.6451,-1,345.4,282.6,313.53,1
002594.SZ,20211109,315.0,315.05,329.97,315.05,320.69,5.69,1.8063,203305.04,6580787.588,321.43,321.48,336.7,321.48,327.23,1.020406,323.6903,-1,346.5,283.5,319.19,1
002594.SZ,20211110,320.69,314.0,315.6,301.58,310.26,-10.43,-3.2524,274878.5,8480095.668,327.23,320.41,322.04,307.73,316.59,1.020406,308.5034,-1,352.76,288.62,308.81,1
002594.SZ,20211111,310.26,313.0,316.99,308.05,311.99,1.73,0.5576,138851.5,4327235.823,316.59,319.39,323.46,314.34,318.36,1.020406,311.6449,-1,341.29,279.23,310.54,1
002594.SZ,20211112,311.99,315.8,316.74,305.5,306.78,-5.21,-1.6699,148883.82,4590558.597,318.36,322.24,323.2,311.73,313.04,1.020406,308.3316,-1,343.19,280.79,305.35,1
002594.SZ,20211115,306.78,306.78,306.78,290.44,294.94,-11.84,-3.8594,225372.24,6667949.87,313.04,313.04,313.04,296.37,300.96,1.020406,295.8639,-1,337.46,276.1,293.56,1
002594.SZ,20211116,294.94,294.0,297.69,288.0,293.51,-1.43,-0.4848,151808.48,4462067.584,300.96,300.0,303.76,293.88,299.5,1.020406,293.9274,-1,324.43,265.45,292.14,1
002594.SZ,20211117,293.51,300.0,303.24,294.0,296.85,3.34,1.138,163377.75,4875749.071,299.5,306.12,309.43,300.0,302.91,1.020406,298.4341,-1,322.86,264.16,295.47,1
002594.SZ,20211118,296.85,294.8,298.88,290.0,295.4,-1.45,-0.4885,129097.22,3802420.935,302.91,300.82,304.98,295.92,301.43,1.020406,294.5393,-1,326.54,267.17,294.02,1
002594.SZ,20211119,295.4,295.72,300.0,288.0,296.82,1.42,0.4807,175158.64,5144668.932,301.43,301.75,306.12,293.88,302.88,1.020406,293.7148,-1,324.94,265.86,295.44,1
002594.SZ,20211122,296.82,298.4,311.51,298.2,311.0,14.18,4.7773,287020.45,8785850.014,302.88,304.49,317.87,304.29,317.35,1.020406,306.1054,-1,326.5,267.14,309.55,1
002594.SZ,20211123,311.0,307.88,309.73,303.98,308.48,-2.52,-0.8103,150362.57,4609989.313,317.35,314.16,316.05,310.18,314.77,1.020406,306.5915,-1,342.1,279.9,307.04,1
002594.SZ,20211124,308.48,305.43,309.6,301.0,303.2,-5.28,-1.7116,141938.17,4319711.029,314.77,311.66,315.92,307.14,309.39,1.020406,304.3375,-1,339.33,277.63,301.79,1
002594.SZ,20211125,303.2,303.2,304.49,291.3,298.0,-5.2,-1.715,170971.44,5070667.609,309.39,309.39,310.7,297.24,304.08,1.020406,296.5798,-1,333.52,272.88,296.61,1
002594.SZ,20211126,298.0,295.0,304.77,294.05,297.66,-0.34,-0.1141,122493.93,3671367.398,304.08,301.02,310.99,300.05,303.73,1.020406,299.7183,-1,327.8,268.2,296.27,1
002594.SZ,20211129,297.66,291.8,307.07,289.93,304.46,6.8,2.2845,200156.75,6053231.132,303.73,297.75,313.34,295.85,310.67,1.020406,302.4245,-1,327.43,267.89,303.04,1
002594.SZ,20211130,304.46,307.0,308.0,303.0,304.7,0.24,0.0788,131788.26,4023809.746,310.67,313.26,314.29,309.18,310.92,1.020406,305.3238,-1,334.91,274.01,303.28,1
002594.SZ,20211201,304.7,305.2,307.5,300.38,305.32,0.62,0.2035,108278.64,3295906.128,310.92,311.43,313.77,306.51,311.55,1.020406,304.3912,-1,335.17,274.23,303.9,1
002594.SZ,20211202,305.32,305.0,314.06,303.1,308.8,3.48,1.1398,180072.11,5567674.844,311.55,311.22,320.47,309.29,315.1,1.020406,309.1914,-1,335.85,274.79,307.36,1
002594.SZ,20211203,308.8,306.99,309.8,298.86,306.9,-1.9,-0.6153,210327.15,6367075.408,315.1,313.25,316.12,304.96,313.16,1.020406,302.7225,-1,339.68,277.92,305.47,1
002594.SZ,20211206,306.9,301.0,311.51,300.86,301.75,-5.15,-1.6781,178800.86,5465317.712,313.16,307.14,317.87,307.0,307.91,1.020406,305.6651,-1,337.59,276.21,300.34,1
002594.SZ,20211207,301.75,306.01,306.35,291.08,294.8,-6.95,-2.3032,227678.6,6727286.964,307.91,312.25,312.6,297.02,300.82,1.020406,295.473,-1,331.93,271.58,293.43,1
002594.SZ,20211208,294.8,296.01,301.0,294.5,300.79,5.99,2.0319,154381.76,4606774.78,300.82,302.05,307.14,300.51,306.93,1.020406,298.4015,-1,324.28,265.32,299.39,1
002594.SZ,20211209,300.79,300.0,300.63,297.03,299.5,-1.29,-0.4289,112957.11,3375316.207,306.93,306.12,306.76,303.09,305.61,1.020406,298.814,-1,330.87,270.71,298.1,1
002594.SZ,20211210,299.5,295.99,302.03,292.8,301.42,1.92,0.6411,144872.73,4325991.091,305.61,302.03,308.19,298.77,307.57,1.020406,298.6063,-1,329.45,269.55,300.01,1
002594.SZ,20211213,301.42,302.99,303.0,298.0,298.4,-3.02,-1.0019,142941.24,4278869.484,307.57,309.17,309.18,304.08,304.49,1.020406,299.3446,-1,331.56,271.28,297.01,1
002594.SZ,20211214,298.4,295.5,297.07,291.69,293.4,-5.0,-1.6756,157111.28,4609509.733,304.49,301.53,303.13,297.64,299.39,1.020406,293.3914,-1,328.24,268.56,292.03,1
002594.SZ,20211215,293.4,293.41,295.5,291.71,293.35,-0.05,-0.017,98150.36,2877855.925,299.39,299.4,301.53,297.66,299.34,1.020406,293.2089,-1,322.74,264.06,291.98,1
002594.SZ,20211216,293.35,293.0,293.49,279.0,286.2,-7.15,-2.4374,278665.16,7928142.188,299.34,298.98,299.48,284.69,292.04,1.020406,284.5042,-1,322.69,264.02,284.87,1
002594.SZ,20211217,286.2,284.0,285.88,278.61,278.98,-7.22,-2.5227,151118.15,4240478.259,292.04,289.8,291.71,284.3,284.67,1.020406,280.6068,-1,314.82,257.58,277.68,1
002594.SZ,20211220,278.98,279.23,281.47,268.28,270.5,-8.48,-3.0396,217845.03,5964658.201,284.67,284.93,287.21,273.75,276.02,1.020406,273.8028,-1,306.88,251.08,269.24,1
002594.SZ,20211221,270.5,270.5,276.78,269.41,276.21,5.71,2.1109,149653.05,4098708.738,276.02,276.02,282.43,274.91,281.85,1.020406,273.8807,-1,297.55,243.45,274.92,1
002594.SZ,20211222,276.21,280.01,285.18,277.01,279.22,3.01,1.0898,144442.3,4061024.216,281.85,285.72,291.0,282.66,284.92,1.020406,281.152,-1,303.83,248.59,277.92,1
002594.SZ,20211223,279.22,282.03,284.9,277.16,279.99,0.77,0.2758,123021.34,3451820.145,284.92,287.79,290.71,282.82,285.7,1.020406,280.5871,-1,307.14,251.3,278.68,1
002594.SZ,20211224,279.99,281.98,282.0,264.96,270.0,-9.99,-3.568,209968.81,5675961.283,285.7,287.73,287.75,270.37,275.51,1.020406,270.324,-1,307.99,251.99,268.74,1
002594.SZ,20211227,270.0,269.0,271.54,266.0,267.03,-2.97,-1.1,107189.95,2874395.592,275.51,274.49,277.08,271.43,272.48,1.020406,268.1591,-1,297.0,243.0,265.78,1
002594.SZ,20211228,267.03,268.15,271.0,266.21,270.85,3.82,1.4306,118542.84,3183320.996,272.48,273.62,276.53,271.64,276.38,1.020406,268.5376,-1,293.73,240.33,269.59,1
002594.SZ,20211229,270.85,272.15,272.22,263.0,269.0,-1.85,-0.683,141603.04,3783958.091,276.38,277.7,277.77,268.37,274.49,1.020406,267.2229,-1,297.94,243.77,267.75,1
002594.SZ,20211230,269.0,268.0,272.98,266.0,267.13,-1.87,-0.6952,117326.73,3158736.176,274.49,273.47,278.55,271.43,272.58,1.020406,269.2256,-1,295.9,242.1,265.88,1
002594.SZ,20211231,267.13,273.0,274.19,267.0,268.12,0.99,0.3706,116291.97,3136714.687,272.58,278.57,279.79,272.45,273.59,1.020406,269.7275,-1,293.84,240.42,266.87,1
002594.SZ,20220104,268.12,276.0,279.45,265.22,271.0,2.88,1.0741,244660.89,6673692.547,273.59,281.63,285.15,270.63,276.53,1.020406,272.7732,-1,294.93,241.31,269.74,1
002594.SZ,20220105,271.0,264.55,266.48,251.72,253.26,-17.74,-6.5461,301708.91,7725244.308,276.53,269.95,271.92,256.86,258.43,1.020406,256.0496,-1,298.1,243.9,252.08,1
002594.SZ,20220106,253.26,250.0,254.53,247.89,250.02,-3.24,-1.2793,175907.84,4396413.606,258.43,255.1,259.72,252.95,255.12,1.020406,249.9271,-1,278.59,227.93,248.85,1
002594.SZ,20220107,250.02,251.8,252.96,245.0,246.5,-3.52,-1.4079,161933.55,4009535.493,255.12,256.94,258.12,250.0,251.53,1.020406,247.6038,-1,275.02,225.02,245.35,1
002594.SZ,20220110,246.5,245.0,249.47,239.03,246.3,-0.2,-0.0811,162141.82,3964485.468,251.53,250.0,254.56,243.91,251.33,1.020406,244.5073,-1,271.15,221.85,245.15,1
002594.SZ,20220111,246.3,246.28,246.28,237.8,239.09,-7.21,-2.9273,212441.47,5100240.704,251.33,251.31,251.31,242.65,243.97,1.020406,240.0775,-1,270.93,221.67,237.97,1
002594.SZ,20220112,239.09,246.0,256.0,244.31,256.0,16.91,7.0727,323602.24,8103336.076,243.97,251.02,261.22,249.3,261.22,1.020406,250.4104,-1,263.0,215.18,254.81,1
002594.SZ,20220113,256.0,257.74,258.56,248.61,255.31,-0.69,-0.2695,217103.9,5516666.113,261.22,263.0,263.84,253.68,260.52,1.020406,254.1026,-1,281.6,230.4,254.12,1
002594.SZ,20220114,255.31,250.8,257.3,250.0,253.14,-2.17,-0.8499,149548.15,3798549.606,260.52,255.92,262.55,255.1,258.31,1.020406,254.0018,-1,280.84,229.78,251.96,1
002594.SZ,20220117,253.14,253.02,267.49,253.02,266.49,13.35,5.2738,241144.66,6349270.849,258.31,258.18,272.95,258.18,271.93,1.020406,263.2972,-1,278.45,227.83,265.25,1
002594.SZ,20220118,266.49,266.41,268.96,262.3,266.08,-0.41,-0.1539,125054.43,3325099.879,271.93,271.85,274.45,267.65,271.51,1.020406,265.8922,-1,293.14,239.84,264.84,1
002594.SZ,20220119,266.08,265.95,267.88,250.31,252.97,-13.11,-4.9271,231881.8,5960665.206,271.51,271.38,273.35,255.42,258.13,1.020406,257.0562,-1,292.69,239.47,251.79,1
002594.SZ,20220120,252.97,252.1,253.71,247.0,251.07,-1.9,-0.7511,149986.47,3759819.343,258.13,257.24,258.89,252.04,256.19,1.020406,250.6772,-1,278.27,227.67,249.9,1
002594.SZ,20220121,251.07,251.08,255.74,246.33,250.4,-0.67,-0.2669,112394.32,2822719.636,256.19,256.2,260.96,251.36,255.51,1.020406,251.1443,-1,276.18,225.96,249.23,1
002594.SZ,20220124,250.4,246.08,252.88,244.27,251.4,1.0,0.3994,108376.86,2706367.141,255.51,251.1,258.04,249.25,256.53,1.020406,249.7182,-1,275.44,225.36,250.23,1
002594.SZ,20220125,251.4,248.0,251.0,240.0,240.31,-11.09,-4.4113,172772.23,4222848.972,256.53,253.06,256.12,244.9,245.21,1.020406,244.4171,-1,276.54,226.26,239.19,1
002594.SZ,20220126,240.31,245.0,251.38,242.31,249.49,9.18,3.8201,174445.84,4321964.224,245.21,250.0,256.51,247.25,254.58,1.020406,247.7539,-1,264.34,216.28,248.33,1
002594.SZ,20220127,249.49,247.0,249.3,241.0,241.27,-8.22,-3.2947,132649.63,3242987.819,254.58,252.04,254.39,245.92,246.19,1.020406,244.4777,-1,274.44,224.54,240.14,1
002594.SZ,20220128,241.27,239.98,242.0,219.76,226.8,-14.47,-5.9974,324373.11,7392709.579,246.19,244.88,246.94,224.24,231.43,1.020406,227.9076,-1,265.4,217.14,225.74,1
002594.SZ,20220207,226.8,240.79,249.28,238.01,244.4,17.6,7.7601,251124.53,6117950.238,231.43,245.7,254.37,242.87,249.39,1.020406,243.6222,-1,249.48,204.12,243.26,1
002594.SZ,20220208,244.4,243.0,243.0,230.64,236.97,-7.43,-3.0401,199039.53,4669048.973,249.39,247.96,247.96,235.35,241.81,1.020406,234.579,-1,268.84,219.96,235.86,1
002594.SZ,20220209,236.97,239.05,246.4,235.03,245.18,8.21,3.4646,199928.64,4854528.826,241.81,243.93,251.43,239.83,250.18,1.020406,242.8131,-1,260.67,213.27,244.04,1
002594.SZ,20220210,245.18,246.77,248.0,238.1,240.12,-5.06,-2.0638,146284.6,3521519.984,250.18,251.81,253.06,242.96,245.02,1.020406,240.7307,-1,269.7,220.66,239.0,1
002594.SZ,20220211,240.12,236.05,240.12,228.5,230.19,-9.93,-4.1354,199439.26,4646313.004,245.02,240.87,245.02,233.16,234.89,1.020406,232.9688,-1,264.13,216.11,229.12,1
002594.SZ,20220214,230.19,230.2,235.0,225.0,231.98,1.79,0.7776,133199.49,3079221.402,234.89,234.9,239.8,229.59,236.71,1.020406,231.1737,-1,253.21,207.17,230.9,1
002594.SZ,20220215,231.98,232.18,239.96,232.18,238.31,6.33,2.7287,158524.28,3757722.229,236.71,236.92,244.86,236.92,243.17,1.020406,237.044,-1,255.18,208.78,237.2,1
002594.SZ,20220216,238.31,242.0,244.99,240.39,240.6,2.29,0.9609,128724.91,3117890.74,243.17,246.94,249.99,245.3,245.51,1.020406,242.2135,-1,262.14,214.48,239.48,1
002594.SZ,20220217,240.6,242.24,248.74,239.0,245.41,4.81,1.9992,191063.86,4670631.745,245.51,247.18,253.82,243.88,250.42,1.020406,244.454,-1,264.66,216.54,244.27,1
002594.SZ,20220218,245.41,241.0,245.39,240.0,242.96,-2.45,-0.9983,99104.66,2407158.413,250.42,245.92,250.4,244.9,247.92,1.020406,242.8905,-1,269.95,220.87,241.83,1
002594.SZ,20220221,242.96,241.0,245.8,239.64,241.89,-1.07,-0.4404,109538.04,2657589.017,247.92,245.92,250.82,244.53,246.83,1.020406,242.6179,-1,267.26,218.66,240.76,1
002594.SZ,20220222,241.89,239.0,239.0,234.3,237.45,-4.44,-1.8355,125452.11,2966441.429,246.83,243.88,243.88,239.08,242.3,1.020406,236.4601,-1,266.08,217.7,236.34,1
002594.SZ,20220223,237.45,241.9,252.52,239.01,252.0,14.55,6.1276,291148.9,7232161.935,242.3,246.84,257.67,243.89,257.14,1.020406,248.4008,-1,261.2,213.71,250.82,1
002594.SZ,20220224,252.0,248.11,251.78,241.58,244.86,-7.14,-2.8333,238219.88,5865805.706,257.14,253.17,256.92,246.51,249.86,1.020406,246.2349,-1,277.2,226.8,243.72,1
002594.SZ,20220225,244.86,249.9,252.38,247.83,247.84,2.98,1.217,146013.53,3646918.799,249.86,255.0,257.53,252.89,252.9,1.020406,249.7658,-1,269.35,220.37,246.68,1
002594.SZ,20220228,247.84,246.9,250.19,246.0,249.6,1.76,0.7101,118290.9,2936223.651,252.9,251.94,255.3,251.02,254.69,1.020406,248.2206,-1,272.62,223.06,248.44,1
002594.SZ,20220301,249.6,255.0,256.61,249.25,251.78,2.18,0.8734,176519.58,4476714.982,254.69,260.2,261.85,254.34,256.92,1.020406,253.6101,-1,274.56,224.64,250.61,1
002594.SZ,20220302,251.78,249.0,249.36,243.96,248.6,-3.18,-1.263,121242.47,2998567.642,256.92,254.08,254.45,248.94,253.67,1.020406,247.3199,-1,276.96,226.6,247.44,1
002594.SZ,20220303,248.6,249.52,250.86,244.0,245.21,-3.39,-1.3636,99633.4,2449485.385,253.67,254.61,255.98,248.98,250.21,1.020406,245.8498,-1,273.46,223.74,244.07,1
002594.SZ,20220304,245.21,237.31,241.86,230.0,233.8,-11.41,-4.6532,291706.34,6857430.687,250.21,242.15,246.8,234.69,238.57,1.020406,235.0799,-1,269.73,220.69,232.71,1
002594.SZ,20220307,233.8,226.89,227.69,220.02,223.61,-10.19,-4.3584,236129.2,5286036.163,238.57,231.52,232.34,224.51,228.17,1.020406,223.862,-1,257.18,210.42,222.57,1
002594.SZ,20220308,223.61,221.08,225.49,210.0,216.19,-7.42,-3.3183,291499.34,6317187.685,228.17,225.59,230.09,214.29,220.6,1.020406,216.7136,-1,245.97,201.25,215.18,1
002594.SZ,20220309,216.19,217.0,223.6,210.0,223.59,7.4,3.4229,251135.22,5484773.703,220.6,221.43,228.16,214.29,228.15,1.020406,218.3992,-1,237.81,194.57,222.55,1
002594.SZ,20220310,223.59,232.91,233.43,229.0,229.1,5.51,2.4643,248342.83,5744789.049,228.15,237.66,238.19,233.67,233.78,1.020406,231.3249,-1,245.95,201.23,228.03,1
002594.SZ,20220311,229.1,222.0,231.79,220.02,229.85,0.75,0.3274,186116.04,4186645.901,233.78,226.53,236.52,224.51,234.54,1.020406,224.9482,-1,252.01,206.19,228.78,1
002594.SZ,20220314,229.85,225.0,225.0,219.0,219.0,-10.85,-4.7205,150840.61,3336922.826,234.54,229.59,229.59,223.47,223.47,1.020406,221.2218,-1,252.84,206.87,217.98,1
002594.SZ,20220315,219.0,211.13,222.0,209.43,212.8,-6.2,-2.8311,198203.62,4269341.883,223.47,215.44,226.53,213.7,217.14,1.020406,215.4018,-1,240.9,197.1,211.81,1
002594.SZ,20220316,212.8,221.0,230.0,214.2,229.43,16.63,7.8148,333766.27,7432043.601,217.14,225.51,234.69,218.57,234.11,1.020406,222.6721,-1,234.08,191.52,228.36,1
002594.SZ,20220317,229.43,240.38,240.88,234.66,234.9,5.47,2.3842,315844.3,7518685.379,234.11,245.29,245.8,239.45,239.69,1.020406,238.0504,-1,252.37,206.49,233.8,1
002594.SZ,20220318,234.9,234.9,238.87,232.05,234.5,-0.4,-0.1703,150548.56,3530653.259,239.69,239.69,243.74,236.79,239.29,1.020406,234.5192,-1,258.39,211.41,233.41,1
002594.SZ,20220321,234.5,240.0,248.87,238.17,245.38,10.88,4.6397,279177.68,6829415.269,239.29,244.9,253.95,243.03,250.39,1.020406,244.6261,-1,257.95,211.05,244.24,1
002594.SZ,20220322,245.38,245.0,247.4,242.02,244.8,-0.58,-0.2364,115079.07,2815900.951,250.39,250.0,252.45,246.96,249.8,1.020406,244.6927,-1,269.92,220.84,243.66,1
002594.SZ,20220323,244.8,250.0,251.0,246.27,247.17,2.37,0.9681,148500.96,3696654.258,249.8,255.1,256.12,251.3,252.21,1.020406,248.9313,-1,269.28,220.32,246.02,1
002594.SZ,20220324,247.17,243.7,250.0,242.4,247.08,-0.09,-0.0364,113681.27,2794432.827,252.21,248.67,255.1,247.35,252.12,1.020406,245.8129,-1,271.89,222.45,245.93,1
002594.SZ,20220325,247.08,247.1,248.96,234.01,235.31,-11.77,-4.7636,208023.73,4984988.435,252.12,252.14,254.04,238.79,240.11,1.020406,239.6356,-1,271.79,222.37,234.21,1
002594.SZ,20220328,235.31,234.9,234.9,228.88,230.4,-4.91,-2.0866,143103.54,3306510.715,240.11,239.69,239.69,233.55,235.1,1.020406,231.0572,-1,258.84,211.78,229.33,1
002594.SZ,20220329,230.4,232.92,236.5,228.8,231.0,0.6,0.2604,138587.31,3224438.27,235.1,237.67,241.33,233.47,235.71,1.020406,232.6648,-1,253.44,207.36,229.92,1
002594.SZ,20220330,231.0,227.0,237.02,222.22,237.02,6.02,2.6061,251259.96,5807876.452,235.71,231.63,241.86,226.75,241.86,1.020406,231.1501,-1,254.1,207.9,235.91,1
002594.SZ,20220331,237.02,234.21,235.0,226.89,229.8,-7.22,-3.0462,161731.43,3721363.312,241.86,238.99,239.8,231.52,234.49,1.020406,230.0952,-1,260.72,213.32,228.73,1
002594.SZ,20220401,229.8,226.79,239.56,226.6,235.96,6.16,2.6806,182948.05,4301758.39,234.49,231.42,244.45,231.22,240.77,1.020406,235.1355,-1,252.78,206.82,234.86,1
002594.SZ,20220406,235.96,245.0,246.0,239.61,241.9,5.94,2.5174,205293.3,4976485.481,240.77,250.0,251.02,244.5,246.84,1.020406,242.4086,-1,259.56,212.36,240.77,1
002594.SZ,20220407,241.9,240.0,245.3,239.01,240.0,-1.9,-0.7854,122699.53,2964659.964,246.84,244.9,250.31,243.89,244.9,1.020406,241.6195,-1,266.09,217.71,238.88,1
002594.SZ,20220408,240.0,240.01,246.5,239.1,243.98,3.98,1.6583,171718.97,4185742.781,244.9,244.91,251.53,243.98,248.96,1.020406,243.7554,-1,264.0,216.0,242.84,1
002594.SZ,20220411,243.98,240.0,241.48,229.5,233.0,-10.98,-4.5004,193070.07,4519392.606,248.96,244.9,246.41,234.18,237.75,1.020406,234.0804,-1,268.38,219.58,231.91,1
002594.SZ,20220412,233.0,232.0,238.56,231.2,238.16,5.16,2.2146,128888.67,3034073.575,237.75,236.73,243.43,235.92,243.02,1.020406,235.4027,-1,256.3,209.7,237.05,1
002594.SZ,20220413,238.16,235.02,241.95,233.01,237.0,-1.16,-0.4871,109672.51,2614119.776,243.02,239.82,246.89,237.76,241.84,1.020406,238.3569,-1,261.98,214.34,235.89,1
002594.SZ,20220414,237.0,242.0,244.99,240.87,241.29,4.29,1.8101,131637.5,3198011.078,241.84,246.94,249.99,245.79,246.21,1.020406,242.9407,-1,260.7,213.3,240.16,1
002594.SZ,20220415,241.29,238.5,240.0,232.75,236.2,-5.09,-2.1095,129239.31,3049510.858,246.21,243.37,244.9,237.5,241.02,1.020406,235.9585,-1,265.42,217.16,235.1,1
002594.SZ,20220418,236.2,234.79,241.0,230.0,239.1,2.9,1.2278,110592.38,2613800.696,241.02,239.58,245.92,234.69,243.98,1.020406,236.3455,-1,259.82,212.58,237.98,1
002594.SZ,20220419,239.1,243.16,250.9,243.13,244.86,5.76,2.409,207781.54,5140377.761,243.98,248.12,256.02,248.09,249.86,1.020406,247.3934,-1,263.01,215.19,243.72,1
002594.SZ,20220420,244.86,247.66,248.33,240.86,241.78,-3.08,-1.2579,130780.93,3187144.24,249.86,252.71,253.4,245.77,246.71,1.020406,243.701,-1,269.35,220.37,240.65,1
002594.SZ,20220421,241.78,237.77,240.77,232.1,234.04,-7.74,-3.2013,154048.76,3625535.264,246.71,242.62,245.68,236.84,238.82,1.020406,235.3499,-1,265.96,217.6,232.95,1
002594.SZ,20220422,234.04,230.01,235.66,229.06,235.4,1.36,0.5811,108162.19,2522975.078,238.82,234.7,240.47,233.73,240.2,1.020406,233.2585,-1,257.44,210.64,234.3,1
002594.SZ,20220425,235.4,230.0,236.44,226.62,227.5,-7.9,-3.356,161889.17,3741670.659,240.2,234.69,241.26,231.24,232.14,1.020406,231.1254,-1,258.94,211.86,226.44,1
002594.SZ,20220426,227.5,228.99,235.85,228.43,231.81,4.31,1.8945,158176.2,3670084.739,232.14,233.66,240.66,233.09,236.54,1.020406,232.0251,-1,250.25,204.75,230.73,1
002594.SZ,20220427,231.81,226.61,235.81,218.81,235.01,3.2,1.3804,254341.67,5794106.499,236.54,231.23,240.62,223.28,239.81,1.020406,227.808,-1,254.99,208.63,233.91,1
002594.SZ,20220428,235.01,234.6,235.5,230.0,231.98,-3.03,-1.2893,146372.13,3405250.082,239.81,239.39,240.31,234.69,236.71,1.020406,232.6433,-1,258.51,211.51,230.9,1
002594.SZ,20220429,231.98,233.8,243.83,230.75,243.0,11.02,4.7504,248163.1,5912448.351,236.71,238.57,248.81,235.46,247.96,1.020406,238.2485,-1,255.18,208.78,241.87,1
002594.SZ,20220505,243.0,246.2,252.39,241.77,248.8,5.8,2.3868,253258.79,6282897.504,247.96,251.22,257.54,246.7,253.88,1.020406,248.0821,-1,267.3,218.7,247.64,1
002594.SZ,20220506,248.8,241.02,246.0,240.1,242.08,-6.72,-2.701,145488.66,3530097.27,253.88,245.94,251.02,245.0,247.02,1.020406,242.6373,-1,273.68,223.92,240.95,1
002594.SZ,20220509,242.08,231.0,236.89,231.0,232.73,-9.35,-3.8624,175116.35,4086613.976,247.02,235.71,241.72,235.71,237.48,1.020406,233.3656,-1,266.29,217.87,231.64,1
002594.SZ,20220510,232.73,224.1,233.66,222.28,233.33,0.6,0.2578,209696.64,4792958.516,237.48,228.67,238.43,226.82,238.09,1.020406,228.5663,-1,256.0,209.46,232.24,1
002594.SZ,20220511,233.33,232.0,256.66,231.5,252.7,19.37,8.3015,459525.71,11482476.078,238.09,236.73,261.9,236.22,257.86,1.020406,249.8767,-1,256.66,210.0,251.52,1
002594.SZ,20220512,252.7,249.99,257.7,248.71,254.09,1.39,0.5501,241156.06,6107994.847,257.86,255.09,262.96,253.79,259.27,1.020406,253.2798,-1,277.97,227.43,252.91,1
002594.SZ,20220513,254.09,259.8,271.5,255.91,270.08,15.99,6.293,367120.61,9733352.389,259.27,265.1,277.04,261.13,275.59,1.020406,265.1268,-1,279.5,228.68,268.82,1
002594.SZ,20220516,270.08,271.11,273.0,265.3,267.12,-2.96,-1.096,202368.8,5441551.55,275.59,276.64,278.57,270.71,272.57,1.020406,268.8928,-1,297.09,243.07,265.87,1
002594.SZ,20220517,267.12,268.98,285.0,268.5,282.5,15.38,5.7577,293489.03,8193618.911,272.57,274.47,290.82,273.98,288.26,1.020406,279.1797,-1,293.83,240.41,281.18,1
002594.SZ,20220518,282.5,282.5,288.0,279.0,281.42,-1.08,-0.3823,205302.7,5812000.946,288.26,288.26,293.88,284.69,287.16,1.020406,283.0942,-1,310.75,254.25,280.11,1
002594.SZ,20220519,281.42,275.31,285.35,274.3,284.51,3.09,1.098,173636.51,4879756.543,287.16,280.93,291.17,279.9,290.32,1.020406,281.0329,-1,309.56,253.28,283.18,1
002594.SZ,20220520,284.51,287.01,291.61,281.2,287.7,3.19,1.1212,178683.36,5125699.547,290.32,292.87,297.56,286.94,293.57,1.020406,286.8594,-1,312.96,256.06,286.36,1
002594.SZ,20220523,287.7,292.7,298.0,287.81,295.2,7.5,2.6069,255588.16,7496178.213,293.57,298.67,304.08,293.68,301.22,1.020406,293.2913,-1,316.47,258.93,293.82,1
002594.SZ,20220524,295.2,290.0,292.96,281.0,281.0,-14.2,-4.8103,290496.53,8303003.901,301.22,295.92,298.94,286.73,286.73,1.020406,285.8211,-1,324.72,265.68,279.69,1
002594.SZ,20220525,281.0,281.26,288.65,278.03,287.2,6.2,2.2064,230857.73,6563211.987,286.73,287.0,294.54,283.7,293.06,1.020406,284.2968,-1,309.1,252.9,285.86,1
002594.SZ,20220526,287.2,287.37,291.22,282.5,286.64,-0.56,-0.195,143094.99,4106312.149,293.06,293.23,297.16,288.26,292.49,1.020406,286.9641,-1,315.92,258.48,285.3,1
002594.SZ,20220527,286.64,292.95,297.61,286.65,288.88,2.24,0.7815,153186.85,4467796.259,292.49,298.93,303.68,292.5,294.77,1.020406,291.6566,-1,315.3,257.98,287.53,1
002594.SZ,20220530,288.88,292.0,299.7,291.08,298.12,9.24,3.1986,218523.5,6485731.977,294.77,297.96,305.82,297.02,304.2,1.020406,296.7979,-1,317.77,259.99,296.73,1
002594.SZ,20220531,298.12,300.0,300.96,293.51,295.91,-2.21,-0.7413,177011.19,5242211.08,304.2,306.12,307.1,299.5,301.95,1.020406,296.1514,-1,327.93,268.31,294.53,1
002594.SZ,20220601,295.91,298.0,304.8,293.12,299.98,4.07,1.3754,216911.75,6501902.117,301.95,304.08,311.02,299.1,306.1,1.020406,299.7487,-1,325.5,266.32,298.58,1
002594.SZ,20220602,299.98,296.0,305.0,295.22,301.02,1.04,0.3467,177727.77,5355773.611,306.1,302.04,311.22,301.24,307.16,1.020406,301.347,-1,329.98,269.98,299.62,1
002594.SZ,20220606,301.02,304.0,320.47,302.55,318.23,17.21,5.7172,294757.29,9260502.507,307.16,310.2,327.01,308.72,324.72,1.020406,314.1738,-1,331.12,270.92,316.75,1
002594.SZ,20220607,318.23,318.0,319.87,311.11,314.89,-3.34,-1.0496,200220.89,6296538.086,324.72,324.49,326.4,317.46,321.32,1.020406,314.4796,-1,350.05,286.41,313.42,1
002594.SZ,20220608,314.89,318.6,328.06,313.01,327.41,12.52,3.976,290513.4,9321932.807,321.32,325.1,334.75,319.4,334.09,1.020406,320.8779,-1,346.38,283.4,325.88,1
002594.SZ,20220609,327.41,334.03,334.8,321.0,322.41,-5.0,-1.5271,307541.72,10050640.39,334.09,340.85,341.63,327.55,328.99,1.020406,326.8058,-1,360.15,294.67,320.91,1
002594.SZ,20220610,322.41,321.5,350.0,321.06,348.8,26.39,8.1852,438249.0,14790622.515,328.99,328.06,357.14,327.61,355.92,1.020406,337.4936,-1,354.65,290.17,347.17,1
002594.SZ,20220613,348.8,346.0,358.86,340.6,348.8,0.0,0.0,360681.32,12573534.324,355.92,353.06,366.18,347.55,355.92,1.020406,348.6051,-1,383.68,313.92,347.17,1
002594.SZ,20220614,348.8,342.0,344.79,327.23,343.59,-5.21,-1.4937,404789.34,13634616.448,355.92,348.98,351.83,333.91,350.6,1.020406,336.8324,-1,383.68,313.92,341.99,1
002594.SZ,20220615,343.59,343.97,346.23,332.52,335.0,-8.59,-2.5001,303947.87,10285857.695,350.6,350.99,353.3,339.31,341.84,1.020406,338.4086,-1,377.95,309.23,333.44,1
002594.SZ,20220616,335.0,335.5,342.7,333.41,336.0,1.0,0.2985,190172.45,6410739.474,341.84,342.35,349.69,340.21,342.86,1.020406,337.1014,-1,368.5,301.5,334.43,1
002594.SZ,20220617,336.0,330.1,341.2,327.07,338.0,2.0,0.5952,262147.59,8830738.834,342.86,336.84,348.16,333.74,344.9,1.020406,336.8613,-1,369.6,302.4,336.42,1
002594.SZ,20220620,338.0,338.08,348.66,335.02,342.18,4.18,1.2367,245415.57,8405361.56,344.9,344.98,355.77,341.86,349.16,1.020406,342.495,-1,371.8,304.2,340.58,1
002594.SZ,20220621,342.18,339.76,341.8,332.2,341.0,-1.18,-0.3448,197827.39,6666969.509,349.16,346.69,348.77,338.98,347.96,1.020406,337.0094,-1,376.4,307.96,339.41,1
002594.SZ,20220622,341.0,342.42,347.63,338.0,339.88,-1.12,-0.3284,186787.83,6412052.153,347.96,349.41,354.72,344.9,346.82,1.020406,343.28,-1,375.1,306.9,338.29,1
002594.SZ,20220623,339.88,344.7,354.05,338.0,353.5,13.62,4.0073,323142.26,11251775.974,346.82,351.73,361.27,344.9,360.71,1.020406,348.1988,-1,373.87,305.89,351.85,1
002594.SZ,20220624,353.5,352.99,356.28,346.01,351.05,-2.45,-0.6931,235983.55,8273168.197,360.71,360.19,363.55,353.07,358.21,1.020406,350.5824,-1,388.85,318.15,349.41,1
002594.SZ,20220627,351.05,352.07,357.0,348.33,349.69,-1.36,-0.3874,217155.24,7630684.845,358.21,359.25,364.28,355.44,356.83,1.020406,351.3931,-1,386.16,315.95,348.06,1
002594.SZ,20220628,349.69,347.0,358.8,342.71,352.9,3.21,0.918,269634.71,9447959.128,356.83,354.08,366.12,349.7,360.1,1.020406,350.3985,-1,384.66,314.72,351.25,1
002594.SZ,20220629,352.9,349.99,350.0,331.49,331.61,-21.29,-6.0329,361146.02,12246017.195,360.1,357.13,357.14,338.25,338.38,1.020406,339.0877,-1,388.19,317.61,330.06,1
002594.SZ,20220630,331.61,331.0,339.35,330.0,333.49,1.88,0.5669,220144.78,7372602.921,338.38,337.75,346.27,336.73,340.3,1.020406,334.8979,-1,364.77,298.45,331.93,1
002594.SZ,20220701,333.49,332.18,333.0,320.1,329.2,-4.29,-1.2864,234112.63,7658689.348,340.3,338.96,339.8,326.63,335.92,1.020406,327.137,-1,366.84,300.14,327.66,1
002594.SZ,20220704,329.2,332.0,338.21,330.2,336.16,6.96,2.1142,209512.06,7020823.754,335.92,338.77,345.11,336.94,343.02,1.020406,335.1036,-1,362.12,296.28,334.59,1
002594.SZ,20220705,336.16,337.0,340.6,329.59,333.89,-2.27,-0.6753,173757.03,5819208.075,343.02,343.88,347.55,336.32,340.7,1.020406,334.9049,-1,369.78,302.54,332.33,1
002594.SZ,20220706,333.89,333.8,340.6,331.99,336.1,2.21,0.6619,183434.2,6179119.713,340.7,340.61,347.55,338.76,342.96,1.020406,336.8576,-1,367.28,300.5,334.53,1
002594.SZ,20220707,336.1,337.7,351.95,333.37,349.38,13.28,3.9512,304648.74,10511816.689,342.96,344.59,359.13,340.17,356.51,1.020406,345.0471,-1,369.71,302.49,347.75,1
002594.SZ,20220708,349.38,349.38,351.88,338.0,338.0,-11.38,-3.2572,190477.57,6547699.048,356.51,356.51,359.06,344.9,344.9,1.020406,343.7517,-1,384.32,314.44,336.42,1
002594.SZ,20220711,338.0,335.88,335.88,318.88,324.3,-13.7,-4.0533,254317.44,8284856.773,344.9,342.73,342.73,325.39,330.92,1.020406,325.7683,-1,371.8,304.2,322.79,1
002594.SZ,20220712,324.3,320.0,321.0,300.08,309.0,-15.3,-4.7179,450514.69,13935271.931,330.92,326.53,327.55,306.2,315.31,1.020406,309.3189,-1,356.73,291.87,307.56,1
002594.SZ,20220713,309.0,309.0,313.84,296.77,309.88,0.88,0.2848,341066.95,10439432.846,315.31,315.31,320.24,302.83,316.2,1.020406,306.0816,-1,339.9,278.1,308.43,1
002594.SZ,20220714,309.88,308.91,323.0,307.0,323.0,13.12,4.2339,272489.36,8631732.044,316.2,315.21,329.59,313.26,329.59,1.020406,316.7732,-1,340.87,278.89,321.49,1
002594.SZ,20220715,323.0,335.0,349.89,333.0,338.19,15.19,4.7028,444507.84,15284697.866,329.59,341.84,357.03,339.8,345.09,1.020406,343.8567,-1,355.3,290.7,336.61,1
002594.SZ,20220718,338.19,345.0,346.0,328.0,337.1,-1.09,-0.3223,238911.56,8007559.907,345.09,352.04,353.06,334.69,343.98,1.020406,335.1684,-1,372.01,304.37,335.53,1
002594.SZ,20220719,337.1,337.1,337.1,327.62,331.1,-6.0,-1.7799,158180.25,5239778.187,343.98,343.98,343.98,334.31,337.86,1.020406,331.2536,-1,370.81,303.39,329.56,1
002594.SZ,20220720,331.1,332.98,333.86,329.08,331.7,0.6,0.1812,103263.48,3425066.981,337.86,339.77,340.67,335.8,338.47,1.020406,331.6823,-1,364.21,297.99,330.15,1
002594.SZ,20220721,331.7,329.0,331.0,322.94,324.5,-7.2,-2.1706,132003.28,4303073.903,338.47,335.71,337.75,329.53,331.12,1.020406,325.9823,-1,364.87,298.53,322.99,1
002594.SZ,20220722,324.5,326.01,334.66,326.0,329.62,5.12,1.5778,141773.74,4687025.063,331.12,332.66,341.49,332.65,336.35,1.020406,330.599,-1,356.95,292.05,328.08,1
002594.SZ,20220725,329.62,326.0,327.0,320.0,322.95,-6.67,-2.0235,115017.1,3705167.359,336.35,332.65,333.67,326.53,329.54,1.020406,322.1406,-1,362.58,296.66,321.44,1
002594.SZ,20220726,322.95,322.48,327.68,320.0,325.0,2.05,0.6348,107656.16,3493834.391,329.54,329.06,334.37,326.53,331.63,1.020406,324.5364,-1,355.25,290.66,323.48,1
002594.SZ,20220727,325.0,324.0,329.8,321.01,325.8,0.8,0.2462,91055.72,2961812.249,331.63,330.61,336.53,327.56,332.45,1.020406,325.2747,-1,357.5,292.5,324.28,1
002594.SZ,20220728,325.8,329.02,331.45,324.0,325.43,-0.37,-0.1136,109065.17,3572559.082,332.45,335.73,338.21,330.61,332.07,1.020406,327.5619,-1,358.38,293.22,323.91,1
002594.SZ,20220729,325.33,323.0,327.8,317.96,320.36,-4.97,-1.5277,114853.64,3695131.506,332.07,329.69,334.59,324.55,327.0,1.02072,321.7252,2,357.86,292.8,318.96,1
002594.SZ,20220801,320.36,317.98,332.08,316.32,330.54,10.18,3.1777,187583.76,6141512.246,327.0,324.57,338.96,322.87,337.39,1.02072,327.4011,-1,352.4,288.32,329.1,1
002594.SZ,20220802,330.54,324.9,330.48,321.3,326.6,-3.94,-1.192,156642.66,5110091.378,337.39,331.63,337.33,327.96,333.37,1.02072,326.226,-1,363.59,297.49,325.18,1
002594.SZ,20220803,326.6,326.7,334.85,318.89,321.99,-4.61,-1.4115,188723.11,6197191.078,333.37,333.47,341.79,325.5,328.66,1.02072,328.3748,-1,359.26,293.94,320.59,1
002594.SZ,20220804,321.99,328.0,331.47,322.1,326.8,4.81,1.4938,186636.77,6098858.889,328.66,334.8,338.34,328.77,333.57,1.02072,326.7769,-1,354.19,289.79,325.38,1
002594.SZ,20220805,326.8,330.0,331.89,318.28,324.49,-2.31,-0.7069,157563.85,5115620.394,333.57,336.84,338.77,324.87,331.21,1.02072,324.6697,-1,359.48,294.12,323.08,1
002594.SZ,20220808,324.49,322.11,324.9,319.0,321.35,-3.14,-0.9677,129487.86,4158491.944,331.21,328.78,331.63,325.61,328.01,1.02072,321.1492,-1,356.94,292.04,319.95,1
002594.SZ,20220809,321.35,321.18,323.8,318.15,319.72,-1.63,-0.5072,116106.61,3719885.52,328.01,327.83,330.51,324.74,326.34,1.02072,320.3853,-1,353.49,289.22,318.33,1
002594.SZ,20220810,319.72,319.7,319.7,305.0,308.35,-11.37,-3.5562,258499.01,7998810.821,326.34,326.32,326.32,311.32,314.74,1.02072,309.4329,-1,351.69,287.75,307.01,1
002594.SZ,20220811,308.35,311.43,315.89,305.6,315.02,6.67,2.1631,165444.81,5159742.999,314.74,317.88,322.44,311.93,321.55,1.02072,311.8709,-1,339.19,277.52,313.65,1
002594.SZ,20220812,315.02,315.02,316.28,310.0,311.93,-3.09,-0.9809,101337.63,3165436.406,321.55,321.55,322.83,316.42,318.39,1.02072,312.3653,-1,346.52,283.52,310.57,1
002594.SZ,20220815,311.93,312.2,319.23,311.22,315.21,3.28,1.0515,135119.26,4265356.112,318.39,318.67,325.84,317.67,321.74,1.02072,315.6734,-1,343.12,280.74,313.84,1
002594.SZ,20220816,315.21,315.8,321.89,315.5,318.92,3.71,1.177,157243.31,5029761.317,321.74,322.34,328.56,322.04,325.53,1.02072,319.8712,-1,346.73,283.69,317.53,1
002594.SZ,20220817,318.92,319.99,329.6,316.72,327.93,9.01,2.8252,210871.13,6808620.194,325.53,326.62,336.43,323.28,334.72,1.02072,322.8806,-1,350.81,287.03,326.5,1
002594.SZ,20220818,327.93,327.0,330.0,323.84,326.04,-1.89,-0.5763,142790.44,4659424.799,334.72,333.78,336.84,330.55,332.8,1.02072,326.3121,-1,360.72,295.14,324.62,1
002594.SZ,20220819,326.04,325.03,327.44,317.0,319.39,-6.65,-2.0396,124289.23,3993178.34,332.8,331.76,334.22,323.57,326.01,1.02072,321.2811,-1,358.64,293.44,318.0,1
002594.SZ,20220822,319.39,316.0,326.09,312.22,323.09,3.7,1.1585,147667.65,4747212.897,326.01,322.55,332.85,318.69,329.78,1.02072,321.4795,-1,351.33,287.45,321.68,1
002594.SZ,20220823,323.09,324.0,325.55,318.98,321.61,-1.48,-0.4581,92999.75,2989844.195,329.78,330.71,332.3,325.59,328.27,1.02072,321.4895,-1,355.4,290.78,320.21,1
002594.SZ,20220824,321.61,321.68,322.96,309.3,309.5,-12.11,-3.7654,186782.83,5854016.197,328.27,328.35,329.65,315.71,315.91,1.02072,313.413,-1,353.77,289.45,308.15,1
002594.SZ,20220825,309.5,309.56,311.08,302.66,309.58,0.08,0.0258,140220.73,4308297.637,315.91,315.97,317.53,308.93,315.99,1.02072,307.2511,-1,340.45,278.55,308.23,1
002594.SZ,20220826,309.58,312.99,317.93,310.0,315.73,6.15,1.9866,122126.55,3849213.721,315.99,319.48,324.52,316.42,322.27,1.02072,315.1824,-1,340.54,278.62,314.35,1
002594.SZ,20220829,315.73,313.67,316.87,311.49,313.55,-2.18,-0.6905,85911.66,2696123.151,322.27,320.17,323.44,317.94,320.05,1.02072,313.8251,-1,347.3,284.16,312.18,1
002594.SZ,20220830,313.55,315.5,318.5,310.0,310.85,-2.7,-0.8611,110247.37,3454778.56,320.05,322.04,325.1,316.42,317.29,1.02072,313.3661,-1,344.91,282.2,309.5,1
002594.SZ,20220831,310.85,291.0,296.6,284.0,287.98,-22.87,-7.3572,408059.74,11841919.126,317.29,297.03,302.75,289.88,293.95,1.02072,290.2006,-1,341.94,279.77,286.73,1
002594.SZ,20220901,287.98,285.0,294.6,284.03,286.7,-1.28,-0.4445,192582.33,5566420.145,293.95,290.91,300.7,289.92,292.64,1.02072,289.0411,-1,316.78,259.18,285.45,1
002594.SZ,20220902,286.7,288.7,289.6,278.1,282.0,-4.7,-1.6393,161661.92,4561284.362,292.64,294.68,295.6,283.86,287.84,1.02072,282.1496,-1,315.37,258.03,280.77,1
002594.SZ,20220905,282.0,269.0,270.88,261.1,268.76,-13.24,-4.695,351208.27,9364600.412,287.84,274.57,276.49,266.51,274.33,1.02072,266.6395,-1,310.2,253.8,267.59,1
002594.SZ,20220906,268.76,268.77,274.45,267.21,272.94,4.18,1.5553,189902.84,5154529.158,274.33,274.34,280.14,272.75,278.6,1.02072,271.4298,-1,295.64,241.88,271.75,1
002594.SZ,20220907,272.94,272.0,285.05,270.6,282.7,9.76,3.5759,190873.17,5345727.757,278.6,277.64,290.96,276.21,288.56,1.02072,280.067,-1,300.23,245.65,281.47,1
002594.SZ,20220908,282.7,283.0,284.99,277.0,278.26,-4.44,-1.5706,116429.11,3267426.059,288.56,288.86,290.89,282.74,284.03,1.02072,280.6365,-1,310.97,254.43,277.05,1
002594.SZ,20220909,278.26,280.99,281.49,276.99,279.7,1.44,0.5175,76098.26,2125233.636,284.03,286.81,287.32,282.73,285.5,1.02072,279.2749,-1,306.09,250.43,278.48,1
002594.SZ,20220913,279.7,282.0,286.69,279.37,284.8,5.1,1.8234,111524.11,3162351.107,285.5,287.84,292.63,285.16,290.7,1.02072,283.5576,-1,307.67,251.73,283.56,1
002594.SZ,20220914,284.8,282.0,283.8,276.26,278.33,-6.47,-2.2718,105151.06,2935617.133,290.7,287.84,289.68,281.98,284.1,1.02072,279.1809,-1,313.28,256.32,277.12,1
002594.SZ,20220915,278.33,280.0,280.5,266.91,269.5,-8.83,-3.1725,152395.23,4126260.385,284.1,285.8,286.31,272.44,275.08,1.02072,270.7605,-1,306.16,250.5,268.33,1
002594.SZ,20220916,269.5,268.0,271.45,264.36,265.98,-3.52,-1.3061,104476.36,2797971.959,275.08,273.55,277.07,269.84,271.49,1.02072,267.8091,-1,296.45,242.55,264.82,1
002594.SZ,20220919,265.98,268.0,273.9,266.68,270.35,4.37,1.643,110949.99,3006108.121,271.49,273.55,279.58,272.21,275.95,1.02072,270.9426,-1,292.58,239.38,269.17,1
002594.SZ,20220920,270.35,273.8,277.49,272.01,274.21,3.86,1.4278,111245.02,3058894.059,275.95,279.47,283.24,277.65,279.89,1.02072,274.9691,-1,297.39,243.32,273.02,1
002594.SZ,20220921,274.21,271.8,272.61,267.0,270.0,-4.21,-1.5353,83753.63,2258898.398,279.89,277.43,278.26,272.53,275.59,1.02072,269.7075,-1,301.63,246.79,268.82,1
002594.SZ,20220922,270.0,267.49,269.38,261.3,268.55,-1.45,-0.537,92799.5,2468839.436,275.59,273.03,274.96,266.71,274.11,1.02072,266.0402,-1,297.0,243.0,267.38,1
002594.SZ,20220923,268.55,267.09,269.77,264.28,266.4,-2.15,-0.8006,79644.12,2125444.095,274.11,272.62,275.36,269.76,271.92,1.02072,266.8677,-1,295.41,241.7,265.24,1
002594.SZ,20220926,266.4,266.4,276.0,263.58,272.95,6.55,2.4587,143606.4,3911414.127,271.92,271.92,281.72,269.04,278.61,1.02072,272.3705,-1,293.04,239.76,271.76,1
002594.SZ,20220927,272.95,272.96,274.83,270.06,273.96,1.01,0.37,83095.93,2262822.665,278.61,278.62,280.52,275.66,279.64,1.02072,272.3145,-1,300.25,245.66,272.77,1
002594.SZ,20220928,273.96,273.0,273.0,265.5,265.62,-8.34,-3.0442,85620.18,2293531.516,279.64,278.66,278.66,271.0,271.12,1.02072,267.8728,-1,301.36,246.56,264.46,1
002594.SZ,20220929,265.62,270.0,271.8,264.0,264.57,-1.05,-0.3953,88356.68,2355802.796,271.12,275.59,277.43,269.47,270.05,1.02072,266.6242,-1,292.18,239.06,263.42,1
002594.SZ,20220930,264.57,263.0,263.55,249.0,252.01,-12.56,-4.7473,214035.88,5421385.039,270.05,268.45,269.01,254.16,257.23,1.02072,253.2933,-1,291.03,238.11,250.91,1
002594.SZ,20221010,252.01,252.27,256.4,249.44,251.2,-0.81,-0.3214,117478.5,2967008.054,257.23,257.5,261.71,254.61,256.4,1.02072,252.5575,-1,277.21,226.81,250.11,1
002594.SZ,20221011,251.2,252.0,257.38,249.33,255.01,3.81,1.5167,132820.39,3370369.988,256.4,257.22,262.71,254.5,260.29,1.02072,253.754,-1,276.32,226.08,253.9,1
002594.SZ,20221012,255.01,254.0,263.25,249.95,262.34,7.33,2.8744,144871.43,3708582.158,260.29,259.26,268.7,255.13,267.78,1.02072,255.9913,-1,280.51,229.51,261.2,1
002594.SZ,20221013,262.34,260.0,263.0,258.08,258.18,-4.16,-1.5857,96186.6,2497932.932,267.78,265.39,268.45,263.43,263.53,1.02072,259.6966,-1,288.57,236.11,257.06,1
002594.SZ,20221014,258.18,262.08,269.1,259.95,264.54,6.36,2.4634,145694.51,3854443.049,263.53,267.51,274.68,265.34,270.02,1.02072,264.5565,-1,284.0,232.36,263.39,1
002594.SZ,20221017,264.54,263.0,263.0,256.69,260.66,-3.88,-1.4667,109678.36,2842978.645,270.02,268.45,268.45,262.01,266.06,1.02072,259.2105,-1,290.99,238.09,259.52,1
002594.SZ,20221018,260.66,279.0,279.0,272.5,273.67,13.01,4.9912,244141.79,6717206.761,266.06,284.78,284.78,278.15,279.34,1.02072,275.1355,-1,286.73,234.59,272.48,1
002594.SZ,20221019,273.67,273.67,276.44,266.88,267.5,-6.17,-2.2545,134004.03,3642369.174,279.34,279.34,282.17,272.41,273.04,1.02072,271.8104,-1,301.04,246.3,266.33,1
002594.SZ,20221020,267.5,264.0,265.58,257.4,263.51,-3.99,-1.4916,128416.78,3355270.263,273.04,269.47,271.08,262.73,268.97,1.02072,261.2797,-1,294.25,240.75,262.36,1
002594.SZ,20221021,263.51,263.52,270.88,262.01,266.3,2.79,1.0588,104785.54,2794657.482,268.97,268.98,276.49,267.44,271.82,1.02072,266.7026,-1,289.86,237.16,265.14,1
002594.SZ,20221024,266.3,264.9,266.31,253.57,255.57,-10.73,-4.0293,167412.56,4324097.663,271.82,270.39,271.83,258.82,260.87,1.02072,258.2899,-1,292.93,239.67,254.46,1
002594.SZ,20221025,255.57,253.0,260.59,250.03,257.91,2.34,0.9156,113242.67,2897739.554,260.87,258.24,265.99,255.21,263.25,1.02072,255.8876,-1,281.13,230.01,256.79,1
002594.SZ,20221026,257.91,260.0,264.04,255.29,257.87,-0.04,-0.0155,126415.27,3279130.696,263.25,265.39,269.51,260.58,263.21,1.02072,259.3936,-1,283.7,232.12,256.75,1
002594.SZ,20221027,257.87,258.99,260.72,255.0,255.0,-2.87,-1.113,97765.82,2516238.985,263.21,264.36,266.12,260.28,260.28,1.02072,257.3741,-1,283.66,232.08,253.89,1
002594.SZ,20221028,255.0,253.0,253.0,235.81,239.89,-15.11,-5.9255,263163.93,6372054.067,260.28,258.24,258.24,240.7,244.86,1.02072,242.1325,-1,280.5,229.5,238.84,1
002594.SZ,20221031,239.89,237.5,251.0,237.11,246.67,6.78,2.8263,187942.33,4625511.532,244.86,242.42,256.2,242.02,251.78,1.02072,246.1133,-1,263.88,215.9,245.6,1
002594.SZ,20221101,246.67,247.11,262.2,247.0,261.82,15.15,6.1418,219282.71,5620272.304,251.78,252.23,267.63,252.12,267.24,1.02072,256.3026,-1,271.34,222.0,260.68,1
002594.SZ,20221102,261.82,261.0,271.6,258.36,267.56,5.74,2.1923,187319.29,4980989.815,267.24,266.41,277.23,263.71,273.1,1.02072,265.9091,-1,288.0,235.64,266.39,1
002594.SZ,20221103,267.56,265.02,271.76,264.1,267.98,0.42,0.157,102383.97,2747240.766,273.1,270.51,277.39,269.57,273.53,1.02072,268.3272,-1,294.32,240.8,266.81,1
002594.SZ,20221104,267.98,268.98,283.02,268.0,280.2,12.22,4.56,224886.89,6270505.264,273.53,274.55,288.88,273.55,286.01,1.02072,278.8293,-1,294.78,241.18,278.98,1
002594.SZ,20221107,280.2,275.0,282.03,272.99,278.88,-1.32,-0.4711,135842.06,3781158.42,286.01,280.7,287.87,278.65,284.66,1.02072,278.3496,-1,308.22,252.18,277.66,1
002594.SZ,20221108,278.88,279.45,282.6,273.5,276.41,-2.47,-0.8857,105634.49,2925766.812,284.66,285.24,288.46,279.17,282.14,1.02072,276.9708,-1,306.77,250.99,275.21,1
002594.SZ,20221109,276.41,278.15,278.88,268.64,269.63,-6.78,-2.4529,111946.36,3038705.77,282.14,283.91,284.66,274.21,275.22,1.02072,271.443,-1,304.05,248.77,268.46,1
002594.SZ,20221110,269.63,264.63,264.97,255.8,260.26,-9.37,-3.4751,155496.77,4039239.83,275.22,270.11,270.46,261.1,265.65,1.02072,259.7636,-1,296.59,242.67,259.13,1
002594.SZ,20221111,260.26,270.5,272.97,265.16,268.8,8.54,3.2813,166099.59,4467701.122,265.65,276.1,278.63,270.65,274.37,1.02072,268.9773,-1,286.29,234.23,267.63,1
002594.SZ,20221114,268.8,269.23,272.54,262.76,263.79,-5.01,-1.8638,115236.97,3071390.41,274.37,274.81,278.19,268.2,269.26,1.02072,266.5282,-1,295.68,241.92,262.64,1
002594.SZ,20221115,263.79,263.99,268.3,260.1,267.0,3.21,1.2169,112848.35,2985500.714,269.26,269.46,273.86,265.49,272.53,1.02072,264.5587,-1,290.17,237.41,265.84,1
002594.SZ,20221116,267.0,265.78,266.6,260.1,261.08,-5.92,-2.2172,103549.41,2719934.793,272.53,271.29,272.12,265.49,266.49,1.02072,262.6702,-1,293.7,240.3,259.94,1
002594.SZ,20221117,261.08,259.91,259.91,253.58,257.0,-4.08,-1.5627,111260.57,2842104.513,266.49,265.3,265.3,258.83,262.33,1.02072,255.4458,-1,287.19,234.97,255.88,1
002594.SZ,20221118,257.0,257.77,259.56,253.5,254.68,-2.32,-0.9027,101183.76,2595461.705,262.33,263.11,264.94,258.75,259.96,1.02072,256.5097,-1,282.7,231.3,253.57,1
002594.SZ,20221121,254.68,252.84,254.6,248.51,254.2,-0.48,-0.1885,82515.07,2082807.825,259.96,258.08,259.88,253.66,259.47,1.02072,252.4154,-1,280.15,229.21,253.09,1
002594.SZ,20221122,254.2,255.0,255.25,250.0,250.49,-3.71,-1.4595,80145.51,2013576.333,259.47,260.28,260.54,255.18,255.68,1.02072,251.2401,-1,279.62,228.78,249.4,1
002594.SZ,20221123,250.49,250.49,251.5,247.2,251.5,1.01,0.4032,88468.81,2209509.306,255.68,255.68,256.71,252.32,256.71,1.02072,249.7501,-1,275.54,225.44,250.4,1
002594.SZ,20221124,251.5,253.35,255.0,248.28,249.39,-2.11,-0.839,85314.06,2137710.348,256.71,258.6,260.28,253.42,254.56,1.02072,250.5695,-1,276.65,226.35,248.3,1
002594.SZ,20221125,249.39,249.0,249.0,245.0,245.05,-4.34,-1.7402,87821.64,2160628.974,254.56,254.16,254.16,250.08,250.13,1.02072,246.0247,-1,274.33,224.45,243.98,1
002594.SZ,20221128,245.05,240.0,245.13,237.22,245.11,0.06,0.0245,99109.28,2387430.973,250.13,244.97,250.21,242.14,250.19,1.02072,240.8887,-1,269.56,220.55,244.04,1
002594.SZ,20221129,245.11,246.28,249.68,243.0,248.3,3.19,1.3015,123580.78,3051509.362,250.19,251.38,254.85,248.03,253.44,1.02072,246.9243,-1,269.62,220.6,247.22,1
002594.SZ,20221130,248.3,248.36,260.0,246.48,259.52,11.22,4.5187,212873.38,5434244.563,253.44,253.51,265.39,251.59,264.9,1.02072,255.2806,-1,273.13,223.47,258.39,1
002594.SZ,20221201,259.52,268.0,270.95,264.92,266.66,7.14,2.7512,257985.85,6927128.718,264.9,273.55,276.56,270.41,272.19,1.02072,268.5081,-1,285.47,233.57,265.5,1
002594.SZ,20221202,266.66,264.92,267.57,260.48,262.08,-4.58,-1.7175,116075.38,3062453.852,272.19,270.41,273.11,265.88,267.51,1.02072,263.8332,-1,293.33,239.99,260.94,1
002594.SZ,20221205,262.08,265.95,267.59,261.9,263.36,1.28,0.4884,105233.09,2776465.999,267.51,271.46,273.13,267.33,268.82,1.02072,263.8396,-1,288.29,235.87,262.21,1
002594.SZ,20221206,263.36,260.55,271.63,260.01,267.6,4.24,1.61,123006.79,3283672.654,268.82,265.95,277.26,265.4,273.14,1.02072,266.9505,-1,289.7,237.02,266.43,1
002594.SZ,20221207,267.6,267.65,278.28,267.65,273.74,6.14,2.2945,192665.93,5284876.703,273.14,273.2,284.05,273.2,279.41,1.02072,274.3026,-1,294.36,240.84,272.55,1
002594.SZ,20221208,273.74,273.75,275.0,270.87,274.29,0.55,0.2009,94580.65,2587392.486,279.41,279.42,280.7,276.48,279.97,1.02072,273.5647,-1,301.11,246.37,273.09,1
002594.SZ,20221209,274.29,275.48,277.7,271.45,274.7,0.41,0.1495,100992.32,2768392.889,279.97,281.19,283.45,277.07,280.39,1.02072,274.1191,-1,301.72,246.86,273.5,1
002594.SZ,20221212,274.7,271.96,273.47,268.0,269.88,-4.82,-1.7546,80128.21,2168695.196,280.39,277.6,279.14,273.55,275.47,1.02072,270.6531,-1,302.17,247.23,268.7,1
002594.SZ,20221213,269.88,272.0,275.0,269.5,269.8,-0.08,-0.0296,61384.33,1667300.818,275.47,277.64,280.7,275.08,275.39,1.02072,271.6167,-1,296.87,242.89,268.62,1
002594.SZ,20221214,269.8,269.41,269.44,263.6,266.4,-3.4,-1.2602,94364.62,2507895.817,275.39,274.99,275.02,269.06,271.92,1.02072,265.7665,-1,296.78,242.82,265.24,1
002594.SZ,20221215,266.4,266.33,272.28,263.51,271.46,5.06,1.8994,97123.45,2610706.544,271.92,271.85,277.92,268.97,277.08,1.02072,268.8029,-1,293.04,239.76,270.28,1
002594.SZ,20221216,271.46,270.07,271.37,267.55,270.51,-0.95,-0.35,56196.64,1512400.641,277.08,275.67,276.99,273.09,276.11,1.02072,269.1265,-1,298.61,244.31,269.33,1
002594.SZ,20221219,270.51,268.99,275.0,265.61,266.5,-4.01,-1.4824,84038.91,2264390.155,276.11,274.56,280.7,271.11,272.02,1.02072,269.4454,-1,297.56,243.46,265.34,1
002594.SZ,20221220,266.5,265.9,265.9,258.68,261.6,-4.9,-1.8386,84908.21,2218820.935,272.02,271.41,271.41,264.04,267.02,1.02072,261.32,-1,293.15,239.85,260.46,1
002594.SZ,20221221,261.6,261.58,262.85,259.6,260.8,-0.8,-0.3058,41966.3,1095313.222,267.02,267.0,268.3,264.98,266.2,1.02072,260.9983,-1,287.76,235.44,259.66,1
002594.SZ,20221222,260.8,263.0,263.5,258.51,259.19,-1.61,-0.6173,59209.95,1543323.319,266.2,268.45,268.96,263.87,264.56,1.02072,260.6527,-1,286.88,234.72,258.06,1
002594.SZ,20221223,259.19,256.1,256.4,250.5,252.18,-7.01,-2.7046,90818.68,2294101.018,264.56,261.41,261.71,255.69,257.41,1.02072,252.6023,-1,285.11,233.27,251.08,1
002594.SZ,20221226,252.18,252.2,263.5,252.19,262.42,10.24,4.0606,93547.53,2430254.725,257.41,257.43,268.96,257.42,267.86,1.02072,259.7882,-1,277.4,226.96,261.28,1
002594.SZ,20221227,262.42,263.46,263.98,259.8,262.12,-0.3,-0.1143,55536.54,1453871.979,267.86,268.92,269.45,265.18,267.55,1.02072,261.7866,-1,288.66,236.18,260.98,1
002594.SZ,20221228,262.12,257.5,259.2,253.0,254.62,-7.5,-2.8613,102563.78,2612261.022,267.55,262.84,264.57,258.24,259.9,1.02072,254.6963,-1,288.33,235.91,253.51,1
002594.SZ,20221229,254.62,253.99,258.86,252.13,254.76,0.14,0.055,72255.77,1841122.254,259.9,259.25,264.22,257.35,260.04,1.02072,254.8063,-1,280.08,229.16,253.65,1
002594.SZ,20221230,254.76,258.5,260.37,256.51,256.97,2.21,0.8675,74889.73,1931977.379,260.04,263.86,265.76,261.82,262.29,1.02072,257.9763,-1,280.24,229.28,255.85,1
002594.SZ,20230103,256.97,256.41,261.92,250.0,260.48,3.51,1.3659,121374.3,3108609.041,262.29,261.72,267.35,255.18,265.88,1.02072,256.1176,-1,282.67,231.27,259.35,1
002594.SZ,20230104,260.48,260.0,260.48,256.5,259.1,-1.38,-0.5298,72674.59,1881537.612,265.88,265.39,265.88,261.81,264.47,1.02072,258.899,-1,286.53,234.43,257.97,1
002594.SZ,20230105,259.1,262.52,267.59,261.06,265.08,5.98,2.308,118936.0,3143084.205,264.47,267.96,273.13,266.47,270.57,1.02072,264.2668,-1,285.01,233.19,263.92,1
002594.SZ,20230106,265.08,267.91,271.2,265.1,266.2,1.12,0.4225,138855.23,3726792.589,270.57,273.46,276.82,270.59,271.72,1.02072,268.3941,-1,291.59,238.57,265.04,1
002594.SZ,20230109,266.2,268.0,268.0,262.29,263.38,-2.82,-1.0594,114168.82,3020383.48,271.72,273.55,273.55,267.72,268.84,1.02072,264.5541,-1,292.82,239.58,262.23,1
002594.SZ,20230110,263.38,262.05,269.58,257.31,266.59,3.21,1.2188,173512.54,4568518.535,268.84,267.48,275.17,262.64,272.11,1.02072,263.2962,-1,289.72,237.04,265.43,1
002594.SZ,20230111,266.59,264.9,271.0,261.41,268.99,2.4,0.9003,128363.75,3429408.754,272.11,270.39,276.62,266.83,274.56,1.02072,267.1633,-1,293.25,239.93,267.82,1
002594.SZ,20230112,268.99,271.51,284.45,270.7,277.3,8.31,3.0893,223479.19,6213489.747,274.56,277.14,290.34,276.31,283.05,1.02072,278.0344,-1,295.89,242.09,276.09,1
002594.SZ,20230113,277.3,277.41,279.93,275.0,278.58,1.28,0.4616,128411.01,3556565.563,283.05,283.16,285.73,280.7,284.35,1.02072,276.9673,-1,305.03,249.57,277.37,1
002594.SZ,20230116,278.58,278.58,278.77,272.0,273.8,-4.78,-1.7158,164999.89,4536354.778,284.35,284.35,284.55,277.64,279.47,1.02072,274.9308,-1,306.44,250.72,272.61,1
002594.SZ,20230117,273.8,273.81,274.5,268.93,269.99,-3.81,-1.3915,111665.71,3020383.061,279.47,279.48,280.19,274.5,275.58,1.02072,270.4844,-1,301.18,246.42,268.81,1
002594.SZ,20230118,269.99,269.85,272.5,266.49,269.0,-0.99,-0.3667,86108.17,2315435.133,275.58,275.44,278.15,272.01,274.57,1.02072,268.8984,-1,296.99,242.99,267.83,1
002594.SZ,20230119,269.0,267.88,270.85,266.52,270.5,1.5,0.5576,81238.63,2185520.061,274.57,273.43,276.46,272.04,276.1,1.02072,269.0247,-1,295.9,242.1,269.32,1
002594.SZ,20230120,270.5,271.0,271.88,267.02,270.07,-0.43,-0.159,104649.35,2819530.181,276.1,276.62,277.51,272.55,275.67,1.02072,269.4264,-1,297.55,243.45,268.89,1
002594.SZ,20230130,270.07,285.0,288.0,281.0,281.99,11.92,4.4137,281854.41,8014418.508,275.67,290.91,293.97,286.82,287.83,1.02072,284.346,-1,297.08,243.06,280.76,1
002594.SZ,20230131,281.99,285.0,288.8,280.39,285.8,3.81,1.3511,187110.17,5339962.478,287.83,290.91,294.78,286.2,291.72,1.02072,285.3914,-1,310.19,253.79,284.55,1
002594.SZ,20230201,285.8,287.98,304.33,286.14,304.33,18.53,6.4836,272986.97,8144001.077,291.72,293.95,310.64,292.07,310.64,1.02072,298.3293,-1,314.38,257.22,303.0,1
002594.SZ,20230202,304.33,305.87,306.13,299.96,302.62,-1.71,-0.5619,148029.93,4485489.933,310.64,312.21,312.47,306.18,308.89,1.02072,303.0124,-1,334.76,273.9,301.3,1
002594.SZ,20230203,302.62,299.95,299.95,292.8,295.0,-7.62,-2.518,152948.28,4517779.88,308.89,306.16,306.16,298.87,301.11,1.02072,295.3796,-1,332.88,272.36,293.71,1
002594.SZ,20230206,295.0,291.69,291.69,287.61,289.98,-5.02,-1.7017,100446.6,2906251.55,301.11,297.73,297.73,293.57,295.99,1.02072,289.333,-1,324.5,265.5,288.72,1
002594.SZ,20230207,289.98,291.99,292.48,287.6,289.0,-0.98,-0.338,76834.74,2223584.358,295.99,298.04,298.54,293.56,294.99,1.02072,289.3983,-1,318.98,260.98,287.74,1
002594.SZ,20230208,289.0,289.0,289.0,282.8,285.66,-3.34,-1.1557,92901.44,2653105.085,294.99,294.99,294.99,288.66,291.58,1.02072,285.5828,-1,317.9,260.1,284.42,1
002594.SZ,20230209,285.66,284.0,288.82,282.3,288.33,2.67,0.9347,90648.89,2602093.564,291.58,289.88,294.8,288.15,294.3,1.02072,287.0519,-1,314.23,257.09,287.07,1
002594.SZ,20230210,288.33,285.88,285.9,280.0,281.86,-6.47,-2.244,129708.11,3659502.384,294.3,291.8,291.82,285.8,287.7,1.02072,282.1337,-1,317.16,259.5,280.63,1
002594.SZ,20230213,281.86,279.01,283.29,277.06,282.32,0.46,0.1632,93461.44,2628940.179,287.7,284.79,289.16,282.8,288.17,1.02072,281.2861,-1,310.05,253.67,281.09,1
002594.SZ,20230214,282.32,284.0,284.5,279.1,281.97,-0.35,-0.124,73643.68,2068766.543,288.17,289.88,290.39,284.88,287.81,1.02072,280.9157,-1,310.55,254.09,280.74,1
002594.SZ,20230215,281.97,283.0,283.9,278.56,279.0,-2.97,-1.0533,90832.16,2549250.814,287.81,288.86,289.78,284.33,284.78,1.02072,280.6551,-1,310.17,253.77,277.78,1
002594.SZ,20230216,279.0,280.0,281.79,274.85,277.02,-1.98,-0.7097,103348.15,2883947.589,284.78,285.8,287.63,280.54,282.76,1.02072,279.0517,-1,306.9,251.1,275.81,1
002594.SZ,20230217,277.02,276.49,278.1,271.28,271.66,-5.36,-1.9349,100996.5,2764372.531,282.76,282.22,283.86,276.9,277.29,1.02072,273.7097,-1,304.72,249.32,270.48,1
002594.SZ,20230220,271.66,271.59,273.3,267.0,272.8,1.14,0.4196,130701.48,3524868.435,277.29,277.22,278.96,272.53,278.45,1.02072,269.6885,-1,298.83,244.49,271.61,1
002594.SZ,20230221,272.8,272.0,276.56,270.28,274.75,1.95,0.7148,113690.06,3115649.014,278.45,277.64,282.29,275.88,280.44,1.02072,274.0476,-1,300.08,245.52,273.55,1
002594.SZ,20230222,274.75,271.9,272.62,268.9,270.42,-4.33,-1.576,85087.96,2301668.445,280.44,277.53,278.27,274.47,276.02,1.02072,270.5046,-1,302.23,247.28,269.24,1
002594.SZ,20230223,270.42,269.9,271.67,268.5,270.44,0.02,0.0074,100358.21,2705234.15,276.02,275.49,277.3,274.06,276.04,1.02072,269.5578,-1,297.46,243.38,269.26,1
002594.SZ,20230224,270.44,269.02,269.88,267.0,267.58,-2.86,-1.0575,66867.61,1790064.872,276.04,274.59,275.47,272.53,273.12,1.02072,267.7028,-1,297.48,243.4,266.41,1
002594.SZ,20230227,267.58,265.0,265.89,258.0,259.81,-7.77,-2.9038,169703.81,4428436.083,273.12,270.49,271.4,263.35,265.19,1.02072,260.9509,-1,294.34,240.82,258.68,1
002594.SZ,20230228,259.81,261.0,262.0,257.57,260.8,0.99,0.381,120330.03,3122819.224,265.19,266.41,267.43,262.91,266.2,1.02072,259.5212,-1,285.79,233.83,259.66,1
002594.SZ,20230301,260.8,260.75,266.54,257.76,265.5,4.7,1.8021,143657.61,3781045.101,266.2,266.15,272.06,263.1,271.0,1.02072,263.1984,-1,286.88,234.72,264.34,1
002594.SZ,20230302,265.5,266.12,268.13,262.0,263.71,-1.79,-0.6742,114904.96,3043464.76,271.0,271.63,273.69,267.43,269.17,1.02072,264.868,-1,292.05,238.95,262.56,1
002594.SZ,20230303,263.71,264.99,265.23,262.08,263.79,0.08,0.0303,63981.61,1686348.718,269.17,270.48,270.73,267.51,269.26,1.02072,263.5677,-1,290.08,237.34,262.64,1
002594.SZ,20230306,263.79,264.0,264.63,258.0,264.27,0.48,0.182,112124.47,2932174.905,269.26,269.47,270.11,263.35,269.75,1.02072,261.5107,-1,290.17,237.41,263.12,1
002594.SZ,20230307,264.27,264.18,266.99,260.5,260.68,-3.59,-1.3585,105932.88,2789608.646,269.75,269.65,272.52,265.9,266.08,1.02072,263.3374,-1,290.7,237.84,259.54,1
002594.SZ,20230308,260.68,258.5,259.79,255.0,256.99,-3.69,-1.4155,120897.6,3104294.281,266.08,263.86,265.17,260.28,262.31,1.02072,256.7705,-1,286.75,234.61,255.87,1
002594.SZ,20230309,256.99,256.5,259.83,254.01,256.07,-0.92,-0.358,96731.43,2481897.868,262.31,261.81,265.21,259.27,261.38,1.02072,256.5762,-1,282.69,231.29,254.95,1
002594.SZ,20230310,256.07,252.0,253.0,242.3,243.14,-12.93,-5.0494,283464.08,6951755.744,261.38,257.22,258.24,247.32,248.18,1.02072,245.2429,-1,281.68,230.46,242.08,1
002594.SZ,20230313,243.14,241.72,242.95,237.0,240.49,-2.65,-1.0899,167343.41,4010230.472,248.18,246.73,247.98,241.91,245.47,1.02072,239.6408,-1,267.45,218.83,239.44,1
002594.SZ,20230314,240.49,240.0,242.5,233.03,239.98,-0.51,-0.2121,198568.16,4715842.057,245.47,244.97,247.52,237.86,244.95,1.02072,237.4924,-1,264.54,216.44,238.93,1
002594.SZ,20230315,239.98,241.5,242.48,237.41,238.62,-1.36,-0.5667,120714.59,2895736.124,244.95,246.5,247.5,242.33,243.56,1.02072,239.8829,-1,263.98,215.98,237.58,1
002594.SZ,20230316,238.62,235.0,239.62,234.0,234.79,-3.83,-1.6051,118370.25,2793057.411,243.56,239.87,244.58,238.85,239.65,1.02072,235.9594,-1,262.48,214.76,233.77,1
002594.SZ,20230317,234.79,236.78,240.98,235.53,237.91,3.12,1.3288,135002.62,3213067.916,239.65,241.69,245.97,240.41,242.84,1.02072,238.0004,-1,258.27,211.31,236.87,1
002594.SZ,20230320,237.91,237.91,239.36,234.6,235.57,-2.34,-0.9836,86323.33,2041533.811,242.84,242.84,244.32,239.46,240.45,1.02072,236.4985,-1,261.7,214.12,234.54,1
002594.SZ,20230321,235.57,236.89,239.51,234.79,239.51,3.94,1.6725,108872.69,2585297.268,240.45,241.8,244.47,239.65,244.47,1.02072,237.4606,-1,259.13,212.01,238.47,1
002594.SZ,20230322,239.51,242.2,247.58,242.08,243.2,3.69,1.5406,155339.32,3800940.796,244.47,247.22,252.71,247.1,248.24,1.02072,244.6863,-1,263.46,215.56,242.14,1
002594.SZ,20230323,243.2,242.99,245.5,239.5,245.49,2.29,0.9416,97461.04,2374450.293,248.24,248.02,250.59,244.46,250.58,1.02072,243.6307,-1,267.52,218.88,244.42,1
002594.SZ,20230324,245.49,245.5,247.63,243.49,246.02,0.53,0.2159,81018.26,1990565.427,250.58,250.59,252.76,248.54,251.12,1.02072,245.6934,-1,270.04,220.94,244.95,1
002594.SZ,20230327,246.02,245.99,245.99,240.3,243.65,-2.37,-0.9633,92495.36,2246213.086,251.12,251.09,251.09,245.28,248.7,1.02072,242.846,-1,270.62,221.42,242.59,1
002594.SZ,20230328,243.65,244.5,245.67,242.4,245.01,1.36,0.5582,81845.04,1998797.291,248.7,249.57,250.76,247.42,250.09,1.02072,244.2173,-1,268.02,219.29,243.94,1
002594.SZ,20230329,245.01,246.55,250.25,246.55,247.7,2.69,1.0979,144302.62,3588758.349,250.09,251.66,255.44,251.66,252.83,1.02072,248.6967,-1,269.51,220.51,246.62,1
002594.SZ,20230330,247.7,250.0,257.2,250.0,257.2,9.5,3.8353,209267.22,5317797.712,252.83,255.18,262.53,255.18,262.53,1.02072,254.1152,-1,272.47,222.93,256.08,1
002594.SZ,20230331,257.2,258.97,260.86,255.0,256.02,-1.18,-0.4588,167007.61,4304295.452,262.53,264.34,266.27,260.28,261.32,1.02072,257.7305,-1,282.92,231.48,254.9,1
002594.SZ,20230403,256.02,256.0,258.24,252.26,255.92,-0.1,-0.0391,133691.25,3412119.593,261.32,261.3,263.59,257.49,261.22,1.02072,255.2239,-1,281.62,230.42,254.8,1
002594.SZ,20230404,255.92,255.81,255.81,247.99,250.92,-5.0,-1.9537,137744.33,3448255.051,261.22,261.11,261.11,253.13,256.12,1.02072,250.3373,-1,281.51,230.33,249.83,1
002594.SZ,20230406,250.92,248.0,250.88,245.68,250.0,-0.92,-0.3667,81942.27,2036216.982,256.12,253.14,256.08,250.77,255.18,1.02072,248.4941,-1,276.01,225.83,248.91,1
002594.SZ,20230407,250.0,250.05,252.13,248.33,249.28,-0.72,-0.288,68722.91,1718631.441,255.18,255.23,257.35,253.48,254.45,1.02072,250.0813,-1,275.0,225.0,248.19,1
002594.SZ,20230410,249.28,249.28,251.2,246.0,251.0,1.72,0.69,98057.91,2436804.939,254.45,254.45,256.4,251.1,256.2,1.02072,248.5067,-1,274.21,224.35,249.91,1
002594.SZ,20230411,251.0,252.15,254.49,248.6,249.83,-1.17,-0.4661,87455.12,2194591.845,256.2,257.37,259.76,253.75,255.01,1.02072,250.9392,-1,276.1,225.9,248.74,1
002594.SZ,20230412,249.83,248.8,248.8,243.33,243.4,-6.43,-2.5738,112329.7,2751446.164,255.01,253.96,253.96,248.37,248.44,1.02072,244.9438,-1,274.81,224.85,242.34,1
002594.SZ,20230413,243.4,240.58,243.0,237.77,242.82,-0.58,-0.2383,80964.64,1952037.226,248.44,245.56,248.03,242.7,247.85,1.02072,241.0975,-1,267.74,219.06,241.76,1
002594.SZ,20230414,242.82,243.4,247.47,242.99,246.06,3.24,1.3343,105506.44,2589957.803,247.85,248.44,252.6,248.02,251.16,1.02072,245.4786,-1,267.1,218.54,244.99,1
002594.SZ,20230417,246.06,245.0,249.68,244.21,249.44,3.38,1.3736,90393.85,2244153.587,251.16,250.08,254.85,249.27,254.61,1.02072,248.264,-1,270.67,221.45,248.35,1
002594.SZ,20230418,249.44,250.4,252.18,248.44,249.0,-0.44,-0.1764,78432.2,1961474.846,254.61,255.59,257.41,253.59,254.16,1.02072,250.0854,-1,274.38,224.5,247.92,1
002594.SZ,20230419,249.0,249.0,253.2,246.09,250.85,1.85,0.743,111927.47,2793037.791,254.16,254.16,258.45,251.19,256.05,1.02072,249.54,-1,273.9,224.1,249.76,1
002594.SZ,20230420,250.85,249.93,249.93,245.0,245.02,-5.83,-2.3241,100308.3,2470721.41,256.05,255.11,255.11,250.08,250.1,1.02072,246.3128,-1,275.94,225.77,243.95,1
002594.SZ,20230421,245.02,244.5,248.95,243.0,243.0,-2.02,-0.8244,104052.48,2553937.672,250.1,249.57,254.11,248.03,248.03,1.02072,245.4471,-1,269.52,220.52,241.94,1
002594.SZ,20230424,243.0,244.1,258.6,243.18,253.49,10.49,4.3169,267017.34,6747607.047,248.03,249.16,263.96,248.22,258.74,1.02072,252.703,-1,267.3,218.7,252.39,1
002594.SZ,20230425,253.49,251.0,251.8,242.2,244.3,-9.19,-3.6254,187418.73,4589549.733,258.74,256.2,257.02,247.22,249.36,1.02072,244.8821,-1,278.84,228.14,243.24,1
002594.SZ,20230426,244.3,243.0,254.54,241.0,251.0,6.7,2.7425,174492.04,4353221.18,249.36,248.03,259.81,245.99,256.2,1.02072,249.4796,-1,268.73,219.87,249.91,1
002594.SZ,20230427,251.0,250.0,258.99,249.55,258.92,7.92,3.1554,242464.38,6228404.693,256.2,255.18,264.36,254.72,264.28,1.02072,256.8792,-1,276.1,225.9,257.79,1
002594.SZ,20230428,258.92,261.47,262.97,254.0,255.86,-3.06,-1.1818,191944.8,4933612.984,264.28,266.89,268.42,259.26,261.16,1.02072,257.0329,-1,284.81,233.03,254.75,1
002594.SZ,20230504,255.86,255.0,257.61,251.4,252.52,-3.34,-1.3054,118124.27,3002183.827,261.16,260.28,262.95,256.61,257.75,1.02072,254.1547,-1,281.45,230.27,251.42,1
002594.SZ,20230505,252.52,252.55,253.8,247.95,250.07,-2.45,-0.9702,102439.59,2560075.787,257.75,257.78,259.06,253.09,255.25,1.02072,249.9108,-1,277.77,227.27,248.98,1
002594.SZ,20230508,250.07,253.0,259.1,252.52,254.03,3.96,1.5836,121626.2,3104234.524,255.25,258.24,264.47,257.75,259.29,1.02072,255.2275,-1,275.08,225.06,252.92,1
002594.SZ,20230509,254.03,250.04,253.36,249.0,250.11,-3.92,-1.5431,89884.83,2253697.879,259.29,255.22,258.61,254.16,255.29,1.02072,250.7317,-1,279.43,228.63,249.02,1
002594.SZ,20230510,250.11,251.0,262.18,249.2,259.79,9.68,3.8703,253690.89,6542224.183,255.29,256.2,267.61,254.36,265.17,1.02072,257.8817,-1,275.12,225.1,258.66,1
002594.SZ,20230511,259.79,260.77,269.8,258.68,263.75,3.96,1.5243,214236.87,5669565.808,265.17,266.17,275.39,264.04,269.21,1.02072,264.6401,-1,285.77,233.81,262.6,1
002594.SZ,20230512,263.75,266.0,268.25,259.52,260.1,-3.65,-1.3839,104573.53,2750523.184,269.21,271.51,273.81,264.9,265.49,1.02072,263.0229,-1,290.13,237.38,258.97,1
002594.SZ,20230515,260.1,260.1,266.55,258.7,264.9,4.8,1.8454,136926.27,3615695.776,265.49,265.49,272.07,264.06,270.39,1.02072,264.0615,-1,286.11,234.09,263.75,1
002594.SZ,20230516,264.9,264.39,267.42,263.2,265.13,0.23,0.0868,81639.31,2162966.661,270.39,269.87,272.96,268.65,270.62,1.02072,264.9418,-1,291.39,238.41,263.97,1
002594.SZ,20230517,265.13,264.99,265.8,259.01,261.0,-4.13,-1.5577,89556.05,2336687.603,270.62,270.48,271.31,264.38,266.41,1.02072,260.919,-1,291.64,238.62,259.86,1
002594.SZ,20230518,261.0,262.3,263.88,256.56,259.08,-1.92,-0.7356,100696.65,2610927.791,266.41,267.73,269.35,261.88,264.45,1.02072,259.2865,-1,287.1,234.9,257.95,1
002594.SZ,20230519,259.08,258.18,260.92,256.3,259.18,0.1,0.0386,60105.82,1557739.695,264.45,263.53,266.33,261.61,264.55,1.02072,259.1662,-1,284.99,233.17,258.05,1
002594.SZ,20230522,259.18,260.92,266.0,257.08,265.1,5.92,2.2841,120165.21,3160916.357,264.55,266.33,271.51,262.41,270.59,1.02072,263.0475,-1,285.1,233.26,263.94,1
002594.SZ,20230523,265.1,265.04,266.88,262.93,262.93,-2.17,-0.8186,90619.4,2401159.869,270.59,270.53,272.41,268.38,268.38,1.02072,264.9719,-1,291.61,238.59,261.78,1
002594.SZ,20230524,262.93,261.6,265.0,259.52,261.91,-1.02,-0.3879,68092.95,1787131.273,268.38,267.02,270.49,264.9,267.34,1.02072,262.4547,-1,289.22,236.64,260.77,1
002594.SZ,20230525,261.91,261.96,263.85,255.14,255.6,-6.31,-2.4092,132078.95,3413072.494,267.34,267.39,269.32,260.43,260.9,1.02072,258.4115,-1,288.1,235.72,254.49,1
002594.SZ,20230526,255.6,253.0,253.0,242.8,246.99,-8.61,-3.3685,185813.4,4583193.89,260.9,258.24,258.24,247.83,252.11,1.02072,246.6557,-1,281.16,230.04,245.91,1
002594.SZ,20230529,246.99,250.0,250.55,242.0,244.93,-2.06,-0.834,124722.91,3051361.333,252.11,255.18,255.74,247.01,250.0,1.02072,244.6512,-1,271.69,222.29,243.86,1
002594.SZ,20230530,244.93,245.95,255.0,245.83,252.2,7.27,2.9682,166880.58,4201064.907,250.0,251.05,260.28,250.92,257.43,1.02072,251.7408,-1,269.42,220.44,251.1,1
002594.SZ,20230531,252.2,252.2,254.9,249.65,253.66,1.46,0.5789,118381.17,2995495.154,257.43,257.43,260.18,254.82,258.92,1.02072,253.0381,-1,277.42,226.98,252.55,1
002594.SZ,20230601,253.66,253.66,257.88,253.23,255.45,1.79,0.7057,86735.71,2217698.926,258.92,258.92,263.22,258.48,260.74,1.02072,255.6846,-1,279.03,228.29,254.34,1
002594.SZ,20230602,255.45,257.88,259.59,255.6,259.06,3.61,1.4132,110679.75,2854069.098,260.74,263.22,264.97,260.9,264.43,1.02072,257.8673,-1,281.0,229.91,257.93,1
002594.SZ,20230605,259.06,259.0,259.06,251.67,258.32,-0.74,-0.2856,104794.52,2682476.684,264.43,264.37,264.43,256.88,263.67,1.02072,255.9749,-1,284.97,233.15,257.19,1
002594.SZ,20230606,258.32,257.95,265.0,256.18,260.88,2.56,0.991,128981.11,3371155.485,263.67,263.29,270.49,261.49,266.29,1.02072,261.3682,-1,284.15,232.49,259.74,1
002594.SZ,20230607,260.88,262.0,263.44,255.5,256.55,-4.33,-1.6598,100490.28,2598158.541,266.29,267.43,268.9,260.79,261.87,1.02072,258.5482,-1,286.97,234.79,255.43,1
002594.SZ,20230608,256.55,256.19,258.84,254.47,255.0,-1.55,-0.6042,64454.26,1650438.582,261.87,261.5,264.2,259.74,260.28,1.02072,256.0635,-1,282.21,230.9,253.89,1
002594.SZ,20230609,255.0,258.8,259.1,252.5,258.0,3.0,1.1765,107484.01,2753073.835,260.28,264.16,264.47,257.73,263.35,1.02072,256.138,-1,280.5,229.5,256.88,1
002594.SZ,20230612,258.0,256.5,263.0,255.5,260.51,2.51,0.9729,102891.21,2682484.32,263.35,261.81,268.45,260.79,265.91,1.02072,260.7107,-1,283.8,232.2,259.37,1
002594.SZ,20230613,260.51,260.5,262.0,257.13,261.22,0.71,0.2725,81511.47,2117925.896,265.91,265.9,267.43,262.46,266.63,1.02072,259.8316,-1,286.56,234.46,260.08,1
002594.SZ,20230614,261.22,262.68,265.39,261.5,263.0,1.78,0.6814,125776.0,3318766.726,266.63,268.12,270.89,266.92,268.45,1.02072,263.8633,-1,287.34,235.1,261.85,1
002594.SZ,20230615,263.0,263.5,275.01,263.29,271.88,8.88,3.3764,243961.07,6622887.119,268.45,268.96,280.71,268.75,277.51,1.02072,271.4731,-1,289.3,236.7,270.7,1
002594.SZ,20230616,271.88,273.86,275.86,270.0,271.08,-0.8,-0.2942,152296.82,4146755.899,277.51,279.53,281.58,275.59,276.7,1.02072,272.2812,-1,299.07,244.69,269.9,1
002594.SZ,20230619,271.08,271.08,274.99,267.88,269.21,-1.87,-0.6898,123564.75,3342857.529,276.7,276.7,280.69,273.43,274.79,1.02072,270.5349,-1,298.19,243.97,268.04,1
002594.SZ,20230620,269.21,269.01,269.2,264.9,268.25,-0.96,-0.3566,102366.16,2734002.025,274.79,274.58,274.78,270.39,273.81,1.02072,267.0806,-1,296.13,242.29,267.08,1
002594.SZ,20230621,268.25,267.01,273.28,266.25,267.78,-0.47,-0.1752,107811.76,2906861.071,273.81,272.54,278.94,271.77,273.33,1.02072,269.6237,-1,295.08,241.43,266.61,1
002594.SZ,20230626,267.78,262.43,268.69,262.3,262.89,-4.89,-1.8261,101512.22,2681452.522,273.33,267.87,274.26,267.73,268.34,1.02072,264.1507,-1,294.56,241.0,261.74,1
002594.SZ,20230627,262.89,262.02,263.85,257.08,260.05,-2.84,-1.0803,99028.65,2570404.964,268.34,267.45,269.32,262.41,265.44,1.02072,259.5617,-1,289.18,236.6,258.92,1
002594.SZ,20230628,260.05,260.0,262.5,258.1,260.25,0.2,0.0769,57269.51,1489543.301,265.44,265.39,267.94,263.45,265.64,1.02072,260.0936,-1,286.06,234.05,259.12,1
002594.SZ,20230629,260.25,260.25,260.78,255.23,255.7,-4.55,-1.7483,83485.05,2148587.117,265.64,265.64,266.18,260.52,261.0,1.02072,257.3619,-1,286.28,234.23,254.59,1
002594.SZ,20230630,255.7,254.13,260.0,253.7,258.27,2.57,1.0051,75724.36,1952424.866,261.0,259.4,265.39,258.96,263.62,1.02072,257.8331,-1,281.27,230.13,257.14,1
002594.SZ,20230703,258.27,258.88,269.27,258.88,267.48,9.21,3.566,162565.06,4313305.226,263.62,264.24,274.85,264.24,273.02,1.02072,265.3279,-1,284.1,232.44,266.31,1
002594.SZ,20230704,267.48,268.5,275.0,266.51,271.5,4.02,1.5029,157120.02,4271284.305,273.02,274.06,280.7,272.03,277.13,1.02072,271.8485,-1,294.23,240.73,270.32,1
002594.SZ,20230705,271.5,271.51,272.48,265.69,267.0,-4.5,-1.6575,93033.13,2493339.683,277.13,277.14,278.13,271.2,272.53,1.02072,268.0056,-1,298.65,244.35,265.84,1
002594.SZ,20230706,267.0,267.0,272.0,266.8,268.1,1.1,0.412,83711.85,2249759.123,272.53,272.53,277.64,272.33,273.66,1.02072,268.7504,-1,293.7,240.3,266.93,1
002594.SZ,20230707,268.1,267.0,267.66,264.11,264.4,-3.7,-1.3801,62191.5,1650354.364,273.66,272.53,273.21,269.58,269.88,1.02072,265.3665,-1,294.91,241.29,263.25,1
002594.SZ,20230710,264.4,267.0,269.5,262.75,263.55,-0.85,-0.3215,68877.62,1824432.454,269.88,272.53,275.08,268.19,269.01,1.02072,264.8803,-1,290.84,237.96,262.4,1
002594.SZ,20230711,263.55,265.0,270.69,263.8,269.33,5.78,2.1931,102405.2,2744333.129,269.01,270.49,276.3,269.27,274.91,1.02072,267.9877,-1,289.91,237.2,268.16,1
002594.SZ,20230712,269.33,270.5,271.15,264.66,265.61,-3.72,-1.3812,87031.95,2328017.076,274.91,276.1,276.77,270.14,271.11,1.02072,267.4899,-1,296.26,242.4,264.45,1
002594.SZ,20230713,265.61,267.5,269.5,265.01,267.83,2.22,0.8358,82753.01,2213414.441,271.11,273.04,275.08,270.5,273.38,1.02072,267.4724,-1,292.17,239.05,266.66,1
002594.SZ,20230714,267.83,267.8,267.8,263.5,264.41,-3.42,-1.2769,102722.03,2718639.361,273.38,273.35,273.35,268.96,269.89,1.02072,264.6598,-1,294.61,241.05,263.26,1
002594.SZ,20230717,264.41,267.0,267.0,262.35,264.49,0.08,0.0303,78926.63,2086663.751,269.89,272.53,272.53,267.79,269.97,1.02072,264.3802,-1,290.85,237.97,263.34,1
002594.SZ,20230718,264.49,265.25,267.57,260.5,265.48,0.99,0.3743,98456.48,2603934.532,269.97,270.75,273.11,265.9,270.98,1.02072,264.4757,-1,290.94,238.04,264.32,1
002594.SZ,20230719,265.48,265.49,265.9,262.74,264.83,-0.65,-0.2448,50250.0,1328126.187,270.98,270.99,271.41,268.18,270.32,1.02072,264.3037,-1,292.03,238.93,263.68,1
002594.SZ,20230720,264.83,265.5,269.5,264.0,264.95,0.12,0.0453,91270.51,2434017.185,270.32,271.0,275.08,269.47,270.44,1.02072,266.6817,-1,291.31,238.35,263.8,1
002594.SZ,20230721,264.95,264.0,264.8,261.55,264.32,-0.63,-0.2378,75287.03,1979318.622,270.44,269.47,270.29,266.97,269.8,1.02072,262.903,-1,291.45,238.46,263.17,1
002594.SZ,20230724,264.32,261.01,262.77,257.49,257.5,-6.82,-2.5802,95950.37,2491708.306,269.8,266.42,268.21,262.83,262.84,1.02072,259.6872,-1,290.75,237.89,256.38,1
002594.SZ,20230725,257.5,262.68,266.99,262.65,264.59,7.09,2.7534,173882.84,4604657.752,262.84,268.12,272.52,268.09,270.07,1.02072,264.8138,-1,283.25,231.75,263.44,1
002594.SZ,20230726,264.59,263.76,263.76,260.6,262.09,-2.5,-0.9449,65864.88,1723363.551,270.07,269.23,269.23,266.0,267.52,1.02072,261.6514,-1,291.05,238.13,260.95,1
002594.SZ,20230727,262.09,264.5,265.77,260.8,261.63,-0.46,-0.1755,112650.69,2962230.532,267.52,269.98,271.28,266.2,267.05,1.02072,262.9572,-1,288.3,235.88,260.49,1
002594.SZ,20230728,260.49,260.0,267.65,258.22,267.0,6.51,2.4991,173308.25,4584230.666,267.05,266.55,274.39,264.72,273.72,1.025187,264.5131,2,286.54,234.44,267.0,0
002594.SZ,20230731,267.0,270.0,276.58,269.88,272.0,5.0,1.8727,215060.16,5874722.583,273.72,276.8,283.55,276.68,278.85,1.025187,273.1665,-1,293.7,240.3,272.0,0
002594.SZ,20230801,272.0,271.76,272.76,266.5,268.5,-3.5,-1.2868,120339.93,3239067.594,278.8509,278.6048,279.63,273.2123,275.2627,1.025187,269.1598,-1,299.2,244.8,268.5,1
002594.SZ,20230802,268.5,270.7,272.0,266.36,268.0,-0.5,-0.1862,87393.51,2346829.431,275.26,277.52,278.85,273.07,274.75,1.025187,268.5359,-1,295.35,241.65,268.0,0
002594.SZ,20230803,268.0,267.28,268.48,265.51,268.23,0.23,0.0858,66169.88,1766952.896,274.75,274.01,275.24,272.2,274.99,1.025187,267.0328,-1,294.8,241.2,268.23,0
002594.SZ,20230804,268.23,268.99,270.07,266.65,268.3,0.07,0.0261,88053.15,2358257.628,274.99,275.77,276.87,273.37,275.06,1.025187,267.8221,-1,295.05,241.41,268.3,0
002594.SZ,20230807,268.3,267.93,267.93,265.19,266.99,-1.31,-0.4883,64203.8,1710317.723,275.06,274.68,274.68,271.87,273.71,1.025187,266.3889,-1,295.13,241.47,266.99,0
002594.SZ,20230808,266.99,265.2,266.5,262.51,263.3,-3.69,-1.3821,91711.88,2419517.105,273.71,271.88,273.21,269.12,269.93,1.025187,263.8172,-1,293.69,240.29,263.3,0
002594.SZ,20230809,263.3,262.0,263.5,260.23,262.9,-0.4,-0.1519,72499.37,1897124.688,269.93,268.6,270.14,266.78,269.52,1.025187,261.6746,-1,289.63,236.97,262.9,0
002594.SZ,20230810,262.9,263.0,264.87,260.74,262.7,-0.2,-0.0761,60016.1,1575799.641,269.52,269.62,271.54,267.31,269.32,1.025187,262.5628,-1,289.19,236.61,262.7,0
002594.SZ,20230811,262.7,262.69,262.7,259.01,259.25,-3.45,-1.3133,86125.28,2242256.361,269.32,269.31,269.32,265.53,265.78,1.025187,260.3482,-1,288.97,236.43,259.25,0
002594.SZ,20230814,259.25,255.0,256.99,243.49,245.82,-13.43,-5.1803,252890.35,6237439.722,265.78,261.42,263.46,249.62,252.01,1.025187,246.646,-1,285.18,233.33,245.82,0
002594.SZ,20230815,245.82,245.82,246.13,241.9,244.54,-1.28,-0.5207,115021.29,2804377.793,252.01,252.01,252.33,247.99,250.7,1.025187,243.8138,-1,270.4,221.24,244.54,0
002594.SZ,20230816,244.54,243.28,245.5,242.21,244.2,-0.34,-0.139,79979.36,1953463.842,250.7,249.41,251.68,248.31,250.35,1.025187,244.246,-1,268.99,220.09,244.2,1
002594.SZ,20230817,244.2,243.37,246.34,240.4,246.01,1.81,0.7412,86835.55,2118628.433,250.3507,249.4998,252.5446,246.455,252.2063,1.025187,243.9817,-1,268.62,219.78,246.01,0
002594.SZ,20230818,246.01,245.56,245.56,240.0,240.29,-5.72,-2.3251,98466.5,2385483.843,252.2063,251.7449,251.7449,246.0449,246.3422,1.025187,242.2635,-1,270.61,221.41,240.29,0
002594.SZ,20230821,240.29,239.8,239.88,234.05,234.41,-5.88,-2.447,127879.2,3022536.162,246.3422,245.8398,245.9219,239.945,240.3141,1.025187,236.3587,-1,264.32,216.26,234.41,0
002594.SZ,20230822,234.41,237.97,238.5,230.9,234.54,0.13,0.0555,112115.89,2620973.083,240.3141,243.9638,244.5071,236.7157,240.4474,1.025187,233.7736,-1,257.85,210.97,234.54,0
002594.SZ,20230823,234.54,234.54,234.54,230.03,230.09,-4.45,-1.8973,81237.55,1882331.986,240.4474,240.4474,240.4474,235.8238,235.8853,1.025187,231.7071,-1,257.99,211.09,230.09,0
002594.SZ,20230824,230.09,231.01,237.0,231.01,234.9,4.81,2.0905,106810.59,2501734.161,235.8853,236.8284,242.9693,236.8284,240.8164,1.025187,234.2215,-1,253.1,207.08,234.9,0
002594.SZ,20230825,234.9,233.28,234.33,231.5,232.6,-2.3,-0.9791,66775.26,1554437.027,240.8164,239.1556,240.2321,237.3308,238.4585,1.025187,232.7864,-1,258.39,211.41,232.6,0
002594.SZ,20230828,232.6,248.0,248.0,234.25,235.53,2.93,1.2597,133527.36,3189524.811,238.4585,254.2464,254.2464,240.1501,241.4623,1.025187,238.8668,-1,255.86,209.34,235.53,0
002594.SZ,20230829,235.53,236.81,247.5,236.81,246.71,11.18,4.7467,213223.46,5201525.92,241.4623,242.7745,253.7338,242.7745,252.9239,1.025187,243.9472,-1,259.08,211.98,246.71,0
002594.SZ,20230830,246.71,249.33,251.47,247.84,249.8,3.09,1.2525,152187.35,3798606.951,252.9239,255.6099,257.8038,254.0823,256.0917,1.025187,249.6007,-1,271.38,222.04,249.8,0
002594.SZ,20230831,249.8,250.51,250.99,248.0,249.4,-0.4,-0.1601,88733.96,2214559.039,256.0917,256.8196,257.3117,254.2464,255.6816,1.025187,249.5729,-1,274.78,224.82,249.4,0
002594.SZ,20230901,249.4,253.0,254.47,248.0,249.12,-0.28,-0.1123,77771.83,1949444.069,255.6816,259.3723,260.8793,254.2464,255.3946,1.025187,250.662,-1,274.34,224.46,249.12,0
002594.SZ,20230904,249.12,251.6,253.0,248.88,252.45,3.33,1.3367,96511.6,2427791.469,255.3946,257.937,259.3723,255.1485,258.8085,1.025187,251.5544,-1,274.03,224.21,252.45,0
002594.SZ,20230905,252.45,252.2,252.2,248.69,249.03,-3.42,-1.3547,74570.5,1864915.96,258.8085,258.5522,258.5522,254.9538,255.3023,1.025187,250.0876,-1,277.7,227.21,249.03,0
002594.SZ,20230906,249.03,250.0,252.3,249.3,250.45,1.42,0.5702,65928.56,1653726.027,255.3023,256.2968,258.6547,255.5791,256.7581,1.025187,250.8361,-1,273.93,224.13,250.45,0
002594.SZ,20230907,250.45,250.42,250.42,248.11,248.4,-2.05,-0.8185,60913.02,1517662.852,256.7581,256.7273,256.7273,254.3591,254.6565,1.025187,249.1525,-1,275.5,225.41,248.4,0
002594.SZ,20230908,248.4,247.01,247.01,242.69,244.05,-4.35,-1.7512,67634.4,1651599.178,254.6565,253.2314,253.2314,248.8026,250.1969,1.025187,244.1951,-1,273.24,223.56,244.05,0
002594.SZ,20230911,244.05,243.7,248.5,242.2,247.01,2.96,1.2129,76513.44,1876707.032,250.1969,249.8381,254.759,248.3003,253.2314,1.025187,245.2781,-1,268.46,219.65,247.01,0
002594.SZ,20230912,247.01,248.7,253.37,247.1,251.99,4.98,2.0161,119532.4,3004363.229,253.2314,254.964,259.7516,253.3237,258.3369,1.025187,251.343,-1,271.71,222.31,251.99,0
002594.SZ,20230913,251.99,252.0,254.28,250.4,251.55,-0.44,-0.1746,91478.97,2305291.96,258.3369,258.3471,260.6846,256.7068,257.8858,1.025187,252.0024,-1,277.19,226.79,251.55,0
002594.SZ,20230914,251.55,246.8,246.95,242.0,243.63,-7.92,-3.1485,152580.25,3722930.909,257.8858,253.0162,253.1699,248.0953,249.7663,1.025187,243.9982,-1,276.71,226.4,243.63,0
002594.SZ,20230915,243.63,244.0,246.84,241.51,244.29,0.66,0.2709,82255.95,2010812.284,249.7663,250.1456,253.0572,247.5929,250.4429,1.025187,244.458,-1,267.99,219.27,244.29,0
002594.SZ,20230918,244.29,244.5,251.2,244.29,247.38,3.09,1.2649,96405.22,2395846.503,250.4429,250.6582,257.527,250.4429,253.6108,1.025187,248.5183,-1,268.72,219.86,247.38,0
002594.SZ,20230919,247.38,246.0,248.28,243.8,247.17,-0.21,-0.0849,62396.93,1533948.927,253.6108,252.196,254.5334,249.9406,253.3955,1.025187,245.8372,-1,272.12,222.64,247.17,0
002594.SZ,20230920,247.17,245.0,246.28,244.0,244.0,-3.17,-1.2825,54497.1,1332673.933,253.3955,251.1708,252.4831,250.1456,250.1456,1.025187,244.5403,-1,271.89,222.45,244.0,0
002594.SZ,20230921,244.0,243.0,243.87,238.55,239.68,-4.32,-1.7705,92964.62,2232606.21,250.1456,249.1204,250.0124,244.5584,245.7168,1.025187,240.1565,-1,268.4,219.6,239.68,0
002594.SZ,20230922,239.68,239.52,245.66,238.5,245.05,5.37,2.2405,96763.96,2356419.361,245.7168,245.5528,251.8474,244.5071,251.2221,1.025187,243.5224,-1,263.65,215.71,245.05,0
002594.SZ,20230925,245.05,246.83,246.98,244.35,245.8,0.75,0.3061,64786.8,1592828.38,251.2221,253.0469,253.2007,250.5044,251.991,1.025187,245.8569,-1,269.56,220.55,245.8,0
002594.SZ,20230926,245.8,245.0,245.0,238.3,238.5,-7.3,-2.9699,118462.63,2846103.7,251.991,251.1708,251.1708,244.3021,244.5071,1.025187,240.2533,-1,270.38,221.22,238.5,0
002594.SZ,20230927,238.5,239.11,242.22,237.79,237.83,-0.67,-0.2809,75733.67,1808518.866,244.5071,245.1325,248.3208,243.7792,243.8202,1.025187,238.7998,-1,262.35,214.65,237.83,0
002594.SZ,20230928,237.83,238.8,239.5,236.05,236.7,-1.13,-0.4751,85257.68,2022931.184,243.8202,244.8147,245.5323,241.9954,242.6618,1.025187,237.2726,-1,261.61,214.05,236.7,0
002594.SZ,20231009,236.7,236.7,238.51,229.66,237.97,1.27,0.5365,91790.71,2162900.147,242.6618,242.6618,244.5174,235.4444,243.9638,1.025187,235.6339,-1,260.37,213.03,237.97,0
002594.SZ,20231010,237.97,237.96,240.02,237.0,237.91,-0.06,-0.0252,63936.61,1524841.111,243.9638,243.9535,246.0654,242.9693,243.9022,1.025187,238.4926,-1,261.77,214.17,237.91,0
002594.SZ,20231011,237.91,241.96,242.5,238.0,238.59,0.68,0.2858,76683.73,1838352.974,243.9022,248.0542,248.6078,243.9945,244.5994,1.025187,239.7318,-1,261.7,214.12,238.59,0
002594.SZ,20231012,238.59,240.4,245.5,239.0,244.45,5.86,2.4561,139340.94,3391600.251,244.5994,246.455,251.6834,245.0197,250.607,1.025187,243.403,-1,262.45,214.73,244.45,0
002594.SZ,20231013,244.45,241.9,242.77,239.8,240.36,-4.09,-1.6731,66445.23,1598611.952,250.607,247.9927,248.8846,245.8398,246.4139,1.025187,240.5909,-1,268.9,220.01,240.36,0
002594.SZ,20231016,240.36,240.4,241.08,236.5,237.51,-2.85,-1.1857,66022.21,1573224.653,246.4139,246.455,247.1521,242.4567,243.4922,1.025187,238.2872,-1,264.4,216.32,237.51,0
002594.SZ,20231017,237.51,237.52,239.99,236.5,238.0,0.49,0.2063,49163.59,1169236.112,243.4922,243.5024,246.0346,242.4567,243.9945,1.025187,237.8256,-1,261.26,213.76,238.0,0
002594.SZ,20231018,238.0,245.6,251.0,244.0,249.07,11.07,4.6513,307862.84,7646061.771,243.9945,251.7859,257.3219,250.1456,255.3433,1.025187,248.3594,-1,261.8,214.2,249.07,0
002594.SZ,20231019,249.07,246.95,247.97,240.34,240.6,-8.47,-3.4007,147753.28,3595894.522,255.3433,253.1699,254.2156,246.3934,246.66,1.025187,243.3716,-1,273.98,224.16,240.6,0
002594.SZ,20231020,240.6,240.0,241.8,238.21,239.2,-1.4,-0.5819,85658.61,2050294.971,246.66,246.0449,247.8902,244.2098,245.2247,1.025187,239.3566,-1,264.66,216.54,239.2,0
002594.SZ,20231023,239.2,240.0,240.0,236.2,238.65,-0.55,-0.2299,73536.83,1747793.907,245.2247,246.0449,246.0449,242.1492,244.6609,1.025187,237.676,-1,263.12,215.28,238.65,0
002594.SZ,20231024,238.65,239.3,240.5,234.67,235.55,-3.1,-1.299,110778.92,2614866.694,244.6609,245.3272,246.5575,240.5806,241.4828,1.025187,236.0437,-1,262.52,214.79,235.55,0
002594.SZ,20231025,235.55,237.97,240.01,236.22,237.4,1.85,0.7854,83675.73,1993861.828,241.4828,243.9638,246.0551,242.1697,243.3794,1.025187,238.2844,-1,259.11,212.0,237.4,0
002594.SZ,20231026,237.4,236.06,238.8,235.7,238.61,1.21,0.5097,73199.35,1738279.51,243.3794,242.0056,244.8147,241.6366,244.6199,1.025187,237.472,-1,261.14,213.66,238.61,0
002594.SZ,20231027,238.61,238.0,243.5,237.52,241.95,3.34,1.3998,103205.56,2490630.305,244.6199,243.9945,249.633,243.5024,248.044,1.025187,241.3271,-1,262.47,214.75,241.95,0
002594.SZ,20231030,241.95,239.51,244.99,238.7,244.6,2.65,1.0953,117295.47,2849732.929,248.044,245.5425,251.1606,244.7121,250.7607,1.025187,242.9534,-1,266.15,217.76,244.6,0
002594.SZ,20231031,244.6,243.5,243.99,237.5,238.54,-6.06,-2.4775,127204.75,3044814.889,250.7607,249.633,250.1354,243.4819,244.5481,1.025187,239.3633,-1,269.06,220.14,238.54,0
002594.SZ,20231101,238.54,238.0,238.0,235.42,236.2,-2.34,-0.981,93390.42,2206820.551,244.5481,243.9945,243.9945,241.3495,242.1492,1.025187,236.3005,-1,262.39,214.69,236.2,0
002594.SZ,20231102,236.2,237.86,237.88,234.8,234.8,-1.4,-0.5927,85414.16,2015702.321,242.1492,243.851,243.8715,240.7139,240.7139,1.025187,235.9916,-1,259.82,212.58,234.8,0
002594.SZ,20231103,234.8,235.51,239.15,234.88,238.65,3.85,1.6397,90679.42,2154652.391,240.7139,241.4418,245.1735,240.7959,244.6609,1.025187,237.6121,-1,258.28,211.32,238.65,0
002594.SZ,20231106,238.65,240.51,243.43,240.0,242.9,4.25,1.7809,143547.86,3472633.48,244.6609,246.5677,249.5613,246.0449,249.0179,1.025187,241.9147,-1,262.52,214.79,242.9,0
002594.SZ,20231107,242.9,243.0,244.3,240.51,240.97,-1.93,-0.7946,94512.93,2287202.177,249.0179,249.1204,250.4532,246.5677,247.0393,1.025187,241.9989,-1,267.19,218.61,240.97,0
